--
-- PostgreSQL database dump
--

-- Dumped from database version 10.6
-- Dumped by pg_dump version 10.6

SET statement_timeout = 0;
SET lock_timeout = 0;
SET idle_in_transaction_session_timeout = 0;
SET client_encoding = 'UTF8';
SET standard_conforming_strings = on;
SELECT pg_catalog.set_config('search_path', '', false);
SET check_function_bodies = false;
SET client_min_messages = warning;
SET row_security = off;

--
-- Name: plpgsql; Type: EXTENSION; Schema: -; Owner: 
--

CREATE EXTENSION IF NOT EXISTS plpgsql WITH SCHEMA pg_catalog;


--
-- Name: EXTENSION plpgsql; Type: COMMENT; Schema: -; Owner: 
--

COMMENT ON EXTENSION plpgsql IS 'PL/pgSQL procedural language';


SET default_tablespace = '';

SET default_with_oids = false;

--
-- Name: about_translations; Type: TABLE; Schema: public; Owner: invest
--

CREATE TABLE public.about_translations (
    id bigint NOT NULL,
    about_id integer NOT NULL,
    locale character varying NOT NULL,
    created_at timestamp without time zone NOT NULL,
    updated_at timestamp without time zone NOT NULL,
    title character varying,
    information character varying,
    description character varying
);


ALTER TABLE public.about_translations OWNER TO invest;

--
-- Name: about_translations_id_seq; Type: SEQUENCE; Schema: public; Owner: invest
--

CREATE SEQUENCE public.about_translations_id_seq
    START WITH 1
    INCREMENT BY 1
    NO MINVALUE
    NO MAXVALUE
    CACHE 1;


ALTER TABLE public.about_translations_id_seq OWNER TO invest;

--
-- Name: about_translations_id_seq; Type: SEQUENCE OWNED BY; Schema: public; Owner: invest
--

ALTER SEQUENCE public.about_translations_id_seq OWNED BY public.about_translations.id;


--
-- Name: abouts; Type: TABLE; Schema: public; Owner: invest
--

CREATE TABLE public.abouts (
    id bigint NOT NULL,
    name character varying,
    alias character varying,
    created_at timestamp without time zone NOT NULL,
    updated_at timestamp without time zone NOT NULL
);


ALTER TABLE public.abouts OWNER TO invest;

--
-- Name: abouts_id_seq; Type: SEQUENCE; Schema: public; Owner: invest
--

CREATE SEQUENCE public.abouts_id_seq
    START WITH 1
    INCREMENT BY 1
    NO MINVALUE
    NO MAXVALUE
    CACHE 1;


ALTER TABLE public.abouts_id_seq OWNER TO invest;

--
-- Name: abouts_id_seq; Type: SEQUENCE OWNED BY; Schema: public; Owner: invest
--

ALTER SEQUENCE public.abouts_id_seq OWNED BY public.abouts.id;


--
-- Name: advantage_translations; Type: TABLE; Schema: public; Owner: invest
--

CREATE TABLE public.advantage_translations (
    id bigint NOT NULL,
    advantage_id integer NOT NULL,
    locale character varying NOT NULL,
    created_at timestamp without time zone NOT NULL,
    updated_at timestamp without time zone NOT NULL,
    title character varying,
    short_description character varying,
    description character varying
);


ALTER TABLE public.advantage_translations OWNER TO invest;

--
-- Name: advantage_translations_id_seq; Type: SEQUENCE; Schema: public; Owner: invest
--

CREATE SEQUENCE public.advantage_translations_id_seq
    START WITH 1
    INCREMENT BY 1
    NO MINVALUE
    NO MAXVALUE
    CACHE 1;


ALTER TABLE public.advantage_translations_id_seq OWNER TO invest;

--
-- Name: advantage_translations_id_seq; Type: SEQUENCE OWNED BY; Schema: public; Owner: invest
--

ALTER SEQUENCE public.advantage_translations_id_seq OWNED BY public.advantage_translations.id;


--
-- Name: advantages; Type: TABLE; Schema: public; Owner: invest
--

CREATE TABLE public.advantages (
    id bigint NOT NULL,
    alias character varying,
    created_at timestamp without time zone NOT NULL,
    updated_at timestamp without time zone NOT NULL
);


ALTER TABLE public.advantages OWNER TO invest;

--
-- Name: advantages_id_seq; Type: SEQUENCE; Schema: public; Owner: invest
--

CREATE SEQUENCE public.advantages_id_seq
    START WITH 1
    INCREMENT BY 1
    NO MINVALUE
    NO MAXVALUE
    CACHE 1;


ALTER TABLE public.advantages_id_seq OWNER TO invest;

--
-- Name: advantages_id_seq; Type: SEQUENCE OWNED BY; Schema: public; Owner: invest
--

ALTER SEQUENCE public.advantages_id_seq OWNED BY public.advantages.id;


--
-- Name: ar_internal_metadata; Type: TABLE; Schema: public; Owner: invest
--

CREATE TABLE public.ar_internal_metadata (
    key character varying NOT NULL,
    value character varying,
    created_at timestamp without time zone NOT NULL,
    updated_at timestamp without time zone NOT NULL
);


ALTER TABLE public.ar_internal_metadata OWNER TO invest;

--
-- Name: area_logs; Type: TABLE; Schema: public; Owner: invest
--

CREATE TABLE public.area_logs (
    id bigint NOT NULL,
    user_id integer,
    logable_type character varying,
    logable_id integer,
    description character varying,
    created_at timestamp without time zone NOT NULL,
    updated_at timestamp without time zone NOT NULL
);


ALTER TABLE public.area_logs OWNER TO invest;

--
-- Name: area_logs_id_seq; Type: SEQUENCE; Schema: public; Owner: invest
--

CREATE SEQUENCE public.area_logs_id_seq
    START WITH 1
    INCREMENT BY 1
    NO MINVALUE
    NO MAXVALUE
    CACHE 1;


ALTER TABLE public.area_logs_id_seq OWNER TO invest;

--
-- Name: area_logs_id_seq; Type: SEQUENCE OWNED BY; Schema: public; Owner: invest
--

ALTER SEQUENCE public.area_logs_id_seq OWNED BY public.area_logs.id;


--
-- Name: article_translations; Type: TABLE; Schema: public; Owner: invest
--

CREATE TABLE public.article_translations (
    id bigint NOT NULL,
    article_id integer NOT NULL,
    locale character varying NOT NULL,
    created_at timestamp without time zone NOT NULL,
    updated_at timestamp without time zone NOT NULL,
    title character varying,
    short_description character varying,
    description character varying
);


ALTER TABLE public.article_translations OWNER TO invest;

--
-- Name: article_translations_id_seq; Type: SEQUENCE; Schema: public; Owner: invest
--

CREATE SEQUENCE public.article_translations_id_seq
    START WITH 1
    INCREMENT BY 1
    NO MINVALUE
    NO MAXVALUE
    CACHE 1;


ALTER TABLE public.article_translations_id_seq OWNER TO invest;

--
-- Name: article_translations_id_seq; Type: SEQUENCE OWNED BY; Schema: public; Owner: invest
--

ALTER SEQUENCE public.article_translations_id_seq OWNED BY public.article_translations.id;


--
-- Name: articles; Type: TABLE; Schema: public; Owner: invest
--

CREATE TABLE public.articles (
    id bigint NOT NULL,
    publication_time timestamp without time zone,
    end_publication_time timestamp without time zone,
    published boolean DEFAULT true,
    created_at timestamp without time zone NOT NULL,
    updated_at timestamp without time zone NOT NULL
);


ALTER TABLE public.articles OWNER TO invest;

--
-- Name: articles_id_seq; Type: SEQUENCE; Schema: public; Owner: invest
--

CREATE SEQUENCE public.articles_id_seq
    START WITH 1
    INCREMENT BY 1
    NO MINVALUE
    NO MAXVALUE
    CACHE 1;


ALTER TABLE public.articles_id_seq OWNER TO invest;

--
-- Name: articles_id_seq; Type: SEQUENCE OWNED BY; Schema: public; Owner: invest
--

ALTER SEQUENCE public.articles_id_seq OWNED BY public.articles.id;


--
-- Name: articles_tags; Type: TABLE; Schema: public; Owner: invest
--

CREATE TABLE public.articles_tags (
    article_id bigint,
    tag_id bigint
);


ALTER TABLE public.articles_tags OWNER TO invest;

--
-- Name: balance_holder_translations; Type: TABLE; Schema: public; Owner: invest
--

CREATE TABLE public.balance_holder_translations (
    id bigint NOT NULL,
    balance_holder_id integer NOT NULL,
    locale character varying NOT NULL,
    created_at timestamp without time zone NOT NULL,
    updated_at timestamp without time zone NOT NULL,
    name character varying
);


ALTER TABLE public.balance_holder_translations OWNER TO invest;

--
-- Name: balance_holder_translations_id_seq; Type: SEQUENCE; Schema: public; Owner: invest
--

CREATE SEQUENCE public.balance_holder_translations_id_seq
    START WITH 1
    INCREMENT BY 1
    NO MINVALUE
    NO MAXVALUE
    CACHE 1;


ALTER TABLE public.balance_holder_translations_id_seq OWNER TO invest;

--
-- Name: balance_holder_translations_id_seq; Type: SEQUENCE OWNED BY; Schema: public; Owner: invest
--

ALTER SEQUENCE public.balance_holder_translations_id_seq OWNED BY public.balance_holder_translations.id;


--
-- Name: balance_holders; Type: TABLE; Schema: public; Owner: invest
--

CREATE TABLE public.balance_holders (
    id bigint NOT NULL,
    created_at timestamp without time zone NOT NULL,
    updated_at timestamp without time zone NOT NULL
);


ALTER TABLE public.balance_holders OWNER TO invest;

--
-- Name: balance_holders_id_seq; Type: SEQUENCE; Schema: public; Owner: invest
--

CREATE SEQUENCE public.balance_holders_id_seq
    START WITH 1
    INCREMENT BY 1
    NO MINVALUE
    NO MAXVALUE
    CACHE 1;


ALTER TABLE public.balance_holders_id_seq OWNER TO invest;

--
-- Name: balance_holders_id_seq; Type: SEQUENCE OWNED BY; Schema: public; Owner: invest
--

ALTER SEQUENCE public.balance_holders_id_seq OWNED BY public.balance_holders.id;


--
-- Name: balancer_relations; Type: TABLE; Schema: public; Owner: invest
--

CREATE TABLE public.balancer_relations (
    id bigint NOT NULL,
    balancer_id integer,
    balanceable_type character varying,
    balanceable_id bigint
);


ALTER TABLE public.balancer_relations OWNER TO invest;

--
-- Name: balancer_relations_id_seq; Type: SEQUENCE; Schema: public; Owner: invest
--

CREATE SEQUENCE public.balancer_relations_id_seq
    START WITH 1
    INCREMENT BY 1
    NO MINVALUE
    NO MAXVALUE
    CACHE 1;


ALTER TABLE public.balancer_relations_id_seq OWNER TO invest;

--
-- Name: balancer_relations_id_seq; Type: SEQUENCE OWNED BY; Schema: public; Owner: invest
--

ALTER SEQUENCE public.balancer_relations_id_seq OWNED BY public.balancer_relations.id;


--
-- Name: balancers; Type: TABLE; Schema: public; Owner: invest
--

CREATE TABLE public.balancers (
    id bigint NOT NULL,
    name character varying,
    created_at timestamp without time zone NOT NULL,
    updated_at timestamp without time zone NOT NULL
);


ALTER TABLE public.balancers OWNER TO invest;

--
-- Name: balancers_id_seq; Type: SEQUENCE; Schema: public; Owner: invest
--

CREATE SEQUENCE public.balancers_id_seq
    START WITH 1
    INCREMENT BY 1
    NO MINVALUE
    NO MAXVALUE
    CACHE 1;


ALTER TABLE public.balancers_id_seq OWNER TO invest;

--
-- Name: balancers_id_seq; Type: SEQUENCE OWNED BY; Schema: public; Owner: invest
--

ALTER SEQUENCE public.balancers_id_seq OWNED BY public.balancers.id;


--
-- Name: block_material_content_translations; Type: TABLE; Schema: public; Owner: invest
--

CREATE TABLE public.block_material_content_translations (
    id bigint NOT NULL,
    block_material_content_id integer NOT NULL,
    locale character varying NOT NULL,
    created_at timestamp without time zone NOT NULL,
    updated_at timestamp without time zone NOT NULL,
    title character varying,
    description text
);


ALTER TABLE public.block_material_content_translations OWNER TO invest;

--
-- Name: block_material_content_translations_id_seq; Type: SEQUENCE; Schema: public; Owner: invest
--

CREATE SEQUENCE public.block_material_content_translations_id_seq
    START WITH 1
    INCREMENT BY 1
    NO MINVALUE
    NO MAXVALUE
    CACHE 1;


ALTER TABLE public.block_material_content_translations_id_seq OWNER TO invest;

--
-- Name: block_material_content_translations_id_seq; Type: SEQUENCE OWNED BY; Schema: public; Owner: invest
--

ALTER SEQUENCE public.block_material_content_translations_id_seq OWNED BY public.block_material_content_translations.id;


--
-- Name: block_material_contents; Type: TABLE; Schema: public; Owner: invest
--

CREATE TABLE public.block_material_contents (
    id bigint NOT NULL,
    block_material_id integer,
    image character varying,
    "position" character varying
);


ALTER TABLE public.block_material_contents OWNER TO invest;

--
-- Name: block_material_contents_id_seq; Type: SEQUENCE; Schema: public; Owner: invest
--

CREATE SEQUENCE public.block_material_contents_id_seq
    START WITH 1
    INCREMENT BY 1
    NO MINVALUE
    NO MAXVALUE
    CACHE 1;


ALTER TABLE public.block_material_contents_id_seq OWNER TO invest;

--
-- Name: block_material_contents_id_seq; Type: SEQUENCE OWNED BY; Schema: public; Owner: invest
--

ALTER SEQUENCE public.block_material_contents_id_seq OWNED BY public.block_material_contents.id;


--
-- Name: block_materials; Type: TABLE; Schema: public; Owner: invest
--

CREATE TABLE public.block_materials (
    id bigint NOT NULL,
    link character varying,
    created_at timestamp without time zone NOT NULL,
    updated_at timestamp without time zone NOT NULL
);


ALTER TABLE public.block_materials OWNER TO invest;

--
-- Name: block_materials_id_seq; Type: SEQUENCE; Schema: public; Owner: invest
--

CREATE SEQUENCE public.block_materials_id_seq
    START WITH 1
    INCREMENT BY 1
    NO MINVALUE
    NO MAXVALUE
    CACHE 1;


ALTER TABLE public.block_materials_id_seq OWNER TO invest;

--
-- Name: block_materials_id_seq; Type: SEQUENCE OWNED BY; Schema: public; Owner: invest
--

ALTER SEQUENCE public.block_materials_id_seq OWNED BY public.block_materials.id;


--
-- Name: ckeditor_assets; Type: TABLE; Schema: public; Owner: invest
--

CREATE TABLE public.ckeditor_assets (
    id integer NOT NULL,
    data_file_name character varying NOT NULL,
    data_content_type character varying,
    data_file_size integer,
    type character varying(30),
    width integer,
    height integer,
    created_at timestamp without time zone NOT NULL,
    updated_at timestamp without time zone NOT NULL
);


ALTER TABLE public.ckeditor_assets OWNER TO invest;

--
-- Name: ckeditor_assets_id_seq; Type: SEQUENCE; Schema: public; Owner: invest
--

CREATE SEQUENCE public.ckeditor_assets_id_seq
    AS integer
    START WITH 1
    INCREMENT BY 1
    NO MINVALUE
    NO MAXVALUE
    CACHE 1;


ALTER TABLE public.ckeditor_assets_id_seq OWNER TO invest;

--
-- Name: ckeditor_assets_id_seq; Type: SEQUENCE OWNED BY; Schema: public; Owner: invest
--

ALTER SEQUENCE public.ckeditor_assets_id_seq OWNED BY public.ckeditor_assets.id;


--
-- Name: communal_area_translations; Type: TABLE; Schema: public; Owner: invest
--

CREATE TABLE public.communal_area_translations (
    id bigint NOT NULL,
    communal_area_id integer NOT NULL,
    locale character varying NOT NULL,
    created_at timestamp without time zone NOT NULL,
    updated_at timestamp without time zone NOT NULL,
    field_category character varying,
    room character varying,
    object_name character varying,
    address character varying,
    object_type character varying
);


ALTER TABLE public.communal_area_translations OWNER TO invest;

--
-- Name: communal_area_translations_id_seq; Type: SEQUENCE; Schema: public; Owner: invest
--

CREATE SEQUENCE public.communal_area_translations_id_seq
    START WITH 1
    INCREMENT BY 1
    NO MINVALUE
    NO MAXVALUE
    CACHE 1;


ALTER TABLE public.communal_area_translations_id_seq OWNER TO invest;

--
-- Name: communal_area_translations_id_seq; Type: SEQUENCE OWNED BY; Schema: public; Owner: invest
--

ALTER SEQUENCE public.communal_area_translations_id_seq OWNED BY public.communal_area_translations.id;


--
-- Name: communal_areas; Type: TABLE; Schema: public; Owner: invest
--

CREATE TABLE public.communal_areas (
    id bigint NOT NULL,
    house_number character varying,
    prop_registration date,
    cadastral_number character varying,
    area character varying,
    rate_percent character varying,
    year_tax character varying,
    operation_year character varying,
    level integer,
    tech_area character varying,
    build_year character varying,
    architectural boolean,
    land_category_id integer,
    balance_holder_id integer,
    communal_branch_id integer,
    main_image character varying,
    gis_type_name character varying,
    user_id integer,
    state smallint DEFAULT 0,
    map_layer_id integer,
    created_at timestamp without time zone NOT NULL,
    updated_at timestamp without time zone NOT NULL,
    site character varying
);


ALTER TABLE public.communal_areas OWNER TO invest;

--
-- Name: communal_areas_id_seq; Type: SEQUENCE; Schema: public; Owner: invest
--

CREATE SEQUENCE public.communal_areas_id_seq
    START WITH 1
    INCREMENT BY 1
    NO MINVALUE
    NO MAXVALUE
    CACHE 1;


ALTER TABLE public.communal_areas_id_seq OWNER TO invest;

--
-- Name: communal_areas_id_seq; Type: SEQUENCE OWNED BY; Schema: public; Owner: invest
--

ALTER SEQUENCE public.communal_areas_id_seq OWNED BY public.communal_areas.id;


--
-- Name: communal_branch_translations; Type: TABLE; Schema: public; Owner: invest
--

CREATE TABLE public.communal_branch_translations (
    id bigint NOT NULL,
    communal_branch_id integer NOT NULL,
    locale character varying NOT NULL,
    created_at timestamp without time zone NOT NULL,
    updated_at timestamp without time zone NOT NULL,
    name character varying
);


ALTER TABLE public.communal_branch_translations OWNER TO invest;

--
-- Name: communal_branch_translations_id_seq; Type: SEQUENCE; Schema: public; Owner: invest
--

CREATE SEQUENCE public.communal_branch_translations_id_seq
    START WITH 1
    INCREMENT BY 1
    NO MINVALUE
    NO MAXVALUE
    CACHE 1;


ALTER TABLE public.communal_branch_translations_id_seq OWNER TO invest;

--
-- Name: communal_branch_translations_id_seq; Type: SEQUENCE OWNED BY; Schema: public; Owner: invest
--

ALTER SEQUENCE public.communal_branch_translations_id_seq OWNED BY public.communal_branch_translations.id;


--
-- Name: communal_branches; Type: TABLE; Schema: public; Owner: invest
--

CREATE TABLE public.communal_branches (
    id bigint NOT NULL,
    created_at timestamp without time zone NOT NULL,
    updated_at timestamp without time zone NOT NULL
);


ALTER TABLE public.communal_branches OWNER TO invest;

--
-- Name: communal_branches_id_seq; Type: SEQUENCE; Schema: public; Owner: invest
--

CREATE SEQUENCE public.communal_branches_id_seq
    START WITH 1
    INCREMENT BY 1
    NO MINVALUE
    NO MAXVALUE
    CACHE 1;


ALTER TABLE public.communal_branches_id_seq OWNER TO invest;

--
-- Name: communal_branches_id_seq; Type: SEQUENCE OWNED BY; Schema: public; Owner: invest
--

ALTER SEQUENCE public.communal_branches_id_seq OWNED BY public.communal_branches.id;


--
-- Name: content_translations; Type: TABLE; Schema: public; Owner: invest
--

CREATE TABLE public.content_translations (
    id bigint NOT NULL,
    content_id integer NOT NULL,
    locale character varying NOT NULL,
    created_at timestamp without time zone NOT NULL,
    updated_at timestamp without time zone NOT NULL,
    title character varying,
    description character varying
);


ALTER TABLE public.content_translations OWNER TO invest;

--
-- Name: content_translations_id_seq; Type: SEQUENCE; Schema: public; Owner: invest
--

CREATE SEQUENCE public.content_translations_id_seq
    START WITH 1
    INCREMENT BY 1
    NO MINVALUE
    NO MAXVALUE
    CACHE 1;


ALTER TABLE public.content_translations_id_seq OWNER TO invest;

--
-- Name: content_translations_id_seq; Type: SEQUENCE OWNED BY; Schema: public; Owner: invest
--

ALTER SEQUENCE public.content_translations_id_seq OWNED BY public.content_translations.id;


--
-- Name: contents; Type: TABLE; Schema: public; Owner: invest
--

CREATE TABLE public.contents (
    id bigint NOT NULL,
    alias character varying,
    created_at timestamp without time zone NOT NULL,
    updated_at timestamp without time zone NOT NULL
);


ALTER TABLE public.contents OWNER TO invest;

--
-- Name: contents_id_seq; Type: SEQUENCE; Schema: public; Owner: invest
--

CREATE SEQUENCE public.contents_id_seq
    START WITH 1
    INCREMENT BY 1
    NO MINVALUE
    NO MAXVALUE
    CACHE 1;


ALTER TABLE public.contents_id_seq OWNER TO invest;

--
-- Name: contents_id_seq; Type: SEQUENCE OWNED BY; Schema: public; Owner: invest
--

ALTER SEQUENCE public.contents_id_seq OWNED BY public.contents.id;


--
-- Name: department_translations; Type: TABLE; Schema: public; Owner: invest
--

CREATE TABLE public.department_translations (
    id bigint NOT NULL,
    department_id integer NOT NULL,
    locale character varying NOT NULL,
    created_at timestamp without time zone NOT NULL,
    updated_at timestamp without time zone NOT NULL,
    title character varying
);


ALTER TABLE public.department_translations OWNER TO invest;

--
-- Name: department_translations_id_seq; Type: SEQUENCE; Schema: public; Owner: invest
--

CREATE SEQUENCE public.department_translations_id_seq
    START WITH 1
    INCREMENT BY 1
    NO MINVALUE
    NO MAXVALUE
    CACHE 1;


ALTER TABLE public.department_translations_id_seq OWNER TO invest;

--
-- Name: department_translations_id_seq; Type: SEQUENCE OWNED BY; Schema: public; Owner: invest
--

ALTER SEQUENCE public.department_translations_id_seq OWNED BY public.department_translations.id;


--
-- Name: departments; Type: TABLE; Schema: public; Owner: invest
--

CREATE TABLE public.departments (
    id bigint NOT NULL,
    "position" integer,
    created_at timestamp without time zone NOT NULL,
    updated_at timestamp without time zone NOT NULL
);


ALTER TABLE public.departments OWNER TO invest;

--
-- Name: departments_id_seq; Type: SEQUENCE; Schema: public; Owner: invest
--

CREATE SEQUENCE public.departments_id_seq
    START WITH 1
    INCREMENT BY 1
    NO MINVALUE
    NO MAXVALUE
    CACHE 1;


ALTER TABLE public.departments_id_seq OWNER TO invest;

--
-- Name: departments_id_seq; Type: SEQUENCE OWNED BY; Schema: public; Owner: invest
--

ALTER SEQUENCE public.departments_id_seq OWNED BY public.departments.id;


--
-- Name: event_translations; Type: TABLE; Schema: public; Owner: invest
--

CREATE TABLE public.event_translations (
    id bigint NOT NULL,
    event_id integer NOT NULL,
    locale character varying NOT NULL,
    created_at timestamp without time zone NOT NULL,
    updated_at timestamp without time zone NOT NULL,
    title character varying
);


ALTER TABLE public.event_translations OWNER TO invest;

--
-- Name: event_translations_id_seq; Type: SEQUENCE; Schema: public; Owner: invest
--

CREATE SEQUENCE public.event_translations_id_seq
    START WITH 1
    INCREMENT BY 1
    NO MINVALUE
    NO MAXVALUE
    CACHE 1;


ALTER TABLE public.event_translations_id_seq OWNER TO invest;

--
-- Name: event_translations_id_seq; Type: SEQUENCE OWNED BY; Schema: public; Owner: invest
--

ALTER SEQUENCE public.event_translations_id_seq OWNED BY public.event_translations.id;


--
-- Name: events; Type: TABLE; Schema: public; Owner: invest
--

CREATE TABLE public.events (
    id bigint NOT NULL,
    period_event_id bigint
);


ALTER TABLE public.events OWNER TO invest;

--
-- Name: events_id_seq; Type: SEQUENCE; Schema: public; Owner: invest
--

CREATE SEQUENCE public.events_id_seq
    START WITH 1
    INCREMENT BY 1
    NO MINVALUE
    NO MAXVALUE
    CACHE 1;


ALTER TABLE public.events_id_seq OWNER TO invest;

--
-- Name: events_id_seq; Type: SEQUENCE OWNED BY; Schema: public; Owner: invest
--

ALTER SEQUENCE public.events_id_seq OWNED BY public.events.id;


--
-- Name: geo_json; Type: TABLE; Schema: public; Owner: invest
--

CREATE TABLE public.geo_json (
    id bigint NOT NULL,
    geo_type character varying,
    gisable_type character varying,
    gisable_id integer,
    "position" jsonb
);


ALTER TABLE public.geo_json OWNER TO invest;

--
-- Name: geo_json_id_seq; Type: SEQUENCE; Schema: public; Owner: invest
--

CREATE SEQUENCE public.geo_json_id_seq
    START WITH 1
    INCREMENT BY 1
    NO MINVALUE
    NO MAXVALUE
    CACHE 1;


ALTER TABLE public.geo_json_id_seq OWNER TO invest;

--
-- Name: geo_json_id_seq; Type: SEQUENCE OWNED BY; Schema: public; Owner: invest
--

ALTER SEQUENCE public.geo_json_id_seq OWNED BY public.geo_json.id;


--
-- Name: gis_types; Type: TABLE; Schema: public; Owner: invest
--

CREATE TABLE public.gis_types (
    id bigint NOT NULL,
    title character varying,
    name character varying,
    description text,
    img character varying
);


ALTER TABLE public.gis_types OWNER TO invest;

--
-- Name: gis_types_id_seq; Type: SEQUENCE; Schema: public; Owner: invest
--

CREATE SEQUENCE public.gis_types_id_seq
    START WITH 1
    INCREMENT BY 1
    NO MINVALUE
    NO MAXVALUE
    CACHE 1;


ALTER TABLE public.gis_types_id_seq OWNER TO invest;

--
-- Name: gis_types_id_seq; Type: SEQUENCE OWNED BY; Schema: public; Owner: invest
--

ALTER SEQUENCE public.gis_types_id_seq OWNED BY public.gis_types.id;


--
-- Name: infra_type_relations; Type: TABLE; Schema: public; Owner: invest
--

CREATE TABLE public.infra_type_relations (
    id bigint NOT NULL,
    infrastructure_type_id integer,
    infrasable_type character varying,
    infrasable_id bigint
);


ALTER TABLE public.infra_type_relations OWNER TO invest;

--
-- Name: infra_type_relations_id_seq; Type: SEQUENCE; Schema: public; Owner: invest
--

CREATE SEQUENCE public.infra_type_relations_id_seq
    START WITH 1
    INCREMENT BY 1
    NO MINVALUE
    NO MAXVALUE
    CACHE 1;


ALTER TABLE public.infra_type_relations_id_seq OWNER TO invest;

--
-- Name: infra_type_relations_id_seq; Type: SEQUENCE OWNED BY; Schema: public; Owner: invest
--

ALTER SEQUENCE public.infra_type_relations_id_seq OWNED BY public.infra_type_relations.id;


--
-- Name: infrastructure_type_translations; Type: TABLE; Schema: public; Owner: invest
--

CREATE TABLE public.infrastructure_type_translations (
    id bigint NOT NULL,
    infrastructure_type_id integer NOT NULL,
    locale character varying NOT NULL,
    created_at timestamp without time zone NOT NULL,
    updated_at timestamp without time zone NOT NULL,
    name character varying
);


ALTER TABLE public.infrastructure_type_translations OWNER TO invest;

--
-- Name: infrastructure_type_translations_id_seq; Type: SEQUENCE; Schema: public; Owner: invest
--

CREATE SEQUENCE public.infrastructure_type_translations_id_seq
    START WITH 1
    INCREMENT BY 1
    NO MINVALUE
    NO MAXVALUE
    CACHE 1;


ALTER TABLE public.infrastructure_type_translations_id_seq OWNER TO invest;

--
-- Name: infrastructure_type_translations_id_seq; Type: SEQUENCE OWNED BY; Schema: public; Owner: invest
--

ALTER SEQUENCE public.infrastructure_type_translations_id_seq OWNED BY public.infrastructure_type_translations.id;


--
-- Name: infrastructure_types; Type: TABLE; Schema: public; Owner: invest
--

CREATE TABLE public.infrastructure_types (
    id bigint NOT NULL,
    created_at timestamp without time zone NOT NULL,
    updated_at timestamp without time zone NOT NULL
);


ALTER TABLE public.infrastructure_types OWNER TO invest;

--
-- Name: infrastructure_types_id_seq; Type: SEQUENCE; Schema: public; Owner: invest
--

CREATE SEQUENCE public.infrastructure_types_id_seq
    START WITH 1
    INCREMENT BY 1
    NO MINVALUE
    NO MAXVALUE
    CACHE 1;


ALTER TABLE public.infrastructure_types_id_seq OWNER TO invest;

--
-- Name: infrastructure_types_id_seq; Type: SEQUENCE OWNED BY; Schema: public; Owner: invest
--

ALTER SEQUENCE public.infrastructure_types_id_seq OWNED BY public.infrastructure_types.id;


--
-- Name: invest_project_translations; Type: TABLE; Schema: public; Owner: invest
--

CREATE TABLE public.invest_project_translations (
    id bigint NOT NULL,
    invest_project_id integer NOT NULL,
    locale character varying NOT NULL,
    created_at timestamp without time zone NOT NULL,
    updated_at timestamp without time zone NOT NULL,
    name character varying,
    short_description character varying,
    product character varying,
    market character varying,
    realization_term character varying,
    payback_period character varying,
    documentation character varying,
    description character varying,
    destination character varying,
    purpose character varying,
    current_use character varying,
    project_conditions character varying,
    resource_access character varying,
    character_assets character varying,
    workforce character varying,
    permission character varying,
    environment character varying,
    privilege character varying,
    other character varying
);


ALTER TABLE public.invest_project_translations OWNER TO invest;

--
-- Name: invest_project_translations_id_seq; Type: SEQUENCE; Schema: public; Owner: invest
--

CREATE SEQUENCE public.invest_project_translations_id_seq
    START WITH 1
    INCREMENT BY 1
    NO MINVALUE
    NO MAXVALUE
    CACHE 1;


ALTER TABLE public.invest_project_translations_id_seq OWNER TO invest;

--
-- Name: invest_project_translations_id_seq; Type: SEQUENCE OWNED BY; Schema: public; Owner: invest
--

ALTER SEQUENCE public.invest_project_translations_id_seq OWNED BY public.invest_project_translations.id;


--
-- Name: invest_projects; Type: TABLE; Schema: public; Owner: invest
--

CREATE TABLE public.invest_projects (
    id bigint NOT NULL,
    invest_sum character varying,
    investment_type_id integer,
    area integer,
    ownership_id integer,
    hard_cover_road_distance character varying,
    highway_distance character varying,
    railway_distance character varying,
    airport_distance character varying,
    gas character varying,
    electricity character varying,
    water_supply character varying,
    main_image character varying,
    gis_type_name character varying,
    user_id integer,
    state smallint DEFAULT 0,
    map_layer_id integer,
    created_at timestamp without time zone NOT NULL,
    updated_at timestamp without time zone NOT NULL
);


ALTER TABLE public.invest_projects OWNER TO invest;

--
-- Name: invest_projects_id_seq; Type: SEQUENCE; Schema: public; Owner: invest
--

CREATE SEQUENCE public.invest_projects_id_seq
    START WITH 1
    INCREMENT BY 1
    NO MINVALUE
    NO MAXVALUE
    CACHE 1;


ALTER TABLE public.invest_projects_id_seq OWNER TO invest;

--
-- Name: invest_projects_id_seq; Type: SEQUENCE OWNED BY; Schema: public; Owner: invest
--

ALTER SEQUENCE public.invest_projects_id_seq OWNED BY public.invest_projects.id;


--
-- Name: investment_type_translations; Type: TABLE; Schema: public; Owner: invest
--

CREATE TABLE public.investment_type_translations (
    id bigint NOT NULL,
    investment_type_id integer NOT NULL,
    locale character varying NOT NULL,
    created_at timestamp without time zone NOT NULL,
    updated_at timestamp without time zone NOT NULL,
    name character varying
);


ALTER TABLE public.investment_type_translations OWNER TO invest;

--
-- Name: investment_type_translations_id_seq; Type: SEQUENCE; Schema: public; Owner: invest
--

CREATE SEQUENCE public.investment_type_translations_id_seq
    START WITH 1
    INCREMENT BY 1
    NO MINVALUE
    NO MAXVALUE
    CACHE 1;


ALTER TABLE public.investment_type_translations_id_seq OWNER TO invest;

--
-- Name: investment_type_translations_id_seq; Type: SEQUENCE OWNED BY; Schema: public; Owner: invest
--

ALTER SEQUENCE public.investment_type_translations_id_seq OWNED BY public.investment_type_translations.id;


--
-- Name: investment_types; Type: TABLE; Schema: public; Owner: invest
--

CREATE TABLE public.investment_types (
    id bigint NOT NULL,
    created_at timestamp without time zone NOT NULL,
    updated_at timestamp without time zone NOT NULL
);


ALTER TABLE public.investment_types OWNER TO invest;

--
-- Name: investment_types_id_seq; Type: SEQUENCE; Schema: public; Owner: invest
--

CREATE SEQUENCE public.investment_types_id_seq
    START WITH 1
    INCREMENT BY 1
    NO MINVALUE
    NO MAXVALUE
    CACHE 1;


ALTER TABLE public.investment_types_id_seq OWNER TO invest;

--
-- Name: investment_types_id_seq; Type: SEQUENCE OWNED BY; Schema: public; Owner: invest
--

ALTER SEQUENCE public.investment_types_id_seq OWNED BY public.investment_types.id;


--
-- Name: land_area_translations; Type: TABLE; Schema: public; Owner: invest
--

CREATE TABLE public.land_area_translations (
    id bigint NOT NULL,
    land_area_id integer NOT NULL,
    locale character varying NOT NULL,
    created_at timestamp without time zone NOT NULL,
    updated_at timestamp without time zone NOT NULL,
    name character varying,
    transfer_type character varying,
    classification character varying,
    configuration character varying,
    building_owner character varying,
    owner character varying,
    ethernet character varying,
    gas character varying,
    electricity character varying,
    water_supply character varying,
    drainager character varying,
    area_name character varying
);


ALTER TABLE public.land_area_translations OWNER TO invest;

--
-- Name: land_area_translations_id_seq; Type: SEQUENCE; Schema: public; Owner: invest
--

CREATE SEQUENCE public.land_area_translations_id_seq
    START WITH 1
    INCREMENT BY 1
    NO MINVALUE
    NO MAXVALUE
    CACHE 1;


ALTER TABLE public.land_area_translations_id_seq OWNER TO invest;

--
-- Name: land_area_translations_id_seq; Type: SEQUENCE OWNED BY; Schema: public; Owner: invest
--

ALTER SEQUENCE public.land_area_translations_id_seq OWNED BY public.land_area_translations.id;


--
-- Name: land_areas; Type: TABLE; Schema: public; Owner: invest
--

CREATE TABLE public.land_areas (
    id bigint NOT NULL,
    area_type smallint,
    total_area character varying,
    underground_engin boolean,
    overhead_engin boolean,
    cadastral_number character varying,
    rent character varying,
    sale character varying,
    state_road_distance character varying,
    railway_distance character varying,
    airport_distance character varying,
    phone character varying,
    email character varying,
    gis_type_name character varying,
    main_image character varying,
    user_id integer,
    state smallint DEFAULT 0,
    map_layer_id integer,
    created_at timestamp without time zone NOT NULL,
    updated_at timestamp without time zone NOT NULL,
    ownership_id integer
);


ALTER TABLE public.land_areas OWNER TO invest;

--
-- Name: land_areas_id_seq; Type: SEQUENCE; Schema: public; Owner: invest
--

CREATE SEQUENCE public.land_areas_id_seq
    START WITH 1
    INCREMENT BY 1
    NO MINVALUE
    NO MAXVALUE
    CACHE 1;


ALTER TABLE public.land_areas_id_seq OWNER TO invest;

--
-- Name: land_areas_id_seq; Type: SEQUENCE OWNED BY; Schema: public; Owner: invest
--

ALTER SEQUENCE public.land_areas_id_seq OWNED BY public.land_areas.id;


--
-- Name: land_categories; Type: TABLE; Schema: public; Owner: invest
--

CREATE TABLE public.land_categories (
    id bigint NOT NULL,
    created_at timestamp without time zone NOT NULL,
    updated_at timestamp without time zone NOT NULL
);


ALTER TABLE public.land_categories OWNER TO invest;

--
-- Name: land_categories_id_seq; Type: SEQUENCE; Schema: public; Owner: invest
--

CREATE SEQUENCE public.land_categories_id_seq
    START WITH 1
    INCREMENT BY 1
    NO MINVALUE
    NO MAXVALUE
    CACHE 1;


ALTER TABLE public.land_categories_id_seq OWNER TO invest;

--
-- Name: land_categories_id_seq; Type: SEQUENCE OWNED BY; Schema: public; Owner: invest
--

ALTER SEQUENCE public.land_categories_id_seq OWNED BY public.land_categories.id;


--
-- Name: land_category_translations; Type: TABLE; Schema: public; Owner: invest
--

CREATE TABLE public.land_category_translations (
    id bigint NOT NULL,
    land_category_id integer NOT NULL,
    locale character varying NOT NULL,
    created_at timestamp without time zone NOT NULL,
    updated_at timestamp without time zone NOT NULL,
    name character varying
);


ALTER TABLE public.land_category_translations OWNER TO invest;

--
-- Name: land_category_translations_id_seq; Type: SEQUENCE; Schema: public; Owner: invest
--

CREATE SEQUENCE public.land_category_translations_id_seq
    START WITH 1
    INCREMENT BY 1
    NO MINVALUE
    NO MAXVALUE
    CACHE 1;


ALTER TABLE public.land_category_translations_id_seq OWNER TO invest;

--
-- Name: land_category_translations_id_seq; Type: SEQUENCE OWNED BY; Schema: public; Owner: invest
--

ALTER SEQUENCE public.land_category_translations_id_seq OWNED BY public.land_category_translations.id;


--
-- Name: landmark_translations; Type: TABLE; Schema: public; Owner: invest
--

CREATE TABLE public.landmark_translations (
    id bigint NOT NULL,
    landmark_id integer NOT NULL,
    locale character varying NOT NULL,
    created_at timestamp without time zone NOT NULL,
    updated_at timestamp without time zone NOT NULL,
    title character varying
);


ALTER TABLE public.landmark_translations OWNER TO invest;

--
-- Name: landmark_translations_id_seq; Type: SEQUENCE; Schema: public; Owner: invest
--

CREATE SEQUENCE public.landmark_translations_id_seq
    START WITH 1
    INCREMENT BY 1
    NO MINVALUE
    NO MAXVALUE
    CACHE 1;


ALTER TABLE public.landmark_translations_id_seq OWNER TO invest;

--
-- Name: landmark_translations_id_seq; Type: SEQUENCE OWNED BY; Schema: public; Owner: invest
--

ALTER SEQUENCE public.landmark_translations_id_seq OWNED BY public.landmark_translations.id;


--
-- Name: landmarks; Type: TABLE; Schema: public; Owner: invest
--

CREATE TABLE public.landmarks (
    id bigint NOT NULL,
    img character varying,
    "position" integer DEFAULT 0
);


ALTER TABLE public.landmarks OWNER TO invest;

--
-- Name: landmarks_id_seq; Type: SEQUENCE; Schema: public; Owner: invest
--

CREATE SEQUENCE public.landmarks_id_seq
    START WITH 1
    INCREMENT BY 1
    NO MINVALUE
    NO MAXVALUE
    CACHE 1;


ALTER TABLE public.landmarks_id_seq OWNER TO invest;

--
-- Name: landmarks_id_seq; Type: SEQUENCE OWNED BY; Schema: public; Owner: invest
--

ALTER SEQUENCE public.landmarks_id_seq OWNED BY public.landmarks.id;


--
-- Name: map_layer_group_translations; Type: TABLE; Schema: public; Owner: invest
--

CREATE TABLE public.map_layer_group_translations (
    id bigint NOT NULL,
    map_layer_group_id integer NOT NULL,
    locale character varying NOT NULL,
    created_at timestamp without time zone NOT NULL,
    updated_at timestamp without time zone NOT NULL,
    title character varying
);


ALTER TABLE public.map_layer_group_translations OWNER TO invest;

--
-- Name: map_layer_group_translations_id_seq; Type: SEQUENCE; Schema: public; Owner: invest
--

CREATE SEQUENCE public.map_layer_group_translations_id_seq
    START WITH 1
    INCREMENT BY 1
    NO MINVALUE
    NO MAXVALUE
    CACHE 1;


ALTER TABLE public.map_layer_group_translations_id_seq OWNER TO invest;

--
-- Name: map_layer_group_translations_id_seq; Type: SEQUENCE OWNED BY; Schema: public; Owner: invest
--

ALTER SEQUENCE public.map_layer_group_translations_id_seq OWNED BY public.map_layer_group_translations.id;


--
-- Name: map_layer_groups; Type: TABLE; Schema: public; Owner: invest
--

CREATE TABLE public.map_layer_groups (
    id bigint NOT NULL,
    alias character varying,
    created_at timestamp without time zone NOT NULL,
    updated_at timestamp without time zone NOT NULL
);


ALTER TABLE public.map_layer_groups OWNER TO invest;

--
-- Name: map_layer_groups_id_seq; Type: SEQUENCE; Schema: public; Owner: invest
--

CREATE SEQUENCE public.map_layer_groups_id_seq
    START WITH 1
    INCREMENT BY 1
    NO MINVALUE
    NO MAXVALUE
    CACHE 1;


ALTER TABLE public.map_layer_groups_id_seq OWNER TO invest;

--
-- Name: map_layer_groups_id_seq; Type: SEQUENCE OWNED BY; Schema: public; Owner: invest
--

ALTER SEQUENCE public.map_layer_groups_id_seq OWNED BY public.map_layer_groups.id;


--
-- Name: map_layer_links; Type: TABLE; Schema: public; Owner: invest
--

CREATE TABLE public.map_layer_links (
    id bigint NOT NULL,
    map_layer_id integer,
    link character varying,
    created_at timestamp without time zone NOT NULL,
    updated_at timestamp without time zone NOT NULL,
    info character varying DEFAULT ''::character varying
);


ALTER TABLE public.map_layer_links OWNER TO invest;

--
-- Name: map_layer_links_id_seq; Type: SEQUENCE; Schema: public; Owner: invest
--

CREATE SEQUENCE public.map_layer_links_id_seq
    START WITH 1
    INCREMENT BY 1
    NO MINVALUE
    NO MAXVALUE
    CACHE 1;


ALTER TABLE public.map_layer_links_id_seq OWNER TO invest;

--
-- Name: map_layer_links_id_seq; Type: SEQUENCE OWNED BY; Schema: public; Owner: invest
--

ALTER SEQUENCE public.map_layer_links_id_seq OWNED BY public.map_layer_links.id;


--
-- Name: map_layer_translations; Type: TABLE; Schema: public; Owner: invest
--

CREATE TABLE public.map_layer_translations (
    id bigint NOT NULL,
    map_layer_id integer NOT NULL,
    locale character varying NOT NULL,
    created_at timestamp without time zone NOT NULL,
    updated_at timestamp without time zone NOT NULL,
    title character varying
);


ALTER TABLE public.map_layer_translations OWNER TO invest;

--
-- Name: map_layer_translations_id_seq; Type: SEQUENCE; Schema: public; Owner: invest
--

CREATE SEQUENCE public.map_layer_translations_id_seq
    START WITH 1
    INCREMENT BY 1
    NO MINVALUE
    NO MAXVALUE
    CACHE 1;


ALTER TABLE public.map_layer_translations_id_seq OWNER TO invest;

--
-- Name: map_layer_translations_id_seq; Type: SEQUENCE OWNED BY; Schema: public; Owner: invest
--

ALTER SEQUENCE public.map_layer_translations_id_seq OWNED BY public.map_layer_translations.id;


--
-- Name: map_layers; Type: TABLE; Schema: public; Owner: invest
--

CREATE TABLE public.map_layers (
    id bigint NOT NULL,
    active boolean DEFAULT true,
    created_at timestamp without time zone NOT NULL,
    updated_at timestamp without time zone NOT NULL,
    layer boolean DEFAULT false,
    "position" smallint,
    icon character varying,
    map_layer_group_id smallint
);


ALTER TABLE public.map_layers OWNER TO invest;

--
-- Name: map_layers_id_seq; Type: SEQUENCE; Schema: public; Owner: invest
--

CREATE SEQUENCE public.map_layers_id_seq
    START WITH 1
    INCREMENT BY 1
    NO MINVALUE
    NO MAXVALUE
    CACHE 1;


ALTER TABLE public.map_layers_id_seq OWNER TO invest;

--
-- Name: map_layers_id_seq; Type: SEQUENCE OWNED BY; Schema: public; Owner: invest
--

ALTER SEQUENCE public.map_layers_id_seq OWNED BY public.map_layers.id;


--
-- Name: material_content_column_translations; Type: TABLE; Schema: public; Owner: invest
--

CREATE TABLE public.material_content_column_translations (
    id bigint NOT NULL,
    material_content_column_id integer NOT NULL,
    locale character varying NOT NULL,
    created_at timestamp without time zone NOT NULL,
    updated_at timestamp without time zone NOT NULL,
    title character varying,
    value character varying
);


ALTER TABLE public.material_content_column_translations OWNER TO invest;

--
-- Name: material_content_column_translations_id_seq; Type: SEQUENCE; Schema: public; Owner: invest
--

CREATE SEQUENCE public.material_content_column_translations_id_seq
    START WITH 1
    INCREMENT BY 1
    NO MINVALUE
    NO MAXVALUE
    CACHE 1;


ALTER TABLE public.material_content_column_translations_id_seq OWNER TO invest;

--
-- Name: material_content_column_translations_id_seq; Type: SEQUENCE OWNED BY; Schema: public; Owner: invest
--

ALTER SEQUENCE public.material_content_column_translations_id_seq OWNED BY public.material_content_column_translations.id;


--
-- Name: material_content_columns; Type: TABLE; Schema: public; Owner: invest
--

CREATE TABLE public.material_content_columns (
    id bigint NOT NULL,
    content_id integer,
    color character varying
);


ALTER TABLE public.material_content_columns OWNER TO invest;

--
-- Name: material_content_columns_id_seq; Type: SEQUENCE; Schema: public; Owner: invest
--

CREATE SEQUENCE public.material_content_columns_id_seq
    START WITH 1
    INCREMENT BY 1
    NO MINVALUE
    NO MAXVALUE
    CACHE 1;


ALTER TABLE public.material_content_columns_id_seq OWNER TO invest;

--
-- Name: material_content_columns_id_seq; Type: SEQUENCE OWNED BY; Schema: public; Owner: invest
--

ALTER SEQUENCE public.material_content_columns_id_seq OWNED BY public.material_content_columns.id;


--
-- Name: material_translations; Type: TABLE; Schema: public; Owner: invest
--

CREATE TABLE public.material_translations (
    id bigint NOT NULL,
    material_id integer NOT NULL,
    locale character varying NOT NULL,
    created_at timestamp without time zone NOT NULL,
    updated_at timestamp without time zone NOT NULL,
    title character varying,
    description character varying
);


ALTER TABLE public.material_translations OWNER TO invest;

--
-- Name: material_translations_id_seq; Type: SEQUENCE; Schema: public; Owner: invest
--

CREATE SEQUENCE public.material_translations_id_seq
    START WITH 1
    INCREMENT BY 1
    NO MINVALUE
    NO MAXVALUE
    CACHE 1;


ALTER TABLE public.material_translations_id_seq OWNER TO invest;

--
-- Name: material_translations_id_seq; Type: SEQUENCE OWNED BY; Schema: public; Owner: invest
--

ALTER SEQUENCE public.material_translations_id_seq OWNED BY public.material_translations.id;


--
-- Name: materials; Type: TABLE; Schema: public; Owner: invest
--

CREATE TABLE public.materials (
    id bigint NOT NULL,
    created_at timestamp without time zone NOT NULL,
    updated_at timestamp without time zone NOT NULL,
    link character varying DEFAULT ''::character varying
);


ALTER TABLE public.materials OWNER TO invest;

--
-- Name: materials_id_seq; Type: SEQUENCE; Schema: public; Owner: invest
--

CREATE SEQUENCE public.materials_id_seq
    START WITH 1
    INCREMENT BY 1
    NO MINVALUE
    NO MAXVALUE
    CACHE 1;


ALTER TABLE public.materials_id_seq OWNER TO invest;

--
-- Name: materials_id_seq; Type: SEQUENCE OWNED BY; Schema: public; Owner: invest
--

ALTER SEQUENCE public.materials_id_seq OWNED BY public.materials.id;


--
-- Name: menu_groups; Type: TABLE; Schema: public; Owner: invest
--

CREATE TABLE public.menu_groups (
    id bigint NOT NULL,
    group_key integer,
    name character varying
);


ALTER TABLE public.menu_groups OWNER TO invest;

--
-- Name: menu_groups_id_seq; Type: SEQUENCE; Schema: public; Owner: invest
--

CREATE SEQUENCE public.menu_groups_id_seq
    START WITH 1
    INCREMENT BY 1
    NO MINVALUE
    NO MAXVALUE
    CACHE 1;


ALTER TABLE public.menu_groups_id_seq OWNER TO invest;

--
-- Name: menu_groups_id_seq; Type: SEQUENCE OWNED BY; Schema: public; Owner: invest
--

ALTER SEQUENCE public.menu_groups_id_seq OWNED BY public.menu_groups.id;


--
-- Name: menu_translations; Type: TABLE; Schema: public; Owner: invest
--

CREATE TABLE public.menu_translations (
    id bigint NOT NULL,
    menu_id integer NOT NULL,
    locale character varying NOT NULL,
    created_at timestamp without time zone NOT NULL,
    updated_at timestamp without time zone NOT NULL,
    title character varying,
    tag_alt character varying
);


ALTER TABLE public.menu_translations OWNER TO invest;

--
-- Name: menu_translations_id_seq; Type: SEQUENCE; Schema: public; Owner: invest
--

CREATE SEQUENCE public.menu_translations_id_seq
    START WITH 1
    INCREMENT BY 1
    NO MINVALUE
    NO MAXVALUE
    CACHE 1;


ALTER TABLE public.menu_translations_id_seq OWNER TO invest;

--
-- Name: menu_translations_id_seq; Type: SEQUENCE OWNED BY; Schema: public; Owner: invest
--

ALTER SEQUENCE public.menu_translations_id_seq OWNED BY public.menu_translations.id;


--
-- Name: menus; Type: TABLE; Schema: public; Owner: invest
--

CREATE TABLE public.menus (
    id bigint NOT NULL,
    link character varying,
    "position" integer,
    menu_group_id integer,
    parent_id integer DEFAULT 0,
    active boolean DEFAULT true,
    menu_type character varying
);


ALTER TABLE public.menus OWNER TO invest;

--
-- Name: menus_id_seq; Type: SEQUENCE; Schema: public; Owner: invest
--

CREATE SEQUENCE public.menus_id_seq
    START WITH 1
    INCREMENT BY 1
    NO MINVALUE
    NO MAXVALUE
    CACHE 1;


ALTER TABLE public.menus_id_seq OWNER TO invest;

--
-- Name: menus_id_seq; Type: SEQUENCE OWNED BY; Schema: public; Owner: invest
--

ALTER SEQUENCE public.menus_id_seq OWNED BY public.menus.id;


--
-- Name: office_area_translations; Type: TABLE; Schema: public; Owner: invest
--

CREATE TABLE public.office_area_translations (
    id bigint NOT NULL,
    office_area_id integer NOT NULL,
    locale character varying NOT NULL,
    created_at timestamp without time zone NOT NULL,
    updated_at timestamp without time zone NOT NULL,
    name character varying,
    transfer_type character varying,
    address character varying,
    owner character varying,
    gas character varying,
    electricity character varying,
    water_supply character varying,
    drainager character varying,
    heat_supply character varying,
    ethernet character varying,
    phone_sypply character varying,
    area_class character varying,
    ventilation character varying,
    fireproof character varying,
    guard character varying,
    parking character varying
);


ALTER TABLE public.office_area_translations OWNER TO invest;

--
-- Name: office_area_translations_id_seq; Type: SEQUENCE; Schema: public; Owner: invest
--

CREATE SEQUENCE public.office_area_translations_id_seq
    START WITH 1
    INCREMENT BY 1
    NO MINVALUE
    NO MAXVALUE
    CACHE 1;


ALTER TABLE public.office_area_translations_id_seq OWNER TO invest;

--
-- Name: office_area_translations_id_seq; Type: SEQUENCE OWNED BY; Schema: public; Owner: invest
--

ALTER SEQUENCE public.office_area_translations_id_seq OWNED BY public.office_area_translations.id;


--
-- Name: office_areas; Type: TABLE; Schema: public; Owner: invest
--

CREATE TABLE public.office_areas (
    id bigint NOT NULL,
    edrpou_code character varying,
    site character varying,
    total_area character varying,
    electricity_cost character varying,
    gas_cost character varying,
    water_cost character varying,
    drainager_cost character varying,
    heat_cost character varying,
    city_center_distance character varying,
    transport_stop_distance character varying,
    phone character varying,
    email character varying,
    rent character varying,
    sale character varying,
    date_info date,
    main_image character varying,
    gis_type_name character varying,
    user_id integer,
    state smallint DEFAULT 0,
    map_layer_id integer,
    created_at timestamp without time zone NOT NULL,
    updated_at timestamp without time zone NOT NULL
);


ALTER TABLE public.office_areas OWNER TO invest;

--
-- Name: office_areas_id_seq; Type: SEQUENCE; Schema: public; Owner: invest
--

CREATE SEQUENCE public.office_areas_id_seq
    START WITH 1
    INCREMENT BY 1
    NO MINVALUE
    NO MAXVALUE
    CACHE 1;


ALTER TABLE public.office_areas_id_seq OWNER TO invest;

--
-- Name: office_areas_id_seq; Type: SEQUENCE OWNED BY; Schema: public; Owner: invest
--

ALTER SEQUENCE public.office_areas_id_seq OWNED BY public.office_areas.id;


--
-- Name: ownership_translations; Type: TABLE; Schema: public; Owner: invest
--

CREATE TABLE public.ownership_translations (
    id bigint NOT NULL,
    ownership_id integer NOT NULL,
    locale character varying NOT NULL,
    created_at timestamp without time zone NOT NULL,
    updated_at timestamp without time zone NOT NULL,
    name character varying
);


ALTER TABLE public.ownership_translations OWNER TO invest;

--
-- Name: ownership_translations_id_seq; Type: SEQUENCE; Schema: public; Owner: invest
--

CREATE SEQUENCE public.ownership_translations_id_seq
    START WITH 1
    INCREMENT BY 1
    NO MINVALUE
    NO MAXVALUE
    CACHE 1;


ALTER TABLE public.ownership_translations_id_seq OWNER TO invest;

--
-- Name: ownership_translations_id_seq; Type: SEQUENCE OWNED BY; Schema: public; Owner: invest
--

ALTER SEQUENCE public.ownership_translations_id_seq OWNED BY public.ownership_translations.id;


--
-- Name: ownerships; Type: TABLE; Schema: public; Owner: invest
--

CREATE TABLE public.ownerships (
    id bigint NOT NULL,
    created_at timestamp without time zone NOT NULL,
    updated_at timestamp without time zone NOT NULL
);


ALTER TABLE public.ownerships OWNER TO invest;

--
-- Name: ownerships_id_seq; Type: SEQUENCE; Schema: public; Owner: invest
--

CREATE SEQUENCE public.ownerships_id_seq
    START WITH 1
    INCREMENT BY 1
    NO MINVALUE
    NO MAXVALUE
    CACHE 1;


ALTER TABLE public.ownerships_id_seq OWNER TO invest;

--
-- Name: ownerships_id_seq; Type: SEQUENCE OWNED BY; Schema: public; Owner: invest
--

ALTER SEQUENCE public.ownerships_id_seq OWNED BY public.ownerships.id;


--
-- Name: period_event_translations; Type: TABLE; Schema: public; Owner: invest
--

CREATE TABLE public.period_event_translations (
    id bigint NOT NULL,
    period_event_id integer NOT NULL,
    locale character varying NOT NULL,
    created_at timestamp without time zone NOT NULL,
    updated_at timestamp without time zone NOT NULL,
    title character varying
);


ALTER TABLE public.period_event_translations OWNER TO invest;

--
-- Name: period_event_translations_id_seq; Type: SEQUENCE; Schema: public; Owner: invest
--

CREATE SEQUENCE public.period_event_translations_id_seq
    START WITH 1
    INCREMENT BY 1
    NO MINVALUE
    NO MAXVALUE
    CACHE 1;


ALTER TABLE public.period_event_translations_id_seq OWNER TO invest;

--
-- Name: period_event_translations_id_seq; Type: SEQUENCE OWNED BY; Schema: public; Owner: invest
--

ALTER SEQUENCE public.period_event_translations_id_seq OWNED BY public.period_event_translations.id;


--
-- Name: period_events; Type: TABLE; Schema: public; Owner: invest
--

CREATE TABLE public.period_events (
    id bigint NOT NULL,
    "position" integer DEFAULT 0
);


ALTER TABLE public.period_events OWNER TO invest;

--
-- Name: period_events_id_seq; Type: SEQUENCE; Schema: public; Owner: invest
--

CREATE SEQUENCE public.period_events_id_seq
    START WITH 1
    INCREMENT BY 1
    NO MINVALUE
    NO MAXVALUE
    CACHE 1;


ALTER TABLE public.period_events_id_seq OWNER TO invest;

--
-- Name: period_events_id_seq; Type: SEQUENCE OWNED BY; Schema: public; Owner: invest
--

ALTER SEQUENCE public.period_events_id_seq OWNED BY public.period_events.id;


--
-- Name: potential_investors; Type: TABLE; Schema: public; Owner: invest
--

CREATE TABLE public.potential_investors (
    id bigint NOT NULL,
    company_name character varying,
    branch character varying,
    product_description character varying,
    project_description character varying,
    novelty character varying,
    budget character varying,
    object character varying,
    land_area character varying,
    area_type character varying,
    infrastructure character varying,
    area character varying,
    transfer_type character varying,
    workers character varying,
    skilled_workers character varying,
    ownership character varying,
    partners character varying,
    comment character varying,
    project_cost character varying,
    name character varying,
    phone character varying,
    fax character varying,
    email character varying,
    site character varying,
    other_info character varying
);


ALTER TABLE public.potential_investors OWNER TO invest;

--
-- Name: potential_investors_id_seq; Type: SEQUENCE; Schema: public; Owner: invest
--

CREATE SEQUENCE public.potential_investors_id_seq
    START WITH 1
    INCREMENT BY 1
    NO MINVALUE
    NO MAXVALUE
    CACHE 1;


ALTER TABLE public.potential_investors_id_seq OWNER TO invest;

--
-- Name: potential_investors_id_seq; Type: SEQUENCE OWNED BY; Schema: public; Owner: invest
--

ALTER SEQUENCE public.potential_investors_id_seq OWNED BY public.potential_investors.id;


--
-- Name: production_area_translations; Type: TABLE; Schema: public; Owner: invest
--

CREATE TABLE public.production_area_translations (
    id bigint NOT NULL,
    production_area_id integer NOT NULL,
    locale character varying NOT NULL,
    created_at timestamp without time zone NOT NULL,
    updated_at timestamp without time zone NOT NULL,
    name character varying,
    transfer_type character varying,
    address character varying,
    owner character varying,
    gas character varying,
    electricity character varying,
    water_supply character varying,
    drainager character varying,
    central_heat_supply character varying
);


ALTER TABLE public.production_area_translations OWNER TO invest;

--
-- Name: production_area_translations_id_seq; Type: SEQUENCE; Schema: public; Owner: invest
--

CREATE SEQUENCE public.production_area_translations_id_seq
    START WITH 1
    INCREMENT BY 1
    NO MINVALUE
    NO MAXVALUE
    CACHE 1;


ALTER TABLE public.production_area_translations_id_seq OWNER TO invest;

--
-- Name: production_area_translations_id_seq; Type: SEQUENCE OWNED BY; Schema: public; Owner: invest
--

ALTER SEQUENCE public.production_area_translations_id_seq OWNED BY public.production_area_translations.id;


--
-- Name: production_areas; Type: TABLE; Schema: public; Owner: invest
--

CREATE TABLE public.production_areas (
    id bigint NOT NULL,
    edrpou_code character varying,
    site character varying,
    railway_track boolean DEFAULT false,
    railway_distance character varying,
    trucks_road boolean DEFAULT false,
    state_road_distance character varying,
    airport_distance character varying,
    total_area character varying,
    building_year character varying,
    free_floors_count integer,
    free_floors character varying,
    production_area character varying,
    additional character varying,
    phone character varying,
    email character varying,
    rent_year character varying,
    sale character varying,
    date_info date,
    gis_type_name character varying,
    main_image character varying,
    created_at timestamp without time zone NOT NULL,
    updated_at timestamp without time zone NOT NULL,
    state smallint DEFAULT 0,
    user_id integer,
    map_layer_id integer,
    ownership_id integer
);


ALTER TABLE public.production_areas OWNER TO invest;

--
-- Name: production_areas_id_seq; Type: SEQUENCE; Schema: public; Owner: invest
--

CREATE SEQUENCE public.production_areas_id_seq
    START WITH 1
    INCREMENT BY 1
    NO MINVALUE
    NO MAXVALUE
    CACHE 1;


ALTER TABLE public.production_areas_id_seq OWNER TO invest;

--
-- Name: production_areas_id_seq; Type: SEQUENCE OWNED BY; Schema: public; Owner: invest
--

ALTER SEQUENCE public.production_areas_id_seq OWNED BY public.production_areas.id;


--
-- Name: project_files; Type: TABLE; Schema: public; Owner: invest
--

CREATE TABLE public.project_files (
    id bigint NOT NULL,
    file character varying,
    locale character varying,
    fileable_type character varying,
    fileable_id bigint,
    created_at timestamp without time zone NOT NULL,
    updated_at timestamp without time zone NOT NULL
);


ALTER TABLE public.project_files OWNER TO invest;

--
-- Name: project_files_id_seq; Type: SEQUENCE; Schema: public; Owner: invest
--

CREATE SEQUENCE public.project_files_id_seq
    START WITH 1
    INCREMENT BY 1
    NO MINVALUE
    NO MAXVALUE
    CACHE 1;


ALTER TABLE public.project_files_id_seq OWNER TO invest;

--
-- Name: project_files_id_seq; Type: SEQUENCE OWNED BY; Schema: public; Owner: invest
--

ALTER SEQUENCE public.project_files_id_seq OWNED BY public.project_files.id;


--
-- Name: project_images; Type: TABLE; Schema: public; Owner: invest
--

CREATE TABLE public.project_images (
    id bigint NOT NULL,
    image character varying,
    locale character varying,
    imageable_type character varying,
    imageable_id bigint,
    created_at timestamp without time zone NOT NULL,
    updated_at timestamp without time zone NOT NULL
);


ALTER TABLE public.project_images OWNER TO invest;

--
-- Name: project_images_id_seq; Type: SEQUENCE; Schema: public; Owner: invest
--

CREATE SEQUENCE public.project_images_id_seq
    START WITH 1
    INCREMENT BY 1
    NO MINVALUE
    NO MAXVALUE
    CACHE 1;


ALTER TABLE public.project_images_id_seq OWNER TO invest;

--
-- Name: project_images_id_seq; Type: SEQUENCE OWNED BY; Schema: public; Owner: invest
--

ALTER SEQUENCE public.project_images_id_seq OWNED BY public.project_images.id;


--
-- Name: project_translations; Type: TABLE; Schema: public; Owner: invest
--

CREATE TABLE public.project_translations (
    id bigint NOT NULL,
    project_id integer NOT NULL,
    locale character varying NOT NULL,
    created_at timestamp without time zone NOT NULL,
    updated_at timestamp without time zone NOT NULL,
    title character varying,
    description character varying,
    short_description character varying
);


ALTER TABLE public.project_translations OWNER TO invest;

--
-- Name: project_translations_id_seq; Type: SEQUENCE; Schema: public; Owner: invest
--

CREATE SEQUENCE public.project_translations_id_seq
    START WITH 1
    INCREMENT BY 1
    NO MINVALUE
    NO MAXVALUE
    CACHE 1;


ALTER TABLE public.project_translations_id_seq OWNER TO invest;

--
-- Name: project_translations_id_seq; Type: SEQUENCE OWNED BY; Schema: public; Owner: invest
--

ALTER SEQUENCE public.project_translations_id_seq OWNED BY public.project_translations.id;


--
-- Name: projects; Type: TABLE; Schema: public; Owner: invest
--

CREATE TABLE public.projects (
    id bigint NOT NULL,
    alias character varying,
    created_at timestamp without time zone NOT NULL,
    updated_at timestamp without time zone NOT NULL
);


ALTER TABLE public.projects OWNER TO invest;

--
-- Name: projects_id_seq; Type: SEQUENCE; Schema: public; Owner: invest
--

CREATE SEQUENCE public.projects_id_seq
    START WITH 1
    INCREMENT BY 1
    NO MINVALUE
    NO MAXVALUE
    CACHE 1;


ALTER TABLE public.projects_id_seq OWNER TO invest;

--
-- Name: projects_id_seq; Type: SEQUENCE OWNED BY; Schema: public; Owner: invest
--

ALTER SEQUENCE public.projects_id_seq OWNED BY public.projects.id;


--
-- Name: questionnaire_files; Type: TABLE; Schema: public; Owner: invest
--

CREATE TABLE public.questionnaire_files (
    id bigint NOT NULL,
    file character varying,
    fileable_type character varying,
    fileable_id bigint,
    created_at timestamp without time zone NOT NULL,
    updated_at timestamp without time zone NOT NULL
);


ALTER TABLE public.questionnaire_files OWNER TO invest;

--
-- Name: questionnaire_files_id_seq; Type: SEQUENCE; Schema: public; Owner: invest
--

CREATE SEQUENCE public.questionnaire_files_id_seq
    START WITH 1
    INCREMENT BY 1
    NO MINVALUE
    NO MAXVALUE
    CACHE 1;


ALTER TABLE public.questionnaire_files_id_seq OWNER TO invest;

--
-- Name: questionnaire_files_id_seq; Type: SEQUENCE OWNED BY; Schema: public; Owner: invest
--

ALTER SEQUENCE public.questionnaire_files_id_seq OWNED BY public.questionnaire_files.id;


--
-- Name: questionnaire_images; Type: TABLE; Schema: public; Owner: invest
--

CREATE TABLE public.questionnaire_images (
    id bigint NOT NULL,
    image character varying,
    imgable_type character varying,
    imgable_id bigint,
    created_at timestamp without time zone NOT NULL,
    updated_at timestamp without time zone NOT NULL
);


ALTER TABLE public.questionnaire_images OWNER TO invest;

--
-- Name: questionnaire_images_id_seq; Type: SEQUENCE; Schema: public; Owner: invest
--

CREATE SEQUENCE public.questionnaire_images_id_seq
    START WITH 1
    INCREMENT BY 1
    NO MINVALUE
    NO MAXVALUE
    CACHE 1;


ALTER TABLE public.questionnaire_images_id_seq OWNER TO invest;

--
-- Name: questionnaire_images_id_seq; Type: SEQUENCE OWNED BY; Schema: public; Owner: invest
--

ALTER SEQUENCE public.questionnaire_images_id_seq OWNED BY public.questionnaire_images.id;


--
-- Name: representatives; Type: TABLE; Schema: public; Owner: invest
--

CREATE TABLE public.representatives (
    id bigint NOT NULL,
    potential_investor_id integer,
    name character varying,
    phone character varying,
    fax character varying,
    email character varying,
    site character varying,
    other_info character varying,
    additional character varying
);


ALTER TABLE public.representatives OWNER TO invest;

--
-- Name: representatives_id_seq; Type: SEQUENCE; Schema: public; Owner: invest
--

CREATE SEQUENCE public.representatives_id_seq
    START WITH 1
    INCREMENT BY 1
    NO MINVALUE
    NO MAXVALUE
    CACHE 1;


ALTER TABLE public.representatives_id_seq OWNER TO invest;

--
-- Name: representatives_id_seq; Type: SEQUENCE OWNED BY; Schema: public; Owner: invest
--

ALTER SEQUENCE public.representatives_id_seq OWNED BY public.representatives.id;


--
-- Name: review_translations; Type: TABLE; Schema: public; Owner: invest
--

CREATE TABLE public.review_translations (
    id bigint NOT NULL,
    review_id integer NOT NULL,
    locale character varying NOT NULL,
    created_at timestamp without time zone NOT NULL,
    updated_at timestamp without time zone NOT NULL,
    last_name character varying,
    first_name character varying,
    middle_name character varying,
    "position" character varying,
    description character varying
);


ALTER TABLE public.review_translations OWNER TO invest;

--
-- Name: review_translations_id_seq; Type: SEQUENCE; Schema: public; Owner: invest
--

CREATE SEQUENCE public.review_translations_id_seq
    START WITH 1
    INCREMENT BY 1
    NO MINVALUE
    NO MAXVALUE
    CACHE 1;


ALTER TABLE public.review_translations_id_seq OWNER TO invest;

--
-- Name: review_translations_id_seq; Type: SEQUENCE OWNED BY; Schema: public; Owner: invest
--

ALTER SEQUENCE public.review_translations_id_seq OWNED BY public.review_translations.id;


--
-- Name: reviews; Type: TABLE; Schema: public; Owner: invest
--

CREATE TABLE public.reviews (
    id bigint NOT NULL,
    image character varying,
    created_at timestamp without time zone NOT NULL,
    updated_at timestamp without time zone NOT NULL
);


ALTER TABLE public.reviews OWNER TO invest;

--
-- Name: reviews_id_seq; Type: SEQUENCE; Schema: public; Owner: invest
--

CREATE SEQUENCE public.reviews_id_seq
    START WITH 1
    INCREMENT BY 1
    NO MINVALUE
    NO MAXVALUE
    CACHE 1;


ALTER TABLE public.reviews_id_seq OWNER TO invest;

--
-- Name: reviews_id_seq; Type: SEQUENCE OWNED BY; Schema: public; Owner: invest
--

ALTER SEQUENCE public.reviews_id_seq OWNED BY public.reviews.id;


--
-- Name: schema_migrations; Type: TABLE; Schema: public; Owner: invest
--

CREATE TABLE public.schema_migrations (
    version character varying NOT NULL
);


ALTER TABLE public.schema_migrations OWNER TO invest;

--
-- Name: sector_translations; Type: TABLE; Schema: public; Owner: invest
--

CREATE TABLE public.sector_translations (
    id bigint NOT NULL,
    sector_id integer NOT NULL,
    locale character varying NOT NULL,
    created_at timestamp without time zone NOT NULL,
    updated_at timestamp without time zone NOT NULL,
    title character varying,
    description character varying
);


ALTER TABLE public.sector_translations OWNER TO invest;

--
-- Name: sector_translations_id_seq; Type: SEQUENCE; Schema: public; Owner: invest
--

CREATE SEQUENCE public.sector_translations_id_seq
    START WITH 1
    INCREMENT BY 1
    NO MINVALUE
    NO MAXVALUE
    CACHE 1;


ALTER TABLE public.sector_translations_id_seq OWNER TO invest;

--
-- Name: sector_translations_id_seq; Type: SEQUENCE OWNED BY; Schema: public; Owner: invest
--

ALTER SEQUENCE public.sector_translations_id_seq OWNED BY public.sector_translations.id;


--
-- Name: sectors; Type: TABLE; Schema: public; Owner: invest
--

CREATE TABLE public.sectors (
    id bigint NOT NULL,
    title character varying,
    img character varying,
    description character varying,
    "position" integer DEFAULT 0,
    file character varying
);


ALTER TABLE public.sectors OWNER TO invest;

--
-- Name: sectors_id_seq; Type: SEQUENCE; Schema: public; Owner: invest
--

CREATE SEQUENCE public.sectors_id_seq
    START WITH 1
    INCREMENT BY 1
    NO MINVALUE
    NO MAXVALUE
    CACHE 1;


ALTER TABLE public.sectors_id_seq OWNER TO invest;

--
-- Name: sectors_id_seq; Type: SEQUENCE OWNED BY; Schema: public; Owner: invest
--

ALTER SEQUENCE public.sectors_id_seq OWNED BY public.sectors.id;


--
-- Name: slider_translations; Type: TABLE; Schema: public; Owner: invest
--

CREATE TABLE public.slider_translations (
    id bigint NOT NULL,
    slider_id integer NOT NULL,
    locale character varying NOT NULL,
    created_at timestamp without time zone NOT NULL,
    updated_at timestamp without time zone NOT NULL,
    title character varying,
    text text,
    alt character varying,
    link character varying
);


ALTER TABLE public.slider_translations OWNER TO invest;

--
-- Name: slider_translations_id_seq; Type: SEQUENCE; Schema: public; Owner: invest
--

CREATE SEQUENCE public.slider_translations_id_seq
    START WITH 1
    INCREMENT BY 1
    NO MINVALUE
    NO MAXVALUE
    CACHE 1;


ALTER TABLE public.slider_translations_id_seq OWNER TO invest;

--
-- Name: slider_translations_id_seq; Type: SEQUENCE OWNED BY; Schema: public; Owner: invest
--

ALTER SEQUENCE public.slider_translations_id_seq OWNED BY public.slider_translations.id;


--
-- Name: sliders; Type: TABLE; Schema: public; Owner: invest
--

CREATE TABLE public.sliders (
    id bigint NOT NULL,
    created_at timestamp without time zone NOT NULL,
    updated_at timestamp without time zone NOT NULL
);


ALTER TABLE public.sliders OWNER TO invest;

--
-- Name: sliders_id_seq; Type: SEQUENCE; Schema: public; Owner: invest
--

CREATE SEQUENCE public.sliders_id_seq
    START WITH 1
    INCREMENT BY 1
    NO MINVALUE
    NO MAXVALUE
    CACHE 1;


ALTER TABLE public.sliders_id_seq OWNER TO invest;

--
-- Name: sliders_id_seq; Type: SEQUENCE OWNED BY; Schema: public; Owner: invest
--

ALTER SEQUENCE public.sliders_id_seq OWNED BY public.sliders.id;


--
-- Name: submission_projects; Type: TABLE; Schema: public; Owner: invest
--

CREATE TABLE public.submission_projects (
    id bigint NOT NULL,
    description text,
    product character varying,
    market_analysis character varying,
    amount character varying,
    description_needs text,
    place character varying,
    area character varying,
    legal_status character varying,
    purpose character varying,
    current_use character varying,
    project_condition text,
    transport text,
    engineering text,
    resource character varying,
    assets text,
    workforce text,
    permission text,
    ecological text,
    privileges text,
    other text,
    name character varying,
    "position" character varying,
    address character varying,
    phone character varying,
    email character varying,
    created_at timestamp without time zone NOT NULL,
    updated_at timestamp without time zone NOT NULL
);


ALTER TABLE public.submission_projects OWNER TO invest;

--
-- Name: submission_projects_id_seq; Type: SEQUENCE; Schema: public; Owner: invest
--

CREATE SEQUENCE public.submission_projects_id_seq
    START WITH 1
    INCREMENT BY 1
    NO MINVALUE
    NO MAXVALUE
    CACHE 1;


ALTER TABLE public.submission_projects_id_seq OWNER TO invest;

--
-- Name: submission_projects_id_seq; Type: SEQUENCE OWNED BY; Schema: public; Owner: invest
--

ALTER SEQUENCE public.submission_projects_id_seq OWNED BY public.submission_projects.id;


--
-- Name: subscribers; Type: TABLE; Schema: public; Owner: invest
--

CREATE TABLE public.subscribers (
    id bigint NOT NULL,
    email character varying,
    token character varying,
    sent boolean DEFAULT false,
    created_at timestamp without time zone NOT NULL,
    updated_at timestamp without time zone NOT NULL,
    active boolean DEFAULT true
);


ALTER TABLE public.subscribers OWNER TO invest;

--
-- Name: subscribers_id_seq; Type: SEQUENCE; Schema: public; Owner: invest
--

CREATE SEQUENCE public.subscribers_id_seq
    START WITH 1
    INCREMENT BY 1
    NO MINVALUE
    NO MAXVALUE
    CACHE 1;


ALTER TABLE public.subscribers_id_seq OWNER TO invest;

--
-- Name: subscribers_id_seq; Type: SEQUENCE OWNED BY; Schema: public; Owner: invest
--

ALTER SEQUENCE public.subscribers_id_seq OWNED BY public.subscribers.id;


--
-- Name: tag_translations; Type: TABLE; Schema: public; Owner: invest
--

CREATE TABLE public.tag_translations (
    id bigint NOT NULL,
    tag_id integer NOT NULL,
    locale character varying NOT NULL,
    created_at timestamp without time zone NOT NULL,
    updated_at timestamp without time zone NOT NULL,
    title character varying
);


ALTER TABLE public.tag_translations OWNER TO invest;

--
-- Name: tag_translations_id_seq; Type: SEQUENCE; Schema: public; Owner: invest
--

CREATE SEQUENCE public.tag_translations_id_seq
    START WITH 1
    INCREMENT BY 1
    NO MINVALUE
    NO MAXVALUE
    CACHE 1;


ALTER TABLE public.tag_translations_id_seq OWNER TO invest;

--
-- Name: tag_translations_id_seq; Type: SEQUENCE OWNED BY; Schema: public; Owner: invest
--

ALTER SEQUENCE public.tag_translations_id_seq OWNED BY public.tag_translations.id;


--
-- Name: tags; Type: TABLE; Schema: public; Owner: invest
--

CREATE TABLE public.tags (
    id bigint NOT NULL,
    title character varying,
    alias character varying,
    created_at timestamp without time zone NOT NULL,
    updated_at timestamp without time zone NOT NULL
);


ALTER TABLE public.tags OWNER TO invest;

--
-- Name: tags_id_seq; Type: SEQUENCE; Schema: public; Owner: invest
--

CREATE SEQUENCE public.tags_id_seq
    START WITH 1
    INCREMENT BY 1
    NO MINVALUE
    NO MAXVALUE
    CACHE 1;


ALTER TABLE public.tags_id_seq OWNER TO invest;

--
-- Name: tags_id_seq; Type: SEQUENCE OWNED BY; Schema: public; Owner: invest
--

ALTER SEQUENCE public.tags_id_seq OWNED BY public.tags.id;


--
-- Name: team_translations; Type: TABLE; Schema: public; Owner: invest
--

CREATE TABLE public.team_translations (
    id bigint NOT NULL,
    team_id integer NOT NULL,
    locale character varying NOT NULL,
    created_at timestamp without time zone NOT NULL,
    updated_at timestamp without time zone NOT NULL,
    last_name character varying,
    first_name character varying,
    middle_name character varying,
    "position" character varying
);


ALTER TABLE public.team_translations OWNER TO invest;

--
-- Name: team_translations_id_seq; Type: SEQUENCE; Schema: public; Owner: invest
--

CREATE SEQUENCE public.team_translations_id_seq
    START WITH 1
    INCREMENT BY 1
    NO MINVALUE
    NO MAXVALUE
    CACHE 1;


ALTER TABLE public.team_translations_id_seq OWNER TO invest;

--
-- Name: team_translations_id_seq; Type: SEQUENCE OWNED BY; Schema: public; Owner: invest
--

ALTER SEQUENCE public.team_translations_id_seq OWNED BY public.team_translations.id;


--
-- Name: teams; Type: TABLE; Schema: public; Owner: invest
--

CREATE TABLE public.teams (
    id bigint NOT NULL,
    phone character varying,
    email character varying,
    facebook character varying,
    linkedin character varying,
    department_id integer,
    image character varying,
    created_at timestamp without time zone NOT NULL,
    updated_at timestamp without time zone NOT NULL,
    on_main boolean DEFAULT false,
    "trim" integer
);


ALTER TABLE public.teams OWNER TO invest;

--
-- Name: teams_id_seq; Type: SEQUENCE; Schema: public; Owner: invest
--

CREATE SEQUENCE public.teams_id_seq
    START WITH 1
    INCREMENT BY 1
    NO MINVALUE
    NO MAXVALUE
    CACHE 1;


ALTER TABLE public.teams_id_seq OWNER TO invest;

--
-- Name: teams_id_seq; Type: SEQUENCE OWNED BY; Schema: public; Owner: invest
--

ALTER SEQUENCE public.teams_id_seq OWNED BY public.teams.id;


--
-- Name: transport_translations; Type: TABLE; Schema: public; Owner: invest
--

CREATE TABLE public.transport_translations (
    id bigint NOT NULL,
    transport_id integer NOT NULL,
    locale character varying NOT NULL,
    created_at timestamp without time zone NOT NULL,
    updated_at timestamp without time zone NOT NULL,
    name character varying,
    route character varying
);


ALTER TABLE public.transport_translations OWNER TO invest;

--
-- Name: transport_translations_id_seq; Type: SEQUENCE; Schema: public; Owner: invest
--

CREATE SEQUENCE public.transport_translations_id_seq
    START WITH 1
    INCREMENT BY 1
    NO MINVALUE
    NO MAXVALUE
    CACHE 1;


ALTER TABLE public.transport_translations_id_seq OWNER TO invest;

--
-- Name: transport_translations_id_seq; Type: SEQUENCE OWNED BY; Schema: public; Owner: invest
--

ALTER SEQUENCE public.transport_translations_id_seq OWNED BY public.transport_translations.id;


--
-- Name: transport_type_translations; Type: TABLE; Schema: public; Owner: invest
--

CREATE TABLE public.transport_type_translations (
    id bigint NOT NULL,
    transport_type_id integer NOT NULL,
    locale character varying NOT NULL,
    created_at timestamp without time zone NOT NULL,
    updated_at timestamp without time zone NOT NULL,
    name character varying
);


ALTER TABLE public.transport_type_translations OWNER TO invest;

--
-- Name: transport_type_translations_id_seq; Type: SEQUENCE; Schema: public; Owner: invest
--

CREATE SEQUENCE public.transport_type_translations_id_seq
    START WITH 1
    INCREMENT BY 1
    NO MINVALUE
    NO MAXVALUE
    CACHE 1;


ALTER TABLE public.transport_type_translations_id_seq OWNER TO invest;

--
-- Name: transport_type_translations_id_seq; Type: SEQUENCE OWNED BY; Schema: public; Owner: invest
--

ALTER SEQUENCE public.transport_type_translations_id_seq OWNED BY public.transport_type_translations.id;


--
-- Name: transport_types; Type: TABLE; Schema: public; Owner: invest
--

CREATE TABLE public.transport_types (
    id bigint NOT NULL,
    created_at timestamp without time zone NOT NULL,
    updated_at timestamp without time zone NOT NULL
);


ALTER TABLE public.transport_types OWNER TO invest;

--
-- Name: transport_types_id_seq; Type: SEQUENCE; Schema: public; Owner: invest
--

CREATE SEQUENCE public.transport_types_id_seq
    START WITH 1
    INCREMENT BY 1
    NO MINVALUE
    NO MAXVALUE
    CACHE 1;


ALTER TABLE public.transport_types_id_seq OWNER TO invest;

--
-- Name: transport_types_id_seq; Type: SEQUENCE OWNED BY; Schema: public; Owner: invest
--

ALTER SEQUENCE public.transport_types_id_seq OWNED BY public.transport_types.id;


--
-- Name: transports; Type: TABLE; Schema: public; Owner: invest
--

CREATE TABLE public.transports (
    id bigint NOT NULL,
    transport_type_id integer,
    gis_type_name character varying,
    user_id integer,
    state smallint DEFAULT 0,
    map_layer_id integer,
    created_at timestamp without time zone NOT NULL,
    updated_at timestamp without time zone NOT NULL
);


ALTER TABLE public.transports OWNER TO invest;

--
-- Name: transports_id_seq; Type: SEQUENCE; Schema: public; Owner: invest
--

CREATE SEQUENCE public.transports_id_seq
    START WITH 1
    INCREMENT BY 1
    NO MINVALUE
    NO MAXVALUE
    CACHE 1;


ALTER TABLE public.transports_id_seq OWNER TO invest;

--
-- Name: transports_id_seq; Type: SEQUENCE OWNED BY; Schema: public; Owner: invest
--

ALTER SEQUENCE public.transports_id_seq OWNED BY public.transports.id;


--
-- Name: trip_translations; Type: TABLE; Schema: public; Owner: invest
--

CREATE TABLE public.trip_translations (
    id bigint NOT NULL,
    trip_id integer NOT NULL,
    locale character varying NOT NULL,
    created_at timestamp without time zone NOT NULL,
    updated_at timestamp without time zone NOT NULL,
    title character varying,
    link character varying
);


ALTER TABLE public.trip_translations OWNER TO invest;

--
-- Name: trip_translations_id_seq; Type: SEQUENCE; Schema: public; Owner: invest
--

CREATE SEQUENCE public.trip_translations_id_seq
    START WITH 1
    INCREMENT BY 1
    NO MINVALUE
    NO MAXVALUE
    CACHE 1;


ALTER TABLE public.trip_translations_id_seq OWNER TO invest;

--
-- Name: trip_translations_id_seq; Type: SEQUENCE OWNED BY; Schema: public; Owner: invest
--

ALTER SEQUENCE public.trip_translations_id_seq OWNED BY public.trip_translations.id;


--
-- Name: trips; Type: TABLE; Schema: public; Owner: invest
--

CREATE TABLE public.trips (
    id bigint NOT NULL,
    img character varying,
    "position" integer DEFAULT 0
);


ALTER TABLE public.trips OWNER TO invest;

--
-- Name: trips_id_seq; Type: SEQUENCE; Schema: public; Owner: invest
--

CREATE SEQUENCE public.trips_id_seq
    START WITH 1
    INCREMENT BY 1
    NO MINVALUE
    NO MAXVALUE
    CACHE 1;


ALTER TABLE public.trips_id_seq OWNER TO invest;

--
-- Name: trips_id_seq; Type: SEQUENCE OWNED BY; Schema: public; Owner: invest
--

ALTER SEQUENCE public.trips_id_seq OWNED BY public.trips.id;


--
-- Name: user_land_areas; Type: TABLE; Schema: public; Owner: invest
--

CREATE TABLE public.user_land_areas (
    id bigint NOT NULL,
    area_name character varying,
    area_type character varying,
    total_area character varying,
    underground_engin character varying,
    overhead_engin character varying,
    cadastral_number character varying,
    rent character varying,
    sale character varying,
    state_road_distance character varying,
    railway_distance character varying,
    airport_distance character varying,
    name character varying,
    phone character varying,
    email character varying,
    transfer_type character varying,
    classification character varying,
    configuration character varying,
    building_owner character varying,
    owner character varying,
    gas character varying,
    electricity character varying,
    water_supply character varying,
    drainager character varying,
    ethernet character varying,
    created_at timestamp without time zone NOT NULL,
    updated_at timestamp without time zone NOT NULL
);


ALTER TABLE public.user_land_areas OWNER TO invest;

--
-- Name: user_land_areas_id_seq; Type: SEQUENCE; Schema: public; Owner: invest
--

CREATE SEQUENCE public.user_land_areas_id_seq
    START WITH 1
    INCREMENT BY 1
    NO MINVALUE
    NO MAXVALUE
    CACHE 1;


ALTER TABLE public.user_land_areas_id_seq OWNER TO invest;

--
-- Name: user_land_areas_id_seq; Type: SEQUENCE OWNED BY; Schema: public; Owner: invest
--

ALTER SEQUENCE public.user_land_areas_id_seq OWNED BY public.user_land_areas.id;


--
-- Name: users; Type: TABLE; Schema: public; Owner: invest
--

CREATE TABLE public.users (
    id bigint NOT NULL,
    email character varying DEFAULT ''::character varying NOT NULL,
    encrypted_password character varying DEFAULT ''::character varying NOT NULL,
    reset_password_token character varying,
    reset_password_sent_at timestamp without time zone,
    remember_created_at timestamp without time zone,
    sign_in_count integer DEFAULT 0 NOT NULL,
    current_sign_in_at timestamp without time zone,
    last_sign_in_at timestamp without time zone,
    current_sign_in_ip inet,
    last_sign_in_ip inet,
    created_at timestamp without time zone NOT NULL,
    updated_at timestamp without time zone NOT NULL,
    roles_mask integer,
    last_name character varying,
    first_name character varying,
    middle_name character varying,
    birth_date date,
    phone character varying,
    "position" character varying,
    gender character varying,
    image character varying,
    blocked boolean DEFAULT false,
    acquainted boolean DEFAULT false
);


ALTER TABLE public.users OWNER TO invest;

--
-- Name: users_id_seq; Type: SEQUENCE; Schema: public; Owner: invest
--

CREATE SEQUENCE public.users_id_seq
    START WITH 1
    INCREMENT BY 1
    NO MINVALUE
    NO MAXVALUE
    CACHE 1;


ALTER TABLE public.users_id_seq OWNER TO invest;

--
-- Name: users_id_seq; Type: SEQUENCE OWNED BY; Schema: public; Owner: invest
--

ALTER SEQUENCE public.users_id_seq OWNED BY public.users.id;


--
-- Name: video_positions; Type: TABLE; Schema: public; Owner: invest
--

CREATE TABLE public.video_positions (
    id bigint NOT NULL,
    title character varying,
    created_at timestamp without time zone NOT NULL,
    updated_at timestamp without time zone NOT NULL
);


ALTER TABLE public.video_positions OWNER TO invest;

--
-- Name: video_positions_id_seq; Type: SEQUENCE; Schema: public; Owner: invest
--

CREATE SEQUENCE public.video_positions_id_seq
    START WITH 1
    INCREMENT BY 1
    NO MINVALUE
    NO MAXVALUE
    CACHE 1;


ALTER TABLE public.video_positions_id_seq OWNER TO invest;

--
-- Name: video_positions_id_seq; Type: SEQUENCE OWNED BY; Schema: public; Owner: invest
--

ALTER SEQUENCE public.video_positions_id_seq OWNED BY public.video_positions.id;


--
-- Name: video_translations; Type: TABLE; Schema: public; Owner: invest
--

CREATE TABLE public.video_translations (
    id bigint NOT NULL,
    video_id integer NOT NULL,
    locale character varying NOT NULL,
    created_at timestamp without time zone NOT NULL,
    updated_at timestamp without time zone NOT NULL,
    short_title character varying,
    title character varying,
    description character varying,
    link character varying
);


ALTER TABLE public.video_translations OWNER TO invest;

--
-- Name: video_translations_id_seq; Type: SEQUENCE; Schema: public; Owner: invest
--

CREATE SEQUENCE public.video_translations_id_seq
    START WITH 1
    INCREMENT BY 1
    NO MINVALUE
    NO MAXVALUE
    CACHE 1;


ALTER TABLE public.video_translations_id_seq OWNER TO invest;

--
-- Name: video_translations_id_seq; Type: SEQUENCE OWNED BY; Schema: public; Owner: invest
--

ALTER SEQUENCE public.video_translations_id_seq OWNED BY public.video_translations.id;


--
-- Name: videos; Type: TABLE; Schema: public; Owner: invest
--

CREATE TABLE public.videos (
    id bigint NOT NULL,
    video_position_id integer,
    created_at timestamp without time zone NOT NULL,
    updated_at timestamp without time zone NOT NULL
);


ALTER TABLE public.videos OWNER TO invest;

--
-- Name: videos_id_seq; Type: SEQUENCE; Schema: public; Owner: invest
--

CREATE SEQUENCE public.videos_id_seq
    START WITH 1
    INCREMENT BY 1
    NO MINVALUE
    NO MAXVALUE
    CACHE 1;


ALTER TABLE public.videos_id_seq OWNER TO invest;

--
-- Name: videos_id_seq; Type: SEQUENCE OWNED BY; Schema: public; Owner: invest
--

ALTER SEQUENCE public.videos_id_seq OWNED BY public.videos.id;


--
-- Name: about_translations id; Type: DEFAULT; Schema: public; Owner: invest
--

ALTER TABLE ONLY public.about_translations ALTER COLUMN id SET DEFAULT nextval('public.about_translations_id_seq'::regclass);


--
-- Name: abouts id; Type: DEFAULT; Schema: public; Owner: invest
--

ALTER TABLE ONLY public.abouts ALTER COLUMN id SET DEFAULT nextval('public.abouts_id_seq'::regclass);


--
-- Name: advantage_translations id; Type: DEFAULT; Schema: public; Owner: invest
--

ALTER TABLE ONLY public.advantage_translations ALTER COLUMN id SET DEFAULT nextval('public.advantage_translations_id_seq'::regclass);


--
-- Name: advantages id; Type: DEFAULT; Schema: public; Owner: invest
--

ALTER TABLE ONLY public.advantages ALTER COLUMN id SET DEFAULT nextval('public.advantages_id_seq'::regclass);


--
-- Name: area_logs id; Type: DEFAULT; Schema: public; Owner: invest
--

ALTER TABLE ONLY public.area_logs ALTER COLUMN id SET DEFAULT nextval('public.area_logs_id_seq'::regclass);


--
-- Name: article_translations id; Type: DEFAULT; Schema: public; Owner: invest
--

ALTER TABLE ONLY public.article_translations ALTER COLUMN id SET DEFAULT nextval('public.article_translations_id_seq'::regclass);


--
-- Name: articles id; Type: DEFAULT; Schema: public; Owner: invest
--

ALTER TABLE ONLY public.articles ALTER COLUMN id SET DEFAULT nextval('public.articles_id_seq'::regclass);


--
-- Name: balance_holder_translations id; Type: DEFAULT; Schema: public; Owner: invest
--

ALTER TABLE ONLY public.balance_holder_translations ALTER COLUMN id SET DEFAULT nextval('public.balance_holder_translations_id_seq'::regclass);


--
-- Name: balance_holders id; Type: DEFAULT; Schema: public; Owner: invest
--

ALTER TABLE ONLY public.balance_holders ALTER COLUMN id SET DEFAULT nextval('public.balance_holders_id_seq'::regclass);


--
-- Name: balancer_relations id; Type: DEFAULT; Schema: public; Owner: invest
--

ALTER TABLE ONLY public.balancer_relations ALTER COLUMN id SET DEFAULT nextval('public.balancer_relations_id_seq'::regclass);


--
-- Name: balancers id; Type: DEFAULT; Schema: public; Owner: invest
--

ALTER TABLE ONLY public.balancers ALTER COLUMN id SET DEFAULT nextval('public.balancers_id_seq'::regclass);


--
-- Name: block_material_content_translations id; Type: DEFAULT; Schema: public; Owner: invest
--

ALTER TABLE ONLY public.block_material_content_translations ALTER COLUMN id SET DEFAULT nextval('public.block_material_content_translations_id_seq'::regclass);


--
-- Name: block_material_contents id; Type: DEFAULT; Schema: public; Owner: invest
--

ALTER TABLE ONLY public.block_material_contents ALTER COLUMN id SET DEFAULT nextval('public.block_material_contents_id_seq'::regclass);


--
-- Name: block_materials id; Type: DEFAULT; Schema: public; Owner: invest
--

ALTER TABLE ONLY public.block_materials ALTER COLUMN id SET DEFAULT nextval('public.block_materials_id_seq'::regclass);


--
-- Name: ckeditor_assets id; Type: DEFAULT; Schema: public; Owner: invest
--

ALTER TABLE ONLY public.ckeditor_assets ALTER COLUMN id SET DEFAULT nextval('public.ckeditor_assets_id_seq'::regclass);


--
-- Name: communal_area_translations id; Type: DEFAULT; Schema: public; Owner: invest
--

ALTER TABLE ONLY public.communal_area_translations ALTER COLUMN id SET DEFAULT nextval('public.communal_area_translations_id_seq'::regclass);


--
-- Name: communal_areas id; Type: DEFAULT; Schema: public; Owner: invest
--

ALTER TABLE ONLY public.communal_areas ALTER COLUMN id SET DEFAULT nextval('public.communal_areas_id_seq'::regclass);


--
-- Name: communal_branch_translations id; Type: DEFAULT; Schema: public; Owner: invest
--

ALTER TABLE ONLY public.communal_branch_translations ALTER COLUMN id SET DEFAULT nextval('public.communal_branch_translations_id_seq'::regclass);


--
-- Name: communal_branches id; Type: DEFAULT; Schema: public; Owner: invest
--

ALTER TABLE ONLY public.communal_branches ALTER COLUMN id SET DEFAULT nextval('public.communal_branches_id_seq'::regclass);


--
-- Name: content_translations id; Type: DEFAULT; Schema: public; Owner: invest
--

ALTER TABLE ONLY public.content_translations ALTER COLUMN id SET DEFAULT nextval('public.content_translations_id_seq'::regclass);


--
-- Name: contents id; Type: DEFAULT; Schema: public; Owner: invest
--

ALTER TABLE ONLY public.contents ALTER COLUMN id SET DEFAULT nextval('public.contents_id_seq'::regclass);


--
-- Name: department_translations id; Type: DEFAULT; Schema: public; Owner: invest
--

ALTER TABLE ONLY public.department_translations ALTER COLUMN id SET DEFAULT nextval('public.department_translations_id_seq'::regclass);


--
-- Name: departments id; Type: DEFAULT; Schema: public; Owner: invest
--

ALTER TABLE ONLY public.departments ALTER COLUMN id SET DEFAULT nextval('public.departments_id_seq'::regclass);


--
-- Name: event_translations id; Type: DEFAULT; Schema: public; Owner: invest
--

ALTER TABLE ONLY public.event_translations ALTER COLUMN id SET DEFAULT nextval('public.event_translations_id_seq'::regclass);


--
-- Name: events id; Type: DEFAULT; Schema: public; Owner: invest
--

ALTER TABLE ONLY public.events ALTER COLUMN id SET DEFAULT nextval('public.events_id_seq'::regclass);


--
-- Name: geo_json id; Type: DEFAULT; Schema: public; Owner: invest
--

ALTER TABLE ONLY public.geo_json ALTER COLUMN id SET DEFAULT nextval('public.geo_json_id_seq'::regclass);


--
-- Name: gis_types id; Type: DEFAULT; Schema: public; Owner: invest
--

ALTER TABLE ONLY public.gis_types ALTER COLUMN id SET DEFAULT nextval('public.gis_types_id_seq'::regclass);


--
-- Name: infra_type_relations id; Type: DEFAULT; Schema: public; Owner: invest
--

ALTER TABLE ONLY public.infra_type_relations ALTER COLUMN id SET DEFAULT nextval('public.infra_type_relations_id_seq'::regclass);


--
-- Name: infrastructure_type_translations id; Type: DEFAULT; Schema: public; Owner: invest
--

ALTER TABLE ONLY public.infrastructure_type_translations ALTER COLUMN id SET DEFAULT nextval('public.infrastructure_type_translations_id_seq'::regclass);


--
-- Name: infrastructure_types id; Type: DEFAULT; Schema: public; Owner: invest
--

ALTER TABLE ONLY public.infrastructure_types ALTER COLUMN id SET DEFAULT nextval('public.infrastructure_types_id_seq'::regclass);


--
-- Name: invest_project_translations id; Type: DEFAULT; Schema: public; Owner: invest
--

ALTER TABLE ONLY public.invest_project_translations ALTER COLUMN id SET DEFAULT nextval('public.invest_project_translations_id_seq'::regclass);


--
-- Name: invest_projects id; Type: DEFAULT; Schema: public; Owner: invest
--

ALTER TABLE ONLY public.invest_projects ALTER COLUMN id SET DEFAULT nextval('public.invest_projects_id_seq'::regclass);


--
-- Name: investment_type_translations id; Type: DEFAULT; Schema: public; Owner: invest
--

ALTER TABLE ONLY public.investment_type_translations ALTER COLUMN id SET DEFAULT nextval('public.investment_type_translations_id_seq'::regclass);


--
-- Name: investment_types id; Type: DEFAULT; Schema: public; Owner: invest
--

ALTER TABLE ONLY public.investment_types ALTER COLUMN id SET DEFAULT nextval('public.investment_types_id_seq'::regclass);


--
-- Name: land_area_translations id; Type: DEFAULT; Schema: public; Owner: invest
--

ALTER TABLE ONLY public.land_area_translations ALTER COLUMN id SET DEFAULT nextval('public.land_area_translations_id_seq'::regclass);


--
-- Name: land_areas id; Type: DEFAULT; Schema: public; Owner: invest
--

ALTER TABLE ONLY public.land_areas ALTER COLUMN id SET DEFAULT nextval('public.land_areas_id_seq'::regclass);


--
-- Name: land_categories id; Type: DEFAULT; Schema: public; Owner: invest
--

ALTER TABLE ONLY public.land_categories ALTER COLUMN id SET DEFAULT nextval('public.land_categories_id_seq'::regclass);


--
-- Name: land_category_translations id; Type: DEFAULT; Schema: public; Owner: invest
--

ALTER TABLE ONLY public.land_category_translations ALTER COLUMN id SET DEFAULT nextval('public.land_category_translations_id_seq'::regclass);


--
-- Name: landmark_translations id; Type: DEFAULT; Schema: public; Owner: invest
--

ALTER TABLE ONLY public.landmark_translations ALTER COLUMN id SET DEFAULT nextval('public.landmark_translations_id_seq'::regclass);


--
-- Name: landmarks id; Type: DEFAULT; Schema: public; Owner: invest
--

ALTER TABLE ONLY public.landmarks ALTER COLUMN id SET DEFAULT nextval('public.landmarks_id_seq'::regclass);


--
-- Name: map_layer_group_translations id; Type: DEFAULT; Schema: public; Owner: invest
--

ALTER TABLE ONLY public.map_layer_group_translations ALTER COLUMN id SET DEFAULT nextval('public.map_layer_group_translations_id_seq'::regclass);


--
-- Name: map_layer_groups id; Type: DEFAULT; Schema: public; Owner: invest
--

ALTER TABLE ONLY public.map_layer_groups ALTER COLUMN id SET DEFAULT nextval('public.map_layer_groups_id_seq'::regclass);


--
-- Name: map_layer_links id; Type: DEFAULT; Schema: public; Owner: invest
--

ALTER TABLE ONLY public.map_layer_links ALTER COLUMN id SET DEFAULT nextval('public.map_layer_links_id_seq'::regclass);


--
-- Name: map_layer_translations id; Type: DEFAULT; Schema: public; Owner: invest
--

ALTER TABLE ONLY public.map_layer_translations ALTER COLUMN id SET DEFAULT nextval('public.map_layer_translations_id_seq'::regclass);


--
-- Name: map_layers id; Type: DEFAULT; Schema: public; Owner: invest
--

ALTER TABLE ONLY public.map_layers ALTER COLUMN id SET DEFAULT nextval('public.map_layers_id_seq'::regclass);


--
-- Name: material_content_column_translations id; Type: DEFAULT; Schema: public; Owner: invest
--

ALTER TABLE ONLY public.material_content_column_translations ALTER COLUMN id SET DEFAULT nextval('public.material_content_column_translations_id_seq'::regclass);


--
-- Name: material_content_columns id; Type: DEFAULT; Schema: public; Owner: invest
--

ALTER TABLE ONLY public.material_content_columns ALTER COLUMN id SET DEFAULT nextval('public.material_content_columns_id_seq'::regclass);


--
-- Name: material_translations id; Type: DEFAULT; Schema: public; Owner: invest
--

ALTER TABLE ONLY public.material_translations ALTER COLUMN id SET DEFAULT nextval('public.material_translations_id_seq'::regclass);


--
-- Name: materials id; Type: DEFAULT; Schema: public; Owner: invest
--

ALTER TABLE ONLY public.materials ALTER COLUMN id SET DEFAULT nextval('public.materials_id_seq'::regclass);


--
-- Name: menu_groups id; Type: DEFAULT; Schema: public; Owner: invest
--

ALTER TABLE ONLY public.menu_groups ALTER COLUMN id SET DEFAULT nextval('public.menu_groups_id_seq'::regclass);


--
-- Name: menu_translations id; Type: DEFAULT; Schema: public; Owner: invest
--

ALTER TABLE ONLY public.menu_translations ALTER COLUMN id SET DEFAULT nextval('public.menu_translations_id_seq'::regclass);


--
-- Name: menus id; Type: DEFAULT; Schema: public; Owner: invest
--

ALTER TABLE ONLY public.menus ALTER COLUMN id SET DEFAULT nextval('public.menus_id_seq'::regclass);


--
-- Name: office_area_translations id; Type: DEFAULT; Schema: public; Owner: invest
--

ALTER TABLE ONLY public.office_area_translations ALTER COLUMN id SET DEFAULT nextval('public.office_area_translations_id_seq'::regclass);


--
-- Name: office_areas id; Type: DEFAULT; Schema: public; Owner: invest
--

ALTER TABLE ONLY public.office_areas ALTER COLUMN id SET DEFAULT nextval('public.office_areas_id_seq'::regclass);


--
-- Name: ownership_translations id; Type: DEFAULT; Schema: public; Owner: invest
--

ALTER TABLE ONLY public.ownership_translations ALTER COLUMN id SET DEFAULT nextval('public.ownership_translations_id_seq'::regclass);


--
-- Name: ownerships id; Type: DEFAULT; Schema: public; Owner: invest
--

ALTER TABLE ONLY public.ownerships ALTER COLUMN id SET DEFAULT nextval('public.ownerships_id_seq'::regclass);


--
-- Name: period_event_translations id; Type: DEFAULT; Schema: public; Owner: invest
--

ALTER TABLE ONLY public.period_event_translations ALTER COLUMN id SET DEFAULT nextval('public.period_event_translations_id_seq'::regclass);


--
-- Name: period_events id; Type: DEFAULT; Schema: public; Owner: invest
--

ALTER TABLE ONLY public.period_events ALTER COLUMN id SET DEFAULT nextval('public.period_events_id_seq'::regclass);


--
-- Name: potential_investors id; Type: DEFAULT; Schema: public; Owner: invest
--

ALTER TABLE ONLY public.potential_investors ALTER COLUMN id SET DEFAULT nextval('public.potential_investors_id_seq'::regclass);


--
-- Name: production_area_translations id; Type: DEFAULT; Schema: public; Owner: invest
--

ALTER TABLE ONLY public.production_area_translations ALTER COLUMN id SET DEFAULT nextval('public.production_area_translations_id_seq'::regclass);


--
-- Name: production_areas id; Type: DEFAULT; Schema: public; Owner: invest
--

ALTER TABLE ONLY public.production_areas ALTER COLUMN id SET DEFAULT nextval('public.production_areas_id_seq'::regclass);


--
-- Name: project_files id; Type: DEFAULT; Schema: public; Owner: invest
--

ALTER TABLE ONLY public.project_files ALTER COLUMN id SET DEFAULT nextval('public.project_files_id_seq'::regclass);


--
-- Name: project_images id; Type: DEFAULT; Schema: public; Owner: invest
--

ALTER TABLE ONLY public.project_images ALTER COLUMN id SET DEFAULT nextval('public.project_images_id_seq'::regclass);


--
-- Name: project_translations id; Type: DEFAULT; Schema: public; Owner: invest
--

ALTER TABLE ONLY public.project_translations ALTER COLUMN id SET DEFAULT nextval('public.project_translations_id_seq'::regclass);


--
-- Name: projects id; Type: DEFAULT; Schema: public; Owner: invest
--

ALTER TABLE ONLY public.projects ALTER COLUMN id SET DEFAULT nextval('public.projects_id_seq'::regclass);


--
-- Name: questionnaire_files id; Type: DEFAULT; Schema: public; Owner: invest
--

ALTER TABLE ONLY public.questionnaire_files ALTER COLUMN id SET DEFAULT nextval('public.questionnaire_files_id_seq'::regclass);


--
-- Name: questionnaire_images id; Type: DEFAULT; Schema: public; Owner: invest
--

ALTER TABLE ONLY public.questionnaire_images ALTER COLUMN id SET DEFAULT nextval('public.questionnaire_images_id_seq'::regclass);


--
-- Name: representatives id; Type: DEFAULT; Schema: public; Owner: invest
--

ALTER TABLE ONLY public.representatives ALTER COLUMN id SET DEFAULT nextval('public.representatives_id_seq'::regclass);


--
-- Name: review_translations id; Type: DEFAULT; Schema: public; Owner: invest
--

ALTER TABLE ONLY public.review_translations ALTER COLUMN id SET DEFAULT nextval('public.review_translations_id_seq'::regclass);


--
-- Name: reviews id; Type: DEFAULT; Schema: public; Owner: invest
--

ALTER TABLE ONLY public.reviews ALTER COLUMN id SET DEFAULT nextval('public.reviews_id_seq'::regclass);


--
-- Name: sector_translations id; Type: DEFAULT; Schema: public; Owner: invest
--

ALTER TABLE ONLY public.sector_translations ALTER COLUMN id SET DEFAULT nextval('public.sector_translations_id_seq'::regclass);


--
-- Name: sectors id; Type: DEFAULT; Schema: public; Owner: invest
--

ALTER TABLE ONLY public.sectors ALTER COLUMN id SET DEFAULT nextval('public.sectors_id_seq'::regclass);


--
-- Name: slider_translations id; Type: DEFAULT; Schema: public; Owner: invest
--

ALTER TABLE ONLY public.slider_translations ALTER COLUMN id SET DEFAULT nextval('public.slider_translations_id_seq'::regclass);


--
-- Name: sliders id; Type: DEFAULT; Schema: public; Owner: invest
--

ALTER TABLE ONLY public.sliders ALTER COLUMN id SET DEFAULT nextval('public.sliders_id_seq'::regclass);


--
-- Name: submission_projects id; Type: DEFAULT; Schema: public; Owner: invest
--

ALTER TABLE ONLY public.submission_projects ALTER COLUMN id SET DEFAULT nextval('public.submission_projects_id_seq'::regclass);


--
-- Name: subscribers id; Type: DEFAULT; Schema: public; Owner: invest
--

ALTER TABLE ONLY public.subscribers ALTER COLUMN id SET DEFAULT nextval('public.subscribers_id_seq'::regclass);


--
-- Name: tag_translations id; Type: DEFAULT; Schema: public; Owner: invest
--

ALTER TABLE ONLY public.tag_translations ALTER COLUMN id SET DEFAULT nextval('public.tag_translations_id_seq'::regclass);


--
-- Name: tags id; Type: DEFAULT; Schema: public; Owner: invest
--

ALTER TABLE ONLY public.tags ALTER COLUMN id SET DEFAULT nextval('public.tags_id_seq'::regclass);


--
-- Name: team_translations id; Type: DEFAULT; Schema: public; Owner: invest
--

ALTER TABLE ONLY public.team_translations ALTER COLUMN id SET DEFAULT nextval('public.team_translations_id_seq'::regclass);


--
-- Name: teams id; Type: DEFAULT; Schema: public; Owner: invest
--

ALTER TABLE ONLY public.teams ALTER COLUMN id SET DEFAULT nextval('public.teams_id_seq'::regclass);


--
-- Name: transport_translations id; Type: DEFAULT; Schema: public; Owner: invest
--

ALTER TABLE ONLY public.transport_translations ALTER COLUMN id SET DEFAULT nextval('public.transport_translations_id_seq'::regclass);


--
-- Name: transport_type_translations id; Type: DEFAULT; Schema: public; Owner: invest
--

ALTER TABLE ONLY public.transport_type_translations ALTER COLUMN id SET DEFAULT nextval('public.transport_type_translations_id_seq'::regclass);


--
-- Name: transport_types id; Type: DEFAULT; Schema: public; Owner: invest
--

ALTER TABLE ONLY public.transport_types ALTER COLUMN id SET DEFAULT nextval('public.transport_types_id_seq'::regclass);


--
-- Name: transports id; Type: DEFAULT; Schema: public; Owner: invest
--

ALTER TABLE ONLY public.transports ALTER COLUMN id SET DEFAULT nextval('public.transports_id_seq'::regclass);


--
-- Name: trip_translations id; Type: DEFAULT; Schema: public; Owner: invest
--

ALTER TABLE ONLY public.trip_translations ALTER COLUMN id SET DEFAULT nextval('public.trip_translations_id_seq'::regclass);


--
-- Name: trips id; Type: DEFAULT; Schema: public; Owner: invest
--

ALTER TABLE ONLY public.trips ALTER COLUMN id SET DEFAULT nextval('public.trips_id_seq'::regclass);


--
-- Name: user_land_areas id; Type: DEFAULT; Schema: public; Owner: invest
--

ALTER TABLE ONLY public.user_land_areas ALTER COLUMN id SET DEFAULT nextval('public.user_land_areas_id_seq'::regclass);


--
-- Name: users id; Type: DEFAULT; Schema: public; Owner: invest
--

ALTER TABLE ONLY public.users ALTER COLUMN id SET DEFAULT nextval('public.users_id_seq'::regclass);


--
-- Name: video_positions id; Type: DEFAULT; Schema: public; Owner: invest
--

ALTER TABLE ONLY public.video_positions ALTER COLUMN id SET DEFAULT nextval('public.video_positions_id_seq'::regclass);


--
-- Name: video_translations id; Type: DEFAULT; Schema: public; Owner: invest
--

ALTER TABLE ONLY public.video_translations ALTER COLUMN id SET DEFAULT nextval('public.video_translations_id_seq'::regclass);


--
-- Name: videos id; Type: DEFAULT; Schema: public; Owner: invest
--

ALTER TABLE ONLY public.videos ALTER COLUMN id SET DEFAULT nextval('public.videos_id_seq'::regclass);


--
-- Data for Name: about_translations; Type: TABLE DATA; Schema: public; Owner: invest
--

COPY public.about_translations (id, about_id, locale, created_at, updated_at, title, information, description) FROM stdin;
3	2	uk	2018-12-12 10:13:58.373843	2018-12-12 10:19:18.139428	  	<div><span style="color:#b4000f;font-weight:600;">104 190</span> -    (  15  35 ),   54% ,  46% </div>\r\n	<div><span style="color:#b4000f;font-weight:600;"> 45 </span>       . </div>\r\n\r\n<div>&nbsp;</div>\r\n\r\n<div><span style="color:#b4000f;font-weight:600;">11</span>   I-II  </div>\r\n\r\n<div>&nbsp;</div>\r\n\r\n<div><span style="color:#b4000f;font-weight:600;">14</span>     ,</div>\r\n\r\n<div><span style="color:#b4000f;font-weight:600;">4</span>      , </div>\r\n\r\n<div><span style="color:#b4000f;font-weight:600;">1</span>     .</div>\r\n\r\n<div>&nbsp;</div>\r\n\r\n<div><span style="color:#b4000f;font-weight:600;">9</span>  &ndash;   </div>\r\n
5	3	uk	2018-12-12 10:13:58.381966	2019-01-22 12:45:00.679877	 -	<div style="text-align: center;"><span style="color:#b4000f;font-weight:600;">1 </span></div>\r\n\r\n<div style="text-align: center;">  Regional Doing Business</div>\r\n\r\n<div style="text-align: center;">&nbsp;</div>\r\n\r\n<div style="text-align: center;"><span style="color:#b4000f;font-weight:600;">24 </span></div>\r\n\r\n<div style="text-align: center;">    -</div>\r\n\r\n<div style="text-align: center;">&nbsp;</div>\r\n\r\n<div style="text-align: center;"><span style="color:#b4000f;font-weight:600;">1 </span></div>\r\n\r\n<div style="text-align: center;">     </div>\r\n	<div>    -10       (      2017.)</div>\r\n
6	3	en	2018-12-12 10:13:58.383257	2019-01-22 12:45:00.681416	Reliable business partner	<div style="text-align: center;"><span style="color:#b4000f;font-weight:600;">1 Place</span></div>\r\n\r\n<div style="text-align: center;">in the rating Regional Doing Business</div>\r\n\r\n<div style="text-align: center;">&nbsp;</div>\r\n\r\n<div style="text-align: center;"><font color="#b4000f"><b>24 hours</b></font></div>\r\n\r\n<div style="text-align: center;">time of registration of business for individual entrepreneurs</div>\r\n\r\n<div style="text-align: center;">&nbsp;</div>\r\n\r\n<div style="text-align: center;"><span style="color:#b4000f;font-weight:600;">1 Place</span></div>\r\n\r\n<div style="text-align: center;">in the rating of transparency of the Ukrainian investment sector</div>\r\n	<div>Vinnytsia region is among the TOP-10 regions of Ukraine with the best business climate (according to the Kyiv International Economic Forum 2017)</div>\r\n
15	8	uk	2018-12-12 10:13:58.421933	2018-12-12 10:24:56.620029	 	<div><span style="color:#b4000f;font-weight:600;">55 </span> &ndash;      </div>\r\n\r\n<div>&nbsp;</div>\r\n\r\n<div>      .   2013-2020       <span style="color:#b4000f;font-weight:600;">85 </span></div>\r\n	<div> -  ,        </div>\r\n
16	8	en	2018-12-12 10:13:58.423266	2018-12-12 10:24:56.621784	Cycling tracks	<div><span style="color:#b4000f;font-weight:600;">55 km</span> &ndash; total length of bicycle paths in the city</div>\r\n\r\n<div>&nbsp;</div>\r\n\r\n<div>According to the Cycling Development Program in Vinnytsia for 2013-2020, it is planned to extend its length to <span style="color:#b4000f;font-weight:600;">85 km</span></div>\r\n	<div>Vinnytsia - a city that tries to live in harmony with the environment</div>\r\n
13	7	uk	2018-12-12 10:13:58.413392	2018-12-12 10:26:21.669403	 	<div><span style="color:#b4000f;font-weight:600;">502 </span> -     </div>\r\n\r\n<div>&nbsp;</div>\r\n\r\n<div><span style="color:#b4000f;font-weight:600;">194    </span> - </div>\r\n\r\n<div>&nbsp;</div>\r\n\r\n<div><span style="color:#b4000f;font-weight:600;">67</span>  </div>\r\n	<div>      - ,   </div>\r\n
8	4	en	2018-12-12 10:13:58.390683	2019-01-22 12:49:40.938362	Favorable investment climate	<div><span style="color:#b4000f;font-weight:600;">Rating &laquo;inv+&raquo;</span>&nbsp; &nbsp; &nbsp; &nbsp; &nbsp; &nbsp; &nbsp; &nbsp; &nbsp; &nbsp; &nbsp; &nbsp;&laquo;High investment attractiveness&raquo; in&nbsp;ratings of IBI-Rating</div>\r\n\r\n<div>&nbsp;</div>\r\n\r\n<div><span style="color:#b4000f;font-weight:600;">Rating &laquo;ua&raquo;</span>&nbsp; &nbsp; &nbsp; &nbsp; &nbsp; &nbsp; &nbsp; &nbsp; &nbsp; &nbsp; &nbsp; &nbsp; &nbsp; &nbsp; &nbsp; &nbsp; &nbsp; &nbsp; &nbsp; &nbsp; &nbsp;&laquo;High creditworthiness&raquo; in&nbsp;ratings of IBI-Rating</div>\r\n\r\n<div>&nbsp;</div>\r\n\r\n<div><span style="color:#b4000f;font-weight:600;">$115,9 M</span>&nbsp; &nbsp; &nbsp; &nbsp; &nbsp; &nbsp;The volume of foreign direct investment by 2017 (80% from EU countries)</div>\r\n\r\n<div>&nbsp;</div>\r\n\r\n<div><span style="color:#b4000f;font-weight:600;">Has increased by 36%</span> Volume of capital investments for the period from 2015 to 2017</div>\r\n	<div style="text-align: justify;">Two industrial parks have been set up in Vinnytsia: Vinnytsia industrial park with an area of 60.7 hectares, and an industrial park &quot;Vinnytsia cluster of refrigeration engineering&quot; with an area of 19.3 hectares.</div>\r\n
11	6	uk	2018-12-12 10:13:58.404454	2018-12-12 10:32:46.131983	 		<div><img alt="" src="/uploads/ckeditor/pictures/55/content_Vinnitsa-Invest-PRINT-11.png" style="width: 600px; height: 435px;" /></div>\r\n
18	9	en	2018-12-12 10:13:58.430656	2019-01-22 13:11:35.986996	Budget opportunities		<div><img alt="" src="/uploads/ckeditor/pictures/59/content_1321421421.PNG" style="width: 800px; height: 343px;" /></div>\r\n\r\n<div><img alt="" src="/uploads/ckeditor/pictures/60/content_eggwgwwg.PNG" style="width: 800px; height: 643px;" /></div>\r\n\r\n<div>&nbsp;</div>\r\n
14	7	en	2018-12-12 10:13:58.415456	2019-01-22 13:47:17.71881	Public transport	<div><span style="color:#b4000f;font-weight:600;">502 units</span> - the total number of public transport of the city</div>\r\n\r\n<div>&nbsp;</div>\r\n\r\n<div><span style="color:#b4000f;font-weight:600;">194M persons per year</span> - passenger traffic</div>\r\n\r\n<div>&nbsp;</div>\r\n\r\n<div><span style="color:#b4000f;font-weight:600;">67</span> city routes</div>\r\n	<div>One of the best examples of public transport is tram, trolleybus and bus</div>\r\n
12	6	en	2018-12-12 10:13:58.406183	2019-01-22 14:01:27.142334	Railway junction		<div><img alt="" src="/uploads/ckeditor/pictures/61/content_ghkghjkg.PNG" style="width: 800px; height: 589px;" /></div>\r\n
7	4	uk	2018-12-12 10:13:58.38937	2018-12-12 10:21:27.514934	  	<div><span style="color:#b4000f;font-weight:600;"> &laquo;inv+&raquo;</span>&nbsp; &nbsp; &nbsp; &nbsp;  &raquo;   IBI-Rating</div>\r\n\r\n<div>&nbsp;</div>\r\n\r\n<div><span style="color:#b4000f;font-weight:600;"> &laquo;ua&raquo;</span>&nbsp; &nbsp; &nbsp; &nbsp; &nbsp; &nbsp; &nbsp; &nbsp; &nbsp; &nbsp;  &raquo;   IBI-Rating</div>\r\n\r\n<div>&nbsp;</div>\r\n\r\n<div><span style="color:#b4000f;font-weight:600;">$115,9 </span>&nbsp; &nbsp; &nbsp; &nbsp;&nbsp;     2017 . (80%   )</div>\r\n\r\n<div>&nbsp;</div>\r\n\r\n<div><span style="color:#b4000f;font-weight:600;"> 36% </span>       2015  2017 .</div>\r\n	<div style="text-align: justify;">     : &laquo;  &raquo;  60,7 .,    &laquo;   &raquo;  19,3 .</div>\r\n
1	1	uk	2018-12-12 10:13:58.363198	2018-12-27 16:27:39.264693	 -   	<div style="text-align: right;"><span style="color:#b4000f;font-weight:600;">113,2 <sup>2</sup>&nbsp;</span>-  </div>\r\n\r\n<div style="text-align: right;"><span style="color:#b4000f;font-weight:600;">370 . </span> -  </div>\r\n\r\n<div style="text-align: right;"><span style="color:#b4000f;font-weight:600;">1363 </span> -     </div>\r\n	<div>       , ,  2013 .  &ldquo;&rdquo;     &ldquo;   &ldquo;.  2015, 2016  2017         &ldquo;&rdquo;,  ...</div>\r\n
4	2	en	2018-12-12 10:13:58.37552	2019-01-22 12:48:25.763638	Significant personnel potential	<div><span style="color:#b4000f;font-weight:600;">104 190&nbsp;</span>- the labor power potential of the city (people aged from 15 to 35), 54% which are women, and 46% are men</div>\r\n	<div><span style="color:#b4000f;font-weight:600;">More than 45</span> thousand students obtain education in educational institutions of&nbsp;Vinnytsia</div>\r\n\r\n<div>&nbsp;</div>\r\n\r\n<div><span style="color:#b4000f;font-weight:600;">11</span> educational institutions of I-II levels of accreditation</div>\r\n\r\n<div>&nbsp;</div>\r\n\r\n<div><span style="color:#b4000f;font-weight:600;">14</span> educational institutions of the highest accreditation level,</div>\r\n\r\n<div><span style="color:#b4000f;font-weight:600;">4</span> of which have the status of a national university, and</div>\r\n\r\n<div><span style="color:#b4000f;font-weight:600;">1</span> have the status of a state university.</div>\r\n\r\n<div>&nbsp;</div>\r\n\r\n<div><span style="color:#b4000f;font-weight:600;">9</span> vocational schools</div>\r\n
2	1	en	2018-12-12 10:13:58.365666	2019-01-23 08:40:42.07175	Comfortable city  for life	<div style="text-align: right;"><span style="color:#b4000f;font-weight:600;">113,2 km<sup>2</sup></span> - city square</div>\r\n\r\n<div style="text-align: right;"><span style="color:#b4000f;font-weight:600;">370 k. people</span> - city population</div>\r\n\r\n<div style="text-align: right;"><span style="color:#b4000f;font-weight:600;">1363 year</span> - the first written mention of Vinnytsia</div>\r\n	<div>Vinnytsia was recognized four times as the most comfortable city for living, for the first time, in 2013, the Focus magazine declared Vinnytsia the leader of the rating &quot;The best cities for life&quot;. In 2015, 2016 and 2017, Vinnytsia headed a similar rating from the &quot;Rating&quot; sociological group, according to the results of IRI - the International Republican Institute research&nbsp;</div>\r\n
19	10	uk	2018-12-12 10:13:58.436478	2018-12-12 10:28:17.461088	 	<div>       !</div>\r\n	<div> &ndash;  ,    .     ,   ,  ,      , , .     ,        .       :      ,        ,    .              .        ,   ,    .</div>\r\n
20	10	en	2018-12-12 10:13:58.437797	2018-12-12 10:28:17.463851	Serhii Morhunov	<div>We invite you to cooperate in realization of joint investment initiatives!</div>\r\n	<div>Vinnytsia is a modern city, the economy of which is developing dynamically. The city has long industrial traditions, a powerful educational base, scientific schools that work in the field of information technology, engineering, medicine. Vinnytsia is characterized by an advantageous geographical location, which is one of its key competitive advantages. During the period of independence, the city&#39;s economy significantly transformed: there was a structural shift from the mechanical engineering, electronic and chemical industries to the food industry, trade and services. In recent years, the city authorities have been actively working on attracting investment and developing the industrial sector. The investment passport will be interesting and useful for private investors, representatives of foreign companies, citizens of the city and Ukraine.</div>\r\n
9	5	uk	2018-12-12 10:13:58.396568	2018-12-20 09:21:20.800601	   (IATA:VIN, ICAO:UKWW)	<div><span style="color:#c0392b;"><strong>100 .</strong></span>    -  </div>\r\n\r\n<div>&nbsp;</div>\r\n\r\n<div>&#39; <span style="color:#c0392b;"><strong>3000</strong></span>   80 ,  40    </div>\r\n\r\n<div>&nbsp;</div>\r\n\r\n<div><strong><span style="color:#c0392b;">1 </span></strong>           2017  ( 100 .   )</div>\r\n	<div>   , -   7,5       ,  -  250042           6 ()   (320, 737, -154, -42, SAAB-340  )     ,    .</div>\r\n
10	5	en	2018-12-12 10:13:58.397899	2019-01-22 13:52:44.178666	International airport "Vinnytsia" (IATA:VIN, ICAO:UKWW)	<div><span style="color:#b4000f;font-weight:600;">100k passengers per year</span> - bandwidth</div>\r\n\r\n<div>&nbsp;</div>\r\n\r\n<div><span style="color:#b4000f;font-weight:600;">Connects 3000 airports</span> in 80 cities, in 40 countries around the world</div>\r\n\r\n<div>&nbsp;</div>\r\n\r\n<div><span style="color:#b4000f;font-weight:600;">1 place</span> on the dynamics of passenger traffic among small airports in Ukraine in 2017 (up to 100 thousand passengers per year)</div>\r\n	<div>Located in the center of Ukraine, located 7.5 km east from the railway station Vinnytsia, has a runway 2500x42 m with solid coverage and is able to serve aircraft of the index 6 (six) and below (A320, B737, TU-154 , Yak-42, SAAB-340 and others) in the areas of communication between airports of Ukraine, Europe and the Middle East.</div>\r\n
17	9	uk	2018-12-12 10:13:58.429418	2018-12-18 15:57:31.246916	 		<div style="text-align: justify;"><img alt="" src="/uploads/ckeditor/pictures/53/content_Vinnitsa-Invest-PRINT-ukr-7.png" style="width: 600px; height: 286px;" /></div>\r\n\r\n<div style="text-align: justify;">&nbsp;</div>\r\n\r\n<div style="text-align: justify;"><img alt="" src="/uploads/ckeditor/pictures/58/content_%D0%91%D1%8E%D0%B4%D0%B6%D0%B5%D1%82.PNG" style="width: 600px; height: 405px;" /></div>\r\n
\.


--
-- Data for Name: abouts; Type: TABLE DATA; Schema: public; Owner: invest
--

COPY public.abouts (id, name, alias, created_at, updated_at) FROM stdin;
8	 " " ( " ")	cycling_tracks	2018-12-12 10:13:58.420497	2018-12-12 10:24:56.61801
10	 " " (5  " ")	serhii_morhunov	2018-12-12 10:13:58.435093	2018-12-12 10:28:17.458247
3	 " " (3  " -")	business_partner	2018-12-12 10:13:58.380457	2019-01-22 12:45:00.678405
2	 " " (2  "  ")	personnel_potential	2018-12-12 10:13:58.372135	2019-01-22 12:48:25.76168
4	 " " ( "  ")	investment_climate	2018-12-12 10:13:58.387857	2019-01-22 12:49:40.935698
9	 " " ( " ")	budget_opportunities	2018-12-12 10:13:58.428052	2019-01-22 13:11:35.983226
7	 " " ( " ")	public_transport	2018-12-12 10:13:58.411634	2019-01-22 13:47:17.716781
5	 " " ( "  ")	international_airport	2018-12-12 10:13:58.395132	2019-01-22 13:52:44.176792
6	 " " ( " ")	railway_junction	2018-12-12 10:13:58.402892	2019-01-22 14:01:27.138759
1	 " " (1  " -   ")	comfortable_city	2018-12-12 10:13:58.360209	2019-01-23 08:40:42.069764
\.


--
-- Data for Name: advantage_translations; Type: TABLE DATA; Schema: public; Owner: invest
--

COPY public.advantage_translations (id, advantage_id, locale, created_at, updated_at, title, short_description, description) FROM stdin;
4	2	en	2018-08-22 15:16:25.207353	2018-08-27 12:18:31.485061	Comfortable city for living		
10	5	en	2018-08-22 15:16:25.257181	2018-09-06 12:11:57.772062	Innovative		
14	7	en	2018-08-22 15:16:25.289633	2018-08-28 15:46:33.131829	Reliable business partner		
12	6	en	2018-08-22 15:16:25.273785	2018-08-28 15:50:33.324651	Favorable investment climate		
6	3	en	2018-08-22 15:16:25.223838	2018-08-31 16:18:03.636637	Significant labour potential		
1	1	uk	2018-08-22 15:16:25.186799	2018-09-05 15:37:16.57415	  	<h1><span style="font-size:20px;"><span style="font-family:ProximaNova-Light;">   ,              </span></span></h1>\r\n	<p><span style="font-size:16px;"><span style="font-family:ProximaNova-Light;"><meta charset="utf-8" /></span></span></p>\r\n\r\n<h1 style="margin-right: 0cm; margin-left: 0cm; text-align: center;"><span style="font-size:28px;"><span style="color:#c0392b;"><span style="font-family:ProximaNova-Light;">  &laquo;&raquo; </span></span></span></h1>\r\n\r\n<h1 style="margin-right: 0cm; margin-left: 0cm; text-align: center;"><span style="font-size:28px;"><span style="color:#c0392b;"><span style="font-family:ProximaNova-Light;">(IATA:VIN, ICAO:UKWW)</span></span></span></h1>\r\n\r\n<p style="margin-right: 0cm; margin-left: 0cm; text-align: center;"><span style="font-size:28px;"><span style="color:#c0392b;"><span style="font-family:ProximaNova-Light;"><img alt="" src="/uploads/ckeditor/pictures/16/content_%D0%90%D0%B5%D1%80%D0%BE%D0%BF%D0%BE%D1%80%D1%82.jpg" style="width: 650px; height: 388px;" /></span></span></span></p>\r\n\r\n<p style="margin-right: 0cm; margin-left: 0cm; text-align: justify;"><span style="font-size:18px;"><span style="font-family:ProximaNova-Light;"> ,     &ndash; 100%    . </span></span></p>\r\n\r\n<p style="margin-right: 0cm; margin-left: 0cm; text-align: justify;"><span style="font-size:18px;"><span style="font-family:ProximaNova-Light;">   ,   7,5       ,  -  250042           6 ()   (320, 737, -1154,  &ndash; 42, SAAB &ndash; 340  )     ,    . </span></span></p>\r\n\r\n<p style="margin-right: 0cm; margin-left: 0cm; text-align: justify;"><span style="font-size:18px;"><span style="font-family:ProximaNova-Light;">  400   . </span></span></p>\r\n\r\n<p style="margin-right: 0cm; margin-left: 0cm; text-align: justify;"><span style="font-size:18px;"><span style="font-family:ProximaNova-Light;">  3000  80 , 40  .</span></span></p>\r\n\r\n<p style="margin-right: 0cm; margin-left: 0cm; text-align: justify;"><span style="font-size:18px;"><span style="font-family:ProximaNova-Light;">  2017            ( 100 .   ).</span></span></p>\r\n\r\n<p style="margin:0cm 0cm 8pt; margin-right:0cm; margin-left:0cm">&nbsp;</p>\r\n\r\n<h2 style="margin: 0cm 0cm 8pt; text-align: center;"><strong><span style="color:#c0392b;"><span style="font-family:ProximaNova-Light;">   ,         </span></span></strong></h2>\r\n\r\n<p dir="ltr" style="text-align: justify;"><img alt="" src="/uploads/ckeditor/pictures/19/content_%D0%BA%D0%B0%D1%80%D1%82%D0%B0.png" style="width: 800px; height: 566px; float: right;" /></p>\r\n\r\n<p dir="ltr">&nbsp; &nbsp; &nbsp; &nbsp; &nbsp; &nbsp; &nbsp; &nbsp; &nbsp; &nbsp; &nbsp; &nbsp; &nbsp; &nbsp; &nbsp; &nbsp; &nbsp; &nbsp; &nbsp; &nbsp; &nbsp; &nbsp; &nbsp; &nbsp; &nbsp; &nbsp; &nbsp; &nbsp; &nbsp; &nbsp; &nbsp; &nbsp; &nbsp; &nbsp; &nbsp; &nbsp; &nbsp; &nbsp; &nbsp; &nbsp; &nbsp; &nbsp; &nbsp; &nbsp; &nbsp; &nbsp; &nbsp; &nbsp; &nbsp; &nbsp; &nbsp; &nbsp; &nbsp; &nbsp; &nbsp; &nbsp; &nbsp;&nbsp;</p>\r\n\r\n<p style="text-align: justify;"><span style="font-size:18px;"><span style="font-family:ProximaNova-Light;">        <strong>12 (50)</strong>  <strong>21 (583)</strong>   ,    ,     , ,     .&nbsp;</span></span></p>\r\n\r\n<p style="text-align: justify;"><span style="font-size:18px;"><span style="font-family:ProximaNova-Light;">          <strong></strong>  <strong></strong>.</span></span></p>\r\n\r\n<p style="text-align: justify;"><span style="font-size:18px;"><span style="font-family:ProximaNova-Light;">        <strong>&laquo;Go Highway&raquo;</strong>.     &rsquo;     .        <strong>185,4 .</strong></span></span></p>\r\n\r\n<p style="text-align: justify;"><span style="font-size:18px;"><span style="font-family:ProximaNova-Light;">   3  (, , ),   2 &ndash; .</span></span></p>\r\n\r\n<p dir="ltr" style="text-align: justify;">&nbsp;</p>\r\n\r\n<p dir="ltr">&nbsp;</p>\r\n\r\n<p dir="ltr"><span style="font-family:ProximaNova-Light;"><span style="font-size:18px;">       .&nbsp;</span></span></p>\r\n\r\n<p dir="ltr"><span style="font-family:ProximaNova-Light;"><span style="font-size:18px;"><img alt="" src="/uploads/ckeditor/pictures/23/content_%D0%B2%D1%96%D0%B4%D1%81%D1%82%D0%B0%D0%BD%D1%8C.png" style="width: 800px; height: 269px;" /></span></span></p>\r\n\r\n<p dir="ltr">&nbsp;</p>\r\n\r\n<p dir="ltr">&nbsp;</p>\r\n\r\n<p dir="ltr">&nbsp;</p>\r\n
8	4	en	2018-08-22 15:16:25.240403	2018-08-31 16:32:36.535086	We are educated!		
2	1	en	2018-08-22 15:16:25.190565	2018-09-05 08:01:38.630698	Favorable geographical location		
3	2	uk	2018-08-22 15:16:25.204349	2018-09-05 16:32:45.249248	   	<h1><span style="font-size:20px;"><span style="font-family:ProximaNova-Light;">      </span></span></h1>\r\n\r\n<h1><span style="font-size:20px;"><span style="font-family:ProximaNova-Light;"> 1   &laquo;     &raquo;</span></span></h1>\r\n\r\n<h1><span style="font-size:20px;"><span style="font-family:ProximaNova-Light;">        </span></span></h1>\r\n\r\n<p><meta charset="utf-8" /></p>\r\n	<ul>\r\n</ul>\r\n\r\n<p><span style="font-family:ProximaNova-Light;"><span style="font-family:ProximaNova-Light;"><span style="font-size:18px;">&nbsp;<strong> &nbsp;</strong>     .   2013 .  &ldquo;&rdquo;     &ldquo;   &ldquo;.  2015, 2016  2017         &ldquo;&rdquo;.</span></span></span></p>\r\n\r\n<ul>\r\n\t<li><span style="font-family:ProximaNova-Light;"><span style="font-size:18px;"><strong> 1</strong>   <strong>&laquo;     &raquo;</strong> 2017, 2018</span></span>*</li>\r\n\t<li>&nbsp;</li>\r\n</ul>\r\n\r\n<p>&nbsp;</p>\r\n\r\n<p style="margin-right:0cm; margin-left:0cm"><span style="font-size:12pt"><span style="font-family:&quot;Times New Roman&quot;,serif"><span style="font-size:13.5pt"><span style="font-family:&quot;ProximaNova-Light&quot;,serif">        . </span></span></span></span></p>\r\n\r\n<p align="center" style="text-align:center; margin-right:0cm; margin-left:0cm"><span style="font-size:12pt"><span style="font-family:&quot;Times New Roman&quot;,serif"><span style="font-size:27.0pt"><span style="font-family:&quot;ProximaNova-Light&quot;,serif"><span style="color:#c0392b">63%  &nbsp;     *</span></span></span></span></span></p>\r\n\r\n<p style="margin-right:0cm; margin-left:0cm"><span style="font-size:12pt"><span style="font-family:&quot;Times New Roman&quot;,serif"><span style="font-size:13.5pt"><span style="font-family:&quot;ProximaNova-Light&quot;,serif">  &nbsp;  &mdash; <strong>502 </strong></span></span></span></span></p>\r\n\r\n<p style="margin-right:0cm; margin-left:0cm"><span style="font-size:12pt"><span style="font-family:&quot;Times New Roman&quot;,serif"><span style="font-size:13.5pt"><span style="font-family:&quot;ProximaNova-Light&quot;,serif"> <strong>194    </strong></span></span></span></span></p>\r\n\r\n<p dir="ltr">&nbsp;</p>\r\n\r\n<p dir="ltr"><span style="font-size:16px;"><span style="font-family:ProximaNova-Light;"><span style="line-height:107%"><span style="line-height:107%">*(         ).</span></span></span></span></p>\r\n
11	6	uk	2018-08-22 15:16:25.270813	2018-09-05 16:33:33.120204	  	<h1><span style="font-size:20px;"><span style="font-family:ProximaNova-Light;">80%          </span></span></h1>\r\n\r\n<p><span style="font-size:20px;"><span style="font-family:ProximaNova-Light;">Agrana Fruit, Barlinek, UBC Group   ...  </span></span></p>\r\n	<p style="text-align: center;">&nbsp;</p>\r\n\r\n<p style="text-align: center;"><span style="color:#c0392b;"><span style="font-size:28px;"><span style="font-family:ProximaNova-Light;">        2017   115,9 ..,   20 ...   2017 . </span></span></span></p>\r\n\r\n<p><span style="font-family:ProximaNova-Light;"><img alt="" src="/uploads/ckeditor/pictures/9/content_1.png" style="width: 650px; height: 359px;" /></span></p>\r\n\r\n<p style="text-align: center;">&nbsp;</p>\r\n\r\n<p style="text-align: center;"><span style="font-size:28px;"><span style="color:#c0392b;"><span style="font-family:ProximaNova-Light;">    </span></span></span></p>\r\n\r\n<p><span style="font-family:ProximaNova-Light;"><span style="font-size:14px;"><img alt="" src="/uploads/ckeditor/pictures/10/content_2.png" style="width: 450px; height: 294px;" /></span></span></p>\r\n\r\n<p>&nbsp;</p>\r\n\r\n<p style="text-align: center;"><span style="color:#c0392b;"><span style="font-size:28px;"><span style="font-family:ProximaNova-Light;">    </span></span></span></p>\r\n\r\n<p><span style="font-family:ProximaNova-Light;"><span style="font-size: 14px;"><img alt="" src="/uploads/ckeditor/pictures/11/content_3.png" style="width: 450px; height: 336px;" /></span></span></p>\r\n\r\n<p><span style="font-family:ProximaNova-Light;"><span style="font-size:18px;"> I  2018 .   &ldquo;<a href="http://ibi.com.ua/UK/company/vinnicya.html?type=ar&amp;ID=12">IBI - rating</a>&rdquo;&nbsp;        <strong>invA+</strong> &ldquo;  &rdquo;. </span></span></p>\r\n\r\n<p><span style="font-family:ProximaNova-Light;"><span style="font-size:18px;">  &ldquo;<a href="http://www.credit-rating.ua/ru/events/press-releases/14365/">Credit-Rating</a>&rdquo;        <strong>uaA +</strong>.&nbsp; </span></span></p>\r\n\r\n<p>&nbsp;</p>\r\n\r\n<p>&nbsp;</p>\r\n\r\n<p>&nbsp;</p>\r\n\r\n<p>&nbsp;</p>\r\n\r\n<p><span style="font-size:18px;"><span style="font-family:ProximaNova-Light;"><meta charset="utf-8" /></span></span></p>\r\n\r\n<p dir="ltr"><span style="font-size:18px;"><span style="font-family:ProximaNova-Light;"><b id="docs-internal-guid-cb1b10f8-7fff-c42b-3028-0c42171022b3">            </b></span></span></p>\r\n\r\n<p><span style="font-size:18px;"><span style="font-family:ProximaNova-Light;">    200  ,    &laquo; - &raquo; (  Viil),  &laquo;  &raquo; (ROSHEN),  -     &laquo; &raquo; ( SPERCO),  &laquo;  &raquo; ( AGRANA),  &laquo; &raquo; (Barlinek),  &laquo; &raquo; (UBC Group).</span></span></p>\r\n\r\n<p>&nbsp;</p>\r\n\r\n<p>&nbsp;</p>\r\n
13	7	uk	2018-08-22 15:16:25.286614	2018-09-11 11:33:13.555057	 -	<p style="text-align: justify; margin: 0cm 0cm 0.0001pt;"><span style="font-size:20px;"><span style="font-family:ProximaNova-Light;"><span style="line-height:normal"><span lang="uk">           </span></span></span></span></p>\r\n	<h1><span style="font-size:20px;"><span style="color:#e74c3c;"><span style="font-family:ProximaNova-Light;">           . </span></span></span></h1>\r\n\r\n<p><span style="font-size:18px;"><span style="font-family:ProximaNova-Light;"> &rsquo;  ,       01.01.2018 .  <strong>42,9 .</strong>,  : </span></span></p>\r\n\r\n<ul>\r\n\t<li><span style="font-size:18px;"><span style="font-family:ProximaNova-Light;"> - &ndash; <strong>26,3 .&nbsp;</strong></span></span></li>\r\n\t<li><span style="font-size:18px;"><span style="font-family:ProximaNova-Light;">  &ndash; <strong>16,6 . </strong></span></span></li>\r\n</ul>\r\n\r\n<p><span style="font-size:18px;"><span style="font-family:ProximaNova-Light;">         2017 .  <strong>94,8 .. </strong></span></span></p>\r\n\r\n<p><span style="font-size:18px;"><span style="font-family:ProximaNova-Light;">       2017 .  9 . </span></span></p>\r\n\r\n<p><span style="font-size:18px;"><span style="font-family:ProximaNova-Light;">      2017 .    <strong>6 632 . </strong></span></span></p>\r\n\r\n<p><span style="font-size:18px;"><span style="font-family:ProximaNova-Light;"> 2017 .    <strong> 1 104,5 ..</strong>       <strong>314,6 ..</strong>  .</span></span></p>\r\n\r\n<p><span style="font-size:14px;"><span style="font-family:ProximaNova-Light;"><img alt="" src="/uploads/ckeditor/pictures/7/content_3.png" style="width: 662px; height: 384px;" /></span></span></p>\r\n\r\n<p><span style="font-size:14px;"><span style="font-family:ProximaNova-Light;"><img alt="" src="/uploads/ckeditor/pictures/8/content_4.png" style="width: 662px; height: 463px;" /></span></span></p>\r\n\r\n<p>&nbsp;</p>\r\n\r\n<p><span style="font-size:18px;"><span style="font-family:ProximaNova-Light;">  3      38 % .</span></span></p>\r\n\r\n<p>&nbsp;</p>\r\n\r\n<p>&nbsp;</p>\r\n
7	4	uk	2018-08-22 15:16:25.237324	2018-09-05 15:34:52.291957	  	<h1 style="margin: 0cm 0cm 8pt; text-align: justify;"><span style="font-size:20px;"><span style="font-family:ProximaNova-Light;"><span style="line-height:normal">11   I-II   </span></span></span></h1>\r\n\r\n<h1 style="margin: 0cm 0cm 8pt; text-align: justify;"><span style="font-size:20px;"><span style="font-family:ProximaNova-Light;"><span style="line-height:normal">4     , 4        1  </span></span></span></h1>\r\n\r\n<h1 style="margin: 0cm 0cm 8pt; text-align: justify;"><span style="font-size:20px;"><span style="font-family:ProximaNova-Light;"><span style="line-height:normal">9 -  </span></span></span></h1>\r\n	<p style="margin:0cm 0cm 8pt"><span style="font-size:18px;"><span style="font-family:ProximaNova-Light;"><span style="line-height:normal">         &nbsp; ,        ,   -   .</span></span></span></p>\r\n\r\n<p style="margin:0cm 0cm 8pt">&nbsp;</p>\r\n\r\n<p style="margin: 0cm 0cm 8pt; text-align: center;"><span style="font-family:ProximaNova-Light;"><span style="color:#c0392b;"><span style="font-size:28px;"><span style="line-height:normal">11   I-II   </span></span></span></span></p>\r\n\r\n<p style="margin: 0cm 0cm 8pt; text-align: center;"><span style="font-family:ProximaNova-Light;"><span style="color:#c0392b;"><span style="font-size:28px;"><span style="line-height:normal">4     , 4        1  </span></span></span></span></p>\r\n\r\n<p style="margin: 0cm 0cm 8pt; text-align: center;"><span style="font-family:ProximaNova-Light;"><span style="color:#c0392b;"><span style="font-size:28px;"><span style="line-height:normal">9 -  </span></span></span></span></p>\r\n\r\n<p style="margin: 0cm 0cm 8pt; text-align: center;">&nbsp;</p>\r\n\r\n<p style="margin:0cm 0cm 8pt"><span style="font-size:18px;"><span style="font-family:ProximaNova-Light;"><span style="line-height:normal">40 599    </span></span></span></p>\r\n\r\n<p style="margin:0cm 0cm 8pt"><span style="font-size:18px;"><span style="font-family:ProximaNova-Light;"><span style="line-height:normal">5&nbsp;518  - </span></span></span></p>\r\n\r\n<p style="margin:0cm 0cm 8pt"><span style="font-family:ProximaNova-Light;"><img alt="" src="/uploads/ckeditor/pictures/15/content_%D0%92%D0%B8%D0%BF%D1%83%D1%81%D0%BA%D0%BD%D0%B8%D0%BA%D0%B8.png" style="width: 650px; height: 478px;" /></span></p>\r\n\r\n<p style="margin:0cm 0cm 8pt">&nbsp;</p>\r\n
5	3	uk	2018-08-22 15:16:25.220974	2018-09-05 15:36:18.086158	  	<h1 style="text-align: justify;"><span style="font-family:ProximaNova-Light;"><span style="font-size:20px;">        .&nbsp;</span></span></h1>\r\n\r\n<h1 style="text-align: justify;"><span style="font-family:ProximaNova-Light;"><span style="font-size:20px;"> 45        .</span></span></h1>\r\n	<p><img alt="" src="/uploads/ckeditor/pictures/20/content_%D0%BD%D0%B0%D1%81%D0%B5%D0%BB%D0%B5%D0%BD%D0%BD%D1%8F.png" style="width: 800px; height: 295px;" /></p>\r\n\r\n<p style="text-align: justify;">&nbsp;</p>\r\n\r\n<h1 style="text-align: center;"><span style="font-size:20px;"><span style="color:#c0392b;"><span style="font-family:ProximaNova-Light;">        </span></span></span></h1>\r\n\r\n<h1><span style="font-size:20px;"><span style="color:#c0392b;"><span style="font-family:ProximaNova-Light;"><img alt="" src="/uploads/ckeditor/pictures/21/content_%D1%81%D1%82%D1%83%D0%B4%D0%B5%D0%BD%D1%82%D0%B8.png" style="width: 800px; height: 285px; float: right;" /></span></span></span></h1>\r\n\r\n<h1><span style="font-size:20px;"><span style="color:#c0392b;"><span style="font-family:ProximaNova-Light;"> 45        </span></span></span></h1>\r\n\r\n<p>&nbsp;</p>\r\n\r\n<p>&nbsp;</p>\r\n\r\n<p>&nbsp;</p>\r\n\r\n<p>&nbsp;</p>\r\n\r\n<p style="text-align: center;">&nbsp;</p>\r\n\r\n<p style="text-align: center;">&nbsp;</p>\r\n\r\n<p style="text-align: center;">&nbsp;</p>\r\n\r\n<p>&nbsp;</p>\r\n\r\n<p><img alt="" src="/uploads/ckeditor/pictures/24/content_%D0%B7%D0%BF.png" style="width: 800px; height: 556px;" /></p>\r\n\r\n<p>&nbsp;</p>\r\n
9	5	uk	2018-08-22 15:16:25.254092	2018-09-06 12:11:57.770806	 	<p><meta charset="utf-8" /></p>\r\n\r\n<p dir="ltr"><span style="font-family:ProximaNova-Light;"><span style="font-size:20px;">     </span></span></p>\r\n	<h1><span style="font-family:ProximaNova-Light;">      <span style="color:#c0392b;"> &quot;- 2017&quot;</span> </span></h1>\r\n\r\n<h1><span style="font-family:ProximaNova-Light;">-      &nbsp;</span></h1>\r\n\r\n<p><span style="font-family:ProximaNova-Light;"><img alt="" src="/uploads/ckeditor/pictures/30/content_IMG_0487.JPG" style="width: 800px; height: 533px;" /></span></p>\r\n\r\n<p>&nbsp;</p>\r\n\r\n<p>&nbsp;</p>\r\n\r\n<p>E-connectivity.&nbsp;</p>\r\n\r\n<p><span style="color:#c0392b;"><span style="font-size:18px;">59%     </span></span></p>\r\n\r\n<p>4G   </p>\r\n\r\n<p>   iOS,       .</p>\r\n\r\n<p><a href="https://t.me/depovnua_bot">-  Telegram&nbsp;</a>    .</p>\r\n\r\n<p>&nbsp;</p>\r\n\r\n<p>&nbsp;</p>\r\n
\.


--
-- Data for Name: advantages; Type: TABLE DATA; Schema: public; Owner: invest
--

COPY public.advantages (id, alias, created_at, updated_at) FROM stdin;
2	comfortable_city	2018-08-22 15:16:25.201497	2018-09-05 16:32:45.246524
6	investment_climate	2018-08-22 15:16:25.267813	2018-09-05 16:33:33.118324
5	innovation_infrastructure	2018-08-22 15:16:25.251161	2018-09-06 12:11:57.769412
7	reliable_business_partner	2018-08-22 15:16:25.283677	2018-09-11 11:33:13.552907
4	educational_sector	2018-08-22 15:16:25.234316	2018-09-05 15:34:52.290132
3	human_potential	2018-08-22 15:16:25.218003	2018-09-05 15:36:18.084802
1	geographical_position	2018-08-22 15:16:25.182961	2018-09-05 15:37:16.572493
\.


--
-- Data for Name: ar_internal_metadata; Type: TABLE DATA; Schema: public; Owner: invest
--

COPY public.ar_internal_metadata (key, value, created_at, updated_at) FROM stdin;
environment	production	2018-07-25 13:46:48.987671	2018-07-25 13:46:48.987671
\.


--
-- Data for Name: area_logs; Type: TABLE DATA; Schema: public; Owner: invest
--

COPY public.area_logs (id, user_id, logable_type, logable_id, description, created_at, updated_at) FROM stdin;
1	2	LandArea	4		2018-10-17 15:08:26.026004	2018-10-17 15:08:26.026004
2	2	LandArea	5		2018-10-17 15:08:43.900374	2018-10-17 15:08:43.900374
3	2	LandArea	7		2018-10-17 15:08:53.310231	2018-10-17 15:08:53.310231
4	2	LandArea	6		2018-10-17 15:09:03.687785	2018-10-17 15:09:03.687785
5	2	LandArea	1		2018-10-17 15:09:16.660106	2018-10-17 15:09:16.660106
6	2	LandArea	1		2018-10-18 15:13:39.287929	2018-10-18 15:13:39.287929
7	2	LandArea	4		2018-10-25 07:22:09.607069	2018-10-25 07:22:09.607069
8	2	LandArea	4		2018-10-25 07:22:42.63884	2018-10-25 07:22:42.63884
9	2	LandArea	1		2018-10-25 07:24:25.698925	2018-10-25 07:24:25.698925
10	2	LandArea	1		2018-10-25 07:32:35.999026	2018-10-25 07:32:35.999026
11	2	LandArea	7		2018-10-25 07:44:21.443071	2018-10-25 07:44:21.443071
12	2	LandArea	5		2018-10-25 08:02:22.707957	2018-10-25 08:02:22.707957
13	2	LandArea	4		2018-10-25 08:03:38.043454	2018-10-25 08:03:38.043454
14	2	LandArea	6		2018-10-25 08:26:53.994897	2018-10-25 08:26:53.994897
15	2	LandArea	6		2018-10-25 08:29:12.495616	2018-10-25 08:29:12.495616
16	3	LandArea	8		2018-10-25 12:57:19.39025	2018-10-25 12:57:19.39025
17	2	LandArea	8		2018-10-25 12:58:07.183652	2018-10-25 12:58:07.183652
18	3	LandArea	10	 ' LandArea	2018-10-25 13:23:08.466401	2018-10-25 13:23:08.466401
19	3	LandArea	11		2018-10-25 13:23:17.42612	2018-10-25 13:23:17.42612
20	3	LandArea	12		2018-10-25 15:09:39.554876	2018-10-25 15:09:39.554876
21	3	LandArea	13		2018-10-26 07:49:29.216485	2018-10-26 07:49:29.216485
22	2	LandArea	1		2018-10-26 07:52:31.376033	2018-10-26 07:52:31.376033
23	2	LandArea	11		2018-10-26 07:53:27.73151	2018-10-26 07:53:27.73151
24	2	LandArea	12		2018-10-26 07:54:04.988365	2018-10-26 07:54:04.988365
25	2	LandArea	13		2018-10-26 07:54:22.360792	2018-10-26 07:54:22.360792
26	2	LandArea	11		2018-10-26 07:54:36.157116	2018-10-26 07:54:36.157116
27	2	CommunalArea	2839		2018-11-14 09:36:27.930203	2018-11-14 09:36:27.930203
28	2	CommunalArea	2839		2018-11-14 09:36:42.444142	2018-11-14 09:36:42.444142
29	2	CommunalArea	2839	 ' CommunalArea	2018-11-14 09:37:38.421989	2018-11-14 09:37:38.421989
30	2	CommunalArea	2839	 ' CommunalArea	2018-11-14 09:37:38.426584	2018-11-14 09:37:38.426584
31	2	CommunalArea	2839	 ' CommunalArea	2018-11-14 09:37:38.429588	2018-11-14 09:37:38.429588
32	2	CommunalArea	23		2018-11-14 09:38:11.273273	2018-11-14 09:38:11.273273
33	2	CommunalArea	23		2018-11-14 09:38:22.150884	2018-11-14 09:38:22.150884
34	2	CommunalArea	23		2018-11-14 09:38:39.157124	2018-11-14 09:38:39.157124
35	2	CommunalArea	23		2018-11-14 09:38:55.64156	2018-11-14 09:38:55.64156
36	2	CommunalArea	23		2018-11-14 09:39:06.488673	2018-11-14 09:39:06.488673
37	2	Transport	1		2018-11-20 07:46:19.307382	2018-11-20 07:46:19.307382
38	2	Transport	2		2018-11-20 08:34:06.061184	2018-11-20 08:34:06.061184
39	2	Transport	3		2018-11-20 08:38:51.681388	2018-11-20 08:38:51.681388
40	2	Transport	3		2018-11-20 08:41:43.692719	2018-11-20 08:41:43.692719
41	2	Transport	4		2018-11-20 09:41:04.543903	2018-11-20 09:41:04.543903
42	2	Transport	5		2018-11-20 13:08:12.571922	2018-11-20 13:08:12.571922
43	2	Transport	6		2018-11-20 13:12:37.492936	2018-11-20 13:12:37.492936
44	2	CommunalArea	3		2018-11-22 11:55:11.640285	2018-11-22 11:55:11.640285
45	2	LandArea	4		2018-11-26 07:48:12.458783	2018-11-26 07:48:12.458783
46	2	LandArea	12		2018-11-27 09:16:05.440957	2018-11-27 09:16:05.440957
47	2	LandArea	6		2018-11-27 09:18:04.987616	2018-11-27 09:18:04.987616
48	2	CommunalArea	371		2018-11-28 13:37:37.004053	2018-11-28 13:37:37.004053
49	2	CommunalArea	2840		2018-11-28 15:22:03.093647	2018-11-28 15:22:03.093647
50	2	Transport	7		2018-11-29 13:06:28.470893	2018-11-29 13:06:28.470893
51	2	Transport	1	 ' Transport	2018-11-29 13:06:37.296868	2018-11-29 13:06:37.296868
52	2	Transport	1	 ' Transport	2018-11-29 13:06:37.300368	2018-11-29 13:06:37.300368
53	2	Transport	6	 ' Transport	2018-11-29 13:06:40.753225	2018-11-29 13:06:40.753225
54	2	Transport	6	 ' Transport	2018-11-29 13:06:40.759003	2018-11-29 13:06:40.759003
55	2	Transport	5	 ' Transport	2018-11-29 13:06:49.317334	2018-11-29 13:06:49.317334
56	2	Transport	5	 ' Transport	2018-11-29 13:06:49.321913	2018-11-29 13:06:49.321913
57	2	Transport	4	 ' Transport	2018-11-29 13:06:52.903253	2018-11-29 13:06:52.903253
58	2	Transport	4	 ' Transport	2018-11-29 13:06:52.906858	2018-11-29 13:06:52.906858
59	2	Transport	3	 ' Transport	2018-11-29 13:06:56.1718	2018-11-29 13:06:56.1718
60	2	Transport	3	 ' Transport	2018-11-29 13:06:56.175225	2018-11-29 13:06:56.175225
61	2	Transport	2	 ' Transport	2018-11-29 13:06:59.391501	2018-11-29 13:06:59.391501
62	2	Transport	2	 ' Transport	2018-11-29 13:06:59.395589	2018-11-29 13:06:59.395589
63	2	Transport	8		2018-11-29 13:23:33.372014	2018-11-29 13:23:33.372014
64	2	Transport	9		2018-11-29 13:30:36.485487	2018-11-29 13:30:36.485487
65	2	Transport	10		2018-11-29 13:43:16.538989	2018-11-29 13:43:16.538989
66	2	Transport	9		2018-11-29 13:45:11.239392	2018-11-29 13:45:11.239392
67	2	Transport	11		2018-11-29 14:53:30.925946	2018-11-29 14:53:30.925946
68	2	Transport	12		2018-11-29 15:00:41.800779	2018-11-29 15:00:41.800779
69	2	Transport	13		2018-11-29 15:05:47.522803	2018-11-29 15:05:47.522803
70	2	Transport	14		2018-11-29 15:45:36.345458	2018-11-29 15:45:36.345458
71	2	Transport	15		2018-11-29 15:53:08.368808	2018-11-29 15:53:08.368808
72	2	Transport	16		2018-11-30 13:11:06.699925	2018-11-30 13:11:06.699925
73	2	Transport	17		2018-11-30 13:31:50.641635	2018-11-30 13:31:50.641635
74	2	Transport	18		2018-11-30 13:47:58.023549	2018-11-30 13:47:58.023549
75	2	Transport	20		2018-11-30 15:00:11.651002	2018-11-30 15:00:11.651002
76	2	LandArea	8		2018-12-04 08:11:42.064509	2018-12-04 08:11:42.064509
77	2	LandArea	1		2018-12-04 08:14:12.572104	2018-12-04 08:14:12.572104
78	2	LandArea	13		2018-12-04 08:15:12.046517	2018-12-04 08:15:12.046517
79	2	LandArea	11		2018-12-04 08:18:17.005442	2018-12-04 08:18:17.005442
80	2	LandArea	4		2018-12-04 08:19:04.497972	2018-12-04 08:19:04.497972
81	2	LandArea	12		2018-12-04 08:20:30.134643	2018-12-04 08:20:30.134643
82	2	LandArea	6		2018-12-04 08:21:59.985065	2018-12-04 08:21:59.985065
83	2	LandArea	7		2018-12-04 08:22:46.620141	2018-12-04 08:22:46.620141
84	2	LandArea	5		2018-12-04 08:23:22.277271	2018-12-04 08:23:22.277271
85	2	LandArea	8		2018-12-04 08:25:22.957971	2018-12-04 08:25:22.957971
86	2	LandArea	1		2018-12-04 08:25:32.743108	2018-12-04 08:25:32.743108
87	2	CommunalArea	9		2018-12-06 09:30:43.21952	2018-12-06 09:30:43.21952
88	2	CommunalArea	393		2018-12-06 09:37:23.264211	2018-12-06 09:37:23.264211
89	2	CommunalArea	4		2018-12-06 13:31:59.168992	2018-12-06 13:31:59.168992
90	2	CommunalArea	14		2018-12-06 13:32:19.013434	2018-12-06 13:32:19.013434
91	2	CommunalArea	17		2018-12-06 13:32:43.491371	2018-12-06 13:32:43.491371
92	2	CommunalArea	18		2018-12-06 13:32:57.285044	2018-12-06 13:32:57.285044
93	2	CommunalArea	19		2018-12-06 13:33:11.581689	2018-12-06 13:33:11.581689
94	2	CommunalArea	49		2018-12-06 13:33:34.277137	2018-12-06 13:33:34.277137
95	2	CommunalArea	339		2018-12-06 13:33:57.111662	2018-12-06 13:33:57.111662
96	2	CommunalArea	87		2018-12-06 13:34:19.771703	2018-12-06 13:34:19.771703
97	2	CommunalArea	384		2018-12-06 13:34:35.363531	2018-12-06 13:34:35.363531
98	2	CommunalArea	390		2018-12-06 13:34:52.892625	2018-12-06 13:34:52.892625
99	2	CommunalArea	321		2018-12-06 14:28:48.066464	2018-12-06 14:28:48.066464
100	2	CommunalArea	356		2018-12-06 14:29:00.451524	2018-12-06 14:29:00.451524
101	2	CommunalArea	321		2018-12-06 14:30:01.814677	2018-12-06 14:30:01.814677
102	2	CommunalArea	356		2018-12-06 14:30:19.380346	2018-12-06 14:30:19.380346
103	2	CommunalArea	385		2018-12-06 14:30:41.653817	2018-12-06 14:30:41.653817
104	2	Transport	21		2018-12-13 08:22:53.491428	2018-12-13 08:22:53.491428
105	2	Transport	22		2018-12-13 08:46:46.540411	2018-12-13 08:46:46.540411
106	2	Transport	23		2018-12-13 09:16:16.356921	2018-12-13 09:16:16.356921
107	2	Transport	24		2018-12-13 09:25:19.27874	2018-12-13 09:25:19.27874
108	2	Transport	25		2018-12-13 09:38:11.820996	2018-12-13 09:38:11.820996
109	2	Transport	26		2018-12-14 08:59:37.563341	2018-12-14 08:59:37.563341
110	2	Transport	27		2018-12-14 10:56:39.473113	2018-12-14 10:56:39.473113
111	2	Transport	27		2018-12-14 11:01:00.734555	2018-12-14 11:01:00.734555
112	2	Transport	28		2018-12-14 11:06:52.482803	2018-12-14 11:06:52.482803
113	2	Transport	29		2018-12-17 12:35:43.048031	2018-12-17 12:35:43.048031
114	2	Transport	30		2018-12-17 12:44:14.352177	2018-12-17 12:44:14.352177
115	2	Transport	31		2018-12-17 12:48:02.754743	2018-12-17 12:48:02.754743
116	2	Transport	32		2018-12-17 15:51:48.437922	2018-12-17 15:51:48.437922
117	2	Transport	33		2018-12-18 08:19:47.066111	2018-12-18 08:19:47.066111
118	2	Transport	34		2018-12-18 08:43:53.302712	2018-12-18 08:43:53.302712
119	2	Transport	35		2018-12-18 10:41:30.300723	2018-12-18 10:41:30.300723
120	2	CommunalArea	2841		2018-12-18 13:40:04.309166	2018-12-18 13:40:04.309166
121	2	CommunalArea	2841		2018-12-18 13:41:22.845775	2018-12-18 13:41:22.845775
122	2	CommunalArea	2841		2018-12-18 14:02:00.769014	2018-12-18 14:02:00.769014
123	2	CommunalArea	385		2018-12-18 14:17:16.185521	2018-12-18 14:17:16.185521
124	2	CommunalArea	321		2018-12-18 14:17:28.426664	2018-12-18 14:17:28.426664
125	2	CommunalArea	9		2018-12-18 14:17:43.146542	2018-12-18 14:17:43.146542
126	3	LandArea	14	 ' LandArea	2018-12-19 09:40:10.42288	2018-12-19 09:40:10.42288
127	3	LandArea	14	 ' LandArea	2018-12-19 09:40:10.42875	2018-12-19 09:40:10.42875
128	3	LandArea	14	 ' LandArea	2018-12-19 09:40:10.433439	2018-12-19 09:40:10.433439
129	3	LandArea	14	 ' LandArea	2018-12-19 09:40:10.437915	2018-12-19 09:40:10.437915
130	2	LandArea	6		2018-12-20 08:48:04.788986	2018-12-20 08:48:04.788986
131	2	LandArea	7		2018-12-20 08:52:36.725358	2018-12-20 08:52:36.725358
132	2	LandArea	5		2018-12-20 08:53:16.73638	2018-12-20 08:53:16.73638
133	2	LandArea	8		2018-12-20 08:54:34.346078	2018-12-20 08:54:34.346078
134	2	LandArea	1		2018-12-20 08:59:22.676117	2018-12-20 08:59:22.676117
135	2	LandArea	6		2018-12-20 09:00:01.521843	2018-12-20 09:00:01.521843
136	2	LandArea	13		2018-12-20 09:00:58.836057	2018-12-20 09:00:58.836057
137	2	LandArea	11		2018-12-20 09:01:20.31839	2018-12-20 09:01:20.31839
138	2	LandArea	12		2018-12-20 09:25:56.394826	2018-12-20 09:25:56.394826
139	2	LandArea	4		2018-12-20 09:26:20.993048	2018-12-20 09:26:20.993048
140	2	Transport	36		2018-12-21 08:37:13.56816	2018-12-21 08:37:13.56816
141	2	Transport	37		2018-12-21 08:42:29.695836	2018-12-21 08:42:29.695836
142	2	Transport	38		2018-12-21 08:47:13.299115	2018-12-21 08:47:13.299115
143	2	Transport	39		2018-12-21 08:58:57.370937	2018-12-21 08:58:57.370937
144	2	Transport	40		2018-12-21 09:11:08.903734	2018-12-21 09:11:08.903734
145	3	ProductionArea	1		2018-12-26 10:09:58.116674	2018-12-26 10:09:58.116674
146	2	ProductionArea	1		2018-12-26 10:10:25.974017	2018-12-26 10:10:25.974017
147	2	ProductionArea	1	 ' ProductionArea	2018-12-26 10:12:26.876913	2018-12-26 10:12:26.876913
148	2	ProductionArea	1	 ' ProductionArea	2018-12-26 10:12:26.881685	2018-12-26 10:12:26.881685
149	2	ProductionArea	1	 ' ProductionArea	2018-12-26 10:12:26.88429	2018-12-26 10:12:26.88429
150	3	OfficeArea	1		2018-12-26 10:13:40.039837	2018-12-26 10:13:40.039837
151	2	OfficeArea	1		2018-12-26 10:14:09.702993	2018-12-26 10:14:09.702993
152	2	OfficeArea	1	 ' OfficeArea	2018-12-26 10:14:54.667012	2018-12-26 10:14:54.667012
153	2	OfficeArea	1	 ' OfficeArea	2018-12-26 10:14:54.670112	2018-12-26 10:14:54.670112
154	2	OfficeArea	1	 ' OfficeArea	2018-12-26 10:14:54.672783	2018-12-26 10:14:54.672783
155	3	InvestProject	1		2018-12-26 13:35:32.510614	2018-12-26 13:35:32.510614
156	2	InvestProject	1		2018-12-26 13:36:16.946129	2018-12-26 13:36:16.946129
157	2	LandArea	11	 ' LandArea	2018-12-26 13:46:32.612679	2018-12-26 13:46:32.612679
158	2	LandArea	11	 ' LandArea	2018-12-26 13:46:32.615796	2018-12-26 13:46:32.615796
159	2	LandArea	11	 ' LandArea	2018-12-26 13:46:32.618321	2018-12-26 13:46:32.618321
160	2	LandArea	11	 ' LandArea	2018-12-26 13:46:32.620689	2018-12-26 13:46:32.620689
161	2	LandArea	11	 ' LandArea	2018-12-26 13:46:32.622891	2018-12-26 13:46:32.622891
162	2	LandArea	11	 ' LandArea	2018-12-26 13:46:32.625025	2018-12-26 13:46:32.625025
163	2	InvestProject	1		2019-01-03 11:22:08.620623	2019-01-03 11:22:08.620623
164	2	CommunalArea	2841		2019-01-11 07:41:33.891833	2019-01-11 07:41:33.891833
165	2	CommunalArea	1639		2019-01-11 07:59:01.12309	2019-01-11 07:59:01.12309
166	2	CommunalArea	1639		2019-01-11 07:59:39.944483	2019-01-11 07:59:39.944483
167	2	CommunalArea	1639		2019-01-11 08:00:36.205097	2019-01-11 08:00:36.205097
168	2	CommunalArea	2842		2019-01-11 08:09:03.512985	2019-01-11 08:09:03.512985
169	2	CommunalArea	2842		2019-01-11 08:09:32.792635	2019-01-11 08:09:32.792635
170	2	CommunalArea	356		2019-01-11 08:10:29.791397	2019-01-11 08:10:29.791397
171	2	CommunalArea	2843		2019-01-11 08:18:33.532871	2019-01-11 08:18:33.532871
172	2	CommunalArea	2843		2019-01-11 08:19:15.110016	2019-01-11 08:19:15.110016
173	2	CommunalArea	2844		2019-01-11 08:53:23.353614	2019-01-11 08:53:23.353614
174	2	CommunalArea	2845		2019-01-11 09:04:27.479189	2019-01-11 09:04:27.479189
175	2	CommunalArea	2846		2019-01-11 12:43:44.936561	2019-01-11 12:43:44.936561
176	2	CommunalArea	2846		2019-01-11 12:45:19.617794	2019-01-11 12:45:19.617794
177	2	CommunalArea	2847		2019-01-11 13:56:57.925195	2019-01-11 13:56:57.925195
178	2	CommunalArea	2846		2019-01-17 13:43:48.382456	2019-01-17 13:43:48.382456
179	2	CommunalArea	2847		2019-01-17 13:44:21.907324	2019-01-17 13:44:21.907324
180	2	CommunalArea	2848		2019-01-17 14:05:11.165663	2019-01-17 14:05:11.165663
181	2	CommunalArea	2849		2019-01-17 14:11:05.003834	2019-01-17 14:11:05.003834
182	2	CommunalArea	2849		2019-01-17 14:12:31.900942	2019-01-17 14:12:31.900942
183	2	CommunalArea	2850		2019-01-21 12:54:47.222877	2019-01-21 12:54:47.222877
184	2	CommunalArea	2851		2019-01-21 13:08:26.534911	2019-01-21 13:08:26.534911
185	2	CommunalArea	2852		2019-01-21 13:28:22.732761	2019-01-21 13:28:22.732761
186	2	CommunalArea	2853		2019-01-21 13:35:00.583339	2019-01-21 13:35:00.583339
187	2	CommunalArea	2840		2019-01-21 14:42:09.576732	2019-01-21 14:42:09.576732
188	2	CommunalArea	2854		2019-01-21 15:11:44.265541	2019-01-21 15:11:44.265541
189	2	CommunalArea	2854		2019-01-21 15:11:57.646529	2019-01-21 15:11:57.646529
190	2	CommunalArea	371		2019-02-07 13:17:52.010096	2019-02-07 13:17:52.010096
191	3	LandArea	15		2019-02-12 08:33:56.65276	2019-02-12 08:33:56.65276
192	2	LandArea	15		2019-02-12 08:35:10.835498	2019-02-12 08:35:10.835498
193	2	LandArea	15		2019-02-12 08:36:58.998168	2019-02-12 08:36:58.998168
194	3	LandArea	16		2019-02-12 10:42:28.734747	2019-02-12 10:42:28.734747
195	3	ProductionArea	2		2019-02-26 08:04:48.714278	2019-02-26 08:04:48.714278
196	2	ProductionArea	2		2019-02-26 08:17:24.386637	2019-02-26 08:17:24.386637
197	2	ProductionArea	2		2019-02-26 08:21:20.192941	2019-02-26 08:21:20.192941
198	3	OfficeArea	2		2019-02-26 09:11:02.754115	2019-02-26 09:11:02.754115
199	2	LandArea	16		2019-02-28 14:19:43.261731	2019-02-28 14:19:43.261731
200	3	LandArea	17		2019-02-28 15:24:20.738389	2019-02-28 15:24:20.738389
201	2	LandArea	17		2019-03-01 10:35:44.3957	2019-03-01 10:35:44.3957
202	3	LandArea	19		2019-03-01 10:39:41.731171	2019-03-01 10:39:41.731171
203	3	LandArea	18		2019-03-01 10:41:14.002003	2019-03-01 10:41:14.002003
204	2	InvestProject	1		2019-03-07 12:33:43.387475	2019-03-07 12:33:43.387475
\.


--
-- Data for Name: article_translations; Type: TABLE DATA; Schema: public; Owner: invest
--

COPY public.article_translations (id, article_id, locale, created_at, updated_at, title, short_description, description) FROM stdin;
6	3	en	2018-08-31 16:12:18.709982	2018-11-28 22:50:29.324258	On September 7, 2018, VI International Investment Forum "Vinnytsya Region - Business in the Center of Ukraine" was held.	<p><span style="font-family:ProximaNova-Light;"><span style="font-size:16px;">September 7, 2018 at 11.30 at the address: Vinnitsa, st. Khmelnytsky highway, 7, Vinnytsia regional philharmonic named after M.D. Leontovich will host the International Investment Forum &quot;Vinnytsia Region - Business in the Center of Ukraine&quot;.</span></span></p>\r\n	<p><span style="font-size:16px;"><span style="font-family:ProximaNova-Light;">The purpose of the event is to intensify economic cooperation, present investment, economic, agricultural and tourist potential of the Vinnytsia region, as well as establish new partnerships and establish mutually beneficial cooperation.<br />\r\nPARTICIPANTS: Representatives of the Government of Ukraine and the diplomatic corps of foreign states, investment companies, international experts, representatives of business missions from partner regions and business circles.<br />\r\nRegistration form for the participants of the VI International Investment Forum &quot;Vinnitsa - Business in the Center of Ukraine&quot; under the <a href="https://goo.gl/forms/hewpZZybBXRUMWGC2" target="_blank">link.</a></span></span></p>\r\n
1	1	uk	2018-08-20 08:04:38.931147	2018-12-05 14:18:01.113278	         	<p><span style="font-size:16px;"><span style="font-family:ProximaNova-Light;">, 27 ,              &laquo;   &raquo;.      ,    &laquo;  &raquo;      &laquo;- &raquo;.</span></span></p>\r\n	<p><span style="font-size:16px;"><span style="font-family:ProximaNova-Light;">     -  ,       &laquo;   &raquo;.          250 .        .   2018      750  .     ( ) - 400 . /,     (  2019-2020 .) &nbsp;&ndash; 700 . /   1000  .&nbsp;</span></span></p>\r\n\r\n<blockquote>\r\n<p><span style="font-size:16px;"><span style="font-family:ProximaNova-Light;">&laquo;           .              .      ,   &nbsp;                .         UBC Group    .     &ndash;   ,   &rsquo;   ,    &rsquo;. ,     ,       .    ,       ,    .   ,         .  ,   -  &ndash;      .  &ndash;    .     - ,  ,  ,       ,     ,       .     .       &nbsp;, ,     .     &ndash;       .   .     .        , ,    &raquo; -         .&nbsp;</span></span></p>\r\n</blockquote>\r\n\r\n<p><iframe allowfullscreen="true" allowtransparency="true" frameborder="0" height="315" scrolling="no" src="https://www.facebook.com/plugins/video.php?href=https%3A%2F%2Fwww.facebook.com%2FSAMorgunov%2Fvideos%2F1037780596373036%2F&amp;show_text=0&amp;width=560" style="border:none;overflow:hidden" width="560"></iframe></p>\r\n\r\n<p><span style="font-size:16px;"><span style="font-family:ProximaNova-Light;">      .      .          . &nbsp;         ,       ,   ,    ,             .        &laquo;- &raquo;.</span></span></p>\r\n\r\n<p><span style="font-size:16px;"><span style="font-family:ProximaNova-Light;">&laquo;  &ndash;   ,         ,   .    ,    , - &nbsp;  . ,     , -      .    ,    ,   ,    .   &ndash;     ,          .     ,        .     ,    ,     .          , &nbsp;  ,    25 .      ,     ,     ,         ,   . &nbsp;         .      .   ,        .     &nbsp;Pepsi,  &nbsp; 30-40  ,    ,    .   &laquo;&raquo;   , , .     ,         ,         ,       ,       &raquo;, -    &laquo;  &raquo;  </span></span></p>\r\n\r\n<p><span style="font-size:16px;"><span style="font-family:ProximaNova-Light;">:</span></span></p>\r\n\r\n<p><span style="font-size:16px;"><span style="font-family:ProximaNova-Light;"> UBC Group           .    20      120  .        ,  Coca-Cola, Pepsi, Carlsberg, Heineken, ABInBev, SABMiller, MolsonCoors, Nestl&eacute;.</span></span></p>\r\n\r\n<p><span style="font-size:16px;"><span style="font-family:ProximaNova-Light;">  2018           &laquo;   &raquo;.     &laquo;- &raquo; (. ).</span></span></p>\r\n\r\n<p><span style="font-size:16px;"><span style="font-family:ProximaNova-Light;">     -  ,       &laquo;   &raquo;.&nbsp;</span></span></p>\r\n\r\n<p><span style="font-size:16px;"><span style="font-family:ProximaNova-Light;">    2019          11,2         10,5     ,   2024  &ndash; 56,1   45,9   .&nbsp;</span></span></p>\r\n\r\n<p><span style="font-size:16px;"><span style="font-family:ProximaNova-Light;">    :         &ndash; 8,4176    &laquo;  &raquo; (UBC Group) -      &ndash; 10,85 .&nbsp;</span></span></p>\r\n
3	2	uk	2018-08-27 15:17:32.756637	2018-12-13 09:09:18.841926	      HEAD     	<p style="margin: 0cm 0cm 10pt; text-align: justify;"><span style="font-size:18px;"><span style="font-family:ProximaNova-Light;"><span style="line-height:150%"><span style="line-height:150%">  &laquo;HEAD&raquo;,            ,       ,      &laquo;&raquo;     ,             . </span></span></span></span></p>\r\n	<p style="margin-bottom:.0001pt; text-align:justify; margin:0cm 0cm 10pt"><span style="font-size:16px;"><span style="font-family:ProximaNova-Light;"><span style="line-height:150%"><span style="line-height:150%">4  2018   13.30              &laquo;HEAD&raquo;,       &laquo;HEAD&raquo;   (Johan Eliasch),    ,      &laquo;   &raquo; (&laquo;&raquo;),          UkraineInvest  .</span></span></span></span></p>\r\n\r\n<p style="margin-bottom:.0001pt; text-align:justify; margin:0cm 0cm 10pt"><span style="font-size:16px;"><span style="font-family:ProximaNova-Light;"><span style="line-height:150%"><span style="line-height:150%">&laquo;            &laquo;HEAD&raquo;.  &ndash;  ,   ,        .   ,        ,         ,        ,  - ,      &laquo;HEAD&raquo;, &nbsp;         &raquo;, -      &nbsp;    .</span></span></span></span></p>\r\n\r\n<p style="margin-bottom:.0001pt; text-align:justify; margin:0cm 0cm 10pt"><span style="font-size:16px;"><span style="font-family:ProximaNova-Light;"><span style="line-height:150%"><span style="line-height:150%">     ,          ,  &laquo;HEAD&raquo;</span><span lang="RU"><span style="line-height:150%">,</span></span><span style="line-height:150%">     </span><span lang="RU"><span style="line-height:150%">,</span></span><span style="line-height:150%">    &nbsp;    . &laquo;            ,       ,      .           . ,             &raquo;, -   .</span></span></span></span></p>\r\n\r\n<p style="margin-bottom:.0001pt; text-align:justify; margin:0cm 0cm 10pt"><span style="font-size:16px;"><span style="font-family:ProximaNova-Light;"><span style="line-height:150%"><span style="line-height:150%">    &laquo;HEAD&raquo;,</span> <span style="line-height:150%">  : &laquo;    ,   ,   .  ,        ,        .      ,  &nbsp;     ,       &raquo;.</span></span></span></span></p>\r\n\r\n<p><span style="font-size:16px;"><span style="font-family:ProximaNova-Light;"><span style="line-height:150%"><span style="line-height:150%">        &nbsp;         UkraineInvest.</span></span></span></span></p>\r\n\r\n<p style="margin-bottom:.0001pt; text-align:justify; margin:0cm 0cm 10pt"><span style="font-size:16px;"><span style="font-family:ProximaNova-Light;"><span style="line-height:150%"><span style="background:white"><span style="line-height:150%">&quot; ,    HEAD,     .             ,             &quot;, &ndash;   UkraineInvest  . </span></span></span></span></span></p>\r\n\r\n<p style="margin-bottom:.0001pt; text-align:justify; margin:0cm 0cm 10pt"><span style="font-size:16px;"><span style="font-family:ProximaNova-Light;"><span style="line-height:150%"><span style="line-height:150%">    , HEAD&nbsp;          ,   - , ,          -.</span></span></span></span></p>\r\n\r\n<p style="margin-bottom:.0001pt; text-align:justify; margin:0cm 0cm 10pt">&nbsp;</p>\r\n
16	8	en	2019-02-13 07:04:17.693138	2019-02-13 07:04:17.693138			
4	2	en	2018-08-27 15:17:32.768293	2018-11-02 10:54:43.616788	World leader in the production of sports ammunition "HEAD" intends to invest in Vinnytsia	<p><span style="font-size:18px;"><span style="font-family:ProximaNova-Light;">The Austrian company HEAD, which is the most recognizable brand in production of skiing equipment in the world, intends to cooperate with Vinnitsa City Council, the Vinnytsya Regional Administration and the ME &quot;VMTSI&quot; in field of qualified personnel training, job creation in Vinnytsia and development of industrials with high added value.</span></span></p>\r\n	<p><span style="font-size:16px;"><span style="font-family:ProximaNova-Light;">On May 4, 2018, at 13.30 in the White Hall of the Vinnytsia City Council was the signing of the Memorandum of Understanding between HEAD, represented by Johan Eliasch, Vinnytsya Regional State Administration, Vinnytsia City Council and ME &quot;Vinnytsia Municipal Innovation Center&quot; (&quot; VMCI&quot;), with the participation of Director of the Office of Ukraine for the Involvement and Support of Investments, Danylo Bilak.</span></span></p>\r\n\r\n<p><span style="font-size:16px;"><span style="font-family:ProximaNova-Light;">&quot;By signing this memorandum we are making the first step in cooperation with the well-known company &quot;HEAD&quot;. This is a historical moment, and I hope that this cooperation will continue with concrete issues. For my part, as the city mayor and representative of the Vinnytsia team, I acknowledge the gratitude for the beginning of this work and guarantee that our team will do everything to ensure that for any investor, including the company &quot;HEAD&quot;, will be comfortable to conduct business and create jobsi n Vinnitsa&quot;- said during the signing of the Memorandum Vinnytsia City Mayor Serhii Morgunov.</span></span></p>\r\n\r\n<p><span style="font-size:16px;"><span style="font-family:ProximaNova-Light;">The head of Vinnytsia regional administration Valeriy Koroviy believes that the signing of Memorandum with the &quot;HEAD&quot; company, world leader in manufacturing of sports equipment, and further construction of the enterprise, will give one more impetus in development of the region&#39;s economy. &quot;This is one of the first steps of a new strategy in diversify the economic potential of the Vinnytsia region, creation of high skilled jobs and high-tech manufacturing, implemented by the city council and the regional administration. Today we are actually opening a new historical page of development of Vinnytsia and the region. Therefore, I would like to thank our partners for the Memorandum for the productive first phase of negotiations, &quot;said Valeriy Koroviy.</span></span></p>\r\n\r\n<p><span style="font-size:16px;"><span style="font-family:ProximaNova-Light;">Chief Executive Officer of HEAD, Johan Eliash, said: &quot;We visited a lot of countries, looking for the best place to expand production. I want to say that after such a long search, we chose Vinnytsia as the most successful place for our company&#39;s location. We see here a great human potential, a favorable location of Vinnytsia and the region and feel that we are really very welcome guests here.&quot;</span></span></p>\r\n\r\n<p><span style="font-size:16px;"><span style="font-family:ProximaNova-Light;">Effective support in arrangements with the investor on the implementation of the project was carried out by the UkraineInvest investment attraction office.</span></span></p>\r\n\r\n<p><span style="font-size:16px;"><span style="font-family:ProximaNova-Light;">&quot;Involving of such magnitude investor as HEAD is very important for Ukraine, not only contributing to the creation of high-value-added manufacturing and jobs, but also associates Ukraine with an investment-friendly environment for world-known brands,&quot; said UkraineInvest Director Danylo Bilak.</span></span></p>\r\n\r\n<p><span style="font-size:16px;"><span style="font-family:ProximaNova-Light;">In case of a successful implementation of the project, HEAD will consider the possibility of involving some of its teams in field of creative, research and information and communication technologies in Vinnitsa, taking into account that Vinnytsia is the sixth largest in Ukraine by number of IT specialists.</span></span></p>\r\n
2	1	en	2018-08-20 08:04:38.939901	2018-11-28 22:48:06.752478	In Vinnitsa was signed an agreement on the establishment and operation of an industrial park	<p><span style="font-family:ProximaNova-Light;"><span style="font-size:16px;">Today, on August 27, an agreement on the creation and operation of the industrial park &quot;Vinnitsa cluster of refrigeration engineering&quot; was signed in the premises of the Vinnytsia City Council. The contract was signed between the Vinnytsia City Council, the private joint stock company &quot;Ukrainian Beer Company&quot; and the Limited Liability Company &quot;Industrial and Investment Company&quot;.</span></span></p>\r\n	<div>\r\n<p><span style="font-size:16px;"><span style="font-family:ProximaNova-Light;">The factory for the production of refrigeration equipment is the first company to work in the industrial park &quot;Vinnitsa cluster of refrigeration engineering&quot;. Production has already begun in test mode and 250 employees have been involved. The enterprise will be put into operation in early September. By the end of 2018 it is planned to create up to 750 more jobs. The planned volume of sales of products (the first queue) is 400 million UAH / year, after the implementation of the II queue (the estimated period 2019-2020) - 700 million UAH / year and additionally 1000 jobs.</span></span></p>\r\n\r\n<p><br />\r\n<span style="font-size:16px;"><span style="font-family:ProximaNova-Light;">&quot;Today is a historic event for the city of Vinnytsia and for the development of industry in the city. In fact, after signing this agreement, we fully create a cluster of refrigeration equipment directly in Vinnitsa. Talking about goals and objectives, I think that this is the first such starting point for the development and adjustment of industrial capacities and capacities in our city. In early September, the first stage of the UBC Group&#39;s refrigeration plant starts operations. The cluster of refrigeration equipment itself is the area where all the contiguous enterprises, which will be made by the refrigeration association, will be united. It is important that new jobs are created, this is an investment attractiveness for our entire city. This is such a good sign that investors can go to the city of Vinnytsia, and can work here. And I hope that it will be an impetus for economic activity in the city. It is also important that attracting any investment is a development of the territory in different directions. The first is the training of skilled personnel. Speaking on the example of vocational education, it is clear that the specialists who could work on the equipment that is available at this plant, there are so few specialists. That is, it will improve the quality of education. Next we are talking about creating jobs, it&#39;s clear that these are the corresponding wages. When some kind of production develops - infrastructure and other enterprises develop near it. Increasing investment attractiveness. This is the activity of the city as a whole. The more we will create jobs, perhaps, this activity will be better &quot;- said the mayor Sergei Morgunov during the signing of the contract.</span></span></p>\r\n\r\n<p>&nbsp;</p>\r\n\r\n<p><span style="font-size:16px;"><span style="font-family:ProximaNova-Light;">The plant has already begun working in the test mode. Employees are trained by specialists from other countries. In early September, the official opening of the first stage of the new plant is planned. The implementation of the project involves the involvement of partners of the refrigeration plant, namely the suppliers of components for heat-exchange equipment, evaporators and condensers, compressors and control systems, which will result in the creation of a complete complex of refrigeration equipment in the industrial park. The controlling company on a competitive basis has been defined by LLC &quot;Industrial-investment company&quot;.</span></span></p>\r\n\r\n<p><br />\r\n<span style="font-size:16px;"><span style="font-family:ProximaNova-Light;">&quot;Today&#39;s event is the realization that we are implementing a program of such a strategic partnership between business, state and society. The main thing for our business, because we are an international company, is the trust of people. The challenge facing us now is the labor migration of people to Europe. If there is no trust, the jobs will be, but the question arises who will take them. An industrial park - this should be an example of the fact that you can work the business on the international standards here in Vinnitsa. I am quite confident that our Western partners are now very interested. And they will also be consistent, and are confident that they will invest in Vinnytsia. We decided to build the plant four years ago, and when determined, we compared the 25 factors. Among these, the qualification of people, which is very important for us, as well as the support of local authorities, which in Vinnytsia is an example of cooperation between business and government, should be the case. The range of wages in our company will be higher than the market. We play in the world&#39;s highest league. It is important for us that our customers have the benefits of our business. If we work with Pepsi, this is about 30-40 countries of operations, then for them the main thing is to comply with their requirements. We are &quot;playing&quot; with companies from Germany, Turkey, Spain. We must create conditions where people will develop their competence and experience, and have such a level of wages and conditions that people would stay here in Vinnitsa and not go to Poland or Romania, &quot;said the director of PJSC Ukrainian Beer company &quot;Igor Burdylenko</span></span></p>\r\n\r\n<p><br />\r\n<span style="font-size:16px;"><span style="font-family:ProximaNova-Light;"><strong>Certificate:</strong><br />\r\nUBC Group is one of the largest manufacturers of industrial refrigeration equipment in Eastern Europe. The company has been operating for over 20 years and has been supplying products to 120 countries. Among its customers are such well-known brands as Coca-Cola, Pepsi, Carlsberg, Heineken, ABInBev, SABMiller, MolsonCoors, Nestl&eacute;.</span></span></p>\r\n\r\n<p><br />\r\n<span style="font-size:16px;"><span style="font-family:ProximaNova-Light;">In July 2018, an open tender was held to select the management company of the industrial park &quot;Vinnitsa cluster of refrigeration engineering&quot;. The investment and investment company Ltd. (Kharkiv) was chosen as the winner of the competition.The factory for the production of refrigeration equipment is the first company to work in the industrial park &quot;Vinnitsa cluster of refrigeration engineering&quot;.</span></span></p>\r\n\r\n<p><br />\r\n<span style="font-size:16px;"><span style="font-family:ProximaNova-Light;">According to preliminary calculations in 2019, budget revenues from the industrial park will amount to UAH 11.2 million from the payment of a single social contribution and UAH 10.5 million from the payment of personal income tax, and in 2024 - UAH 56.1 million and UAH 45.9 million respectively .</span></span></p>\r\n\r\n<p><br />\r\n<span style="font-size:16px;"><span style="font-family:ProximaNova-Light;">The initiators of the creation of the industrial park were: Vinnytsya City Council in the part of the land plot area of 8.4176 hectares and PJSC Ukrainian Beer Company (UBC Group) - in the part of the land plot area - 10.85 hectares.</span></span></p>\r\n</div>\r\n
5	3	uk	2018-08-31 16:12:18.706184	2018-12-04 13:07:33.378659	   VI    "     "	<p><span style="font-size:18px;"><span style="font-family:ProximaNova-Light;">7  2018   &nbsp;      &quot; &ndash;    &quot;.</span></span></p>\r\n	<div>   &rsquo;  VI    &laquo; &ndash;    &raquo;.      150  .</div>\r\n\r\n<div>&nbsp;</div>\r\n\r\n<blockquote>\r\n<div><em>   &laquo; &ndash;    &raquo;   ,             .    , ,         ,  ,         .&nbsp;</em></div>\r\n</blockquote>\r\n\r\n<div>&nbsp;</div>\r\n\r\n<div>      ,     ,  ,  ,  -  -   , ,&nbsp;  450 .&nbsp;</div>\r\n\r\n<div>&nbsp;</div>\r\n\r\n<div>  VI    &laquo; &ndash;    &raquo;   ,       .  , &laquo;  : , , &raquo;, &laquo;   &ndash;     &raquo; &nbsp; &laquo;   &ndash;    &raquo;.</div>\r\n\r\n<p>&nbsp;</p>\r\n
8	4	en	2018-10-31 14:23:49.757097	2018-11-28 22:55:32.928834	The investment potential of Vinnytsia was presented to one of the most famous business associations in the world	<p><span style="font-size:16px;"><span style="font-family:ProximaNova-Light;">On October 30, 2018, the American Chamber of Commerce in Ukraine presented the investment potential of the city of Vinnytsia in the &quot;City of Contents&quot; hub. Also guests of the Vinnytsia: Invest &amp; Win event were: Horizon Capital Chief Executive Officer Elena Kosharna, former economist and founder of Proriv.ua Workshop Pavel Sheremeta, Deputy Director of UkraineInvest Ulyana Khromiak, and representatives of Vinnytsya and foreign companies.</span></span></p>\r\n	<div>\r\n<p><span style="font-size:16px;"><span style="font-family:ProximaNova-Light;">On October 30, 2018, the American Chamber of Commerce in Ukraine presented the investment potential of the city of Vinnytsia in the &quot;City of Contents&quot; hub. Also guests of the Vinnytsia: Invest &amp; Win event were: Horizon Capital Chief Executive Officer Elena Kosharna, former economist and founder of Proriv.ua Workshop Pavel Sheremeta, Deputy Director of UkraineInvest Ulyana Khromiak, and representatives of Vinnytsya and foreign companies.</span></span></p>\r\n\r\n<p><span style="font-size:16px;"><span style="font-family:ProximaNova-Light;">The meeting was started by Sergey Morgunov. He noted that economic growth is important for the development of the city. It is thanks to this that jobs are created, a certain resource is accumulated, activity increases, construction is revitalized. Therefore, the city team is interested in organizing high-quality support of potential investors and close cooperation with business.</span></span></p>\r\n\r\n<p><br />\r\n<span style="font-size:16px;"><span style="font-family:ProximaNova-Light;">&quot;If we talk about the transparency of doing business in the city, then this year we took the first place in the Regional Doing Business 2018 rating. It is a responsibility for us, because in the course of the year we have taken a series of steps to get up this one. We also have a positive rating of investment attractiveness. As for ratings, they stimulate us to develop. But without dialogue with the business - this can not happen. And I am pleased to see at this meeting the Vinnytsia businessmen who are actively developing their companies &quot;, - says the mayor Sergey Morgunov.</span></span></p>\r\n\r\n<p><span style="font-size:16px;"><span style="font-family:ProximaNova-Light;">Andrei Gunder, President of the American Chamber of Commerce in Ukraine, said that he had heard a lot about Vinnytsia. And the business values the steps of local authority in creating a comfortable environment.</span></span></p>\r\n\r\n<p><span style="font-size:16px;"><span style="font-family:ProximaNova-Light;">&quot;The American Chamber of Commerce unites more than 600 companies and partners that invest in Ukraine. About 30% are US companies, the rest are large international investment companies that provide jobs and pay taxes. For 26 years, the American Chamber of Commerce has been monitoring the development of business, which conditions for doing business in Ukraine. And with confidence, I can say that over the past four years, the relationship between business and government is the best dialogue that was for a quarter of a century. We now see that companies are increasingly looking at Ukraine as their investment direction. 83% of companies operating in Ukraine see business growth in 2018 and will continue. I think the investors will continue to work. We hear a lot about Vinnytsa&#39;s positive news, and I think that it will be appreciated by investors, and our task is to inform them that there is a possibility to develop business in Vinnytsia, &quot;Andriy Hunder said.</span></span></p>\r\n\r\n<p><span style="font-size:16px;"><span style="font-family:ProximaNova-Light;">Participants in the presentation have repeatedly spoken about the trust between business and government, which are being developed, including through an open dialogue on similar events.</span></span></p>\r\n\r\n<p><span style="font-size:16px;"><span style="font-family:ProximaNova-Light;">You can see the presentation at the link.</span></span></p>\r\n</div>\r\n
15	8	uk	2019-02-13 07:04:17.691169	2019-02-13 07:08:09.535688	     -	<div>\r\n<p>        - &laquo;   &raquo;.  140   4000             ,         .</p>\r\n\r\n<p>&nbsp;</p>\r\n</div>\r\n	<p>        - &laquo;   &raquo;.  140   4000             ,         .</p>\r\n\r\n<p>               .   &nbsp;         .  2030 -      10 ,     &laquo;      &raquo;.</p>\r\n\r\n<div>\r\n<p>    11  ,   hard &amp; soft , :</p>\r\n\r\n<ul>\r\n\t<li>         &ndash;  soft ;</li>\r\n\t<li> -  &laquo;&raquo; - hard ,   .</li>\r\n</ul>\r\n\r\n<p>,      smart-city,    &laquo; &raquo;,    -     .</p>\r\n\r\n<p>         &ndash; - &laquo;Gemicle&raquo;  &laquo;IncoreSoft&raquo;,      smart-city.</p>\r\n\r\n<p>&nbsp;</p>\r\n</div>\r\n
14	7	en	2018-11-30 15:17:57.417064	2018-11-30 15:17:57.417064			
13	7	uk	2018-11-30 15:17:57.412057	2018-11-30 15:44:13.291976	           	<div>           -  15 .    Transparency International          ,      .<br />\r\n&nbsp;</div>\r\n	<div>           ,          .  ,               ,      .</div>\r\n\r\n<div>&nbsp;</div>\r\n\r\n<blockquote>\r\n<div>&laquo; &ndash; ,          .   3    12   20.    15    ,     ,     -,    15 &raquo;, -   <strong> Transparency International</strong>.</div>\r\n</blockquote>\r\n\r\n<div>&nbsp;</div>\r\n\r\n<div>&nbsp;<img alt="" src="/uploads/ckeditor/pictures/50/content_1.png" style="width: 800px; height: 618px;" /></div>\r\n\r\n<div><br />\r\n<br />\r\n               .            .          ,     .</div>\r\n\r\n<div><br />\r\n &laquo;    100  &raquo; Transparency International    &laquo;Transparent Cities/ &raquo;   ,  ,         100   .</div>\r\n\r\n<blockquote>\r\n<div><br />\r\n&nbsp;&laquo;              ,      .       ,             ,    ,    &nbsp; .   Transparency International,        ,       .     ,      ,    -       &raquo;, -       <strong> </strong>.</div>\r\n</blockquote>\r\n\r\n<div><img alt="" src="/uploads/ckeditor/pictures/51/content_2.png" style="width: 800px; height: 618px;" /></div>\r\n\r\n<div>&nbsp;</div>\r\n\r\n<div>         ,    .   <strong><a href="https://u.to/JMUyFA"></a></strong> &nbsp;  ,    ,  <strong><a href="https://u.to/ZcUyFA"></a></strong>  ,       , <strong><a href="https://u.to/o8UyFA"> </a></strong>     &#39;/,               .</div>\r\n\r\n<div><br />\r\n,   2017              . ,          &laquo;-2020&raquo;.</div>\r\n
7	4	uk	2018-10-31 14:23:49.75495	2018-12-11 13:58:29.561879	       -  	<div>30  2018    &quot; &quot;&nbsp;    &nbsp;     .&nbsp;  &nbsp;&laquo;Vinnytsia: Invest &amp; Win&raquo; :   &nbsp;Horizon Capital&nbsp; , -     &laquo;Proriv.ua&raquo;  ,  &nbsp;UkraineInvest&nbsp;  &#39;,      .</div>\r\n\r\n<div>&nbsp;</div>\r\n	<div>\r\n<div>30  2018    &quot; &quot;&nbsp;    &nbsp;     .&nbsp;  &nbsp;&laquo;Vinnytsia: Invest &amp; Win&raquo; :   &nbsp;Horizon Capital&nbsp; , -     &laquo;Proriv.ua&raquo;  ,  &nbsp;UkraineInvest&nbsp;  &#39;,      .</div>\r\n</div>\r\n\r\n<div>&nbsp;</div>\r\n\r\n<div>   .  ,        .      ,   ,  ,  .               .</div>\r\n\r\n<div>&nbsp;\r\n<div>&nbsp;</div>\r\n\r\n<div>\r\n<blockquote>\r\n<div>&laquo;       ,           Regional Doing Business 2018.    ,        ,     .      .  ,      .      &ndash; &nbsp;   .         ,     &raquo;, -     .</div>\r\n</blockquote>\r\n<iframe allow="accelerometer; autoplay; encrypted-media; gyroscope; picture-in-picture" allowfullscreen="" frameborder="0" height="315" src="https://www.youtube.com/embed/QXuOxI6vcvI?start=408" style="margin-right: 5px;" width="550"></iframe><iframe allow="accelerometer; autoplay; encrypted-media; gyroscope; picture-in-picture" allowfullscreen="" frameborder="0" height="315" src="https://www.youtube.com/embed/YnVY6F15_bw" width="550"></iframe>\r\n\r\n<div>        ,      .          .&nbsp;</div>\r\n\r\n<div>&nbsp;</div>\r\n\r\n<blockquote>\r\n<div>&laquo;   &rsquo;  600   ,   &nbsp; . &nbsp; 30% -   ,  -    ,  ,       .  26    ,   ,       .     ,           &ndash;       .   ,            . 83% ,    ,     2018 ,    . &nbsp;      .      ,  ,    ,    -   ,      &nbsp; &raquo;, - &nbsp;  .</div>\r\n</blockquote>\r\n\r\n<div>&nbsp;</div>\r\n\r\n<div>         ,  , &nbsp; ,      .</div>\r\n\r\n<div>&nbsp;</div>\r\n   &nbsp;<strong><a href="https://issuu.com/deii.vmr/docs/________________________30_10.pptx" target="_blank"> </a>.</strong></div>\r\n</div>\r\n
21	11	uk	2019-02-13 07:18:27.76526	2019-02-13 07:18:27.76526	              	<div>\r\n<p>29              &laquo; &raquo;.      &rsquo;   .     &laquo;      &raquo;.        . ,         .      ,  .</p>\r\n</div>\r\n	<article>\r\n<p>&laquo; &raquo; &ndash; &nbsp;      ,           ,          . &laquo; &raquo;     ,      .</p>\r\n\r\n<p>               .</p>\r\n\r\n<p><img alt="" src="/uploads/ckeditor/pictures/63/content_51200830_2025614777546700_2340771792093708288_o.jpg" style="width: 800px; height: 530px;" /></p>\r\n\r\n<blockquote>\r\n<p>&laquo;             ,              .           ,       &raquo;, &ndash; &nbsp;<strong> </strong>.&nbsp;</p>\r\n</blockquote>\r\n\r\n<p>     34 .   &ndash;   ,    ,    ,       .         ,      &ndash;     &ndash;      , , ,    .</p>\r\n\r\n<p>            ,      (USAID),  ,  &laquo; &raquo;,      &laquo;&raquo;  .</p>\r\n\r\n<p>,       , ,   .</p>\r\n</article>\r\n
22	11	en	2019-02-13 07:18:27.767662	2019-02-13 07:18:27.767662			
\.


--
-- Data for Name: articles; Type: TABLE DATA; Schema: public; Owner: invest
--

COPY public.articles (id, publication_time, end_publication_time, published, created_at, updated_at) FROM stdin;
3	2018-08-31 15:58:00	\N	t	2018-08-31 16:12:18.703047	2018-12-04 13:07:33.376602
1	2018-08-20 08:01:00	2018-12-09 12:01:00	t	2018-08-20 08:04:38.919773	2018-12-05 14:18:01.110698
4	2018-10-31 14:10:00	\N	t	2018-10-31 14:23:49.752668	2018-12-11 13:58:29.560165
2	2018-05-04 15:16:00	\N	t	2018-08-27 15:17:32.727512	2018-12-13 09:09:18.839732
8	2019-02-04 07:00:00	\N	t	2019-02-13 07:04:17.685926	2019-02-13 07:12:21.963504
11	2019-01-29 07:14:00	\N	t	2019-02-13 07:18:27.762831	2019-02-13 07:24:01.89271
7	2018-11-30 15:14:00	\N	t	2018-11-30 15:17:57.408036	2019-02-13 08:37:04.79505
\.


--
-- Data for Name: articles_tags; Type: TABLE DATA; Schema: public; Owner: invest
--

COPY public.articles_tags (article_id, tag_id) FROM stdin;
1	1
1	3
2	1
2	3
7	7
7	1
8	7
8	1
\.


--
-- Data for Name: balance_holder_translations; Type: TABLE DATA; Schema: public; Owner: invest
--

COPY public.balance_holder_translations (id, balance_holder_id, locale, created_at, updated_at, name) FROM stdin;
1	1	uk	2018-11-02 11:34:01.862048	2018-11-02 11:34:01.862048	    
2	2	uk	2018-11-02 11:34:03.746901	2018-11-02 11:34:03.746901	       
3	3	uk	2018-11-02 11:34:06.8517	2018-11-02 11:34:06.8517	  "  "
4	4	uk	2018-11-02 11:34:07.633341	2018-11-02 11:34:07.633341	  "  -  27   "
5	5	uk	2018-11-02 11:34:07.813045	2018-11-02 11:34:07.813045	   ""
6	6	uk	2018-11-02 11:34:07.927967	2018-11-02 11:34:07.927967	 " -    1"
7	7	uk	2018-11-02 11:34:08.019064	2018-11-02 11:34:08.019064	  "- :   -  - 6 
8	8	uk	2018-11-02 11:34:08.072216	2018-11-02 11:34:08.072216	   1
9	9	uk	2018-11-02 11:34:08.160117	2018-11-02 11:34:08.160117	        
10	10	uk	2018-11-02 11:34:08.18085	2018-11-02 11:34:08.18085	  "   59   "
11	11	uk	2018-11-02 11:34:08.344451	2018-11-02 11:34:08.344451	     
12	12	uk	2018-11-02 11:34:09.26993	2018-11-02 11:34:09.26993	  "  1  ..   "
13	13	uk	2018-11-02 11:34:09.689188	2018-11-02 11:34:09.689188	  "  -  13   "
14	14	uk	2018-11-02 11:34:10.298781	2018-11-02 11:34:10.298781	 ,      
15	15	uk	2018-11-02 11:34:10.69027	2018-11-02 11:34:10.69027	     
16	16	uk	2018-11-02 11:34:36.490013	2018-11-02 11:34:36.490013	     ""
17	17	uk	2018-11-02 11:34:40.669343	2018-11-02 11:34:40.669343	   "- "
18	18	uk	2018-11-02 11:34:40.994228	2018-11-02 11:34:40.994228	  "   30   "
19	19	uk	2018-11-02 11:34:41.065171	2018-11-02 11:34:41.065171	  "  "
20	20	uk	2018-11-02 11:34:41.714535	2018-11-02 11:34:41.714535	  "  -  33   "
21	21	uk	2018-11-02 11:34:41.871263	2018-11-02 11:34:41.871263	  ""
22	22	uk	2018-11-02 11:34:43.874413	2018-11-02 11:34:43.874413	  "- :   -  -  30
23	23	uk	2018-11-02 11:34:45.32153	2018-11-02 11:34:45.32153	  "   11   "
24	24	uk	2018-11-02 11:34:45.510633	2018-11-02 11:34:45.510633	  "  -  26   "
25	25	uk	2018-11-02 11:34:45.542114	2018-11-02 11:34:45.542114	  "  -  8   "
26	26	uk	2018-11-02 11:34:45.566027	2018-11-02 11:34:45.566027	  "    5   "
27	27	uk	2018-11-02 11:34:45.695472	2018-11-02 11:34:45.695472	  "        "
28	28	uk	2018-11-02 11:34:52.141847	2018-11-02 11:34:52.141847	  "   72   "
29	29	uk	2018-11-02 11:34:52.255485	2018-11-02 11:34:52.255485	  "  -  25   "
30	30	uk	2018-11-02 11:34:52.281726	2018-11-02 11:34:52.281726	  "  -  15   "
31	31	uk	2018-11-02 11:34:52.309733	2018-11-02 11:34:52.309733	     " "
32	32	uk	2018-11-02 11:34:53.097804	2018-11-02 11:34:53.097804	  - .- -  29   
33	33	uk	2018-11-02 11:34:53.278421	2018-11-02 11:34:53.278421	  "  -  10   "
34	34	uk	2018-11-02 11:34:53.321897	2018-11-02 11:34:53.321897	  "  -      
35	35	uk	2018-11-02 11:34:53.367072	2018-11-02 11:34:53.367072	  "   -  24   "
36	36	uk	2018-11-02 11:34:53.391448	2018-11-02 11:34:53.391448	  "  -  19   "
37	37	uk	2018-11-02 11:34:53.523135	2018-11-02 11:34:53.523135	  "  -  9   "
38	38	uk	2018-11-02 11:34:53.676159	2018-11-02 11:34:53.676159	  "  "
39	39	uk	2018-11-02 11:34:53.700887	2018-11-02 11:34:53.700887	 " -    5"
40	40	uk	2018-11-02 11:34:53.723638	2018-11-02 11:34:53.723638	  "  -  16   "
41	41	uk	2018-11-02 11:34:53.764564	2018-11-02 11:34:53.764564	  "- :   - - 2
42	42	uk	2018-11-02 11:34:53.873338	2018-11-02 11:34:53.873338	  "  -  21   "
43	43	uk	2018-11-02 11:34:53.896164	2018-11-02 11:34:53.896164	  "  -  11   "
44	44	uk	2018-11-02 11:34:53.917898	2018-11-02 11:34:53.917898	  "  -  18   "
45	45	uk	2018-11-02 11:34:53.965686	2018-11-02 11:34:53.965686	  "  -  31   "
46	46	uk	2018-11-02 11:34:53.994413	2018-11-02 11:34:53.994413	  "   -     "
47	47	uk	2018-11-02 11:34:54.017048	2018-11-02 11:34:54.017048	  "  -  35   "
48	48	uk	2018-11-02 11:34:54.074345	2018-11-02 11:34:54.074345	  "  -  34   "
49	49	uk	2018-11-02 11:34:54.097836	2018-11-02 11:34:54.097836	  "  -  32   "
50	50	uk	2018-11-02 11:34:54.150881	2018-11-02 11:34:54.150881	  "  -  14   "
51	51	uk	2018-11-02 11:34:54.193514	2018-11-02 11:34:54.193514	  "- :   -III - 23"
52	52	uk	2018-11-02 11:34:54.215518	2018-11-02 11:34:54.215518	  "  -  3 . .   
53	53	uk	2018-11-02 11:34:54.315953	2018-11-02 11:34:54.315953	  " "
\.


--
-- Data for Name: balance_holders; Type: TABLE DATA; Schema: public; Owner: invest
--

COPY public.balance_holders (id, created_at, updated_at) FROM stdin;
1	2018-11-02 11:34:01.86046	2018-11-02 11:34:01.86046
2	2018-11-02 11:34:03.743608	2018-11-02 11:34:03.743608
3	2018-11-02 11:34:06.850741	2018-11-02 11:34:06.850741
4	2018-11-02 11:34:07.632352	2018-11-02 11:34:07.632352
5	2018-11-02 11:34:07.812082	2018-11-02 11:34:07.812082
6	2018-11-02 11:34:07.926676	2018-11-02 11:34:07.926676
7	2018-11-02 11:34:08.018115	2018-11-02 11:34:08.018115
8	2018-11-02 11:34:08.071243	2018-11-02 11:34:08.071243
9	2018-11-02 11:34:08.159116	2018-11-02 11:34:08.159116
10	2018-11-02 11:34:08.179874	2018-11-02 11:34:08.179874
11	2018-11-02 11:34:08.343508	2018-11-02 11:34:08.343508
12	2018-11-02 11:34:09.268915	2018-11-02 11:34:09.268915
13	2018-11-02 11:34:09.688203	2018-11-02 11:34:09.688203
14	2018-11-02 11:34:10.297803	2018-11-02 11:34:10.297803
15	2018-11-02 11:34:10.688176	2018-11-02 11:34:10.688176
16	2018-11-02 11:34:36.48902	2018-11-02 11:34:36.48902
17	2018-11-02 11:34:40.668374	2018-11-02 11:34:40.668374
18	2018-11-02 11:34:40.993164	2018-11-02 11:34:40.993164
19	2018-11-02 11:34:41.064177	2018-11-02 11:34:41.064177
20	2018-11-02 11:34:41.713545	2018-11-02 11:34:41.713545
21	2018-11-02 11:34:41.870012	2018-11-02 11:34:41.870012
22	2018-11-02 11:34:43.873487	2018-11-02 11:34:43.873487
23	2018-11-02 11:34:45.320252	2018-11-02 11:34:45.320252
24	2018-11-02 11:34:45.509658	2018-11-02 11:34:45.509658
25	2018-11-02 11:34:45.540903	2018-11-02 11:34:45.540903
26	2018-11-02 11:34:45.565068	2018-11-02 11:34:45.565068
27	2018-11-02 11:34:45.694525	2018-11-02 11:34:45.694525
28	2018-11-02 11:34:52.140842	2018-11-02 11:34:52.140842
29	2018-11-02 11:34:52.254516	2018-11-02 11:34:52.254516
30	2018-11-02 11:34:52.280633	2018-11-02 11:34:52.280633
31	2018-11-02 11:34:52.308755	2018-11-02 11:34:52.308755
32	2018-11-02 11:34:53.096767	2018-11-02 11:34:53.096767
33	2018-11-02 11:34:53.277314	2018-11-02 11:34:53.277314
34	2018-11-02 11:34:53.320911	2018-11-02 11:34:53.320911
35	2018-11-02 11:34:53.365969	2018-11-02 11:34:53.365969
36	2018-11-02 11:34:53.390452	2018-11-02 11:34:53.390452
37	2018-11-02 11:34:53.522204	2018-11-02 11:34:53.522204
38	2018-11-02 11:34:53.674821	2018-11-02 11:34:53.674821
39	2018-11-02 11:34:53.699884	2018-11-02 11:34:53.699884
40	2018-11-02 11:34:53.722653	2018-11-02 11:34:53.722653
41	2018-11-02 11:34:53.763603	2018-11-02 11:34:53.763603
42	2018-11-02 11:34:53.872275	2018-11-02 11:34:53.872275
43	2018-11-02 11:34:53.895193	2018-11-02 11:34:53.895193
44	2018-11-02 11:34:53.917009	2018-11-02 11:34:53.917009
45	2018-11-02 11:34:53.96444	2018-11-02 11:34:53.96444
46	2018-11-02 11:34:53.993319	2018-11-02 11:34:53.993319
47	2018-11-02 11:34:54.015965	2018-11-02 11:34:54.015965
48	2018-11-02 11:34:54.073182	2018-11-02 11:34:54.073182
49	2018-11-02 11:34:54.096821	2018-11-02 11:34:54.096821
50	2018-11-02 11:34:54.149945	2018-11-02 11:34:54.149945
51	2018-11-02 11:34:54.192473	2018-11-02 11:34:54.192473
52	2018-11-02 11:34:54.214607	2018-11-02 11:34:54.214607
53	2018-11-02 11:34:54.314976	2018-11-02 11:34:54.314976
\.


--
-- Data for Name: balancer_relations; Type: TABLE DATA; Schema: public; Owner: invest
--

COPY public.balancer_relations (id, balancer_id, balanceable_type, balanceable_id) FROM stdin;
3	1	LandArea	4
4	2	LandArea	4
5	1	LandArea	5
6	2	LandArea	5
7	1	LandArea	7
8	2	LandArea	7
9	1	LandArea	6
10	2	LandArea	6
11	1	LandArea	1
12	2	LandArea	1
13	1	LandArea	9
14	2	LandArea	9
15	1	LandArea	8
16	2	LandArea	8
19	1	LandArea	12
20	2	LandArea	12
22	2	LandArea	13
23	4	CommunalArea	3
24	4	CommunalArea	4
25	4	CommunalArea	5
26	4	CommunalArea	6
27	4	CommunalArea	7
28	4	CommunalArea	8
29	5	CommunalArea	9
30	6	CommunalArea	10
31	6	CommunalArea	11
32	5	CommunalArea	12
33	7	CommunalArea	13
34	6	CommunalArea	14
35	6	CommunalArea	15
36	6	CommunalArea	16
37	8	CommunalArea	17
38	9	CommunalArea	18
39	10	CommunalArea	19
40	8	CommunalArea	20
41	4	CommunalArea	21
42	10	CommunalArea	22
43	6	CommunalArea	23
44	6	CommunalArea	24
45	6	CommunalArea	25
46	4	CommunalArea	26
47	4	CommunalArea	27
48	4	CommunalArea	28
49	4	CommunalArea	29
50	4	CommunalArea	30
51	4	CommunalArea	31
52	4	CommunalArea	32
53	4	CommunalArea	33
54	10	CommunalArea	34
55	10	CommunalArea	35
56	10	CommunalArea	36
57	10	CommunalArea	37
58	4	CommunalArea	38
59	4	CommunalArea	39
60	4	CommunalArea	40
61	4	CommunalArea	41
62	4	CommunalArea	42
63	4	CommunalArea	43
64	4	CommunalArea	44
65	4	CommunalArea	45
66	4	CommunalArea	46
67	4	CommunalArea	47
68	4	CommunalArea	48
69	10	CommunalArea	49
70	4	CommunalArea	50
71	4	CommunalArea	51
72	10	CommunalArea	52
73	10	CommunalArea	53
74	10	CommunalArea	54
75	10	CommunalArea	55
76	10	CommunalArea	56
77	10	CommunalArea	57
78	10	CommunalArea	58
79	10	CommunalArea	59
80	10	CommunalArea	60
81	10	CommunalArea	61
82	10	CommunalArea	62
83	10	CommunalArea	63
84	10	CommunalArea	64
85	4	CommunalArea	65
86	4	CommunalArea	66
87	4	CommunalArea	67
88	4	CommunalArea	68
89	4	CommunalArea	69
90	4	CommunalArea	70
91	4	CommunalArea	71
92	4	CommunalArea	72
93	10	CommunalArea	73
94	10	CommunalArea	74
95	10	CommunalArea	75
96	10	CommunalArea	76
97	4	CommunalArea	77
98	4	CommunalArea	78
99	4	CommunalArea	79
100	4	CommunalArea	80
101	4	CommunalArea	81
102	4	CommunalArea	82
103	4	CommunalArea	83
104	5	CommunalArea	84
105	4	CommunalArea	85
106	4	CommunalArea	86
107	11	CommunalArea	87
108	11	CommunalArea	88
109	11	CommunalArea	89
110	11	CommunalArea	90
111	11	CommunalArea	91
112	10	CommunalArea	92
113	10	CommunalArea	93
114	10	CommunalArea	94
115	10	CommunalArea	95
116	10	CommunalArea	96
117	10	CommunalArea	97
118	10	CommunalArea	98
119	10	CommunalArea	99
120	10	CommunalArea	100
121	10	CommunalArea	101
122	10	CommunalArea	102
2	10	User	3
123	10	CommunalArea	103
124	10	CommunalArea	104
125	10	CommunalArea	105
126	10	CommunalArea	106
127	10	CommunalArea	107
128	10	CommunalArea	108
129	10	CommunalArea	109
130	10	CommunalArea	110
131	10	CommunalArea	111
132	10	CommunalArea	112
133	10	CommunalArea	113
134	10	CommunalArea	114
135	10	CommunalArea	115
136	10	CommunalArea	116
137	10	CommunalArea	117
138	10	CommunalArea	118
139	10	CommunalArea	119
140	10	CommunalArea	120
141	10	CommunalArea	121
142	10	CommunalArea	122
143	10	CommunalArea	123
144	10	CommunalArea	124
145	10	CommunalArea	125
146	10	CommunalArea	126
147	10	CommunalArea	127
148	10	CommunalArea	128
149	10	CommunalArea	129
150	10	CommunalArea	130
151	4	CommunalArea	131
152	10	CommunalArea	132
153	10	CommunalArea	133
154	10	CommunalArea	134
155	10	CommunalArea	135
156	10	CommunalArea	136
157	10	CommunalArea	137
158	4	CommunalArea	138
159	10	CommunalArea	139
160	10	CommunalArea	140
161	10	CommunalArea	141
162	10	CommunalArea	142
163	9	CommunalArea	143
164	4	CommunalArea	144
165	10	CommunalArea	145
166	10	CommunalArea	146
167	10	CommunalArea	147
168	10	CommunalArea	148
169	10	CommunalArea	149
170	10	CommunalArea	150
171	10	CommunalArea	151
172	4	CommunalArea	152
173	4	CommunalArea	153
174	4	CommunalArea	154
175	4	CommunalArea	155
176	4	CommunalArea	156
177	4	CommunalArea	157
178	4	CommunalArea	158
179	4	CommunalArea	159
180	4	CommunalArea	160
181	4	CommunalArea	161
182	4	CommunalArea	162
183	4	CommunalArea	163
184	4	CommunalArea	164
185	4	CommunalArea	165
186	4	CommunalArea	166
187	4	CommunalArea	167
188	4	CommunalArea	168
189	7	CommunalArea	169
190	7	CommunalArea	170
191	10	CommunalArea	171
192	10	CommunalArea	172
193	10	CommunalArea	173
194	10	CommunalArea	174
195	10	CommunalArea	175
196	10	CommunalArea	176
197	10	CommunalArea	177
198	10	CommunalArea	178
199	10	CommunalArea	179
200	4	CommunalArea	180
201	10	CommunalArea	181
202	4	CommunalArea	182
203	4	CommunalArea	183
204	4	CommunalArea	184
205	4	CommunalArea	185
206	4	CommunalArea	186
207	4	CommunalArea	187
208	10	CommunalArea	188
209	10	CommunalArea	189
210	10	CommunalArea	190
211	10	CommunalArea	191
212	10	CommunalArea	192
213	10	CommunalArea	193
214	10	CommunalArea	194
215	10	CommunalArea	195
216	10	CommunalArea	196
217	10	CommunalArea	197
218	10	CommunalArea	198
219	10	CommunalArea	199
220	10	CommunalArea	200
221	10	CommunalArea	201
222	10	CommunalArea	202
223	10	CommunalArea	203
224	10	CommunalArea	204
225	10	CommunalArea	205
226	10	CommunalArea	206
227	10	CommunalArea	207
228	10	CommunalArea	208
229	10	CommunalArea	209
230	10	CommunalArea	210
231	10	CommunalArea	211
232	10	CommunalArea	212
233	10	CommunalArea	213
234	10	CommunalArea	214
235	10	CommunalArea	215
236	10	CommunalArea	216
237	10	CommunalArea	217
238	10	CommunalArea	218
239	4	CommunalArea	219
240	4	CommunalArea	220
241	4	CommunalArea	221
242	4	CommunalArea	222
243	4	CommunalArea	223
244	4	CommunalArea	224
245	4	CommunalArea	225
246	4	CommunalArea	226
247	4	CommunalArea	227
248	4	CommunalArea	228
249	4	CommunalArea	229
250	4	CommunalArea	230
251	4	CommunalArea	231
252	4	CommunalArea	232
253	10	CommunalArea	233
254	10	CommunalArea	234
255	10	CommunalArea	235
256	8	CommunalArea	236
257	10	CommunalArea	237
258	10	CommunalArea	238
259	10	CommunalArea	239
260	10	CommunalArea	240
261	10	CommunalArea	241
262	10	CommunalArea	242
263	10	CommunalArea	243
264	10	CommunalArea	244
265	10	CommunalArea	245
266	10	CommunalArea	246
267	10	CommunalArea	247
268	10	CommunalArea	248
269	10	CommunalArea	249
270	10	CommunalArea	250
271	10	CommunalArea	251
272	10	CommunalArea	252
273	10	CommunalArea	253
274	10	CommunalArea	254
275	10	CommunalArea	255
276	10	CommunalArea	256
277	10	CommunalArea	257
278	10	CommunalArea	258
279	10	CommunalArea	259
280	10	CommunalArea	260
281	10	CommunalArea	261
282	10	CommunalArea	262
283	10	CommunalArea	263
284	10	CommunalArea	264
285	10	CommunalArea	265
286	10	CommunalArea	266
287	10	CommunalArea	267
288	10	CommunalArea	268
289	10	CommunalArea	269
290	10	CommunalArea	270
291	10	CommunalArea	271
292	10	CommunalArea	272
293	10	CommunalArea	273
294	10	CommunalArea	274
295	10	CommunalArea	275
296	10	CommunalArea	276
297	10	CommunalArea	277
298	10	CommunalArea	278
299	10	CommunalArea	279
300	10	CommunalArea	280
301	10	CommunalArea	281
302	10	CommunalArea	282
303	10	CommunalArea	283
304	10	CommunalArea	284
305	6	CommunalArea	285
306	6	CommunalArea	286
307	6	CommunalArea	287
308	6	CommunalArea	288
309	10	CommunalArea	289
310	10	CommunalArea	290
311	10	CommunalArea	291
312	10	CommunalArea	292
313	10	CommunalArea	293
314	10	CommunalArea	294
315	10	CommunalArea	295
316	10	CommunalArea	296
317	10	CommunalArea	297
318	10	CommunalArea	298
319	10	CommunalArea	299
320	10	CommunalArea	300
321	10	CommunalArea	301
322	10	CommunalArea	302
323	10	CommunalArea	303
324	10	CommunalArea	304
325	10	CommunalArea	305
326	10	CommunalArea	306
327	10	CommunalArea	307
328	10	CommunalArea	308
329	10	CommunalArea	309
330	10	CommunalArea	310
331	10	CommunalArea	311
332	10	CommunalArea	312
333	10	CommunalArea	313
334	10	CommunalArea	314
335	10	CommunalArea	315
336	10	CommunalArea	316
337	10	CommunalArea	317
338	10	CommunalArea	318
339	10	CommunalArea	319
340	5	CommunalArea	320
341	5	CommunalArea	321
342	5	CommunalArea	322
343	5	CommunalArea	323
344	4	CommunalArea	324
345	4	CommunalArea	325
346	7	CommunalArea	326
347	6	CommunalArea	327
348	6	CommunalArea	328
349	10	CommunalArea	329
350	10	CommunalArea	330
351	10	CommunalArea	331
352	10	CommunalArea	332
353	11	CommunalArea	333
354	11	CommunalArea	334
355	11	CommunalArea	335
356	11	CommunalArea	336
357	11	CommunalArea	337
358	11	CommunalArea	338
359	11	CommunalArea	339
360	10	CommunalArea	340
361	10	CommunalArea	341
362	10	CommunalArea	342
363	10	CommunalArea	343
364	4	CommunalArea	344
365	10	CommunalArea	345
366	10	CommunalArea	346
367	10	CommunalArea	347
368	10	CommunalArea	348
369	4	CommunalArea	349
370	4	CommunalArea	350
371	4	CommunalArea	351
372	7	CommunalArea	352
373	7	CommunalArea	353
374	7	CommunalArea	354
375	4	CommunalArea	355
376	5	CommunalArea	356
377	6	CommunalArea	357
378	10	CommunalArea	358
379	10	CommunalArea	359
380	10	CommunalArea	360
381	10	CommunalArea	361
382	10	CommunalArea	362
383	10	CommunalArea	363
384	10	CommunalArea	364
385	10	CommunalArea	365
386	4	CommunalArea	366
387	5	CommunalArea	367
388	5	CommunalArea	368
389	5	CommunalArea	369
390	5	CommunalArea	370
391	5	CommunalArea	371
392	10	CommunalArea	372
393	8	CommunalArea	373
394	10	CommunalArea	374
395	10	CommunalArea	375
396	9	CommunalArea	376
397	4	CommunalArea	377
398	4	CommunalArea	378
399	4	CommunalArea	379
400	4	CommunalArea	380
401	12	CommunalArea	381
402	12	CommunalArea	382
403	7	CommunalArea	383
404	12	CommunalArea	384
405	5	CommunalArea	385
406	12	CommunalArea	386
407	12	CommunalArea	387
408	12	CommunalArea	388
409	5	CommunalArea	389
410	12	CommunalArea	390
411	12	CommunalArea	391
412	5	CommunalArea	392
413	7	CommunalArea	393
414	10	CommunalArea	394
415	7	CommunalArea	395
416	7	CommunalArea	396
417	7	CommunalArea	397
418	9	CommunalArea	398
419	13	CommunalArea	399
420	4	CommunalArea	400
421	10	CommunalArea	401
422	7	CommunalArea	402
423	8	CommunalArea	403
424	10	CommunalArea	404
425	10	CommunalArea	405
426	8	CommunalArea	406
427	4	CommunalArea	407
428	4	CommunalArea	408
429	4	CommunalArea	409
430	4	CommunalArea	410
431	4	CommunalArea	411
432	4	CommunalArea	412
433	4	CommunalArea	413
434	4	CommunalArea	414
435	4	CommunalArea	415
436	4	CommunalArea	416
437	4	CommunalArea	417
438	4	CommunalArea	418
439	4	CommunalArea	419
440	4	CommunalArea	420
441	4	CommunalArea	421
442	4	CommunalArea	422
443	4	CommunalArea	423
444	4	CommunalArea	424
445	4	CommunalArea	425
446	4	CommunalArea	426
447	4	CommunalArea	427
448	4	CommunalArea	428
449	4	CommunalArea	429
450	4	CommunalArea	430
451	4	CommunalArea	431
452	4	CommunalArea	432
453	4	CommunalArea	433
454	4	CommunalArea	434
455	4	CommunalArea	435
456	4	CommunalArea	436
457	4	CommunalArea	437
458	4	CommunalArea	438
459	4	CommunalArea	439
460	4	CommunalArea	440
461	4	CommunalArea	441
462	5	CommunalArea	442
463	5	CommunalArea	443
464	5	CommunalArea	444
465	10	CommunalArea	445
466	8	CommunalArea	446
467	4	CommunalArea	447
468	8	CommunalArea	448
469	5	CommunalArea	449
470	10	CommunalArea	450
471	10	CommunalArea	451
472	10	CommunalArea	452
473	10	CommunalArea	453
474	10	CommunalArea	454
475	10	CommunalArea	455
476	10	CommunalArea	456
477	10	CommunalArea	457
478	10	CommunalArea	458
479	10	CommunalArea	459
480	10	CommunalArea	460
481	10	CommunalArea	461
482	10	CommunalArea	462
483	10	CommunalArea	463
484	10	CommunalArea	464
485	10	CommunalArea	465
486	5	CommunalArea	466
487	5	CommunalArea	467
488	5	CommunalArea	468
489	4	CommunalArea	469
490	10	CommunalArea	470
491	10	CommunalArea	471
492	10	CommunalArea	472
493	10	CommunalArea	473
494	8	CommunalArea	474
495	10	CommunalArea	475
496	4	CommunalArea	476
497	4	CommunalArea	477
498	4	CommunalArea	478
499	8	CommunalArea	479
500	10	CommunalArea	480
501	11	CommunalArea	481
502	10	CommunalArea	482
503	10	CommunalArea	483
504	10	CommunalArea	484
505	10	CommunalArea	485
506	10	CommunalArea	486
507	10	CommunalArea	487
508	10	CommunalArea	488
509	10	CommunalArea	489
510	10	CommunalArea	490
511	10	CommunalArea	491
512	10	CommunalArea	492
513	10	CommunalArea	493
514	10	CommunalArea	494
515	10	CommunalArea	495
516	10	CommunalArea	496
517	10	CommunalArea	497
518	10	CommunalArea	498
519	10	CommunalArea	499
520	10	CommunalArea	500
521	10	CommunalArea	501
522	14	CommunalArea	502
523	10	CommunalArea	503
524	10	CommunalArea	504
525	4	CommunalArea	505
526	4	CommunalArea	506
527	10	CommunalArea	507
528	10	CommunalArea	508
529	15	CommunalArea	509
530	9	CommunalArea	510
531	11	CommunalArea	511
532	10	CommunalArea	512
533	10	CommunalArea	513
534	10	CommunalArea	514
535	10	CommunalArea	515
536	8	CommunalArea	516
537	8	CommunalArea	517
538	10	CommunalArea	518
539	10	CommunalArea	519
540	10	CommunalArea	520
541	15	CommunalArea	521
542	8	CommunalArea	522
543	10	CommunalArea	523
544	10	CommunalArea	524
545	4	CommunalArea	525
546	4	CommunalArea	526
547	4	CommunalArea	527
548	5	CommunalArea	528
549	13	CommunalArea	529
550	5	CommunalArea	530
551	8	CommunalArea	531
552	10	CommunalArea	532
553	10	CommunalArea	533
554	6	CommunalArea	534
555	10	CommunalArea	535
556	10	CommunalArea	536
557	10	CommunalArea	537
558	10	CommunalArea	538
559	10	CommunalArea	539
560	10	CommunalArea	540
561	10	CommunalArea	541
562	10	CommunalArea	542
563	10	CommunalArea	543
564	10	CommunalArea	544
565	10	CommunalArea	545
566	10	CommunalArea	546
567	10	CommunalArea	547
568	10	CommunalArea	548
569	10	CommunalArea	549
570	10	CommunalArea	550
571	10	CommunalArea	551
572	10	CommunalArea	552
573	10	CommunalArea	553
574	10	CommunalArea	554
575	10	CommunalArea	555
576	10	CommunalArea	556
577	10	CommunalArea	557
578	10	CommunalArea	558
579	10	CommunalArea	559
580	10	CommunalArea	560
581	10	CommunalArea	561
582	10	CommunalArea	562
583	10	CommunalArea	563
584	10	CommunalArea	564
585	10	CommunalArea	565
586	10	CommunalArea	566
587	10	CommunalArea	567
588	8	CommunalArea	568
589	8	CommunalArea	569
590	10	CommunalArea	570
591	8	CommunalArea	571
592	10	CommunalArea	572
593	10	CommunalArea	573
594	10	CommunalArea	574
595	10	CommunalArea	575
596	10	CommunalArea	576
597	10	CommunalArea	577
598	8	CommunalArea	578
599	10	CommunalArea	579
600	10	CommunalArea	580
601	10	CommunalArea	581
602	10	CommunalArea	582
603	10	CommunalArea	583
604	10	CommunalArea	584
605	10	CommunalArea	585
606	10	CommunalArea	586
607	10	CommunalArea	587
608	10	CommunalArea	588
609	10	CommunalArea	589
610	10	CommunalArea	590
611	10	CommunalArea	591
612	10	CommunalArea	592
613	10	CommunalArea	593
614	10	CommunalArea	594
615	10	CommunalArea	595
616	10	CommunalArea	596
617	10	CommunalArea	597
618	10	CommunalArea	598
619	10	CommunalArea	599
620	10	CommunalArea	600
621	10	CommunalArea	601
622	10	CommunalArea	602
623	10	CommunalArea	603
624	10	CommunalArea	604
625	4	CommunalArea	605
626	10	CommunalArea	606
627	10	CommunalArea	607
628	10	CommunalArea	608
629	10	CommunalArea	609
630	10	CommunalArea	610
631	10	CommunalArea	611
632	10	CommunalArea	612
633	10	CommunalArea	613
634	10	CommunalArea	614
635	10	CommunalArea	615
636	10	CommunalArea	616
637	10	CommunalArea	617
638	10	CommunalArea	618
639	10	CommunalArea	619
640	10	CommunalArea	620
641	10	CommunalArea	621
642	10	CommunalArea	622
643	10	CommunalArea	623
644	10	CommunalArea	624
645	10	CommunalArea	625
646	10	CommunalArea	626
647	10	CommunalArea	627
648	10	CommunalArea	628
649	10	CommunalArea	629
650	10	CommunalArea	630
651	10	CommunalArea	631
652	10	CommunalArea	632
653	10	CommunalArea	633
654	10	CommunalArea	634
655	10	CommunalArea	635
656	10	CommunalArea	636
657	10	CommunalArea	637
658	10	CommunalArea	638
659	10	CommunalArea	639
660	10	CommunalArea	640
661	10	CommunalArea	641
662	10	CommunalArea	642
663	10	CommunalArea	643
664	10	CommunalArea	644
665	10	CommunalArea	645
666	10	CommunalArea	646
667	10	CommunalArea	647
668	10	CommunalArea	648
669	10	CommunalArea	649
670	10	CommunalArea	650
671	10	CommunalArea	651
672	10	CommunalArea	652
673	10	CommunalArea	653
674	10	CommunalArea	654
675	10	CommunalArea	655
676	10	CommunalArea	656
677	10	CommunalArea	657
678	10	CommunalArea	658
679	10	CommunalArea	659
680	10	CommunalArea	660
681	10	CommunalArea	661
682	10	CommunalArea	662
683	10	CommunalArea	663
684	10	CommunalArea	664
685	10	CommunalArea	665
686	10	CommunalArea	666
687	10	CommunalArea	667
688	10	CommunalArea	668
689	10	CommunalArea	669
690	10	CommunalArea	670
691	10	CommunalArea	671
692	10	CommunalArea	672
693	10	CommunalArea	673
694	10	CommunalArea	674
695	10	CommunalArea	675
696	10	CommunalArea	676
697	10	CommunalArea	677
698	10	CommunalArea	678
699	10	CommunalArea	679
700	10	CommunalArea	680
701	10	CommunalArea	681
702	10	CommunalArea	682
703	10	CommunalArea	683
704	10	CommunalArea	684
705	10	CommunalArea	685
706	10	CommunalArea	686
707	10	CommunalArea	687
708	10	CommunalArea	688
709	10	CommunalArea	689
710	10	CommunalArea	690
711	10	CommunalArea	691
712	10	CommunalArea	692
713	10	CommunalArea	693
714	10	CommunalArea	694
715	10	CommunalArea	695
716	10	CommunalArea	696
717	10	CommunalArea	697
718	10	CommunalArea	698
719	10	CommunalArea	699
720	10	CommunalArea	700
721	10	CommunalArea	701
722	10	CommunalArea	702
723	10	CommunalArea	703
724	10	CommunalArea	704
725	10	CommunalArea	705
726	10	CommunalArea	706
727	10	CommunalArea	707
728	10	CommunalArea	708
729	10	CommunalArea	709
730	10	CommunalArea	710
731	10	CommunalArea	711
732	10	CommunalArea	712
733	10	CommunalArea	713
734	10	CommunalArea	714
735	10	CommunalArea	715
736	10	CommunalArea	716
737	10	CommunalArea	717
738	10	CommunalArea	718
739	10	CommunalArea	719
740	10	CommunalArea	720
741	10	CommunalArea	721
742	10	CommunalArea	722
743	10	CommunalArea	723
744	10	CommunalArea	724
745	10	CommunalArea	725
746	10	CommunalArea	726
747	10	CommunalArea	727
748	10	CommunalArea	728
749	10	CommunalArea	729
750	10	CommunalArea	730
751	10	CommunalArea	731
752	10	CommunalArea	732
753	10	CommunalArea	733
754	10	CommunalArea	734
755	10	CommunalArea	735
756	10	CommunalArea	736
757	10	CommunalArea	737
758	10	CommunalArea	738
759	10	CommunalArea	739
760	10	CommunalArea	740
761	10	CommunalArea	741
762	10	CommunalArea	742
763	10	CommunalArea	743
764	10	CommunalArea	744
765	10	CommunalArea	745
766	10	CommunalArea	746
767	10	CommunalArea	747
768	10	CommunalArea	748
769	10	CommunalArea	749
770	10	CommunalArea	750
771	10	CommunalArea	751
772	10	CommunalArea	752
773	10	CommunalArea	753
774	10	CommunalArea	754
775	10	CommunalArea	755
776	10	CommunalArea	756
777	10	CommunalArea	757
778	10	CommunalArea	758
779	10	CommunalArea	759
780	10	CommunalArea	760
781	10	CommunalArea	761
782	10	CommunalArea	762
783	10	CommunalArea	763
784	10	CommunalArea	764
785	10	CommunalArea	765
786	10	CommunalArea	766
787	10	CommunalArea	767
788	10	CommunalArea	768
789	10	CommunalArea	769
790	10	CommunalArea	770
791	10	CommunalArea	771
792	10	CommunalArea	772
793	10	CommunalArea	773
794	10	CommunalArea	774
795	10	CommunalArea	775
796	10	CommunalArea	776
797	10	CommunalArea	777
798	10	CommunalArea	778
799	10	CommunalArea	779
800	10	CommunalArea	780
801	10	CommunalArea	781
802	10	CommunalArea	782
803	10	CommunalArea	783
804	10	CommunalArea	784
805	10	CommunalArea	785
806	10	CommunalArea	786
807	10	CommunalArea	787
808	10	CommunalArea	788
809	10	CommunalArea	789
810	10	CommunalArea	790
811	10	CommunalArea	791
812	10	CommunalArea	792
813	10	CommunalArea	793
814	10	CommunalArea	794
815	10	CommunalArea	795
816	10	CommunalArea	796
817	10	CommunalArea	797
818	10	CommunalArea	798
819	10	CommunalArea	799
820	10	CommunalArea	800
821	10	CommunalArea	801
822	10	CommunalArea	802
823	10	CommunalArea	803
824	10	CommunalArea	804
825	10	CommunalArea	805
826	10	CommunalArea	806
827	10	CommunalArea	807
828	10	CommunalArea	808
829	10	CommunalArea	809
830	10	CommunalArea	810
831	10	CommunalArea	811
832	10	CommunalArea	812
833	10	CommunalArea	813
834	10	CommunalArea	814
835	10	CommunalArea	815
836	10	CommunalArea	816
837	10	CommunalArea	817
838	10	CommunalArea	818
839	10	CommunalArea	819
840	10	CommunalArea	820
841	10	CommunalArea	821
842	10	CommunalArea	822
843	10	CommunalArea	823
844	10	CommunalArea	824
845	10	CommunalArea	825
846	10	CommunalArea	826
847	10	CommunalArea	827
848	10	CommunalArea	828
849	10	CommunalArea	829
850	10	CommunalArea	830
851	10	CommunalArea	831
852	10	CommunalArea	832
853	10	CommunalArea	833
854	10	CommunalArea	834
855	10	CommunalArea	835
856	10	CommunalArea	836
857	10	CommunalArea	837
858	10	CommunalArea	838
859	10	CommunalArea	839
860	10	CommunalArea	840
861	10	CommunalArea	841
862	10	CommunalArea	842
863	10	CommunalArea	843
864	10	CommunalArea	844
865	10	CommunalArea	845
866	10	CommunalArea	846
867	10	CommunalArea	847
868	10	CommunalArea	848
869	10	CommunalArea	849
870	10	CommunalArea	850
871	10	CommunalArea	851
872	10	CommunalArea	852
873	10	CommunalArea	853
874	10	CommunalArea	854
875	10	CommunalArea	855
876	10	CommunalArea	856
877	10	CommunalArea	857
878	10	CommunalArea	858
879	10	CommunalArea	859
880	10	CommunalArea	860
881	10	CommunalArea	861
882	10	CommunalArea	862
883	10	CommunalArea	863
884	10	CommunalArea	864
885	10	CommunalArea	865
886	10	CommunalArea	866
887	10	CommunalArea	867
888	10	CommunalArea	868
889	10	CommunalArea	869
890	10	CommunalArea	870
891	10	CommunalArea	871
892	10	CommunalArea	872
893	10	CommunalArea	873
894	10	CommunalArea	874
895	10	CommunalArea	875
896	10	CommunalArea	876
897	10	CommunalArea	877
898	10	CommunalArea	878
899	10	CommunalArea	879
900	10	CommunalArea	880
901	10	CommunalArea	881
902	10	CommunalArea	882
903	10	CommunalArea	883
904	4	CommunalArea	884
905	4	CommunalArea	885
906	4	CommunalArea	886
907	4	CommunalArea	887
908	4	CommunalArea	888
909	4	CommunalArea	889
910	4	CommunalArea	890
911	4	CommunalArea	891
912	10	CommunalArea	892
913	10	CommunalArea	893
914	10	CommunalArea	894
915	10	CommunalArea	895
916	10	CommunalArea	896
917	10	CommunalArea	897
918	10	CommunalArea	898
919	10	CommunalArea	899
920	10	CommunalArea	900
921	10	CommunalArea	901
922	10	CommunalArea	902
923	10	CommunalArea	903
924	10	CommunalArea	904
925	10	CommunalArea	905
926	10	CommunalArea	906
927	10	CommunalArea	907
928	10	CommunalArea	908
929	10	CommunalArea	909
930	10	CommunalArea	910
931	10	CommunalArea	911
932	10	CommunalArea	912
933	10	CommunalArea	913
934	10	CommunalArea	914
935	10	CommunalArea	915
936	10	CommunalArea	916
937	10	CommunalArea	917
938	10	CommunalArea	918
939	10	CommunalArea	919
940	10	CommunalArea	920
941	10	CommunalArea	921
942	10	CommunalArea	922
943	10	CommunalArea	923
944	10	CommunalArea	924
945	10	CommunalArea	925
946	10	CommunalArea	926
947	10	CommunalArea	927
948	10	CommunalArea	928
949	10	CommunalArea	929
950	10	CommunalArea	930
951	10	CommunalArea	931
952	10	CommunalArea	932
953	10	CommunalArea	933
954	10	CommunalArea	934
955	10	CommunalArea	935
956	10	CommunalArea	936
957	10	CommunalArea	937
958	10	CommunalArea	938
959	10	CommunalArea	939
960	10	CommunalArea	940
961	10	CommunalArea	941
962	10	CommunalArea	942
963	10	CommunalArea	943
964	10	CommunalArea	944
965	10	CommunalArea	945
966	10	CommunalArea	946
967	10	CommunalArea	947
968	10	CommunalArea	948
969	10	CommunalArea	949
970	10	CommunalArea	950
971	10	CommunalArea	951
972	10	CommunalArea	952
973	10	CommunalArea	953
974	10	CommunalArea	954
975	10	CommunalArea	955
976	10	CommunalArea	956
977	10	CommunalArea	957
978	10	CommunalArea	958
979	10	CommunalArea	959
980	10	CommunalArea	960
981	10	CommunalArea	961
982	10	CommunalArea	962
983	10	CommunalArea	963
984	10	CommunalArea	964
985	10	CommunalArea	965
986	10	CommunalArea	966
987	10	CommunalArea	967
988	10	CommunalArea	968
989	10	CommunalArea	969
990	10	CommunalArea	970
991	10	CommunalArea	971
992	10	CommunalArea	972
993	10	CommunalArea	973
994	10	CommunalArea	974
995	10	CommunalArea	975
996	10	CommunalArea	976
997	10	CommunalArea	977
998	10	CommunalArea	978
999	10	CommunalArea	979
1000	10	CommunalArea	980
1001	10	CommunalArea	981
1002	10	CommunalArea	982
1003	10	CommunalArea	983
1004	10	CommunalArea	984
1005	10	CommunalArea	985
1006	10	CommunalArea	986
1007	10	CommunalArea	987
1008	10	CommunalArea	988
1009	10	CommunalArea	989
1010	10	CommunalArea	990
1011	10	CommunalArea	991
1012	10	CommunalArea	992
1013	10	CommunalArea	993
1014	10	CommunalArea	994
1015	10	CommunalArea	995
1016	10	CommunalArea	996
1017	10	CommunalArea	997
1018	10	CommunalArea	998
1019	10	CommunalArea	999
1020	10	CommunalArea	1000
1021	10	CommunalArea	1001
1022	10	CommunalArea	1002
1023	10	CommunalArea	1003
1024	10	CommunalArea	1004
1025	10	CommunalArea	1005
1026	10	CommunalArea	1006
1027	10	CommunalArea	1007
1028	10	CommunalArea	1008
1029	10	CommunalArea	1009
1030	10	CommunalArea	1010
1031	10	CommunalArea	1011
1032	4	CommunalArea	1012
1033	10	CommunalArea	1013
1034	10	CommunalArea	1014
1035	10	CommunalArea	1015
1036	10	CommunalArea	1016
1037	10	CommunalArea	1017
1038	10	CommunalArea	1018
1039	10	CommunalArea	1019
1040	10	CommunalArea	1020
1041	10	CommunalArea	1021
1042	10	CommunalArea	1022
1043	10	CommunalArea	1023
1044	10	CommunalArea	1024
1045	10	CommunalArea	1025
1046	10	CommunalArea	1026
1047	10	CommunalArea	1027
1048	10	CommunalArea	1028
1049	10	CommunalArea	1029
1050	10	CommunalArea	1030
1051	10	CommunalArea	1031
1052	10	CommunalArea	1032
1053	10	CommunalArea	1033
1054	10	CommunalArea	1034
1055	10	CommunalArea	1035
1056	10	CommunalArea	1036
1057	10	CommunalArea	1037
1058	10	CommunalArea	1038
1059	10	CommunalArea	1039
1060	10	CommunalArea	1040
1061	10	CommunalArea	1041
1062	10	CommunalArea	1042
1063	10	CommunalArea	1043
1064	10	CommunalArea	1044
1065	10	CommunalArea	1045
1066	10	CommunalArea	1046
1067	10	CommunalArea	1047
1068	10	CommunalArea	1048
1069	10	CommunalArea	1049
1070	10	CommunalArea	1050
1071	10	CommunalArea	1051
1072	10	CommunalArea	1052
1073	10	CommunalArea	1053
1074	10	CommunalArea	1054
1075	10	CommunalArea	1055
1076	10	CommunalArea	1056
1077	10	CommunalArea	1057
1078	10	CommunalArea	1058
1079	10	CommunalArea	1059
1080	10	CommunalArea	1060
1081	10	CommunalArea	1061
1082	10	CommunalArea	1062
1083	10	CommunalArea	1063
1084	10	CommunalArea	1064
1085	10	CommunalArea	1065
1086	10	CommunalArea	1066
1087	10	CommunalArea	1067
1088	10	CommunalArea	1068
1089	10	CommunalArea	1069
1090	10	CommunalArea	1070
1091	10	CommunalArea	1071
1092	10	CommunalArea	1072
1093	10	CommunalArea	1073
1094	10	CommunalArea	1074
1095	10	CommunalArea	1075
1096	10	CommunalArea	1076
1097	10	CommunalArea	1077
1098	10	CommunalArea	1078
1099	10	CommunalArea	1079
1100	10	CommunalArea	1080
1101	10	CommunalArea	1081
1102	10	CommunalArea	1082
1103	10	CommunalArea	1083
1104	10	CommunalArea	1084
1105	10	CommunalArea	1085
1106	10	CommunalArea	1086
1107	10	CommunalArea	1087
1108	10	CommunalArea	1088
1109	10	CommunalArea	1089
1110	10	CommunalArea	1090
1111	10	CommunalArea	1091
1112	10	CommunalArea	1092
1113	10	CommunalArea	1093
1114	10	CommunalArea	1094
1115	10	CommunalArea	1095
1116	10	CommunalArea	1096
1117	10	CommunalArea	1097
1118	10	CommunalArea	1098
1119	10	CommunalArea	1099
1120	10	CommunalArea	1100
1121	10	CommunalArea	1101
1122	10	CommunalArea	1102
1123	10	CommunalArea	1103
1124	10	CommunalArea	1104
1125	10	CommunalArea	1105
1126	10	CommunalArea	1106
1127	10	CommunalArea	1107
1128	10	CommunalArea	1108
1129	10	CommunalArea	1109
1130	10	CommunalArea	1110
1131	10	CommunalArea	1111
1132	10	CommunalArea	1112
1133	10	CommunalArea	1113
1134	10	CommunalArea	1114
1135	10	CommunalArea	1115
1136	10	CommunalArea	1116
1137	10	CommunalArea	1117
1138	8	CommunalArea	1118
1139	10	CommunalArea	1119
1140	10	CommunalArea	1120
1141	10	CommunalArea	1121
1142	10	CommunalArea	1122
1143	10	CommunalArea	1123
1144	10	CommunalArea	1124
1145	10	CommunalArea	1125
1146	10	CommunalArea	1126
1147	10	CommunalArea	1127
1148	10	CommunalArea	1128
1149	10	CommunalArea	1129
1150	10	CommunalArea	1130
1151	10	CommunalArea	1131
1152	10	CommunalArea	1132
1153	10	CommunalArea	1133
1154	10	CommunalArea	1134
1155	10	CommunalArea	1135
1156	10	CommunalArea	1136
1157	10	CommunalArea	1137
1158	10	CommunalArea	1138
1159	10	CommunalArea	1139
1160	10	CommunalArea	1140
1161	10	CommunalArea	1141
1162	10	CommunalArea	1142
1163	10	CommunalArea	1143
1164	10	CommunalArea	1144
1165	10	CommunalArea	1145
1166	10	CommunalArea	1146
1167	10	CommunalArea	1147
1168	10	CommunalArea	1148
1169	10	CommunalArea	1149
1170	10	CommunalArea	1150
1171	10	CommunalArea	1151
1172	10	CommunalArea	1152
1173	10	CommunalArea	1153
1174	10	CommunalArea	1154
1175	10	CommunalArea	1155
1176	10	CommunalArea	1156
1177	10	CommunalArea	1157
1178	10	CommunalArea	1158
1179	10	CommunalArea	1159
1180	10	CommunalArea	1160
1181	10	CommunalArea	1161
1182	10	CommunalArea	1162
1183	10	CommunalArea	1163
1184	10	CommunalArea	1164
1185	10	CommunalArea	1165
1186	10	CommunalArea	1166
1187	10	CommunalArea	1167
1188	10	CommunalArea	1168
1189	10	CommunalArea	1169
1190	10	CommunalArea	1170
1191	10	CommunalArea	1171
1192	10	CommunalArea	1172
1193	10	CommunalArea	1173
1194	10	CommunalArea	1174
1195	10	CommunalArea	1175
1196	10	CommunalArea	1176
1197	10	CommunalArea	1177
1198	10	CommunalArea	1178
1199	10	CommunalArea	1179
1200	10	CommunalArea	1180
1201	10	CommunalArea	1181
1202	10	CommunalArea	1182
1203	10	CommunalArea	1183
1204	10	CommunalArea	1184
1205	10	CommunalArea	1185
1206	10	CommunalArea	1186
1207	10	CommunalArea	1187
1208	10	CommunalArea	1188
1209	10	CommunalArea	1189
1210	10	CommunalArea	1190
1211	10	CommunalArea	1191
1212	10	CommunalArea	1192
1213	10	CommunalArea	1193
1214	10	CommunalArea	1194
1215	10	CommunalArea	1195
1216	10	CommunalArea	1196
1217	10	CommunalArea	1197
1218	10	CommunalArea	1198
1219	10	CommunalArea	1199
1220	10	CommunalArea	1200
1221	10	CommunalArea	1201
1222	10	CommunalArea	1202
1223	10	CommunalArea	1203
1224	10	CommunalArea	1204
1225	10	CommunalArea	1205
1226	10	CommunalArea	1206
1227	10	CommunalArea	1207
1228	10	CommunalArea	1208
1229	10	CommunalArea	1209
1230	10	CommunalArea	1210
1231	10	CommunalArea	1211
1232	10	CommunalArea	1212
1233	10	CommunalArea	1213
1234	10	CommunalArea	1214
1235	10	CommunalArea	1215
1236	10	CommunalArea	1216
1237	10	CommunalArea	1217
1238	10	CommunalArea	1218
1239	10	CommunalArea	1219
1240	10	CommunalArea	1220
1241	10	CommunalArea	1221
1242	10	CommunalArea	1222
1243	10	CommunalArea	1223
1244	10	CommunalArea	1224
1245	10	CommunalArea	1225
1246	10	CommunalArea	1226
1247	10	CommunalArea	1227
1248	10	CommunalArea	1228
1249	10	CommunalArea	1229
1250	10	CommunalArea	1230
1251	10	CommunalArea	1231
1252	10	CommunalArea	1232
1253	10	CommunalArea	1233
1254	10	CommunalArea	1234
1255	10	CommunalArea	1235
1256	10	CommunalArea	1236
1257	10	CommunalArea	1237
1258	10	CommunalArea	1238
1259	10	CommunalArea	1239
1260	10	CommunalArea	1240
1261	10	CommunalArea	1241
1262	10	CommunalArea	1242
1263	10	CommunalArea	1243
1264	10	CommunalArea	1244
1265	10	CommunalArea	1245
1266	10	CommunalArea	1246
1267	10	CommunalArea	1247
1268	10	CommunalArea	1248
1269	10	CommunalArea	1249
1270	10	CommunalArea	1250
1271	10	CommunalArea	1251
1272	10	CommunalArea	1252
1273	10	CommunalArea	1253
1274	10	CommunalArea	1254
1275	10	CommunalArea	1255
1276	10	CommunalArea	1256
1277	10	CommunalArea	1257
1278	10	CommunalArea	1258
1279	10	CommunalArea	1259
1280	10	CommunalArea	1260
1281	10	CommunalArea	1261
1282	10	CommunalArea	1262
1283	10	CommunalArea	1263
1284	10	CommunalArea	1264
1285	10	CommunalArea	1265
1286	10	CommunalArea	1266
1287	10	CommunalArea	1267
1288	10	CommunalArea	1268
1289	10	CommunalArea	1269
1290	10	CommunalArea	1270
1291	4	CommunalArea	1271
1292	10	CommunalArea	1272
1293	4	CommunalArea	1273
1294	10	CommunalArea	1274
1295	10	CommunalArea	1275
1296	10	CommunalArea	1276
1297	10	CommunalArea	1277
1298	10	CommunalArea	1278
1299	8	CommunalArea	1279
1300	8	CommunalArea	1280
1301	8	CommunalArea	1281
1302	10	CommunalArea	1282
1303	10	CommunalArea	1283
1304	10	CommunalArea	1284
1305	10	CommunalArea	1285
1306	10	CommunalArea	1286
1307	10	CommunalArea	1287
1308	10	CommunalArea	1288
1309	10	CommunalArea	1289
1310	10	CommunalArea	1290
1311	10	CommunalArea	1291
1312	10	CommunalArea	1292
1313	10	CommunalArea	1293
1314	10	CommunalArea	1294
1315	10	CommunalArea	1295
1316	10	CommunalArea	1296
1317	10	CommunalArea	1297
1318	10	CommunalArea	1298
1319	10	CommunalArea	1299
1320	10	CommunalArea	1300
1321	10	CommunalArea	1301
1322	10	CommunalArea	1302
1323	10	CommunalArea	1303
1324	10	CommunalArea	1304
1325	10	CommunalArea	1305
1326	10	CommunalArea	1306
1327	10	CommunalArea	1307
1328	10	CommunalArea	1308
1329	10	CommunalArea	1309
1330	10	CommunalArea	1310
1331	10	CommunalArea	1311
1332	10	CommunalArea	1312
1333	10	CommunalArea	1313
1334	10	CommunalArea	1314
1335	10	CommunalArea	1315
1336	10	CommunalArea	1316
1337	10	CommunalArea	1317
1338	10	CommunalArea	1318
1339	10	CommunalArea	1319
1340	10	CommunalArea	1320
1341	10	CommunalArea	1321
1342	10	CommunalArea	1322
1343	10	CommunalArea	1323
1344	10	CommunalArea	1324
1345	10	CommunalArea	1325
1346	10	CommunalArea	1326
1347	10	CommunalArea	1327
1348	10	CommunalArea	1328
1349	10	CommunalArea	1329
1350	10	CommunalArea	1330
1351	10	CommunalArea	1331
1352	10	CommunalArea	1332
1353	10	CommunalArea	1333
1354	10	CommunalArea	1334
1355	10	CommunalArea	1335
1356	10	CommunalArea	1336
1357	10	CommunalArea	1337
1358	10	CommunalArea	1338
1359	10	CommunalArea	1339
1360	10	CommunalArea	1340
1361	10	CommunalArea	1341
1362	10	CommunalArea	1342
1363	10	CommunalArea	1343
1364	10	CommunalArea	1344
1365	10	CommunalArea	1345
1366	10	CommunalArea	1346
1367	10	CommunalArea	1347
1368	10	CommunalArea	1348
1369	10	CommunalArea	1349
1370	10	CommunalArea	1350
1371	10	CommunalArea	1351
1372	10	CommunalArea	1352
1373	10	CommunalArea	1353
1374	10	CommunalArea	1354
1375	16	CommunalArea	1355
1376	5	CommunalArea	1356
1377	10	CommunalArea	1357
1378	10	CommunalArea	1358
1379	10	CommunalArea	1359
1380	10	CommunalArea	1360
1381	10	CommunalArea	1361
1382	10	CommunalArea	1362
1383	10	CommunalArea	1363
1384	10	CommunalArea	1364
1385	10	CommunalArea	1365
1386	10	CommunalArea	1366
1387	10	CommunalArea	1367
1388	10	CommunalArea	1368
1389	10	CommunalArea	1369
1390	10	CommunalArea	1370
1391	10	CommunalArea	1371
1392	10	CommunalArea	1372
1393	10	CommunalArea	1373
1394	10	CommunalArea	1374
1395	10	CommunalArea	1375
1396	10	CommunalArea	1376
1397	10	CommunalArea	1377
1398	10	CommunalArea	1378
1399	10	CommunalArea	1379
1400	10	CommunalArea	1380
1401	10	CommunalArea	1381
1402	10	CommunalArea	1382
1403	10	CommunalArea	1383
1404	10	CommunalArea	1384
1405	10	CommunalArea	1385
1406	10	CommunalArea	1386
1407	10	CommunalArea	1387
1408	10	CommunalArea	1388
1409	10	CommunalArea	1389
1410	10	CommunalArea	1390
1411	10	CommunalArea	1391
1412	10	CommunalArea	1392
1413	10	CommunalArea	1393
1414	10	CommunalArea	1394
1415	10	CommunalArea	1395
1416	10	CommunalArea	1396
1417	10	CommunalArea	1397
1418	10	CommunalArea	1398
1419	10	CommunalArea	1399
1420	10	CommunalArea	1400
1421	10	CommunalArea	1401
1422	10	CommunalArea	1402
1423	10	CommunalArea	1403
1424	10	CommunalArea	1404
1425	10	CommunalArea	1405
1426	10	CommunalArea	1406
1427	10	CommunalArea	1407
1428	10	CommunalArea	1408
1429	10	CommunalArea	1409
1430	10	CommunalArea	1410
1431	10	CommunalArea	1411
1432	10	CommunalArea	1412
1433	10	CommunalArea	1413
1434	10	CommunalArea	1414
1435	10	CommunalArea	1415
1436	10	CommunalArea	1416
1437	10	CommunalArea	1417
1438	10	CommunalArea	1418
1439	10	CommunalArea	1419
1440	10	CommunalArea	1420
1441	10	CommunalArea	1421
1442	10	CommunalArea	1422
1443	10	CommunalArea	1423
1444	10	CommunalArea	1424
1445	10	CommunalArea	1425
1446	10	CommunalArea	1426
1447	10	CommunalArea	1427
1448	10	CommunalArea	1428
1449	10	CommunalArea	1429
1450	10	CommunalArea	1430
1451	10	CommunalArea	1431
1452	10	CommunalArea	1432
1453	10	CommunalArea	1433
1454	10	CommunalArea	1434
1455	10	CommunalArea	1435
1456	10	CommunalArea	1436
1457	10	CommunalArea	1437
1458	10	CommunalArea	1438
1459	10	CommunalArea	1439
1460	10	CommunalArea	1440
1461	10	CommunalArea	1441
1462	10	CommunalArea	1442
1463	10	CommunalArea	1443
1464	10	CommunalArea	1444
1465	10	CommunalArea	1445
1466	10	CommunalArea	1446
1467	10	CommunalArea	1447
1468	10	CommunalArea	1448
1469	10	CommunalArea	1449
1470	10	CommunalArea	1450
1471	10	CommunalArea	1451
1472	10	CommunalArea	1452
1473	10	CommunalArea	1453
1474	10	CommunalArea	1454
1475	10	CommunalArea	1455
1476	10	CommunalArea	1456
1477	10	CommunalArea	1457
1478	10	CommunalArea	1458
1479	10	CommunalArea	1459
1480	10	CommunalArea	1460
1481	10	CommunalArea	1461
1482	10	CommunalArea	1462
1483	10	CommunalArea	1463
1484	10	CommunalArea	1464
1485	10	CommunalArea	1465
1486	10	CommunalArea	1466
1487	10	CommunalArea	1467
1488	10	CommunalArea	1468
1489	10	CommunalArea	1469
1490	10	CommunalArea	1470
1491	4	CommunalArea	1471
1492	4	CommunalArea	1472
1493	4	CommunalArea	1473
1494	4	CommunalArea	1474
1495	4	CommunalArea	1475
1496	10	CommunalArea	1476
1497	10	CommunalArea	1477
1498	10	CommunalArea	1478
1499	10	CommunalArea	1479
1500	10	CommunalArea	1480
1501	10	CommunalArea	1481
1502	10	CommunalArea	1482
1503	10	CommunalArea	1483
1504	10	CommunalArea	1484
1505	10	CommunalArea	1485
1506	10	CommunalArea	1486
1507	10	CommunalArea	1487
1508	10	CommunalArea	1488
1509	10	CommunalArea	1489
1510	10	CommunalArea	1490
1511	10	CommunalArea	1491
1512	10	CommunalArea	1492
1513	10	CommunalArea	1493
1514	10	CommunalArea	1494
1515	10	CommunalArea	1495
1516	10	CommunalArea	1496
1517	10	CommunalArea	1497
1518	10	CommunalArea	1498
1519	10	CommunalArea	1499
1520	10	CommunalArea	1500
1521	10	CommunalArea	1501
1522	10	CommunalArea	1502
1523	10	CommunalArea	1503
1524	10	CommunalArea	1504
1525	10	CommunalArea	1505
1526	10	CommunalArea	1506
1527	10	CommunalArea	1507
1528	10	CommunalArea	1508
1529	10	CommunalArea	1509
1530	10	CommunalArea	1510
1531	10	CommunalArea	1511
1532	10	CommunalArea	1512
1533	10	CommunalArea	1513
1534	10	CommunalArea	1514
1535	10	CommunalArea	1515
1536	10	CommunalArea	1516
1537	10	CommunalArea	1517
1538	10	CommunalArea	1518
1539	10	CommunalArea	1519
1540	10	CommunalArea	1520
1541	10	CommunalArea	1521
1542	10	CommunalArea	1522
1543	10	CommunalArea	1523
1544	10	CommunalArea	1524
1545	10	CommunalArea	1525
1546	10	CommunalArea	1526
1547	10	CommunalArea	1527
1548	10	CommunalArea	1528
1549	10	CommunalArea	1529
1550	10	CommunalArea	1530
1551	10	CommunalArea	1531
1552	10	CommunalArea	1532
1553	10	CommunalArea	1533
1554	10	CommunalArea	1534
1555	10	CommunalArea	1535
1556	10	CommunalArea	1536
1557	10	CommunalArea	1537
1558	10	CommunalArea	1538
1559	10	CommunalArea	1539
1560	10	CommunalArea	1540
1561	10	CommunalArea	1541
1562	10	CommunalArea	1542
1563	10	CommunalArea	1543
1564	10	CommunalArea	1544
1565	10	CommunalArea	1545
1566	10	CommunalArea	1546
1567	10	CommunalArea	1547
1568	10	CommunalArea	1548
1569	10	CommunalArea	1549
1570	10	CommunalArea	1550
1571	10	CommunalArea	1551
1572	10	CommunalArea	1552
1573	10	CommunalArea	1553
1574	10	CommunalArea	1554
1575	10	CommunalArea	1555
1576	10	CommunalArea	1556
1577	10	CommunalArea	1557
1578	10	CommunalArea	1558
1579	10	CommunalArea	1559
1580	10	CommunalArea	1560
1581	10	CommunalArea	1561
1582	10	CommunalArea	1562
1583	10	CommunalArea	1563
1584	10	CommunalArea	1564
1585	10	CommunalArea	1565
1586	10	CommunalArea	1566
1587	10	CommunalArea	1567
1588	10	CommunalArea	1568
1589	10	CommunalArea	1569
1590	10	CommunalArea	1570
1591	10	CommunalArea	1571
1592	10	CommunalArea	1572
1593	10	CommunalArea	1573
1594	10	CommunalArea	1574
1595	10	CommunalArea	1575
1596	10	CommunalArea	1576
1597	10	CommunalArea	1577
1598	10	CommunalArea	1578
1599	10	CommunalArea	1579
1600	10	CommunalArea	1580
1601	10	CommunalArea	1581
1602	10	CommunalArea	1582
1603	10	CommunalArea	1583
1604	10	CommunalArea	1584
1605	10	CommunalArea	1585
1606	10	CommunalArea	1586
1607	10	CommunalArea	1587
1608	10	CommunalArea	1588
1609	10	CommunalArea	1589
1610	10	CommunalArea	1590
1611	10	CommunalArea	1591
1612	10	CommunalArea	1592
1613	10	CommunalArea	1593
1614	10	CommunalArea	1594
1615	10	CommunalArea	1595
1616	10	CommunalArea	1596
1617	10	CommunalArea	1597
1618	10	CommunalArea	1598
1619	10	CommunalArea	1599
1620	10	CommunalArea	1600
1621	10	CommunalArea	1601
1622	10	CommunalArea	1602
1623	10	CommunalArea	1603
1624	10	CommunalArea	1604
1625	10	CommunalArea	1605
1626	10	CommunalArea	1606
1627	10	CommunalArea	1607
1628	10	CommunalArea	1608
1629	10	CommunalArea	1609
1630	10	CommunalArea	1610
1631	10	CommunalArea	1611
1632	10	CommunalArea	1612
1633	10	CommunalArea	1613
1634	10	CommunalArea	1614
1635	10	CommunalArea	1615
1636	4	CommunalArea	1616
1637	10	CommunalArea	1617
1638	10	CommunalArea	1618
1639	4	CommunalArea	1619
1640	8	CommunalArea	1620
1641	4	CommunalArea	1621
1642	10	CommunalArea	1622
1643	10	CommunalArea	1623
1644	10	CommunalArea	1624
1645	10	CommunalArea	1625
1646	10	CommunalArea	1626
1647	10	CommunalArea	1627
1648	10	CommunalArea	1628
1649	10	CommunalArea	1629
1650	5	CommunalArea	1630
1651	10	CommunalArea	1631
1652	10	CommunalArea	1632
1653	10	CommunalArea	1633
1654	5	CommunalArea	1634
1655	4	CommunalArea	1635
1656	5	CommunalArea	1636
1657	10	CommunalArea	1637
1658	10	CommunalArea	1638
1659	7	CommunalArea	1639
1660	10	CommunalArea	1640
1661	10	CommunalArea	1641
1662	10	CommunalArea	1642
1663	10	CommunalArea	1643
1664	10	CommunalArea	1644
1665	10	CommunalArea	1645
1666	15	CommunalArea	1646
1667	10	CommunalArea	1647
1668	10	CommunalArea	1648
1669	10	CommunalArea	1649
1670	10	CommunalArea	1650
1671	8	CommunalArea	1651
1672	10	CommunalArea	1652
1673	10	CommunalArea	1653
1674	15	CommunalArea	1654
1675	15	CommunalArea	1655
1676	10	CommunalArea	1656
1677	10	CommunalArea	1657
1678	10	CommunalArea	1658
1679	10	CommunalArea	1659
1680	10	CommunalArea	1660
1681	10	CommunalArea	1661
1682	10	CommunalArea	1662
1683	10	CommunalArea	1663
1684	10	CommunalArea	1664
1685	10	CommunalArea	1665
1686	10	CommunalArea	1666
1687	10	CommunalArea	1667
1688	10	CommunalArea	1668
1689	4	CommunalArea	1669
1690	4	CommunalArea	1670
1691	10	CommunalArea	1671
1692	10	CommunalArea	1672
1693	10	CommunalArea	1673
1694	12	CommunalArea	1674
1695	10	CommunalArea	1675
1696	10	CommunalArea	1676
1697	10	CommunalArea	1677
1698	10	CommunalArea	1678
1699	10	CommunalArea	1679
1700	10	CommunalArea	1680
1701	10	CommunalArea	1681
1702	10	CommunalArea	1682
1703	4	CommunalArea	1683
1704	11	CommunalArea	1684
1705	4	CommunalArea	1685
1706	4	CommunalArea	1686
1707	4	CommunalArea	1687
1708	4	CommunalArea	1688
1709	4	CommunalArea	1689
1710	4	CommunalArea	1690
1711	10	CommunalArea	1691
1712	10	CommunalArea	1692
1713	10	CommunalArea	1693
1714	10	CommunalArea	1694
1715	10	CommunalArea	1695
1716	4	CommunalArea	1696
1717	10	CommunalArea	1697
1718	10	CommunalArea	1698
1719	10	CommunalArea	1699
1720	10	CommunalArea	1700
1721	10	CommunalArea	1701
1722	10	CommunalArea	1702
1723	10	CommunalArea	1703
1724	10	CommunalArea	1704
1725	10	CommunalArea	1705
1726	10	CommunalArea	1706
1727	10	CommunalArea	1707
1728	10	CommunalArea	1708
1729	10	CommunalArea	1709
1730	10	CommunalArea	1710
1731	10	CommunalArea	1711
1732	10	CommunalArea	1712
1733	7	CommunalArea	1713
1734	10	CommunalArea	1714
1735	10	CommunalArea	1715
1736	10	CommunalArea	1716
1737	10	CommunalArea	1717
1738	10	CommunalArea	1718
1739	10	CommunalArea	1719
1740	10	CommunalArea	1720
1741	10	CommunalArea	1721
1742	10	CommunalArea	1722
1743	10	CommunalArea	1723
1744	10	CommunalArea	1724
1745	10	CommunalArea	1725
1746	10	CommunalArea	1726
1747	10	CommunalArea	1727
1748	10	CommunalArea	1728
1749	10	CommunalArea	1729
1750	10	CommunalArea	1730
1751	10	CommunalArea	1731
1752	10	CommunalArea	1732
1753	10	CommunalArea	1733
1754	10	CommunalArea	1734
1755	10	CommunalArea	1735
1756	10	CommunalArea	1736
1757	10	CommunalArea	1737
1758	10	CommunalArea	1738
1759	10	CommunalArea	1739
1760	10	CommunalArea	1740
1761	10	CommunalArea	1741
1762	10	CommunalArea	1742
1763	10	CommunalArea	1743
1764	10	CommunalArea	1744
1765	10	CommunalArea	1745
1766	10	CommunalArea	1746
1767	10	CommunalArea	1747
1768	10	CommunalArea	1748
1769	10	CommunalArea	1749
1770	10	CommunalArea	1750
1771	10	CommunalArea	1751
1772	10	CommunalArea	1752
1773	10	CommunalArea	1753
1774	10	CommunalArea	1754
1775	10	CommunalArea	1755
1776	10	CommunalArea	1756
1777	10	CommunalArea	1757
1778	10	CommunalArea	1758
1779	10	CommunalArea	1759
1780	10	CommunalArea	1760
1781	10	CommunalArea	1761
1782	10	CommunalArea	1762
1783	10	CommunalArea	1763
1784	10	CommunalArea	1764
1785	10	CommunalArea	1765
1786	10	CommunalArea	1766
1787	10	CommunalArea	1767
1788	10	CommunalArea	1768
1789	10	CommunalArea	1769
1790	10	CommunalArea	1770
1791	10	CommunalArea	1771
1792	10	CommunalArea	1772
1793	10	CommunalArea	1773
1794	10	CommunalArea	1774
1795	10	CommunalArea	1775
1796	10	CommunalArea	1776
1797	10	CommunalArea	1777
1798	10	CommunalArea	1778
1799	10	CommunalArea	1779
1800	10	CommunalArea	1780
1801	10	CommunalArea	1781
1802	10	CommunalArea	1782
1803	10	CommunalArea	1783
1804	10	CommunalArea	1784
1805	10	CommunalArea	1785
1806	10	CommunalArea	1786
1807	10	CommunalArea	1787
1808	10	CommunalArea	1788
1809	10	CommunalArea	1789
1810	10	CommunalArea	1790
1811	10	CommunalArea	1791
1812	10	CommunalArea	1792
1813	10	CommunalArea	1793
1814	10	CommunalArea	1794
1815	10	CommunalArea	1795
1816	10	CommunalArea	1796
1817	4	CommunalArea	1797
1818	10	CommunalArea	1798
1819	10	CommunalArea	1799
1820	10	CommunalArea	1800
1821	10	CommunalArea	1801
1822	10	CommunalArea	1802
1823	10	CommunalArea	1803
1824	10	CommunalArea	1804
1825	10	CommunalArea	1805
1826	10	CommunalArea	1806
1827	10	CommunalArea	1807
1828	10	CommunalArea	1808
1829	10	CommunalArea	1809
1830	10	CommunalArea	1810
1831	10	CommunalArea	1811
1832	10	CommunalArea	1812
1833	10	CommunalArea	1813
1834	10	CommunalArea	1814
1835	12	CommunalArea	1815
1836	10	CommunalArea	1816
1837	5	CommunalArea	1817
1838	10	CommunalArea	1818
1839	10	CommunalArea	1819
1840	4	CommunalArea	1820
1841	4	CommunalArea	1821
1842	4	CommunalArea	1822
1843	4	CommunalArea	1823
1844	4	CommunalArea	1824
1845	4	CommunalArea	1825
1846	4	CommunalArea	1826
1847	4	CommunalArea	1827
1848	4	CommunalArea	1828
1849	4	CommunalArea	1829
1850	4	CommunalArea	1830
1851	4	CommunalArea	1831
1852	4	CommunalArea	1832
1853	4	CommunalArea	1833
1854	4	CommunalArea	1834
1855	4	CommunalArea	1835
1856	4	CommunalArea	1836
1857	4	CommunalArea	1837
1858	4	CommunalArea	1838
1859	10	CommunalArea	1839
1860	10	CommunalArea	1840
1861	10	CommunalArea	1841
1862	6	CommunalArea	1842
1863	15	CommunalArea	1843
1864	12	CommunalArea	1844
1865	10	CommunalArea	1845
1866	10	CommunalArea	1846
1867	10	CommunalArea	1847
1868	10	CommunalArea	1848
1869	10	CommunalArea	1849
1870	10	CommunalArea	1850
1871	10	CommunalArea	1851
1872	10	CommunalArea	1852
1873	10	CommunalArea	1853
1874	10	CommunalArea	1854
1875	10	CommunalArea	1855
1876	10	CommunalArea	1856
1877	10	CommunalArea	1857
1878	10	CommunalArea	1858
1879	10	CommunalArea	1859
1880	10	CommunalArea	1860
1881	10	CommunalArea	1861
1882	10	CommunalArea	1862
1883	10	CommunalArea	1863
1884	10	CommunalArea	1864
1885	10	CommunalArea	1865
1886	10	CommunalArea	1866
1887	10	CommunalArea	1867
1888	10	CommunalArea	1868
1889	10	CommunalArea	1869
1890	10	CommunalArea	1870
1891	10	CommunalArea	1871
1892	10	CommunalArea	1872
1893	10	CommunalArea	1873
1894	10	CommunalArea	1874
1895	10	CommunalArea	1875
1896	10	CommunalArea	1876
1897	10	CommunalArea	1877
1898	10	CommunalArea	1878
1899	10	CommunalArea	1879
1900	10	CommunalArea	1880
1901	10	CommunalArea	1881
1902	4	CommunalArea	1882
1903	4	CommunalArea	1883
1904	4	CommunalArea	1884
1905	4	CommunalArea	1885
1906	4	CommunalArea	1886
1907	10	CommunalArea	1887
1908	10	CommunalArea	1888
1909	10	CommunalArea	1889
1910	10	CommunalArea	1890
1911	10	CommunalArea	1891
1912	4	CommunalArea	1892
1913	10	CommunalArea	1893
1914	4	CommunalArea	1894
1915	4	CommunalArea	1895
1916	10	CommunalArea	1896
1917	10	CommunalArea	1897
1918	10	CommunalArea	1898
1919	10	CommunalArea	1899
1920	10	CommunalArea	1900
1921	10	CommunalArea	1901
1922	10	CommunalArea	1902
1923	10	CommunalArea	1903
1924	10	CommunalArea	1904
1925	10	CommunalArea	1905
1926	10	CommunalArea	1906
1927	10	CommunalArea	1907
1928	4	CommunalArea	1908
1929	4	CommunalArea	1909
1930	4	CommunalArea	1910
1931	4	CommunalArea	1911
1932	4	CommunalArea	1912
1933	4	CommunalArea	1913
1934	4	CommunalArea	1914
1935	4	CommunalArea	1915
1936	4	CommunalArea	1916
1937	4	CommunalArea	1917
1938	4	CommunalArea	1918
1939	4	CommunalArea	1919
1940	4	CommunalArea	1920
1941	4	CommunalArea	1921
1942	4	CommunalArea	1922
1943	4	CommunalArea	1923
1944	4	CommunalArea	1924
1945	4	CommunalArea	1925
1946	4	CommunalArea	1926
1947	4	CommunalArea	1927
1948	4	CommunalArea	1928
1949	4	CommunalArea	1929
1950	4	CommunalArea	1930
1951	4	CommunalArea	1931
1952	4	CommunalArea	1932
1953	4	CommunalArea	1933
1954	4	CommunalArea	1934
1955	4	CommunalArea	1935
1956	4	CommunalArea	1936
1957	4	CommunalArea	1937
1958	4	CommunalArea	1938
1959	4	CommunalArea	1939
1960	4	CommunalArea	1940
1961	4	CommunalArea	1941
1962	4	CommunalArea	1942
1963	4	CommunalArea	1943
1964	4	CommunalArea	1944
1965	4	CommunalArea	1945
1966	4	CommunalArea	1946
1967	4	CommunalArea	1947
1968	4	CommunalArea	1948
1969	4	CommunalArea	1949
1970	4	CommunalArea	1950
1971	4	CommunalArea	1951
1972	4	CommunalArea	1952
1973	4	CommunalArea	1953
1974	4	CommunalArea	1954
1975	4	CommunalArea	1955
1976	12	CommunalArea	1956
1977	4	CommunalArea	1957
1978	4	CommunalArea	1958
1979	4	CommunalArea	1959
1980	4	CommunalArea	1960
1981	4	CommunalArea	1961
1982	4	CommunalArea	1962
1983	4	CommunalArea	1963
1984	4	CommunalArea	1964
1985	4	CommunalArea	1965
1986	4	CommunalArea	1966
1987	4	CommunalArea	1967
1988	4	CommunalArea	1968
1989	4	CommunalArea	1969
1990	4	CommunalArea	1970
1991	4	CommunalArea	1971
1992	4	CommunalArea	1972
1993	4	CommunalArea	1973
1994	4	CommunalArea	1974
1995	4	CommunalArea	1975
1996	4	CommunalArea	1976
1997	10	CommunalArea	1977
1998	4	CommunalArea	1978
1999	10	CommunalArea	1979
2000	10	CommunalArea	1980
2001	10	CommunalArea	1981
2002	10	CommunalArea	1982
2003	10	CommunalArea	1983
2004	10	CommunalArea	1984
2005	10	CommunalArea	1985
2006	10	CommunalArea	1986
2007	10	CommunalArea	1987
2008	4	CommunalArea	1988
2009	10	CommunalArea	1989
2010	10	CommunalArea	1990
2011	10	CommunalArea	1991
2012	10	CommunalArea	1992
2013	10	CommunalArea	1993
2014	10	CommunalArea	1994
2015	10	CommunalArea	1995
2016	10	CommunalArea	1996
2017	4	CommunalArea	1997
2018	10	CommunalArea	1998
2019	4	CommunalArea	1999
2020	4	CommunalArea	2000
2021	10	CommunalArea	2001
2022	4	CommunalArea	2002
2023	4	CommunalArea	2003
2024	10	CommunalArea	2004
2025	10	CommunalArea	2005
2026	10	CommunalArea	2006
2027	4	CommunalArea	2007
2028	10	CommunalArea	2008
2029	10	CommunalArea	2009
2030	10	CommunalArea	2010
2031	10	CommunalArea	2011
2032	10	CommunalArea	2012
2033	10	CommunalArea	2013
2034	10	CommunalArea	2014
2035	10	CommunalArea	2015
2036	10	CommunalArea	2016
2037	10	CommunalArea	2017
2038	10	CommunalArea	2018
2039	10	CommunalArea	2019
2040	10	CommunalArea	2020
2041	10	CommunalArea	2021
2042	10	CommunalArea	2022
2043	10	CommunalArea	2023
2044	10	CommunalArea	2024
2045	10	CommunalArea	2025
2046	10	CommunalArea	2026
2047	8	CommunalArea	2027
2048	10	CommunalArea	2028
2049	10	CommunalArea	2029
2050	10	CommunalArea	2030
2051	10	CommunalArea	2031
2052	10	CommunalArea	2032
2053	10	CommunalArea	2033
2054	10	CommunalArea	2034
2055	4	CommunalArea	2035
2056	10	CommunalArea	2036
2057	10	CommunalArea	2037
2058	10	CommunalArea	2038
2059	10	CommunalArea	2039
2060	10	CommunalArea	2040
2061	10	CommunalArea	2041
2062	10	CommunalArea	2042
2063	10	CommunalArea	2043
2064	10	CommunalArea	2044
2065	10	CommunalArea	2045
2066	10	CommunalArea	2046
2067	10	CommunalArea	2047
2068	10	CommunalArea	2048
2069	10	CommunalArea	2049
2070	10	CommunalArea	2050
2071	10	CommunalArea	2051
2072	10	CommunalArea	2052
2073	10	CommunalArea	2053
2074	10	CommunalArea	2054
2075	10	CommunalArea	2055
2076	10	CommunalArea	2056
2077	10	CommunalArea	2057
2078	10	CommunalArea	2058
2079	10	CommunalArea	2059
2080	10	CommunalArea	2060
2081	10	CommunalArea	2061
2082	10	CommunalArea	2062
2083	10	CommunalArea	2063
2084	10	CommunalArea	2064
2085	10	CommunalArea	2065
2086	10	CommunalArea	2066
2087	10	CommunalArea	2067
2088	10	CommunalArea	2068
2089	10	CommunalArea	2069
2090	10	CommunalArea	2070
2091	10	CommunalArea	2071
2092	8	CommunalArea	2072
2093	8	CommunalArea	2073
2094	8	CommunalArea	2074
2095	8	CommunalArea	2075
2096	8	CommunalArea	2076
2097	8	CommunalArea	2077
2098	8	CommunalArea	2078
2099	12	CommunalArea	2079
2100	6	CommunalArea	2080
2101	12	CommunalArea	2081
2102	12	CommunalArea	2082
2103	10	CommunalArea	2083
2104	10	CommunalArea	2084
2105	10	CommunalArea	2085
2106	10	CommunalArea	2086
2107	10	CommunalArea	2087
2108	10	CommunalArea	2088
2109	10	CommunalArea	2089
2110	10	CommunalArea	2090
2111	10	CommunalArea	2091
2112	10	CommunalArea	2092
2113	10	CommunalArea	2093
2114	10	CommunalArea	2094
2115	10	CommunalArea	2095
2116	10	CommunalArea	2096
2117	10	CommunalArea	2097
2118	10	CommunalArea	2098
2119	10	CommunalArea	2099
2120	10	CommunalArea	2100
2121	10	CommunalArea	2101
2122	10	CommunalArea	2102
2123	10	CommunalArea	2103
2124	10	CommunalArea	2104
2125	10	CommunalArea	2105
2126	10	CommunalArea	2106
2127	10	CommunalArea	2107
2128	10	CommunalArea	2108
2129	10	CommunalArea	2109
2130	10	CommunalArea	2110
2131	10	CommunalArea	2111
2132	10	CommunalArea	2112
2133	10	CommunalArea	2113
2134	10	CommunalArea	2114
2135	7	CommunalArea	2115
2136	10	CommunalArea	2116
2137	4	CommunalArea	2117
2138	10	CommunalArea	2118
2139	10	CommunalArea	2119
2140	10	CommunalArea	2120
2141	10	CommunalArea	2121
2142	10	CommunalArea	2122
2143	10	CommunalArea	2123
2144	10	CommunalArea	2124
2145	10	CommunalArea	2125
2146	12	CommunalArea	2126
2147	8	CommunalArea	2127
2148	10	CommunalArea	2128
2149	10	CommunalArea	2129
2150	10	CommunalArea	2130
2151	10	CommunalArea	2131
2152	10	CommunalArea	2132
2153	10	CommunalArea	2133
2154	10	CommunalArea	2134
2155	5	CommunalArea	2135
2156	10	CommunalArea	2136
2157	10	CommunalArea	2137
2158	10	CommunalArea	2138
2159	10	CommunalArea	2139
2160	10	CommunalArea	2140
2161	10	CommunalArea	2141
2162	10	CommunalArea	2142
2163	10	CommunalArea	2143
2164	12	CommunalArea	2144
2165	12	CommunalArea	2145
2166	10	CommunalArea	2146
2167	10	CommunalArea	2147
2168	10	CommunalArea	2148
2169	10	CommunalArea	2149
2170	10	CommunalArea	2150
2171	10	CommunalArea	2151
2172	10	CommunalArea	2152
2173	10	CommunalArea	2153
2174	10	CommunalArea	2154
2175	10	CommunalArea	2155
2176	17	CommunalArea	2156
2177	10	CommunalArea	2157
2178	10	CommunalArea	2158
2179	4	CommunalArea	2159
2180	6	CommunalArea	2160
2181	4	CommunalArea	2161
2182	6	CommunalArea	2162
2183	10	CommunalArea	2163
2184	4	CommunalArea	2164
2185	4	CommunalArea	2165
2186	4	CommunalArea	2166
2187	4	CommunalArea	2167
2188	4	CommunalArea	2168
2189	4	CommunalArea	2169
2190	5	CommunalArea	2170
2191	5	CommunalArea	2171
2192	5	CommunalArea	2172
2193	5	CommunalArea	2173
2194	5	CommunalArea	2174
2195	5	CommunalArea	2175
2196	5	CommunalArea	2176
2197	5	CommunalArea	2177
2198	5	CommunalArea	2178
2199	5	CommunalArea	2179
2200	10	CommunalArea	2180
2201	10	CommunalArea	2181
2202	10	CommunalArea	2182
2203	10	CommunalArea	2183
2204	8	CommunalArea	2184
2205	10	CommunalArea	2185
2206	8	CommunalArea	2186
2207	10	CommunalArea	2187
2208	10	CommunalArea	2188
2209	4	CommunalArea	2189
2210	18	CommunalArea	2190
2211	10	CommunalArea	2191
2212	4	CommunalArea	2192
2213	10	CommunalArea	2193
2214	4	CommunalArea	2194
2215	10	CommunalArea	2195
2216	4	CommunalArea	2196
2217	8	CommunalArea	2197
2218	10	CommunalArea	2198
2219	5	CommunalArea	2199
2220	10	CommunalArea	2200
2221	10	CommunalArea	2201
2222	8	CommunalArea	2202
2223	5	CommunalArea	2203
2224	10	CommunalArea	2204
2225	10	CommunalArea	2205
2226	8	CommunalArea	2206
2227	5	CommunalArea	2207
2228	4	CommunalArea	2208
2229	10	CommunalArea	2209
2230	9	CommunalArea	2210
2231	10	CommunalArea	2211
2232	4	CommunalArea	2212
2233	10	CommunalArea	2213
2234	10	CommunalArea	2214
2235	10	CommunalArea	2215
2236	8	CommunalArea	2216
2237	8	CommunalArea	2217
2238	8	CommunalArea	2218
2239	8	CommunalArea	2219
2240	8	CommunalArea	2220
2241	8	CommunalArea	2221
2242	10	CommunalArea	2222
2243	10	CommunalArea	2223
2244	10	CommunalArea	2224
2245	12	CommunalArea	2225
2246	10	CommunalArea	2226
2247	10	CommunalArea	2227
2248	4	CommunalArea	2228
2249	8	CommunalArea	2229
2250	10	CommunalArea	2230
2251	10	CommunalArea	2231
2252	10	CommunalArea	2232
2253	10	CommunalArea	2233
2254	5	CommunalArea	2234
2255	10	CommunalArea	2235
2256	10	CommunalArea	2236
2257	5	CommunalArea	2237
2258	10	CommunalArea	2238
2259	10	CommunalArea	2239
2260	5	CommunalArea	2240
2261	10	CommunalArea	2241
2262	10	CommunalArea	2242
2263	8	CommunalArea	2243
2264	10	CommunalArea	2244
2265	4	CommunalArea	2245
2266	4	CommunalArea	2246
2267	10	CommunalArea	2247
2268	19	CommunalArea	2248
2269	10	CommunalArea	2249
2270	19	CommunalArea	2250
2271	8	CommunalArea	2251
2272	10	CommunalArea	2252
2273	4	CommunalArea	2253
2274	10	CommunalArea	2254
2275	4	CommunalArea	2255
2276	10	CommunalArea	2256
2277	10	CommunalArea	2257
2278	10	CommunalArea	2258
2279	11	CommunalArea	2259
2280	10	CommunalArea	2260
2281	10	CommunalArea	2261
2282	4	CommunalArea	2262
2283	10	CommunalArea	2263
2284	10	CommunalArea	2264
2285	8	CommunalArea	2265
2286	10	CommunalArea	2266
2287	10	CommunalArea	2267
2288	4	CommunalArea	2268
2289	8	CommunalArea	2269
2290	10	CommunalArea	2270
2291	10	CommunalArea	2271
2292	4	CommunalArea	2272
2293	10	CommunalArea	2273
2294	10	CommunalArea	2274
2295	10	CommunalArea	2275
2296	10	CommunalArea	2276
2297	4	CommunalArea	2277
2298	4	CommunalArea	2278
2299	10	CommunalArea	2279
2300	4	CommunalArea	2280
2301	5	CommunalArea	2281
2302	10	CommunalArea	2282
2303	10	CommunalArea	2283
2304	8	CommunalArea	2284
2305	5	CommunalArea	2285
2306	10	CommunalArea	2286
2307	4	CommunalArea	2287
2308	4	CommunalArea	2288
2309	10	CommunalArea	2289
2310	10	CommunalArea	2290
2311	4	CommunalArea	2291
2312	10	CommunalArea	2292
2313	4	CommunalArea	2293
2314	4	CommunalArea	2294
2315	4	CommunalArea	2295
2316	10	CommunalArea	2296
2317	4	CommunalArea	2297
2318	8	CommunalArea	2298
2319	6	CommunalArea	2299
2320	10	CommunalArea	2300
2321	10	CommunalArea	2301
2322	5	CommunalArea	2302
2323	5	CommunalArea	2303
2324	7	CommunalArea	2304
2325	10	CommunalArea	2305
2326	10	CommunalArea	2306
2327	8	CommunalArea	2307
2328	10	CommunalArea	2308
2329	17	CommunalArea	2309
2330	8	CommunalArea	2310
2331	10	CommunalArea	2311
2332	6	CommunalArea	2312
2333	10	CommunalArea	2313
2334	10	CommunalArea	2314
2335	10	CommunalArea	2315
2336	4	CommunalArea	2316
2337	10	CommunalArea	2317
2338	6	CommunalArea	2318
2339	10	CommunalArea	2319
2340	8	CommunalArea	2320
2341	4	CommunalArea	2321
2342	10	CommunalArea	2322
2343	10	CommunalArea	2323
2344	10	CommunalArea	2324
2345	10	CommunalArea	2325
2346	10	CommunalArea	2326
2347	10	CommunalArea	2327
2348	10	CommunalArea	2328
2349	10	CommunalArea	2329
2350	10	CommunalArea	2330
2351	7	CommunalArea	2331
2352	5	CommunalArea	2332
2353	5	CommunalArea	2333
2354	5	CommunalArea	2334
2355	5	CommunalArea	2335
2356	5	CommunalArea	2336
2357	10	CommunalArea	2337
2358	5	CommunalArea	2338
2359	5	CommunalArea	2339
2360	5	CommunalArea	2340
2361	5	CommunalArea	2341
2362	5	CommunalArea	2342
2363	5	CommunalArea	2343
2364	5	CommunalArea	2344
2365	5	CommunalArea	2345
2366	5	CommunalArea	2346
2367	5	CommunalArea	2347
2368	5	CommunalArea	2348
2369	5	CommunalArea	2349
2370	5	CommunalArea	2350
2371	5	CommunalArea	2351
2372	5	CommunalArea	2352
2373	5	CommunalArea	2353
2374	5	CommunalArea	2354
2375	5	CommunalArea	2355
2376	5	CommunalArea	2356
2377	5	CommunalArea	2357
2378	5	CommunalArea	2358
2379	5	CommunalArea	2359
2380	5	CommunalArea	2360
2381	5	CommunalArea	2361
2382	5	CommunalArea	2362
2383	5	CommunalArea	2363
2384	5	CommunalArea	2364
2385	5	CommunalArea	2365
2386	5	CommunalArea	2366
2387	5	CommunalArea	2367
2388	5	CommunalArea	2368
2389	5	CommunalArea	2369
2390	5	CommunalArea	2370
2391	5	CommunalArea	2371
2392	5	CommunalArea	2372
2393	5	CommunalArea	2373
2394	5	CommunalArea	2374
2395	5	CommunalArea	2375
2396	5	CommunalArea	2376
2397	8	CommunalArea	2377
2398	5	CommunalArea	2378
2399	5	CommunalArea	2379
2400	5	CommunalArea	2380
2401	5	CommunalArea	2381
2402	9	CommunalArea	2382
2403	9	CommunalArea	2383
2404	10	CommunalArea	2384
2405	10	CommunalArea	2385
2406	5	CommunalArea	2386
2407	10	CommunalArea	2387
2408	4	CommunalArea	2388
2409	10	CommunalArea	2389
2410	12	CommunalArea	2390
2411	10	CommunalArea	2391
2412	10	CommunalArea	2392
2413	4	CommunalArea	2393
2414	4	CommunalArea	2394
2415	16	CommunalArea	2395
2416	8	CommunalArea	2396
2417	8	CommunalArea	2397
2418	8	CommunalArea	2398
2419	8	CommunalArea	2399
2420	10	CommunalArea	2400
2421	10	CommunalArea	2401
2422	10	CommunalArea	2402
2423	10	CommunalArea	2403
2424	5	CommunalArea	2404
2425	4	CommunalArea	2405
2426	10	CommunalArea	2406
2427	8	CommunalArea	2407
2428	10	CommunalArea	2408
2429	4	CommunalArea	2409
2430	9	CommunalArea	2410
2431	12	CommunalArea	2411
2432	4	CommunalArea	2412
2433	9	CommunalArea	2413
2434	4	CommunalArea	2414
2435	9	CommunalArea	2415
2436	9	CommunalArea	2416
2437	9	CommunalArea	2417
2438	9	CommunalArea	2418
2439	9	CommunalArea	2419
2440	9	CommunalArea	2420
2441	9	CommunalArea	2421
2442	9	CommunalArea	2422
2443	9	CommunalArea	2423
2444	9	CommunalArea	2424
2445	9	CommunalArea	2425
2446	9	CommunalArea	2426
2447	9	CommunalArea	2427
2448	9	CommunalArea	2428
2449	9	CommunalArea	2429
2450	9	CommunalArea	2430
2451	9	CommunalArea	2431
2452	9	CommunalArea	2432
2453	12	CommunalArea	2433
2454	8	CommunalArea	2434
2455	10	CommunalArea	2435
2456	9	CommunalArea	2436
2457	9	CommunalArea	2437
2458	4	CommunalArea	2438
2459	4	CommunalArea	2439
2460	4	CommunalArea	2440
2461	4	CommunalArea	2441
2462	4	CommunalArea	2442
2463	4	CommunalArea	2443
2464	4	CommunalArea	2444
2465	4	CommunalArea	2445
2466	4	CommunalArea	2446
2467	4	CommunalArea	2447
2468	4	CommunalArea	2448
2469	4	CommunalArea	2449
2470	4	CommunalArea	2450
2471	4	CommunalArea	2451
2472	4	CommunalArea	2452
2473	4	CommunalArea	2453
2474	4	CommunalArea	2454
2475	4	CommunalArea	2455
2476	4	CommunalArea	2456
2477	4	CommunalArea	2457
2478	4	CommunalArea	2458
2479	4	CommunalArea	2459
2480	4	CommunalArea	2460
2481	4	CommunalArea	2461
2482	4	CommunalArea	2462
2483	4	CommunalArea	2463
2484	4	CommunalArea	2464
2485	4	CommunalArea	2465
2486	4	CommunalArea	2466
2487	4	CommunalArea	2467
2488	4	CommunalArea	2468
2489	4	CommunalArea	2469
2490	4	CommunalArea	2470
2491	4	CommunalArea	2471
2492	4	CommunalArea	2472
2493	4	CommunalArea	2473
2494	4	CommunalArea	2474
2495	4	CommunalArea	2475
2496	4	CommunalArea	2476
2497	4	CommunalArea	2477
2498	4	CommunalArea	2478
2499	4	CommunalArea	2479
2500	4	CommunalArea	2480
2501	4	CommunalArea	2481
2502	4	CommunalArea	2482
2503	4	CommunalArea	2483
2504	4	CommunalArea	2484
2505	4	CommunalArea	2485
2506	10	CommunalArea	2486
2507	10	CommunalArea	2487
2508	4	CommunalArea	2488
2509	4	CommunalArea	2489
2510	5	CommunalArea	2490
2511	4	CommunalArea	2491
2512	4	CommunalArea	2492
2513	4	CommunalArea	2493
2514	4	CommunalArea	2494
2515	4	CommunalArea	2495
2516	4	CommunalArea	2496
2517	4	CommunalArea	2497
2518	4	CommunalArea	2498
2519	4	CommunalArea	2499
2520	4	CommunalArea	2500
2521	4	CommunalArea	2501
2522	4	CommunalArea	2502
2523	4	CommunalArea	2503
2524	10	CommunalArea	2504
2525	10	CommunalArea	2505
2526	10	CommunalArea	2506
2527	10	CommunalArea	2507
2528	10	CommunalArea	2508
2529	10	CommunalArea	2509
2530	10	CommunalArea	2510
2531	10	CommunalArea	2511
2532	10	CommunalArea	2512
2533	10	CommunalArea	2513
2534	10	CommunalArea	2514
2535	10	CommunalArea	2515
2536	10	CommunalArea	2516
2537	10	CommunalArea	2517
2538	10	CommunalArea	2518
2539	10	CommunalArea	2519
2540	10	CommunalArea	2520
2541	10	CommunalArea	2521
2542	10	CommunalArea	2522
2543	10	CommunalArea	2523
2544	10	CommunalArea	2524
2545	10	CommunalArea	2525
2546	10	CommunalArea	2526
2547	10	CommunalArea	2527
2548	10	CommunalArea	2528
2549	10	CommunalArea	2529
2550	10	CommunalArea	2530
2551	10	CommunalArea	2531
2552	10	CommunalArea	2532
2553	10	CommunalArea	2533
2554	10	CommunalArea	2534
2555	10	CommunalArea	2535
2556	10	CommunalArea	2536
2557	10	CommunalArea	2537
2558	10	CommunalArea	2538
2559	10	CommunalArea	2539
2560	10	CommunalArea	2540
2561	10	CommunalArea	2541
2562	10	CommunalArea	2542
2563	10	CommunalArea	2543
2564	10	CommunalArea	2544
2565	10	CommunalArea	2545
2566	10	CommunalArea	2546
2567	10	CommunalArea	2547
2568	10	CommunalArea	2548
2569	10	CommunalArea	2549
2570	10	CommunalArea	2550
2571	10	CommunalArea	2551
2572	10	CommunalArea	2552
2573	10	CommunalArea	2553
2574	10	CommunalArea	2554
2575	10	CommunalArea	2555
2576	10	CommunalArea	2556
2577	10	CommunalArea	2557
2578	10	CommunalArea	2558
2579	10	CommunalArea	2559
2580	10	CommunalArea	2560
2581	10	CommunalArea	2561
2582	10	CommunalArea	2562
2583	10	CommunalArea	2563
2584	10	CommunalArea	2564
2585	10	CommunalArea	2565
2586	10	CommunalArea	2566
2587	10	CommunalArea	2567
2588	10	CommunalArea	2568
2589	10	CommunalArea	2569
2590	10	CommunalArea	2570
2591	10	CommunalArea	2571
2592	10	CommunalArea	2572
2593	10	CommunalArea	2573
2594	10	CommunalArea	2574
2595	10	CommunalArea	2575
2596	10	CommunalArea	2576
2597	10	CommunalArea	2577
2598	10	CommunalArea	2578
2599	10	CommunalArea	2579
2600	10	CommunalArea	2580
2601	10	CommunalArea	2581
2602	10	CommunalArea	2582
2603	10	CommunalArea	2583
2604	10	CommunalArea	2584
2605	10	CommunalArea	2585
2606	10	CommunalArea	2586
2607	10	CommunalArea	2587
2608	10	CommunalArea	2588
2609	10	CommunalArea	2589
2610	10	CommunalArea	2590
2611	10	CommunalArea	2591
2612	10	CommunalArea	2592
2613	10	CommunalArea	2593
2614	10	CommunalArea	2594
2615	10	CommunalArea	2595
2616	10	CommunalArea	2596
2617	10	CommunalArea	2597
2618	10	CommunalArea	2598
2619	10	CommunalArea	2599
2620	10	CommunalArea	2600
2621	10	CommunalArea	2601
2622	10	CommunalArea	2602
2623	10	CommunalArea	2603
2624	10	CommunalArea	2604
2625	10	CommunalArea	2605
2626	10	CommunalArea	2606
2627	10	CommunalArea	2607
2628	10	CommunalArea	2608
2629	10	CommunalArea	2609
2630	10	CommunalArea	2610
2631	10	CommunalArea	2611
2632	10	CommunalArea	2612
2633	10	CommunalArea	2613
2634	10	CommunalArea	2614
2635	10	CommunalArea	2615
2636	10	CommunalArea	2616
2637	10	CommunalArea	2617
2638	10	CommunalArea	2618
2639	10	CommunalArea	2619
2640	10	CommunalArea	2620
2641	10	CommunalArea	2621
2642	10	CommunalArea	2622
2643	10	CommunalArea	2623
2644	10	CommunalArea	2624
2645	10	CommunalArea	2625
2646	10	CommunalArea	2626
2647	10	CommunalArea	2627
2648	10	CommunalArea	2628
2649	10	CommunalArea	2629
2650	10	CommunalArea	2630
2651	10	CommunalArea	2631
2652	10	CommunalArea	2632
2653	10	CommunalArea	2633
2654	10	CommunalArea	2634
2655	10	CommunalArea	2635
2656	10	CommunalArea	2636
2657	10	CommunalArea	2637
2658	10	CommunalArea	2638
2659	10	CommunalArea	2639
2660	10	CommunalArea	2640
2661	10	CommunalArea	2641
2662	10	CommunalArea	2642
2663	10	CommunalArea	2643
2664	10	CommunalArea	2644
2665	10	CommunalArea	2645
2666	10	CommunalArea	2646
2667	10	CommunalArea	2647
2668	10	CommunalArea	2648
2669	10	CommunalArea	2649
2670	10	CommunalArea	2650
2671	10	CommunalArea	2651
2672	10	CommunalArea	2652
2673	10	CommunalArea	2653
2674	10	CommunalArea	2654
2675	10	CommunalArea	2655
2676	10	CommunalArea	2656
2677	10	CommunalArea	2657
2678	10	CommunalArea	2658
2679	10	CommunalArea	2659
2680	10	CommunalArea	2660
2681	10	CommunalArea	2661
2682	10	CommunalArea	2662
2683	10	CommunalArea	2663
2684	10	CommunalArea	2664
2685	10	CommunalArea	2665
2686	10	CommunalArea	2666
2687	10	CommunalArea	2667
2688	10	CommunalArea	2668
2689	10	CommunalArea	2669
2690	10	CommunalArea	2670
2691	10	CommunalArea	2671
2692	10	CommunalArea	2672
2693	10	CommunalArea	2673
2694	10	CommunalArea	2674
2695	10	CommunalArea	2675
2696	10	CommunalArea	2676
2697	10	CommunalArea	2677
2698	10	CommunalArea	2678
2699	10	CommunalArea	2679
2700	10	CommunalArea	2680
2701	10	CommunalArea	2681
2702	10	CommunalArea	2682
2703	10	CommunalArea	2683
2704	10	CommunalArea	2684
2705	10	CommunalArea	2685
2706	10	CommunalArea	2686
2707	10	CommunalArea	2687
2708	10	CommunalArea	2688
2709	10	CommunalArea	2689
2710	10	CommunalArea	2690
2711	10	CommunalArea	2691
2712	10	CommunalArea	2692
2713	10	CommunalArea	2693
2714	10	CommunalArea	2694
2715	10	CommunalArea	2695
2716	10	CommunalArea	2696
2717	10	CommunalArea	2697
2718	10	CommunalArea	2698
2719	10	CommunalArea	2699
2720	10	CommunalArea	2700
2721	10	CommunalArea	2701
2722	10	CommunalArea	2702
2723	10	CommunalArea	2703
2724	10	CommunalArea	2704
2725	10	CommunalArea	2705
2726	10	CommunalArea	2706
2727	10	CommunalArea	2707
2728	10	CommunalArea	2708
2729	10	CommunalArea	2709
2730	10	CommunalArea	2710
2731	10	CommunalArea	2711
2732	10	CommunalArea	2712
2733	9	CommunalArea	2713
2734	9	CommunalArea	2714
2735	9	CommunalArea	2715
2736	4	CommunalArea	2716
2737	4	CommunalArea	2717
2738	4	CommunalArea	2718
2739	4	CommunalArea	2719
2740	4	CommunalArea	2720
2741	12	CommunalArea	2721
2742	5	CommunalArea	2722
2743	9	CommunalArea	2723
2744	12	CommunalArea	2724
2745	12	CommunalArea	2725
2746	5	CommunalArea	2726
2747	5	CommunalArea	2727
2748	17	CommunalArea	2728
2749	5	CommunalArea	2729
2750	5	CommunalArea	2730
2751	5	CommunalArea	2731
2752	5	CommunalArea	2732
2753	5	CommunalArea	2733
2754	5	CommunalArea	2734
2755	5	CommunalArea	2735
2756	5	CommunalArea	2736
2757	5	CommunalArea	2737
2758	5	CommunalArea	2738
2759	5	CommunalArea	2739
2760	5	CommunalArea	2740
2761	5	CommunalArea	2741
2762	5	CommunalArea	2742
2763	5	CommunalArea	2743
2764	5	CommunalArea	2744
2765	5	CommunalArea	2745
2766	5	CommunalArea	2746
2767	5	CommunalArea	2747
2768	5	CommunalArea	2748
2769	5	CommunalArea	2749
2770	5	CommunalArea	2750
2771	5	CommunalArea	2751
2772	5	CommunalArea	2752
2773	5	CommunalArea	2753
2774	5	CommunalArea	2754
2775	5	CommunalArea	2755
2776	5	CommunalArea	2756
2777	5	CommunalArea	2757
2778	12	CommunalArea	2758
2779	8	CommunalArea	2759
2780	9	CommunalArea	2760
2781	10	CommunalArea	2761
2782	10	CommunalArea	2762
2783	12	CommunalArea	2763
2784	10	CommunalArea	2764
2785	5	CommunalArea	2765
2786	5	CommunalArea	2766
2787	5	CommunalArea	2767
2788	8	CommunalArea	2768
2789	5	CommunalArea	2769
2790	5	CommunalArea	2770
2791	8	CommunalArea	2771
2792	5	CommunalArea	2772
2793	12	CommunalArea	2773
2794	13	CommunalArea	2774
2795	5	CommunalArea	2775
2796	5	CommunalArea	2776
2797	5	CommunalArea	2777
2798	5	CommunalArea	2778
2799	5	CommunalArea	2779
2800	5	CommunalArea	2780
2801	5	CommunalArea	2781
2802	5	CommunalArea	2782
2803	5	CommunalArea	2783
2804	5	CommunalArea	2784
2805	5	CommunalArea	2785
2806	8	CommunalArea	2786
2807	5	CommunalArea	2787
2808	9	CommunalArea	2788
2809	12	CommunalArea	2789
2810	5	CommunalArea	2790
2811	5	CommunalArea	2791
2812	5	CommunalArea	2792
2813	5	CommunalArea	2793
2814	5	CommunalArea	2794
2815	5	CommunalArea	2795
2816	5	CommunalArea	2796
2817	5	CommunalArea	2797
2818	5	CommunalArea	2798
2819	5	CommunalArea	2799
2820	5	CommunalArea	2800
2821	5	CommunalArea	2801
2822	5	CommunalArea	2802
2823	5	CommunalArea	2803
2824	5	CommunalArea	2804
2825	5	CommunalArea	2805
2826	5	CommunalArea	2806
2827	5	CommunalArea	2807
2828	5	CommunalArea	2808
2829	5	CommunalArea	2809
2830	5	CommunalArea	2810
2831	5	CommunalArea	2811
2832	5	CommunalArea	2812
2833	5	CommunalArea	2813
2834	5	CommunalArea	2814
2835	5	CommunalArea	2815
2836	4	CommunalArea	2816
2837	4	CommunalArea	2817
2838	5	CommunalArea	2818
2839	5	CommunalArea	2819
2840	5	CommunalArea	2820
2841	5	CommunalArea	2821
2842	5	CommunalArea	2822
2843	5	CommunalArea	2823
2844	5	CommunalArea	2824
2845	5	CommunalArea	2825
2846	4	CommunalArea	2826
2847	4	CommunalArea	2827
2848	4	CommunalArea	2828
2849	5	CommunalArea	2829
2850	5	CommunalArea	2830
2851	5	CommunalArea	2831
2852	5	CommunalArea	2832
2853	4	CommunalArea	2833
2854	4	CommunalArea	2834
2855	4	CommunalArea	2835
2856	4	CommunalArea	2836
2857	4	CommunalArea	2837
2858	4	CommunalArea	2838
2860	1	CommunalArea	2840
2863	4	LandArea	13
2865	18	LandArea	4
2866	18	LandArea	12
2867	18	LandArea	6
2868	18	LandArea	7
2869	18	LandArea	5
2870	18	LandArea	8
2871	18	LandArea	1
2872	20	CommunalArea	2841
2875	10	LandArea	6
2876	10	LandArea	7
2877	10	LandArea	5
2878	10	LandArea	8
2879	10	LandArea	1
2880	10	LandArea	13
2882	10	LandArea	12
2883	10	LandArea	4
2886	4	InvestProject	1
2887	10	InvestProject	1
2888	5	CommunalArea	2842
2889	5	CommunalArea	2843
2890	5	CommunalArea	2844
2891	5	CommunalArea	2845
2892	4	CommunalArea	2846
2893	6	CommunalArea	2847
2894	22	CommunalArea	2848
2895	22	CommunalArea	2849
2896	22	CommunalArea	2850
2897	22	CommunalArea	2851
2898	22	CommunalArea	2852
2899	22	CommunalArea	2853
2900	22	CommunalArea	2840
2901	22	CommunalArea	2854
2903	10	LandArea	15
2904	23	LandArea	15
2905	23	LandArea	16
2906	10	LandArea	16
2907	9	ProductionArea	2
2908	10	ProductionArea	2
2909	9	OfficeArea	2
2910	10	OfficeArea	2
2911	23	LandArea	17
2912	10	LandArea	17
2913	23	LandArea	18
2914	10	LandArea	18
2915	23	LandArea	19
2916	10	LandArea	19
\.


--
-- Data for Name: balancers; Type: TABLE DATA; Schema: public; Owner: invest
--

COPY public.balancers (id, name, created_at, updated_at) FROM stdin;
4	 ,   	2018-11-02 11:34:00.068833	2018-11-02 11:34:00.068833
5	 	2018-11-02 11:34:00.191039	2018-11-02 11:34:00.191039
6	    	2018-11-02 11:34:00.21615	2018-11-02 11:34:00.21615
7	     	2018-11-02 11:34:00.270993	2018-11-02 11:34:00.270993
8	  	2018-11-02 11:34:00.349589	2018-11-02 11:34:00.349589
9	 	2018-11-02 11:34:00.37562	2018-11-02 11:34:00.37562
10	  	2018-11-02 11:34:00.404539	2018-11-02 11:34:00.404539
11	  	2018-11-02 11:34:01.957868	2018-11-02 11:34:01.957868
12	     	2018-11-02 11:34:07.934176	2018-11-02 11:34:07.934176
13	  	2018-11-02 11:34:08.35217	2018-11-02 11:34:08.35217
14	 - 	2018-11-02 11:34:10.250922	2018-11-02 11:34:10.250922
15	  	2018-11-02 11:34:10.364978	2018-11-02 11:34:10.364978
16	      	2018-11-02 11:34:24.772939	2018-11-02 11:34:24.772939
17	    	2018-11-02 11:34:40.674183	2018-11-02 11:34:40.674183
18	  	2018-11-02 11:34:41.506295	2018-11-02 11:34:41.506295
19	    	2018-11-02 11:34:42.738203	2018-11-02 11:34:42.738203
20	  	2018-12-18 13:31:33.693708	2018-12-18 13:31:33.693708
22		2019-01-11 13:57:26.19648	2019-01-11 13:57:26.19648
23	  	2019-02-12 08:34:45.238818	2019-02-12 08:34:45.238818
\.


--
-- Data for Name: block_material_content_translations; Type: TABLE DATA; Schema: public; Owner: invest
--

COPY public.block_material_content_translations (id, block_material_content_id, locale, created_at, updated_at, title, description) FROM stdin;
\.


--
-- Data for Name: block_material_contents; Type: TABLE DATA; Schema: public; Owner: invest
--

COPY public.block_material_contents (id, block_material_id, image, "position") FROM stdin;
\.


--
-- Data for Name: block_materials; Type: TABLE DATA; Schema: public; Owner: invest
--

COPY public.block_materials (id, link, created_at, updated_at) FROM stdin;
\.


--
-- Data for Name: ckeditor_assets; Type: TABLE DATA; Schema: public; Owner: invest
--

COPY public.ckeditor_assets (id, data_file_name, data_content_type, data_file_size, type, width, height, created_at, updated_at) FROM stdin;
1	lol.jpg	image/jpeg	54409	Ckeditor::Picture	600	600	2018-08-27 14:43:29.143574	2018-08-27 14:43:29.143574
2	Screenshot_17.png	image/png	131568	Ckeditor::Picture	1415	801	2018-08-27 14:50:43.499792	2018-08-27 14:50:43.499792
3	IMG_7284-.JPG	image/jpeg	21588848	Ckeditor::Picture	8700	2695	2018-08-28 09:33:47.281496	2018-08-28 09:33:47.281496
4	1.png	image/png	26733	Ckeditor::Picture	649	397	2018-08-28 15:42:02.063913	2018-08-28 15:42:02.063913
5	1.png	image/png	26733	Ckeditor::Picture	649	397	2018-08-28 15:42:21.923515	2018-08-28 15:42:21.923515
6	2.png	image/png	21524	Ckeditor::Picture	662	444	2018-08-28 15:43:02.079502	2018-08-28 15:43:02.079502
7	3.png	image/png	30152	Ckeditor::Picture	662	384	2018-08-28 15:45:50.834422	2018-08-28 15:45:50.834422
8	4.png	image/png	37964	Ckeditor::Picture	662	463	2018-08-28 15:46:00.403543	2018-08-28 15:46:00.403543
9	1.png	image/png	16657	Ckeditor::Picture	760	420	2018-08-28 15:48:46.260893	2018-08-28 15:48:46.260893
10	2.png	image/png	46455	Ckeditor::Picture	498	325	2018-08-28 15:49:07.293229	2018-08-28 15:49:07.293229
11	3.png	image/png	32505	Ckeditor::Picture	413	308	2018-08-28 15:49:42.686061	2018-08-28 15:49:42.686061
12	137432a9dcc3f8a439dc2bc2243306b0.png	image/png	366197	Ckeditor::Picture	1200	442	2018-08-31 13:34:15.287097	2018-08-31 13:34:15.287097
13	forum_2407__1_.jpg	image/jpeg	299464	Ckeditor::Picture	2653	1438	2018-09-03 06:06:40.845425	2018-09-03 06:06:40.845425
14	forum_2407.jpg	image/jpeg	963253	Ckeditor::Picture	3508	1857	2018-09-03 06:08:06.125592	2018-09-03 06:08:06.125592
15	.png	image/png	41917	Ckeditor::Picture	1005	739	2018-09-04 07:58:10.213886	2018-09-04 07:58:10.213886
16	.jpg	image/jpeg	1102524	Ckeditor::Picture	1806	1080	2018-09-04 08:10:47.51359	2018-09-04 08:10:47.51359
17	.JPG	image/jpeg	7444655	Ckeditor::Picture	5472	3648	2018-09-04 08:48:56.559192	2018-09-04 08:48:56.559192
18	.JPG	image/jpeg	7444655	Ckeditor::Picture	5472	3648	2018-09-04 08:59:30.65607	2018-09-04 08:59:30.65607
19	.png	image/png	524538	Ckeditor::Picture	1430	1011	2018-09-05 07:56:32.988754	2018-09-05 07:56:32.988754
20	.png	image/png	145312	Ckeditor::Picture	1823	672	2018-09-05 14:38:36.653999	2018-09-05 14:38:36.653999
21	.png	image/png	64123	Ckeditor::Picture	1060	378	2018-09-05 14:42:59.770281	2018-09-05 14:42:59.770281
22	.png	image/png	58393	Ckeditor::Picture	1516	510	2018-09-05 14:50:08.142948	2018-09-05 14:50:08.142948
23	.png	image/png	58393	Ckeditor::Picture	1516	510	2018-09-05 14:50:31.028861	2018-09-05 14:50:31.028861
24	.png	image/png	91972	Ckeditor::Picture	1125	782	2018-09-05 14:53:49.125096	2018-09-05 14:53:49.125096
25	Vinnytsia_Investment__Guide1.bmp	image/x-ms-bmp	13049814	Ckeditor::Picture	\N	\N	2018-09-06 08:52:18.360287	2018-09-06 08:52:18.360287
26	Vinnytsia_Investment__Guide2.bmp	image/x-ms-bmp	13049814	Ckeditor::Picture	\N	\N	2018-09-06 08:52:49.707252	2018-09-06 08:52:49.707252
27	Vinnytsia_Investment__Guide3.bmp	image/x-ms-bmp	13049814	Ckeditor::Picture	\N	\N	2018-09-06 08:53:08.941947	2018-09-06 08:53:08.941947
28	Vinnytsia_Investment__Guide4.bmp	image/x-ms-bmp	13049814	Ckeditor::Picture	\N	\N	2018-09-06 08:53:30.999541	2018-09-06 08:53:30.999541
29	.png	image/png	580023	Ckeditor::Picture	645	868	2018-09-06 11:59:51.773249	2018-09-06 11:59:51.773249
30	IMG_0487.JPG	image/jpeg	8259967	Ckeditor::Picture	5472	3648	2018-09-06 12:10:21.649355	2018-09-06 12:10:21.649355
31	.jpg	image/jpeg	364390	Ckeditor::Picture	1572	678	2018-10-23 12:22:00.491867	2018-10-23 12:22:00.491867
32	.jpg	image/jpeg	364390	Ckeditor::Picture	1572	678	2018-10-23 12:22:26.599965	2018-10-23 12:22:26.599965
33	.jpg	image/jpeg	98234	Ckeditor::Picture	1200	283	2018-10-23 12:22:51.465804	2018-10-23 12:22:51.465804
34	32862242_1043974489086980_5406218224742170624_o.jpg	image/jpeg	513481	Ckeditor::Picture	1824	1216	2018-10-23 12:23:44.975681	2018-10-23 12:23:44.975681
35	7fb37e7b5846efd01f66c5a29e47235eb586cd3b.png	image/png	132647	Ckeditor::Picture	830	330	2018-10-23 12:24:25.680106	2018-10-23 12:24:25.680106
36	.PNG	image/png	125866	Ckeditor::Picture	563	960	2018-10-24 13:01:38.900217	2018-10-24 13:01:38.900217
37	53.jpg	image/jpeg	2029532	Ckeditor::Picture	3365	2089	2018-10-24 13:02:21.663007	2018-10-24 13:02:21.663007
38	.PNG	image/png	407887	Ckeditor::Picture	410	960	2018-10-24 13:14:24.30058	2018-10-24 13:14:24.30058
39	53.jpg	image/jpeg	2029532	Ckeditor::Picture	3365	2089	2018-10-24 13:23:53.74149	2018-10-24 13:23:53.74149
40	.PNG	image/png	407887	Ckeditor::Picture	410	960	2018-10-25 08:46:27.227435	2018-10-25 08:46:27.227435
41	.PNG	image/png	407887	Ckeditor::Picture	410	960	2018-10-25 08:47:49.606241	2018-10-25 08:47:49.606241
42	.PNG	image/png	360614	Ckeditor::Picture	353	943	2018-10-25 09:39:47.129114	2018-10-25 09:39:47.129114
43	.PNG	image/png	406768	Ckeditor::Picture	410	956	2018-10-25 09:41:34.608539	2018-10-25 09:41:34.608539
44	muzey-1024x593.jpg	image/jpeg	82864	Ckeditor::Picture	1024	593	2018-10-25 11:35:51.845706	2018-10-25 11:35:51.845706
45	muzey-1024x593.jpg	image/jpeg	82864	Ckeditor::Picture	1024	593	2018-10-25 11:37:16.037389	2018-10-25 11:37:16.037389
46	.PNG	image/png	100877	Ckeditor::Picture	534	948	2018-10-29 09:45:37.635371	2018-10-29 09:45:37.635371
47	111.png	image/png	422326	Ckeditor::Picture	379	1021	2018-10-29 10:49:49.927328	2018-10-29 10:49:49.927328
48	.PNG	image/png	100877	Ckeditor::Picture	534	948	2018-10-29 10:59:48.989834	2018-10-29 10:59:48.989834
49	111.png	image/png	422326	Ckeditor::Picture	379	1021	2018-10-29 11:00:12.534475	2018-10-29 11:00:12.534475
50	1.png	image/png	1114498	Ckeditor::Picture	1056	816	2018-11-30 15:21:15.338753	2018-11-30 15:21:15.338753
51	2.png	image/png	642328	Ckeditor::Picture	1056	816	2018-11-30 15:22:00.808158	2018-11-30 15:22:00.808158
52	..jpg	image/jpeg	91146	Ckeditor::Picture	1280	960	2018-12-11 14:23:55.13659	2018-12-11 14:23:55.13659
53	Vinnitsa-Invest-PRINT-ukr-7.png	image/png	146123	Ckeditor::Picture	1500	715	2018-12-12 10:29:22.281246	2018-12-12 10:29:22.281246
54	tax-8c67121580bc4b849dc40fa9f5c46b2773f35e6fa86c14f15258283454596583.png	image/png	86370	Ckeditor::Picture	681	419	2018-12-12 10:29:57.412075	2018-12-12 10:29:57.412075
55	Vinnitsa-Invest-PRINT-11.png	image/png	549842	Ckeditor::Picture	1500	1088	2018-12-12 10:31:08.596273	2018-12-12 10:31:08.596273
56	.PNG	image/png	62404	Ckeditor::Picture	614	950	2018-12-18 15:36:42.833803	2018-12-18 15:36:42.833803
57	.PNG	image/png	62404	Ckeditor::Picture	614	950	2018-12-18 15:44:11.581381	2018-12-18 15:44:11.581381
58	.PNG	image/png	186534	Ckeditor::Picture	1403	947	2018-12-18 15:55:46.823509	2018-12-18 15:55:46.823509
59	1321421421.PNG	image/png	124658	Ckeditor::Picture	1780	763	2019-01-22 13:11:10.429619	2019-01-22 13:11:10.429619
60	eggwgwwg.PNG	image/png	163712	Ckeditor::Picture	1142	918	2019-01-22 13:11:24.693438	2019-01-22 13:11:24.693438
61	ghkghjkg.PNG	image/png	290600	Ckeditor::Picture	1230	906	2019-01-22 14:01:17.624411	2019-01-22 14:01:17.624411
62	C19-.pdf	application/pdf	6998202	Ckeditor::Picture	\N	\N	2019-02-11 14:02:01.03256	2019-02-11 14:02:01.03256
63	51200830_2025614777546700_2340771792093708288_o.jpg	image/jpeg	234637	Ckeditor::Picture	2048	1357	2019-02-13 07:17:45.059114	2019-02-13 07:17:45.059114
\.


--
-- Data for Name: communal_area_translations; Type: TABLE DATA; Schema: public; Owner: invest
--

COPY public.communal_area_translations (id, communal_area_id, locale, created_at, updated_at, field_category, room, object_name, address, object_type) FROM stdin;
1	1	uk	2018-11-02 11:33:59.989222	2018-11-02 11:33:59.989222	\N	\N	\N		\N
2	2	uk	2018-11-02 11:34:00.019276	2018-11-02 11:34:00.019276	\N	 .	\N		\N
5	5	uk	2018-11-02 11:34:00.118687	2018-11-02 11:34:00.118687	\N	\N	-791		\N
6	6	uk	2018-11-02 11:34:00.136856	2018-11-02 11:34:00.136856	\N	\N	-36		\N
7	7	uk	2018-11-02 11:34:00.155449	2018-11-02 11:34:00.155449	\N	\N	-513		\N
8	8	uk	2018-11-02 11:34:00.171797	2018-11-02 11:34:00.171797	\N	\N	    /	 	\N
11	11	uk	2018-11-02 11:34:00.24289	2018-11-02 11:34:00.24289	\N	\N	 "" 		\N
12	12	uk	2018-11-02 11:34:00.25739	2018-11-02 11:34:00.25739	\N	4	  2   		\N
13	13	uk	2018-11-02 11:34:00.27831	2018-11-02 11:34:00.27831	\N	- ( 10352,32 )	- ( 10352,32 ).	600-	\N
15	15	uk	2018-11-02 11:34:00.30721	2018-11-02 11:34:00.30721	\N	 1	""	.	\N
16	16	uk	2018-11-02 11:34:00.322192	2018-11-02 11:34:00.322192	\N	\N	\N		\N
20	20	uk	2018-11-02 11:34:00.425792	2018-11-02 11:34:00.425792	\N	 111, 112	  "    4"	 	\N
21	21	uk	2018-11-02 11:34:00.443985	2018-11-02 11:34:00.443985	\N	\N	-59	 	\N
22	22	uk	2018-11-02 11:34:00.459152	2018-11-02 11:34:00.459152	\N	\N	\N		\N
23	23	uk	2018-11-02 11:34:00.504562	2018-11-02 11:34:00.504562	  	  1	""	.	\N
24	24	uk	2018-11-02 11:34:00.524119	2018-11-02 11:34:00.524119	\N	14,  	\N	 	\N
25	25	uk	2018-11-02 11:34:00.539824	2018-11-02 11:34:00.539824	\N	68 ()	\N		\N
26	26	uk	2018-11-02 11:34:00.558438	2018-11-02 11:34:00.558438	\N	\N			\N
27	27	uk	2018-11-02 11:34:00.577919	2018-11-02 11:34:00.577919	\N	\N	\N	-	\N
28	28	uk	2018-11-02 11:34:00.599711	2018-11-02 11:34:00.599711	\N	\N	 ""	 	\N
29	29	uk	2018-11-02 11:34:00.615207	2018-11-02 11:34:00.615207	\N	  	\N		\N
30	30	uk	2018-11-02 11:34:00.639724	2018-11-02 11:34:00.639724	\N	\N	\N	.	\N
31	31	uk	2018-11-02 11:34:00.663976	2018-11-02 11:34:00.663976	\N	\N	 	 	\N
32	32	uk	2018-11-02 11:34:00.685762	2018-11-02 11:34:00.685762	\N	\N	 		\N
33	33	uk	2018-11-02 11:34:00.705533	2018-11-02 11:34:00.705533	\N	 	\N		\N
34	34	uk	2018-11-02 11:34:00.742602	2018-11-02 11:34:00.742602	\N	\N	   		\N
35	35	uk	2018-11-02 11:34:00.761536	2018-11-02 11:34:00.761536	\N	 	\N	.	\N
36	36	uk	2018-11-02 11:34:00.778219	2018-11-02 11:34:00.778219	\N	\N	.-. 		\N
37	37	uk	2018-11-02 11:34:00.796683	2018-11-02 11:34:00.796683	\N	 	\N	\N	\N
38	38	uk	2018-11-02 11:34:00.818912	2018-11-02 11:34:00.818912	\N	\N	 		\N
39	39	uk	2018-11-02 11:34:00.843627	2018-11-02 11:34:00.843627	\N	 	\N	8 	\N
40	40	uk	2018-11-02 11:34:00.86221	2018-11-02 11:34:00.86221	\N	\N	 		\N
41	41	uk	2018-11-02 11:34:00.881948	2018-11-02 11:34:00.881948	\N	\N	-608		\N
42	42	uk	2018-11-02 11:34:00.902856	2018-11-02 11:34:00.902856	\N	\N	\N		\N
43	43	uk	2018-11-02 11:34:00.93019	2018-11-02 11:34:00.93019	\N	\N	 	 	\N
44	44	uk	2018-11-02 11:34:00.950768	2018-11-02 11:34:00.950768	\N	\N	\N	 	\N
45	45	uk	2018-11-02 11:34:00.968584	2018-11-02 11:34:00.968584	\N	\N	   4		\N
46	46	uk	2018-11-02 11:34:00.996855	2018-11-02 11:34:00.996855	\N	\N	-50/2	 	\N
47	47	uk	2018-11-02 11:34:01.015897	2018-11-02 11:34:01.015897	\N	\N	-122	.	\N
48	48	uk	2018-11-02 11:34:01.034916	2018-11-02 11:34:01.034916	\N	\N			\N
50	50	uk	2018-11-02 11:34:01.08519	2018-11-02 11:34:01.08519	\N	\N	-886		\N
51	51	uk	2018-11-02 11:34:01.100402	2018-11-02 11:34:01.100402	\N		\N	\N	\N
52	52	uk	2018-11-02 11:34:01.117835	2018-11-02 11:34:01.117835	\N	\N			\N
53	53	uk	2018-11-02 11:34:01.13538	2018-11-02 11:34:01.13538	\N	\N	 		\N
54	54	uk	2018-11-02 11:34:01.152759	2018-11-02 11:34:01.152759	\N	\N	 	 	\N
55	55	uk	2018-11-02 11:34:01.168119	2018-11-02 11:34:01.168119	\N	\N			\N
56	56	uk	2018-11-02 11:34:01.183691	2018-11-02 11:34:01.183691	\N	 	\N	 	\N
57	57	uk	2018-11-02 11:34:01.211912	2018-11-02 11:34:01.211912	\N	\N	 		\N
58	58	uk	2018-11-02 11:34:01.236916	2018-11-02 11:34:01.236916	\N	\N	 	 	\N
59	59	uk	2018-11-02 11:34:01.26244	2018-11-02 11:34:01.26244	\N	 	\N		\N
60	60	uk	2018-11-02 11:34:01.281054	2018-11-02 11:34:01.281054	\N	\N	 		\N
61	61	uk	2018-11-02 11:34:01.299563	2018-11-02 11:34:01.299563	\N	\N	 	 	\N
62	62	uk	2018-11-02 11:34:01.315757	2018-11-02 11:34:01.315757	\N	 	\N	 	\N
201	201	uk	2018-11-02 11:34:04.414899	2018-11-02 11:34:04.414899	\N	-668	\N	\N	\N
10	10	uk	2018-11-02 11:34:00.226374	2018-11-09 13:22:48.58014			 ""  		\N
3	3	uk	2018-11-02 11:34:00.076678	2018-11-22 11:55:11.597602			-852		\N
9	9	uk	2018-11-02 11:34:00.19828	2018-12-06 09:20:12.436857		2	 " 25   "	 	\N
4	4	uk	2018-11-02 11:34:00.100809	2018-12-06 13:31:59.135975			-836	 	\N
14	14	uk	2018-11-02 11:34:00.292692	2018-12-06 13:32:18.985015			""	.	\N
17	17	uk	2018-11-02 11:34:00.361412	2018-12-06 13:32:43.475285			 " 4"	 	\N
19	19	uk	2018-11-02 11:34:00.410707	2018-12-06 13:33:11.566814			   		\N
49	49	uk	2018-11-02 11:34:01.058408	2018-12-06 13:33:34.259632		6		 	\N
63	63	uk	2018-11-02 11:34:01.338196	2018-11-02 11:34:01.338196	\N	\N	 		\N
64	64	uk	2018-11-02 11:34:01.367714	2018-11-02 11:34:01.367714	\N	\N	 		\N
65	65	uk	2018-11-02 11:34:01.387287	2018-11-02 11:34:01.387287	\N	\N	-726	.	\N
66	66	uk	2018-11-02 11:34:01.406542	2018-11-02 11:34:01.406542	\N		\N	 	\N
67	67	uk	2018-11-02 11:34:01.431246	2018-11-02 11:34:01.431246	\N	\N	-100	 	\N
68	68	uk	2018-11-02 11:34:01.45446	2018-11-02 11:34:01.45446	\N		\N	 	\N
69	69	uk	2018-11-02 11:34:01.474454	2018-11-02 11:34:01.474454	\N	\N	-237	.	\N
70	70	uk	2018-11-02 11:34:01.498384	2018-11-02 11:34:01.498384	\N	\N	-165	.	\N
71	71	uk	2018-11-02 11:34:01.527103	2018-11-02 11:34:01.527103	\N	\N		.	\N
72	72	uk	2018-11-02 11:34:01.546053	2018-11-02 11:34:01.546053	\N	\N	\N		\N
73	73	uk	2018-11-02 11:34:01.566883	2018-11-02 11:34:01.566883	\N	\N	 		\N
74	74	uk	2018-11-02 11:34:01.586014	2018-11-02 11:34:01.586014	\N	  	\N		\N
75	75	uk	2018-11-02 11:34:01.604126	2018-11-02 11:34:01.604126	\N	  	\N	 	\N
76	76	uk	2018-11-02 11:34:01.621784	2018-11-02 11:34:01.621784	\N	  	\N	 	\N
77	77	uk	2018-11-02 11:34:01.643011	2018-11-02 11:34:01.643011	\N	\N	 	.	\N
78	78	uk	2018-11-02 11:34:01.670673	2018-11-02 11:34:01.670673	\N	\N	 	.	\N
79	79	uk	2018-11-02 11:34:01.699248	2018-11-02 11:34:01.699248	\N	\N	 	3- 	\N
80	80	uk	2018-11-02 11:34:01.727341	2018-11-02 11:34:01.727341	\N	\N	 	 	\N
81	81	uk	2018-11-02 11:34:01.755913	2018-11-02 11:34:01.755913	\N	\N	 	 	\N
82	82	uk	2018-11-02 11:34:01.786228	2018-11-02 11:34:01.786228	\N	\N	 	 	\N
83	83	uk	2018-11-02 11:34:01.819929	2018-11-02 11:34:01.819929	\N		 		\N
84	84	uk	2018-11-02 11:34:01.876576	2018-11-02 11:34:01.876576	\N	\N	 		\N
85	85	uk	2018-11-02 11:34:01.913614	2018-11-02 11:34:01.913614	\N	\N	-590	 	\N
86	86	uk	2018-11-02 11:34:01.942847	2018-11-02 11:34:01.942847	\N	\N	-364		\N
88	88	uk	2018-11-02 11:34:01.988705	2018-11-02 11:34:01.988705	\N	 	\N	 	\N
89	89	uk	2018-11-02 11:34:02.009734	2018-11-02 11:34:02.009734	\N	 	\N	 	\N
90	90	uk	2018-11-02 11:34:02.0296	2018-11-02 11:34:02.0296	\N	 	\N	.	\N
91	91	uk	2018-11-02 11:34:02.049272	2018-11-02 11:34:02.049272	\N	 	\N	 	\N
92	92	uk	2018-11-02 11:34:02.080415	2018-11-02 11:34:02.080415	\N	\N	 		\N
93	93	uk	2018-11-02 11:34:02.102635	2018-11-02 11:34:02.102635	\N	 	\N	1- 	\N
94	94	uk	2018-11-02 11:34:02.12733	2018-11-02 11:34:02.12733	\N	 	\N	1- 	\N
95	95	uk	2018-11-02 11:34:02.144874	2018-11-02 11:34:02.144874	\N	 	\N		\N
96	96	uk	2018-11-02 11:34:02.163392	2018-11-02 11:34:02.163392	\N	 	\N		\N
97	97	uk	2018-11-02 11:34:02.186249	2018-11-02 11:34:02.186249	\N	 	\N		\N
98	98	uk	2018-11-02 11:34:02.212374	2018-11-02 11:34:02.212374	\N	 	\N		\N
99	99	uk	2018-11-02 11:34:02.239146	2018-11-02 11:34:02.239146	\N	 	\N		\N
100	100	uk	2018-11-02 11:34:02.261425	2018-11-02 11:34:02.261425	\N	\N	 	 	\N
101	101	uk	2018-11-02 11:34:02.283355	2018-11-02 11:34:02.283355	\N	 	\N		\N
102	102	uk	2018-11-02 11:34:02.304586	2018-11-02 11:34:02.304586	\N	\N	 		\N
103	103	uk	2018-11-02 11:34:02.330049	2018-11-02 11:34:02.330049	\N	 	\N	.	\N
104	104	uk	2018-11-02 11:34:02.351957	2018-11-02 11:34:02.351957	\N	 	\N		\N
105	105	uk	2018-11-02 11:34:02.372792	2018-11-02 11:34:02.372792	\N	 	\N		\N
106	106	uk	2018-11-02 11:34:02.39698	2018-11-02 11:34:02.39698	\N	\N	 	 	\N
107	107	uk	2018-11-02 11:34:02.420061	2018-11-02 11:34:02.420061	\N	\N	 	 	\N
108	108	uk	2018-11-02 11:34:02.440108	2018-11-02 11:34:02.440108	\N	\N	 	 	\N
109	109	uk	2018-11-02 11:34:02.461896	2018-11-02 11:34:02.461896	\N	\N	 		\N
110	110	uk	2018-11-02 11:34:02.480678	2018-11-02 11:34:02.480678	\N		\N	.	\N
111	111	uk	2018-11-02 11:34:02.507675	2018-11-02 11:34:02.507675	\N	 	\N		\N
112	112	uk	2018-11-02 11:34:02.532936	2018-11-02 11:34:02.532936	\N	 	\N		\N
113	113	uk	2018-11-02 11:34:02.557906	2018-11-02 11:34:02.557906	\N	 	\N	 	\N
114	114	uk	2018-11-02 11:34:02.581767	2018-11-02 11:34:02.581767	\N	 	\N	 	\N
115	115	uk	2018-11-02 11:34:02.611385	2018-11-02 11:34:02.611385	\N	\N	 	 	\N
116	116	uk	2018-11-02 11:34:02.632208	2018-11-02 11:34:02.632208	\N	 	\N	 	\N
117	117	uk	2018-11-02 11:34:02.653268	2018-11-02 11:34:02.653268	\N	\N	\N	1905 	\N
118	118	uk	2018-11-02 11:34:02.67825	2018-11-02 11:34:02.67825	\N	 	\N	 	\N
119	119	uk	2018-11-02 11:34:02.696909	2018-11-02 11:34:02.696909	\N	 	\N	 	\N
120	120	uk	2018-11-02 11:34:02.714155	2018-11-02 11:34:02.714155	\N	 	\N	1- 	\N
121	121	uk	2018-11-02 11:34:02.731782	2018-11-02 11:34:02.731782	\N	 	\N	 	\N
122	122	uk	2018-11-02 11:34:02.751233	2018-11-02 11:34:02.751233	\N	 	\N	 	\N
123	123	uk	2018-11-02 11:34:02.771707	2018-11-02 11:34:02.771707	\N	 	\N		\N
124	124	uk	2018-11-02 11:34:02.799073	2018-11-02 11:34:02.799073	\N	 	\N		\N
125	125	uk	2018-11-02 11:34:02.823214	2018-11-02 11:34:02.823214	\N	 	\N	 	\N
126	126	uk	2018-11-02 11:34:02.843208	2018-11-02 11:34:02.843208	\N	 	\N	 	\N
127	127	uk	2018-11-02 11:34:02.86366	2018-11-02 11:34:02.86366	\N	 	\N	8 	\N
128	128	uk	2018-11-02 11:34:02.881962	2018-11-02 11:34:02.881962	\N	 	\N	 	\N
129	129	uk	2018-11-02 11:34:02.900403	2018-11-02 11:34:02.900403	\N	 	\N		\N
130	130	uk	2018-11-02 11:34:02.920436	2018-11-02 11:34:02.920436	\N	 	\N		\N
131	131	uk	2018-11-02 11:34:02.945735	2018-11-02 11:34:02.945735	\N	\N	 	 	\N
132	132	uk	2018-11-02 11:34:02.971331	2018-11-02 11:34:02.971331	\N	\N			\N
133	133	uk	2018-11-02 11:34:02.999756	2018-11-02 11:34:02.999756	\N	\N		 	\N
134	134	uk	2018-11-02 11:34:03.033436	2018-11-02 11:34:03.033436	\N	\N		 	\N
135	135	uk	2018-11-02 11:34:03.054007	2018-11-02 11:34:03.054007	\N	\N	\N		\N
136	136	uk	2018-11-02 11:34:03.071084	2018-11-02 11:34:03.071084	\N	\N	\N		\N
137	137	uk	2018-11-02 11:34:03.089515	2018-11-02 11:34:03.089515	\N	  0	\N		\N
138	138	uk	2018-11-02 11:34:03.108793	2018-11-02 11:34:03.108793	\N	\N		.	\N
139	139	uk	2018-11-02 11:34:03.138115	2018-11-02 11:34:03.138115	\N	\N			\N
140	140	uk	2018-11-02 11:34:03.158425	2018-11-02 11:34:03.158425	\N	 	\N	 	\N
141	141	uk	2018-11-02 11:34:03.182993	2018-11-02 11:34:03.182993	\N	\N			\N
142	142	uk	2018-11-02 11:34:03.200166	2018-11-02 11:34:03.200166	\N	 	\N	 	\N
143	143	uk	2018-11-02 11:34:03.235347	2018-11-02 11:34:03.235347	\N	\N	 	600-	\N
144	144	uk	2018-11-02 11:34:03.259038	2018-11-02 11:34:03.259038	\N	\N	-816		\N
145	145	uk	2018-11-02 11:34:03.278558	2018-11-02 11:34:03.278558	\N	\N	 		\N
146	146	uk	2018-11-02 11:34:03.299337	2018-11-02 11:34:03.299337	\N	\N			\N
147	147	uk	2018-11-02 11:34:03.317329	2018-11-02 11:34:03.317329	\N	 ""	\N	 	\N
148	148	uk	2018-11-02 11:34:03.335014	2018-11-02 11:34:03.335014	\N	\N	\N	 	\N
149	149	uk	2018-11-02 11:34:03.353593	2018-11-02 11:34:03.353593	\N	-6	\N	600-	\N
150	150	uk	2018-11-02 11:34:03.369576	2018-11-02 11:34:03.369576	\N		\N	600-	\N
151	151	uk	2018-11-02 11:34:03.386537	2018-11-02 11:34:03.386537	\N		\N		\N
152	152	uk	2018-11-02 11:34:03.406676	2018-11-02 11:34:03.406676	\N	\N			\N
153	153	uk	2018-11-02 11:34:03.428439	2018-11-02 11:34:03.428439	\N	\N			\N
154	154	uk	2018-11-02 11:34:03.453892	2018-11-02 11:34:03.453892	\N	\N			\N
155	155	uk	2018-11-02 11:34:03.473286	2018-11-02 11:34:03.473286	\N	\N			\N
156	156	uk	2018-11-02 11:34:03.492286	2018-11-02 11:34:03.492286	\N	\N		 	\N
157	157	uk	2018-11-02 11:34:03.519423	2018-11-02 11:34:03.519423	\N	\N			\N
158	158	uk	2018-11-02 11:34:03.540858	2018-11-02 11:34:03.540858	\N	\N			\N
159	159	uk	2018-11-02 11:34:03.561253	2018-11-02 11:34:03.561253	\N	\N		 	\N
160	160	uk	2018-11-02 11:34:03.580781	2018-11-02 11:34:03.580781	\N	\N			\N
161	161	uk	2018-11-02 11:34:03.599835	2018-11-02 11:34:03.599835	\N	\N			\N
162	162	uk	2018-11-02 11:34:03.618001	2018-11-02 11:34:03.618001	\N	\N			\N
163	163	uk	2018-11-02 11:34:03.636571	2018-11-02 11:34:03.636571	\N	\N			\N
164	164	uk	2018-11-02 11:34:03.654817	2018-11-02 11:34:03.654817	\N	\N	-3	 	\N
165	165	uk	2018-11-02 11:34:03.674064	2018-11-02 11:34:03.674064	\N	\N			\N
166	166	uk	2018-11-02 11:34:03.68991	2018-11-02 11:34:03.68991	\N	\N	\N		\N
167	167	uk	2018-11-02 11:34:03.70933	2018-11-02 11:34:03.70933	\N	\N		 -	\N
168	168	uk	2018-11-02 11:34:03.728849	2018-11-02 11:34:03.728849	\N		\N	 	\N
169	169	uk	2018-11-02 11:34:03.76253	2018-11-02 11:34:03.76253	\N	\N	  		\N
170	170	uk	2018-11-02 11:34:03.781116	2018-11-02 11:34:03.781116	\N	\N	\N		\N
171	171	uk	2018-11-02 11:34:03.802747	2018-11-02 11:34:03.802747	\N	\N	 	 	\N
172	172	uk	2018-11-02 11:34:03.819484	2018-11-02 11:34:03.819484	\N	\N	\N	 	\N
173	173	uk	2018-11-02 11:34:03.847685	2018-11-02 11:34:03.847685	\N	\N	\N	 	\N
174	174	uk	2018-11-02 11:34:03.869322	2018-11-02 11:34:03.869322	\N	\N	\N	 	\N
175	175	uk	2018-11-02 11:34:03.894878	2018-11-02 11:34:03.894878	\N	\N	\N	 	\N
176	176	uk	2018-11-02 11:34:03.911095	2018-11-02 11:34:03.911095	\N	\N	\N	 	\N
177	177	uk	2018-11-02 11:34:03.939643	2018-11-02 11:34:03.939643	\N	\N	 	 	\N
178	178	uk	2018-11-02 11:34:03.95839	2018-11-02 11:34:03.95839	\N	\N	 	 	\N
179	179	uk	2018-11-02 11:34:03.974555	2018-11-02 11:34:03.974555	\N	\N	\N	 	\N
180	180	uk	2018-11-02 11:34:03.993237	2018-11-02 11:34:03.993237	\N	\N	-100/2		\N
181	181	uk	2018-11-02 11:34:04.013515	2018-11-02 11:34:04.013515	\N	\N	 	 	\N
182	182	uk	2018-11-02 11:34:04.041846	2018-11-02 11:34:04.041846	\N	\N			\N
183	183	uk	2018-11-02 11:34:04.061736	2018-11-02 11:34:04.061736	\N	\N		 	\N
184	184	uk	2018-11-02 11:34:04.085849	2018-11-02 11:34:04.085849	\N	\N	\N		\N
185	185	uk	2018-11-02 11:34:04.105215	2018-11-02 11:34:04.105215	\N	\N	-666		\N
186	186	uk	2018-11-02 11:34:04.124313	2018-11-02 11:34:04.124313	\N	\N	 		\N
187	187	uk	2018-11-02 11:34:04.14008	2018-11-02 11:34:04.14008	\N	\N	\N		\N
188	188	uk	2018-11-02 11:34:04.15901	2018-11-02 11:34:04.15901	\N	\N	 	 	\N
189	189	uk	2018-11-02 11:34:04.17511	2018-11-02 11:34:04.17511	\N	\N	\N		\N
190	190	uk	2018-11-02 11:34:04.205734	2018-11-02 11:34:04.205734	\N	\N	\N		\N
191	191	uk	2018-11-02 11:34:04.22685	2018-11-02 11:34:04.22685	\N	\N	\N		\N
192	192	uk	2018-11-02 11:34:04.251338	2018-11-02 11:34:04.251338	\N	\N	 		\N
193	193	uk	2018-11-02 11:34:04.27552	2018-11-02 11:34:04.27552	\N	\N	 		\N
194	194	uk	2018-11-02 11:34:04.29601	2018-11-02 11:34:04.29601	\N	\N	-716	 	\N
195	195	uk	2018-11-02 11:34:04.312429	2018-11-02 11:34:04.312429	\N	\N	\N		\N
196	196	uk	2018-11-02 11:34:04.327994	2018-11-02 11:34:04.327994	\N	\N	\N	 	\N
197	197	uk	2018-11-02 11:34:04.343895	2018-11-02 11:34:04.343895	\N	\N	\N	 	\N
198	198	uk	2018-11-02 11:34:04.362907	2018-11-02 11:34:04.362907	\N	\N	 	 	\N
199	199	uk	2018-11-02 11:34:04.378941	2018-11-02 11:34:04.378941	\N	-764	\N	\N	\N
200	200	uk	2018-11-02 11:34:04.395218	2018-11-02 11:34:04.395218	\N	-487	\N		\N
202	202	uk	2018-11-02 11:34:04.431044	2018-11-02 11:34:04.431044	\N	-312	\N	\N	\N
203	203	uk	2018-11-02 11:34:04.447377	2018-11-02 11:34:04.447377	\N	 	\N		\N
204	204	uk	2018-11-02 11:34:04.474101	2018-11-02 11:34:04.474101	\N	\N	\N		\N
205	205	uk	2018-11-02 11:34:04.496226	2018-11-02 11:34:04.496226	\N	\N		 	\N
206	206	uk	2018-11-02 11:34:04.51526	2018-11-02 11:34:04.51526	\N	\N	\N		\N
207	207	uk	2018-11-02 11:34:04.53118	2018-11-02 11:34:04.53118	\N	  . 	\N		\N
208	208	uk	2018-11-02 11:34:04.551975	2018-11-02 11:34:04.551975	\N		\N		\N
209	209	uk	2018-11-02 11:34:04.568834	2018-11-02 11:34:04.568834	\N	  . 	\N		\N
210	210	uk	2018-11-02 11:34:04.585351	2018-11-02 11:34:04.585351	\N	  . 	\N		\N
211	211	uk	2018-11-02 11:34:04.605403	2018-11-02 11:34:04.605403	\N	  .	\N		\N
212	212	uk	2018-11-02 11:34:04.621368	2018-11-02 11:34:04.621368	\N	  .	\N	 	\N
213	213	uk	2018-11-02 11:34:04.637385	2018-11-02 11:34:04.637385	\N	  . 	\N		\N
214	214	uk	2018-11-02 11:34:04.653062	2018-11-02 11:34:04.653062	\N	  ..	\N	8 	\N
215	215	uk	2018-11-02 11:34:04.671642	2018-11-02 11:34:04.671642	\N	  .. 	\N	 	\N
216	216	uk	2018-11-02 11:34:04.687676	2018-11-02 11:34:04.687676	\N	  .. 	\N		\N
217	217	uk	2018-11-02 11:34:04.708722	2018-11-02 11:34:04.708722	\N	\N	\N		\N
218	218	uk	2018-11-02 11:34:04.729028	2018-11-02 11:34:04.729028	\N	\N	 	 	\N
219	219	uk	2018-11-02 11:34:04.749315	2018-11-02 11:34:04.749315	\N	\N	-63		\N
220	220	uk	2018-11-02 11:34:04.766282	2018-11-02 11:34:04.766282	\N	 	\N	 	\N
221	221	uk	2018-11-02 11:34:04.786038	2018-11-02 11:34:04.786038	\N	\N	\N	 	\N
222	222	uk	2018-11-02 11:34:04.803185	2018-11-02 11:34:04.803185	\N		\N	\N	\N
223	223	uk	2018-11-02 11:34:04.821206	2018-11-02 11:34:04.821206	\N		\N		\N
224	224	uk	2018-11-02 11:34:04.83772	2018-11-02 11:34:04.83772	\N		\N	 	\N
225	225	uk	2018-11-02 11:34:04.853982	2018-11-02 11:34:04.853982	\N		\N	 	\N
226	226	uk	2018-11-02 11:34:04.88607	2018-11-02 11:34:04.88607	\N		\N	 	\N
227	227	uk	2018-11-02 11:34:04.905335	2018-11-02 11:34:04.905335	\N	\N	+	 	\N
228	228	uk	2018-11-02 11:34:04.922108	2018-11-02 11:34:04.922108	\N		\N	 	\N
229	229	uk	2018-11-02 11:34:04.938817	2018-11-02 11:34:04.938817	\N	 	\N		\N
230	230	uk	2018-11-02 11:34:04.957857	2018-11-02 11:34:04.957857	\N	33 ()	\N	 	\N
231	231	uk	2018-11-02 11:34:04.974735	2018-11-02 11:34:04.974735	\N		\N		\N
232	232	uk	2018-11-02 11:34:04.993234	2018-11-02 11:34:04.993234	\N	\N		 	\N
233	233	uk	2018-11-02 11:34:05.019138	2018-11-02 11:34:05.019138	\N		 		\N
234	234	uk	2018-11-02 11:34:05.037057	2018-11-02 11:34:05.037057	\N		\N		\N
235	235	uk	2018-11-02 11:34:05.061614	2018-11-02 11:34:05.061614	\N	103-1, 103-11	\N		\N
236	236	uk	2018-11-02 11:34:05.080353	2018-11-02 11:34:05.080353	\N	2,1.1.3,2	 2		\N
237	237	uk	2018-11-02 11:34:05.101991	2018-11-02 11:34:05.101991	\N		\N		\N
238	238	uk	2018-11-02 11:34:05.118198	2018-11-02 11:34:05.118198	\N		\N	 	\N
239	239	uk	2018-11-02 11:34:05.136445	2018-11-02 11:34:05.136445	\N		\N		\N
240	240	uk	2018-11-02 11:34:05.152983	2018-11-02 11:34:05.152983	\N	\N	\N		\N
241	241	uk	2018-11-02 11:34:05.169221	2018-11-02 11:34:05.169221	\N	\N	\N		\N
242	242	uk	2018-11-02 11:34:05.185562	2018-11-02 11:34:05.185562	\N	\N	\N		\N
243	243	uk	2018-11-02 11:34:05.205954	2018-11-02 11:34:05.205954	\N	\N	\N		\N
244	244	uk	2018-11-02 11:34:05.229934	2018-11-02 11:34:05.229934	\N	\N	\N		\N
245	245	uk	2018-11-02 11:34:05.247528	2018-11-02 11:34:05.247528	\N	\N	\N		\N
246	246	uk	2018-11-02 11:34:05.263612	2018-11-02 11:34:05.263612	\N	\N	\N		\N
247	247	uk	2018-11-02 11:34:05.282254	2018-11-02 11:34:05.282254	\N	\N	\N		\N
248	248	uk	2018-11-02 11:34:05.298294	2018-11-02 11:34:05.298294	\N	\N	\N		\N
249	249	uk	2018-11-02 11:34:05.314795	2018-11-02 11:34:05.314795	\N	\N	\N		\N
250	250	uk	2018-11-02 11:34:05.332568	2018-11-02 11:34:05.332568	\N	\N	\N	 	\N
251	251	uk	2018-11-02 11:34:05.349285	2018-11-02 11:34:05.349285	\N	\N	\N		\N
252	252	uk	2018-11-02 11:34:05.36762	2018-11-02 11:34:05.36762	\N	\N	\N	 	\N
253	253	uk	2018-11-02 11:34:05.393502	2018-11-02 11:34:05.393502	\N	\N	\N	 	\N
254	254	uk	2018-11-02 11:34:05.411768	2018-11-02 11:34:05.411768	\N	\N	\N		\N
255	255	uk	2018-11-02 11:34:05.4299	2018-11-02 11:34:05.4299	\N	\N	\N		\N
256	256	uk	2018-11-02 11:34:05.450743	2018-11-02 11:34:05.450743	\N		\N	 	\N
257	257	uk	2018-11-02 11:34:05.46942	2018-11-02 11:34:05.46942	\N	\N	  		\N
258	258	uk	2018-11-02 11:34:05.485711	2018-11-02 11:34:05.485711	\N	 	\N		\N
259	259	uk	2018-11-02 11:34:05.502046	2018-11-02 11:34:05.502046	\N	 	\N	 '	\N
260	260	uk	2018-11-02 11:34:05.518053	2018-11-02 11:34:05.518053	\N		\N		\N
261	261	uk	2018-11-02 11:34:05.533901	2018-11-02 11:34:05.533901	\N		\N		\N
262	262	uk	2018-11-02 11:34:05.550205	2018-11-02 11:34:05.550205	\N		\N		\N
263	263	uk	2018-11-02 11:34:05.566293	2018-11-02 11:34:05.566293	\N	 	\N	 	\N
264	264	uk	2018-11-02 11:34:05.584413	2018-11-02 11:34:05.584413	\N	\N	\N		\N
265	265	uk	2018-11-02 11:34:05.606356	2018-11-02 11:34:05.606356	\N	\N		 	\N
266	266	uk	2018-11-02 11:34:05.625466	2018-11-02 11:34:05.625466	\N		\N		\N
267	267	uk	2018-11-02 11:34:05.644389	2018-11-02 11:34:05.644389	\N		\N	1- 	\N
268	268	uk	2018-11-02 11:34:05.666168	2018-11-02 11:34:05.666168	\N		\N	-	\N
269	269	uk	2018-11-02 11:34:05.685039	2018-11-02 11:34:05.685039	\N	\N		 	\N
270	270	uk	2018-11-02 11:34:05.7108	2018-11-02 11:34:05.7108	\N		\N		\N
271	271	uk	2018-11-02 11:34:05.737267	2018-11-02 11:34:05.737267	\N		\N		\N
272	272	uk	2018-11-02 11:34:05.766113	2018-11-02 11:34:05.766113	\N		\N		\N
273	273	uk	2018-11-02 11:34:05.796708	2018-11-02 11:34:05.796708	\N	\N	 		\N
274	274	uk	2018-11-02 11:34:05.83504	2018-11-02 11:34:05.83504	\N		\N	 	\N
275	275	uk	2018-11-02 11:34:05.858013	2018-11-02 11:34:05.858013	\N	\N			\N
276	276	uk	2018-11-02 11:34:05.882869	2018-11-02 11:34:05.882869	\N		\N		\N
277	277	uk	2018-11-02 11:34:05.901141	2018-11-02 11:34:05.901141	\N		\N	.	\N
278	278	uk	2018-11-02 11:34:05.919181	2018-11-02 11:34:05.919181	\N	 	\N	\N	\N
279	279	uk	2018-11-02 11:34:05.936404	2018-11-02 11:34:05.936404	\N	 	\N	\N	\N
280	280	uk	2018-11-02 11:34:05.955414	2018-11-02 11:34:05.955414	\N	 	\N	\N	\N
281	281	uk	2018-11-02 11:34:05.974438	2018-11-02 11:34:05.974438	\N		\N	.	\N
282	282	uk	2018-11-02 11:34:05.99161	2018-11-02 11:34:05.99161	\N	 	\N	.	\N
283	283	uk	2018-11-02 11:34:06.011469	2018-11-02 11:34:06.011469	\N	-	\N	 	\N
284	284	uk	2018-11-02 11:34:06.027124	2018-11-02 11:34:06.027124	\N	-	-	 	\N
285	285	uk	2018-11-02 11:34:06.045699	2018-11-02 11:34:06.045699	\N	\N	 "" 		\N
286	286	uk	2018-11-02 11:34:06.061667	2018-11-02 11:34:06.061667	\N	+	\N	 	\N
287	287	uk	2018-11-02 11:34:06.077775	2018-11-02 11:34:06.077775	\N	\N	\N	 	\N
288	288	uk	2018-11-02 11:34:06.099198	2018-11-02 11:34:06.099198	\N	 	 	 	\N
289	289	uk	2018-11-02 11:34:06.120656	2018-11-02 11:34:06.120656	\N	\N		 	\N
290	290	uk	2018-11-02 11:34:06.136875	2018-11-02 11:34:06.136875	\N		\N		\N
291	291	uk	2018-11-02 11:34:06.159202	2018-11-02 11:34:06.159202	\N	\N	\N	.	\N
292	292	uk	2018-11-02 11:34:06.182012	2018-11-02 11:34:06.182012	\N	\N	\N	 	\N
293	293	uk	2018-11-02 11:34:06.198153	2018-11-02 11:34:06.198153	\N	 	 		\N
294	294	uk	2018-11-02 11:34:06.214718	2018-11-02 11:34:06.214718	\N		\N	600-	\N
295	295	uk	2018-11-02 11:34:06.23068	2018-11-02 11:34:06.23068	\N		\N	 	\N
296	296	uk	2018-11-02 11:34:06.246825	2018-11-02 11:34:06.246825	\N	 -21	\N	 	\N
297	297	uk	2018-11-02 11:34:06.262171	2018-11-02 11:34:06.262171	\N	 -20	\N	 	\N
298	298	uk	2018-11-02 11:34:06.277866	2018-11-02 11:34:06.277866	\N	 -19	\N		\N
299	299	uk	2018-11-02 11:34:06.294709	2018-11-02 11:34:06.294709	\N	 -18	\N	 	\N
300	300	uk	2018-11-02 11:34:06.313564	2018-11-02 11:34:06.313564	\N	 -17	\N	 	\N
301	301	uk	2018-11-02 11:34:06.330029	2018-11-02 11:34:06.330029	\N	 -16	 -16		\N
302	302	uk	2018-11-02 11:34:06.346247	2018-11-02 11:34:06.346247	\N	\N	 -14		\N
303	303	uk	2018-11-02 11:34:06.366052	2018-11-02 11:34:06.366052	\N	\N	 -13	 	\N
304	304	uk	2018-11-02 11:34:06.381612	2018-11-02 11:34:06.381612	\N	\N	 -12		\N
305	305	uk	2018-11-02 11:34:06.39751	2018-11-02 11:34:06.39751	\N	\N	 -11		\N
306	306	uk	2018-11-02 11:34:06.416145	2018-11-02 11:34:06.416145	\N	 -10	 -10		\N
307	307	uk	2018-11-02 11:34:06.434474	2018-11-02 11:34:06.434474	\N	 -9	 -9		\N
308	308	uk	2018-11-02 11:34:06.460463	2018-11-02 11:34:06.460463	\N	 -8	 -8		\N
309	309	uk	2018-11-02 11:34:06.476176	2018-11-02 11:34:06.476176	\N	 -7	 -7	 	\N
310	310	uk	2018-11-02 11:34:06.492258	2018-11-02 11:34:06.492258	\N	 -6	 -6		\N
311	311	uk	2018-11-02 11:34:06.508108	2018-11-02 11:34:06.508108	\N	 -5	 -5		\N
312	312	uk	2018-11-02 11:34:06.523513	2018-11-02 11:34:06.523513	\N	 -4	 -4		\N
313	313	uk	2018-11-02 11:34:06.538905	2018-11-02 11:34:06.538905	\N	\N	 -2	 	\N
314	314	uk	2018-11-02 11:34:06.554393	2018-11-02 11:34:06.554393	\N	\N			\N
315	315	uk	2018-11-02 11:34:06.570491	2018-11-02 11:34:06.570491	\N	\N		 	\N
316	316	uk	2018-11-02 11:34:06.586953	2018-11-02 11:34:06.586953	\N	\N	+ 		\N
317	317	uk	2018-11-02 11:34:06.604619	2018-11-02 11:34:06.604619	\N	\N			\N
318	318	uk	2018-11-02 11:34:06.622162	2018-11-02 11:34:06.622162	\N	\N	 ""	 	\N
319	319	uk	2018-11-02 11:34:06.64023	2018-11-02 11:34:06.64023	\N	\N	 	 	\N
320	320	uk	2018-11-02 11:34:06.665603	2018-11-02 11:34:06.665603	\N	1	 " 23"		\N
322	322	uk	2018-11-02 11:34:06.709037	2018-11-02 11:34:06.709037	\N	 	\N		\N
323	323	uk	2018-11-02 11:34:06.72682	2018-11-02 11:34:06.72682	\N	 	\N		\N
324	324	uk	2018-11-02 11:34:06.75649	2018-11-02 11:34:06.75649	\N	\N			\N
325	325	uk	2018-11-02 11:34:06.776413	2018-11-02 11:34:06.776413	\N		\N		\N
326	326	uk	2018-11-02 11:34:06.805724	2018-11-02 11:34:06.805724	\N	  / 32 ()	  / 32 ()	 	\N
327	327	uk	2018-11-02 11:34:06.83469	2018-11-02 11:34:06.83469	\N	   	 "   "		\N
328	328	uk	2018-11-02 11:34:06.859655	2018-11-02 11:34:06.859655	\N	  	  "  "		\N
329	329	uk	2018-11-02 11:34:06.884494	2018-11-02 11:34:06.884494	\N	\N			\N
330	330	uk	2018-11-02 11:34:06.910043	2018-11-02 11:34:06.910043	\N	\N	\N		\N
331	331	uk	2018-11-02 11:34:06.927382	2018-11-02 11:34:06.927382	\N	\N	\N	 	\N
332	332	uk	2018-11-02 11:34:06.943455	2018-11-02 11:34:06.943455	\N	 	\N	 	\N
333	333	uk	2018-11-02 11:34:06.966364	2018-11-02 11:34:06.966364	\N	1	  	 	\N
334	334	uk	2018-11-02 11:34:06.991203	2018-11-02 11:34:06.991203	\N	 	\N	 	\N
335	335	uk	2018-11-02 11:34:07.015864	2018-11-02 11:34:07.015864	\N	 	\N	 	\N
336	336	uk	2018-11-02 11:34:07.032324	2018-11-02 11:34:07.032324	\N		\N	 	\N
337	337	uk	2018-11-02 11:34:07.048012	2018-11-02 11:34:07.048012	\N	\N	\N		\N
338	338	uk	2018-11-02 11:34:07.064	2018-11-02 11:34:07.064	\N		\N	 	\N
340	340	uk	2018-11-02 11:34:07.106263	2018-11-02 11:34:07.106263	\N	\N	 		\N
341	341	uk	2018-11-02 11:34:07.121808	2018-11-02 11:34:07.121808	\N	3,4	\N		\N
342	342	uk	2018-11-02 11:34:07.137232	2018-11-02 11:34:07.137232	\N	106, 110	\N		\N
343	343	uk	2018-11-02 11:34:07.152832	2018-11-02 11:34:07.152832	\N	\N	\N		\N
344	344	uk	2018-11-02 11:34:07.170914	2018-11-02 11:34:07.170914	\N	\N			\N
345	345	uk	2018-11-02 11:34:07.189567	2018-11-02 11:34:07.189567	\N	211			\N
346	346	uk	2018-11-02 11:34:07.205428	2018-11-02 11:34:07.205428	\N	164	\N		\N
347	347	uk	2018-11-02 11:34:07.221461	2018-11-02 11:34:07.221461	\N		\N		\N
348	348	uk	2018-11-02 11:34:07.23709	2018-11-02 11:34:07.23709	\N		\N		\N
349	349	uk	2018-11-02 11:34:07.255513	2018-11-02 11:34:07.255513	\N	\N	 +	 	\N
350	350	uk	2018-11-02 11:34:07.272475	2018-11-02 11:34:07.272475	\N		\N		\N
351	351	uk	2018-11-02 11:34:07.291678	2018-11-02 11:34:07.291678	\N	\N	\N		\N
352	352	uk	2018-11-02 11:34:07.313424	2018-11-02 11:34:07.313424	\N	 			\N
353	353	uk	2018-11-02 11:34:07.329914	2018-11-02 11:34:07.329914	\N	 	 . 		\N
354	354	uk	2018-11-02 11:34:07.353932	2018-11-02 11:34:07.353932	\N	213	\N	 	\N
355	355	uk	2018-11-02 11:34:07.384492	2018-11-02 11:34:07.384492	\N	\N			\N
357	357	uk	2018-11-02 11:34:07.424665	2018-11-02 11:34:07.424665	\N	 2	""	.	\N
358	358	uk	2018-11-02 11:34:07.445325	2018-11-02 11:34:07.445325	\N	\N		 	\N
359	359	uk	2018-11-02 11:34:07.462728	2018-11-02 11:34:07.462728	\N		\N		\N
360	360	uk	2018-11-02 11:34:07.480038	2018-11-02 11:34:07.480038	\N		\N	.	\N
361	361	uk	2018-11-02 11:34:07.49808	2018-11-02 11:34:07.49808	\N	\N	\N	 	\N
362	362	uk	2018-11-02 11:34:07.519831	2018-11-02 11:34:07.519831	\N	2	 	1- 	\N
363	363	uk	2018-11-02 11:34:07.547648	2018-11-02 11:34:07.547648	\N	4		 	\N
364	364	uk	2018-11-02 11:34:07.566827	2018-11-02 11:34:07.566827	\N	\N	\N	 	\N
365	365	uk	2018-11-02 11:34:07.592244	2018-11-02 11:34:07.592244	\N	 	\N		\N
366	366	uk	2018-11-02 11:34:07.619244	2018-11-02 11:34:07.619244	\N	\N			\N
367	367	uk	2018-11-02 11:34:07.646384	2018-11-02 11:34:07.646384	\N		  "  -  27   "		\N
368	368	uk	2018-11-02 11:34:07.666915	2018-11-02 11:34:07.666915	\N		\N	.	\N
369	369	uk	2018-11-02 11:34:07.683385	2018-11-02 11:34:07.683385	\N	\N	  		\N
370	370	uk	2018-11-02 11:34:07.701582	2018-11-02 11:34:07.701582	\N	 	\N	 	\N
372	372	uk	2018-11-02 11:34:07.746064	2018-11-02 11:34:07.746064	\N				\N
373	373	uk	2018-11-02 11:34:07.764596	2018-11-02 11:34:07.764596	\N	   	  	.	\N
374	374	uk	2018-11-02 11:34:07.781056	2018-11-02 11:34:07.781056	\N	\N	\N	 	\N
375	375	uk	2018-11-02 11:34:07.7995	2018-11-02 11:34:07.7995	\N	 	\N	 	\N
376	376	uk	2018-11-02 11:34:07.82329	2018-11-02 11:34:07.82329	\N	 , , 	  "   "		\N
377	377	uk	2018-11-02 11:34:07.841906	2018-11-02 11:34:07.841906	\N	\N	-828		\N
378	378	uk	2018-11-02 11:34:07.863734	2018-11-02 11:34:07.863734	\N	\N	-670	 	\N
379	379	uk	2018-11-02 11:34:07.88488	2018-11-02 11:34:07.88488	\N	\N	-765	.	\N
380	380	uk	2018-11-02 11:34:07.909757	2018-11-02 11:34:07.909757	\N	\N		.	\N
381	381	uk	2018-11-02 11:34:07.943642	2018-11-02 11:34:07.943642	\N	,  ,  , \\ ,       	    . ,  1		\N
382	382	uk	2018-11-02 11:34:07.956127	2018-11-02 11:34:07.956127	\N	\N	\N	\N	\N
383	383	uk	2018-11-02 11:34:07.978266	2018-11-02 11:34:07.978266	\N	\N	  	 	\N
386	386	uk	2018-11-02 11:34:08.059702	2018-11-02 11:34:08.059702	\N	,  ,  , \\ ,       	    . ,  1		\N
387	387	uk	2018-11-02 11:34:08.078294	2018-11-02 11:34:08.078294	\N	\N	1111	\N	\N
388	388	uk	2018-11-02 11:34:08.095682	2018-11-02 11:34:08.095682	\N		\N	 	\N
389	389	uk	2018-11-02 11:34:08.118544	2018-11-02 11:34:08.118544	\N	1	 6		\N
391	391	uk	2018-11-02 11:34:08.168807	2018-11-02 11:34:08.168807	\N	\N	 		\N
392	392	uk	2018-11-02 11:34:08.189516	2018-11-02 11:34:08.189516	\N	\N	 "    59   "	-	\N
394	394	uk	2018-11-02 11:34:08.240286	2018-11-02 11:34:08.240286	\N		\N		\N
461	461	uk	2018-11-02 11:34:09.6126	2018-11-02 11:34:09.6126	\N	\N	 	 	\N
339	339	uk	2018-11-02 11:34:07.088335	2018-12-06 13:33:57.095873		" "		 	\N
384	384	uk	2018-11-02 11:34:08.002678	2018-12-06 13:34:35.346899			 -   6		\N
390	390	uk	2018-11-02 11:34:08.141626	2018-12-06 13:34:52.876726		   			\N
385	385	uk	2018-11-02 11:34:08.037428	2018-12-06 14:30:41.63569			 ": - - 6 "		\N
356	356	uk	2018-11-02 11:34:07.404544	2019-01-11 08:10:29.78504			 34		
395	395	uk	2018-11-02 11:34:08.262888	2018-11-02 11:34:08.262888	\N	\N	    		\N
396	396	uk	2018-11-02 11:34:08.285542	2018-11-02 11:34:08.285542	\N	\N	    		\N
397	397	uk	2018-11-02 11:34:08.309979	2018-11-02 11:34:08.309979	\N	\N	    		\N
398	398	uk	2018-11-02 11:34:08.330154	2018-11-02 11:34:08.330154	\N	\N	 		\N
399	399	uk	2018-11-02 11:34:08.360462	2018-11-02 11:34:08.360462	\N	\N		\N	\N
400	400	uk	2018-11-02 11:34:08.380013	2018-11-02 11:34:08.380013	\N	\N			\N
401	401	uk	2018-11-02 11:34:08.399198	2018-11-02 11:34:08.399198	\N		\N	 	\N
402	402	uk	2018-11-02 11:34:08.420235	2018-11-02 11:34:08.420235	\N	\N	    	 	\N
403	403	uk	2018-11-02 11:34:08.440682	2018-11-02 11:34:08.440682	\N				\N
404	404	uk	2018-11-02 11:34:08.467822	2018-11-02 11:34:08.467822	\N	\N	 		\N
405	405	uk	2018-11-02 11:34:08.488251	2018-11-02 11:34:08.488251	\N	 101	\N	 	\N
406	406	uk	2018-11-02 11:34:08.508488	2018-11-02 11:34:08.508488	\N		  '		\N
407	407	uk	2018-11-02 11:34:08.529891	2018-11-02 11:34:08.529891	\N	\N	-46		\N
408	408	uk	2018-11-02 11:34:08.561266	2018-11-02 11:34:08.561266	\N	\N	-41	 	\N
409	409	uk	2018-11-02 11:34:08.585348	2018-11-02 11:34:08.585348	\N	\N	-88	 	\N
410	410	uk	2018-11-02 11:34:08.605924	2018-11-02 11:34:08.605924	\N	\N	-141		\N
411	411	uk	2018-11-02 11:34:08.626495	2018-11-02 11:34:08.626495	\N	\N	-202	600-	\N
412	412	uk	2018-11-02 11:34:08.652039	2018-11-02 11:34:08.652039	\N	\N	-230		\N
413	413	uk	2018-11-02 11:34:08.672947	2018-11-02 11:34:08.672947	\N	\N	-231	 	\N
414	414	uk	2018-11-02 11:34:08.698381	2018-11-02 11:34:08.698381	\N	\N	-233	 	\N
415	415	uk	2018-11-02 11:34:08.720078	2018-11-02 11:34:08.720078	\N	\N	-251	 	\N
416	416	uk	2018-11-02 11:34:08.740159	2018-11-02 11:34:08.740159	\N	\N	-318		\N
417	417	uk	2018-11-02 11:34:08.761563	2018-11-02 11:34:08.761563	\N	\N	-336	 	\N
418	418	uk	2018-11-02 11:34:08.78768	2018-11-02 11:34:08.78768	\N	\N	-368		\N
419	419	uk	2018-11-02 11:34:08.807633	2018-11-02 11:34:08.807633	\N	\N	-390	 	\N
420	420	uk	2018-11-02 11:34:08.826809	2018-11-02 11:34:08.826809	\N	\N	 393	 	\N
421	421	uk	2018-11-02 11:34:08.8455	2018-11-02 11:34:08.8455	\N	\N	-401		\N
422	422	uk	2018-11-02 11:34:08.864091	2018-11-02 11:34:08.864091	\N	\N	-443	 	\N
423	423	uk	2018-11-02 11:34:08.882673	2018-11-02 11:34:08.882673	\N	\N	-444	 	\N
424	424	uk	2018-11-02 11:34:08.901622	2018-11-02 11:34:08.901622	\N	\N	-480		\N
425	425	uk	2018-11-02 11:34:08.920444	2018-11-02 11:34:08.920444	\N	\N	-537		\N
426	426	uk	2018-11-02 11:34:08.938811	2018-11-02 11:34:08.938811	\N	\N	-554	 	\N
427	427	uk	2018-11-02 11:34:08.96639	2018-11-02 11:34:08.96639	\N	\N	-501	 	\N
428	428	uk	2018-11-02 11:34:08.984317	2018-11-02 11:34:08.984317	\N	\N	-628	 	\N
429	429	uk	2018-11-02 11:34:09.002327	2018-11-02 11:34:09.002327	\N	\N	-633	.	\N
430	430	uk	2018-11-02 11:34:09.022067	2018-11-02 11:34:09.022067	\N	\N	-690	 	\N
431	431	uk	2018-11-02 11:34:09.040255	2018-11-02 11:34:09.040255	\N	\N	-691		\N
432	432	uk	2018-11-02 11:34:09.058339	2018-11-02 11:34:09.058339	\N	\N	-693	 	\N
433	433	uk	2018-11-02 11:34:09.076106	2018-11-02 11:34:09.076106	\N	\N	-700		\N
434	434	uk	2018-11-02 11:34:09.093813	2018-11-02 11:34:09.093813	\N	\N	-766		\N
435	435	uk	2018-11-02 11:34:09.111851	2018-11-02 11:34:09.111851	\N	\N	-770		\N
436	436	uk	2018-11-02 11:34:09.130428	2018-11-02 11:34:09.130428	\N	\N	-771		\N
437	437	uk	2018-11-02 11:34:09.148646	2018-11-02 11:34:09.148646	\N	\N	-774		\N
438	438	uk	2018-11-02 11:34:09.166536	2018-11-02 11:34:09.166536	\N	\N	-800		\N
439	439	uk	2018-11-02 11:34:09.186312	2018-11-02 11:34:09.186312	\N	\N	-814		\N
440	440	uk	2018-11-02 11:34:09.20855	2018-11-02 11:34:09.20855	\N	\N	-784		\N
441	441	uk	2018-11-02 11:34:09.22759	2018-11-02 11:34:09.22759	\N	\N	-721	 	\N
442	442	uk	2018-11-02 11:34:09.255329	2018-11-02 11:34:09.255329	\N	\N	 42	 	\N
443	443	uk	2018-11-02 11:34:09.288016	2018-11-02 11:34:09.288016	\N		  "  1  ..   "		\N
444	444	uk	2018-11-02 11:34:09.30683	2018-11-02 11:34:09.30683	\N	\N	 1 +		\N
445	445	uk	2018-11-02 11:34:09.328057	2018-11-02 11:34:09.328057	\N			 	\N
446	446	uk	2018-11-02 11:34:09.34668	2018-11-02 11:34:09.34668	\N				\N
447	447	uk	2018-11-02 11:34:09.373341	2018-11-02 11:34:09.373341	\N	\N	 +	 	\N
448	448	uk	2018-11-02 11:34:09.388176	2018-11-02 11:34:09.388176	\N	  	 		\N
449	449	uk	2018-11-02 11:34:09.404735	2018-11-02 11:34:09.404735	\N	\N	 29		\N
450	450	uk	2018-11-02 11:34:09.422858	2018-11-02 11:34:09.422858	\N	\N	 	 	\N
451	451	uk	2018-11-02 11:34:09.450198	2018-11-02 11:34:09.450198	\N	\N	 	 	\N
452	452	uk	2018-11-02 11:34:09.468569	2018-11-02 11:34:09.468569	\N	\N	 	 	\N
453	453	uk	2018-11-02 11:34:09.48727	2018-11-02 11:34:09.48727	\N	\N	 	 	\N
454	454	uk	2018-11-02 11:34:09.502245	2018-11-02 11:34:09.502245	\N	\N	 	 	\N
455	455	uk	2018-11-02 11:34:09.517796	2018-11-02 11:34:09.517796	\N	\N	 	 	\N
456	456	uk	2018-11-02 11:34:09.533495	2018-11-02 11:34:09.533495	\N	\N	 	 	\N
457	457	uk	2018-11-02 11:34:09.552817	2018-11-02 11:34:09.552817	\N	\N	 	 	\N
458	458	uk	2018-11-02 11:34:09.567255	2018-11-02 11:34:09.567255	\N	\N	 	 	\N
459	459	uk	2018-11-02 11:34:09.582453	2018-11-02 11:34:09.582453	\N	\N	 	 	\N
460	460	uk	2018-11-02 11:34:09.597364	2018-11-02 11:34:09.597364	\N	\N	 	 	\N
462	462	uk	2018-11-02 11:34:09.630334	2018-11-02 11:34:09.630334	\N	\N	 	 	\N
463	463	uk	2018-11-02 11:34:09.644943	2018-11-02 11:34:09.644943	\N	\N	 	 	\N
464	464	uk	2018-11-02 11:34:09.662727	2018-11-02 11:34:09.662727	\N	\N	 	 	\N
465	465	uk	2018-11-02 11:34:09.67763	2018-11-02 11:34:09.67763	\N	\N	 		\N
466	466	uk	2018-11-02 11:34:09.697606	2018-11-02 11:34:09.697606	\N	\N	 13	 	\N
467	467	uk	2018-11-02 11:34:09.712207	2018-11-02 11:34:09.712207	\N	\N	 12	 	\N
468	468	uk	2018-11-02 11:34:09.727264	2018-11-02 11:34:09.727264	\N	\N	 11	 	\N
469	469	uk	2018-11-02 11:34:09.741746	2018-11-02 11:34:09.741746	\N	\N	   /		\N
470	470	uk	2018-11-02 11:34:09.75608	2018-11-02 11:34:09.75608	\N	\N	 	 	\N
471	471	uk	2018-11-02 11:34:09.770564	2018-11-02 11:34:09.770564	\N	\N	 	.	\N
472	472	uk	2018-11-02 11:34:09.784708	2018-11-02 11:34:09.784708	\N	\N	 	.	\N
473	473	uk	2018-11-02 11:34:09.799647	2018-11-02 11:34:09.799647	\N	\N	 	.	\N
474	474	uk	2018-11-02 11:34:09.814142	2018-11-02 11:34:09.814142	\N	\N	  		\N
475	475	uk	2018-11-02 11:34:09.828859	2018-11-02 11:34:09.828859	\N	\N		 	\N
476	476	uk	2018-11-02 11:34:09.845398	2018-11-02 11:34:09.845398	\N	\N		 	\N
477	477	uk	2018-11-02 11:34:09.861974	2018-11-02 11:34:09.861974	\N	\N		.	\N
478	478	uk	2018-11-02 11:34:09.878689	2018-11-02 11:34:09.878689	\N	\N	  "  "		\N
479	479	uk	2018-11-02 11:34:09.893177	2018-11-02 11:34:09.893177	\N	\N	 " "		\N
480	480	uk	2018-11-02 11:34:09.908338	2018-11-02 11:34:09.908338	\N	\N			\N
481	481	uk	2018-11-02 11:34:09.926884	2018-11-02 11:34:09.926884	\N	\N	-674	 	\N
482	482	uk	2018-11-02 11:34:09.941838	2018-11-02 11:34:09.941838	\N	\N	"  "		\N
483	483	uk	2018-11-02 11:34:09.957784	2018-11-02 11:34:09.957784	\N	\N		 	\N
484	484	uk	2018-11-02 11:34:09.972452	2018-11-02 11:34:09.972452	\N	\N	 	 	\N
485	485	uk	2018-11-02 11:34:09.987598	2018-11-02 11:34:09.987598	\N	\N	 		\N
486	486	uk	2018-11-02 11:34:10.002395	2018-11-02 11:34:10.002395	\N	\N	 		\N
487	487	uk	2018-11-02 11:34:10.01922	2018-11-02 11:34:10.01922	\N	\N	 		\N
488	488	uk	2018-11-02 11:34:10.035522	2018-11-02 11:34:10.035522	\N	\N	 		\N
489	489	uk	2018-11-02 11:34:10.052238	2018-11-02 11:34:10.052238	\N	\N	 		\N
490	490	uk	2018-11-02 11:34:10.068376	2018-11-02 11:34:10.068376	\N	\N	 		\N
491	491	uk	2018-11-02 11:34:10.084598	2018-11-02 11:34:10.084598	\N	\N	 		\N
492	492	uk	2018-11-02 11:34:10.102444	2018-11-02 11:34:10.102444	\N	\N	 	 '	\N
493	493	uk	2018-11-02 11:34:10.117404	2018-11-02 11:34:10.117404	\N	\N	 		\N
494	494	uk	2018-11-02 11:34:10.132774	2018-11-02 11:34:10.132774	\N	\N	 		\N
495	495	uk	2018-11-02 11:34:10.149899	2018-11-02 11:34:10.149899	\N	\N	   		\N
496	496	uk	2018-11-02 11:34:10.164431	2018-11-02 11:34:10.164431	\N	\N	   		\N
497	497	uk	2018-11-02 11:34:10.180432	2018-11-02 11:34:10.180432	\N	\N	 	 	\N
498	498	uk	2018-11-02 11:34:10.194548	2018-11-02 11:34:10.194548	\N	\N	 	 	\N
499	499	uk	2018-11-02 11:34:10.208564	2018-11-02 11:34:10.208564	\N	\N	 		\N
500	500	uk	2018-11-02 11:34:10.222881	2018-11-02 11:34:10.222881	\N	\N	 	 	\N
501	501	uk	2018-11-02 11:34:10.237131	2018-11-02 11:34:10.237131	\N	\N	 		\N
502	502	uk	2018-11-02 11:34:10.256673	2018-11-02 11:34:10.256673	\N				\N
503	503	uk	2018-11-02 11:34:10.271447	2018-11-02 11:34:10.271447	\N	\N	 	 	\N
504	504	uk	2018-11-02 11:34:10.285733	2018-11-02 11:34:10.285733	\N	\N	 	 	\N
505	505	uk	2018-11-02 11:34:10.308772	2018-11-02 11:34:10.308772	\N	\N	-19		\N
506	506	uk	2018-11-02 11:34:10.323912	2018-11-02 11:34:10.323912	\N	\N	-66	 	\N
507	507	uk	2018-11-02 11:34:10.339398	2018-11-02 11:34:10.339398	\N	\N	 	 	\N
508	508	uk	2018-11-02 11:34:10.354621	2018-11-02 11:34:10.354621	\N	\N	  		\N
509	509	uk	2018-11-02 11:34:10.370723	2018-11-02 11:34:10.370723	\N	\N		 	\N
510	510	uk	2018-11-02 11:34:10.385203	2018-11-02 11:34:10.385203	\N			 	\N
511	511	uk	2018-11-02 11:34:10.399805	2018-11-02 11:34:10.399805	\N	 1	 1		\N
512	512	uk	2018-11-02 11:34:10.419923	2018-11-02 11:34:10.419923	\N	\N	 		\N
513	513	uk	2018-11-02 11:34:10.436844	2018-11-02 11:34:10.436844	\N	\N	 		\N
514	514	uk	2018-11-02 11:34:10.451004	2018-11-02 11:34:10.451004	\N	\N	 	 	\N
515	515	uk	2018-11-02 11:34:10.464871	2018-11-02 11:34:10.464871	\N	\N	 		\N
516	516	uk	2018-11-02 11:34:10.479066	2018-11-02 11:34:10.479066	\N	\N	      2		\N
517	517	uk	2018-11-02 11:34:10.493546	2018-11-02 11:34:10.493546	\N	    	       1	 	\N
518	518	uk	2018-11-02 11:34:10.507923	2018-11-02 11:34:10.507923	\N	\N	 		\N
519	519	uk	2018-11-02 11:34:10.524555	2018-11-02 11:34:10.524555	\N	\N	 		\N
520	520	uk	2018-11-02 11:34:10.53823	2018-11-02 11:34:10.53823	\N	\N	 		\N
521	521	uk	2018-11-02 11:34:10.552082	2018-11-02 11:34:10.552082	\N	\N	  ()		\N
522	522	uk	2018-11-02 11:34:10.565862	2018-11-02 11:34:10.565862	\N	 3	 "   "		\N
523	523	uk	2018-11-02 11:34:10.580437	2018-11-02 11:34:10.580437	\N	\N	   	 	\N
524	524	uk	2018-11-02 11:34:10.596806	2018-11-02 11:34:10.596806	\N	\N	   		\N
525	525	uk	2018-11-02 11:34:10.613884	2018-11-02 11:34:10.613884	\N	\N	 72		\N
526	526	uk	2018-11-02 11:34:10.628971	2018-11-02 11:34:10.628971	\N	\N	-50	.	\N
527	527	uk	2018-11-02 11:34:10.643365	2018-11-02 11:34:10.643365	\N	\N	 -26	 	\N
528	528	uk	2018-11-02 11:34:10.668124	2018-11-02 11:34:10.668124	\N	1	 " 19"		\N
529	529	uk	2018-11-02 11:34:10.701356	2018-11-02 11:34:10.701356	\N	 	 		\N
530	530	uk	2018-11-02 11:34:10.728833	2018-11-02 11:34:10.728833	\N		  "   37   "		\N
531	531	uk	2018-11-02 11:34:10.758973	2018-11-02 11:34:10.758973	\N	\N	 2 ( )		\N
532	532	uk	2018-11-02 11:34:10.7882	2018-11-02 11:34:10.7882	\N	\N	 		\N
533	533	uk	2018-11-02 11:34:10.804345	2018-11-02 11:34:10.804345	\N	\N		.	\N
534	534	uk	2018-11-02 11:34:10.822171	2018-11-02 11:34:10.822171	\N	\N	 		\N
535	535	uk	2018-11-02 11:34:10.838348	2018-11-02 11:34:10.838348	\N	\N	  	 	\N
536	536	uk	2018-11-02 11:34:10.854176	2018-11-02 11:34:10.854176	\N	\N	  	 	\N
537	537	uk	2018-11-02 11:34:10.878877	2018-11-02 11:34:10.878877	\N	44- 		1- 	\N
538	538	uk	2018-11-02 11:34:10.895237	2018-11-02 11:34:10.895237	\N	\N			\N
539	539	uk	2018-11-02 11:34:10.910347	2018-11-02 11:34:10.910347	\N	\N			\N
540	540	uk	2018-11-02 11:34:10.925734	2018-11-02 11:34:10.925734	\N	\N			\N
541	541	uk	2018-11-02 11:34:10.940736	2018-11-02 11:34:10.940736	\N	\N			\N
542	542	uk	2018-11-02 11:34:10.955857	2018-11-02 11:34:10.955857	\N	\N			\N
543	543	uk	2018-11-02 11:34:10.970505	2018-11-02 11:34:10.970505	\N	\N	 		\N
544	544	uk	2018-11-02 11:34:10.985753	2018-11-02 11:34:10.985753	\N	\N	 	 	\N
545	545	uk	2018-11-02 11:34:11.00683	2018-11-02 11:34:11.00683	\N	\N	 	 	\N
546	546	uk	2018-11-02 11:34:11.024693	2018-11-02 11:34:11.024693	\N	\N	 		\N
547	547	uk	2018-11-02 11:34:11.039394	2018-11-02 11:34:11.039394	\N	\N	 		\N
548	548	uk	2018-11-02 11:34:11.05468	2018-11-02 11:34:11.05468	\N	\N	 		\N
549	549	uk	2018-11-02 11:34:11.070293	2018-11-02 11:34:11.070293	\N	\N	 		\N
550	550	uk	2018-11-02 11:34:11.085066	2018-11-02 11:34:11.085066	\N	\N	 		\N
551	551	uk	2018-11-02 11:34:11.099771	2018-11-02 11:34:11.099771	\N	\N	 		\N
552	552	uk	2018-11-02 11:34:11.117924	2018-11-02 11:34:11.117924	\N	\N	 	600-	\N
553	553	uk	2018-11-02 11:34:11.140912	2018-11-02 11:34:11.140912	\N	\N	 	 	\N
554	554	uk	2018-11-02 11:34:11.156997	2018-11-02 11:34:11.156997	\N	\N	 	 	\N
555	555	uk	2018-11-02 11:34:11.17198	2018-11-02 11:34:11.17198	\N	\N	 	 	\N
556	556	uk	2018-11-02 11:34:11.187391	2018-11-02 11:34:11.187391	\N	\N	 		\N
557	557	uk	2018-11-02 11:34:11.202715	2018-11-02 11:34:11.202715	\N	\N	 		\N
558	558	uk	2018-11-02 11:34:11.226996	2018-11-02 11:34:11.226996	\N	\N	 		\N
559	559	uk	2018-11-02 11:34:11.250751	2018-11-02 11:34:11.250751	\N	\N			\N
560	560	uk	2018-11-02 11:34:11.266475	2018-11-02 11:34:11.266475	\N	\N	 	 	\N
561	561	uk	2018-11-02 11:34:11.281377	2018-11-02 11:34:11.281377	\N	\N	 	 	\N
562	562	uk	2018-11-02 11:34:11.296267	2018-11-02 11:34:11.296267	\N	\N	 	 	\N
563	563	uk	2018-11-02 11:34:11.319674	2018-11-02 11:34:11.319674	\N	\N	 	 	\N
564	564	uk	2018-11-02 11:34:11.334937	2018-11-02 11:34:11.334937	\N	\N	 		\N
565	565	uk	2018-11-02 11:34:11.349961	2018-11-02 11:34:11.349961	\N	\N	 		\N
566	566	uk	2018-11-02 11:34:11.36585	2018-11-02 11:34:11.36585	\N	\N	 		\N
567	567	uk	2018-11-02 11:34:11.381393	2018-11-02 11:34:11.381393	\N	2-  	 	-	\N
568	568	uk	2018-11-02 11:34:11.399921	2018-11-02 11:34:11.399921	\N	1	 		\N
569	569	uk	2018-11-02 11:34:11.418705	2018-11-02 11:34:11.418705	\N	1	  "  -  1"		\N
570	570	uk	2018-11-02 11:34:11.433803	2018-11-02 11:34:11.433803	\N	\N	 		\N
571	571	uk	2018-11-02 11:34:11.450859	2018-11-02 11:34:11.450859	\N	1	 	 	\N
572	572	uk	2018-11-02 11:34:11.466561	2018-11-02 11:34:11.466561	\N	\N	 	 	\N
573	573	uk	2018-11-02 11:34:11.485581	2018-11-02 11:34:11.485581	\N	\N	 		\N
574	574	uk	2018-11-02 11:34:11.515123	2018-11-02 11:34:11.515123	\N	\N	 		\N
575	575	uk	2018-11-02 11:34:11.533589	2018-11-02 11:34:11.533589	\N	\N	 	1- 	\N
576	576	uk	2018-11-02 11:34:11.548371	2018-11-02 11:34:11.548371	\N	\N	 		\N
577	577	uk	2018-11-02 11:34:11.566459	2018-11-02 11:34:11.566459	\N	\N	 		\N
578	578	uk	2018-11-02 11:34:11.583096	2018-11-02 11:34:11.583096	\N	\N	   "  -  1"	 	\N
579	579	uk	2018-11-02 11:34:11.606234	2018-11-02 11:34:11.606234	\N	\N	 		\N
580	580	uk	2018-11-02 11:34:11.622674	2018-11-02 11:34:11.622674	\N	\N			\N
581	581	uk	2018-11-02 11:34:11.637877	2018-11-02 11:34:11.637877	\N				\N
582	582	uk	2018-11-02 11:34:11.662362	2018-11-02 11:34:11.662362	\N	\N			\N
583	583	uk	2018-11-02 11:34:11.6772	2018-11-02 11:34:11.6772	\N	\N	\N		\N
1474	1474	uk	2018-11-02 11:34:27.001883	2018-11-02 11:34:27.001883	\N	\N	 5/1	600-	\N
584	584	uk	2018-11-02 11:34:11.692692	2018-11-02 11:34:11.692692	\N	\N	 		\N
585	585	uk	2018-11-02 11:34:11.707829	2018-11-02 11:34:11.707829	\N	\N	 		\N
586	586	uk	2018-11-02 11:34:11.722254	2018-11-02 11:34:11.722254	\N	\N	 		\N
587	587	uk	2018-11-02 11:34:11.736607	2018-11-02 11:34:11.736607	\N	\N	 		\N
588	588	uk	2018-11-02 11:34:11.750932	2018-11-02 11:34:11.750932	\N	\N	 		\N
589	589	uk	2018-11-02 11:34:11.765352	2018-11-02 11:34:11.765352	\N	\N	 		\N
590	590	uk	2018-11-02 11:34:11.779333	2018-11-02 11:34:11.779333	\N	\N	 		\N
591	591	uk	2018-11-02 11:34:11.793574	2018-11-02 11:34:11.793574	\N	\N	 		\N
592	592	uk	2018-11-02 11:34:11.807976	2018-11-02 11:34:11.807976	\N	\N	 		\N
593	593	uk	2018-11-02 11:34:11.823839	2018-11-02 11:34:11.823839	\N	\N	 		\N
594	594	uk	2018-11-02 11:34:11.847127	2018-11-02 11:34:11.847127	\N	\N	 		\N
595	595	uk	2018-11-02 11:34:11.862894	2018-11-02 11:34:11.862894	\N	\N	 		\N
596	596	uk	2018-11-02 11:34:11.8776	2018-11-02 11:34:11.8776	\N	\N	 		\N
597	597	uk	2018-11-02 11:34:11.903	2018-11-02 11:34:11.903	\N	\N	 		\N
598	598	uk	2018-11-02 11:34:11.919981	2018-11-02 11:34:11.919981	\N	\N	 		\N
599	599	uk	2018-11-02 11:34:11.934605	2018-11-02 11:34:11.934605	\N	\N	 		\N
600	600	uk	2018-11-02 11:34:11.949872	2018-11-02 11:34:11.949872	\N	\N	 		\N
601	601	uk	2018-11-02 11:34:11.966573	2018-11-02 11:34:11.966573	\N	\N	 		\N
602	602	uk	2018-11-02 11:34:11.981175	2018-11-02 11:34:11.981175	\N	\N	 		\N
603	603	uk	2018-11-02 11:34:11.995025	2018-11-02 11:34:11.995025	\N	\N	 		\N
604	604	uk	2018-11-02 11:34:12.017882	2018-11-02 11:34:12.017882	\N	\N	 		\N
605	605	uk	2018-11-02 11:34:12.03356	2018-11-02 11:34:12.03356	\N	\N	-766		\N
606	606	uk	2018-11-02 11:34:12.047513	2018-11-02 11:34:12.047513	\N	\N	 	.	\N
607	607	uk	2018-11-02 11:34:12.061488	2018-11-02 11:34:12.061488	\N	\N	 		\N
608	608	uk	2018-11-02 11:34:12.075092	2018-11-02 11:34:12.075092	\N	\N	 	 	\N
609	609	uk	2018-11-02 11:34:12.089671	2018-11-02 11:34:12.089671	\N	\N	 	 	\N
610	610	uk	2018-11-02 11:34:12.104737	2018-11-02 11:34:12.104737	\N	\N	 		\N
611	611	uk	2018-11-02 11:34:12.119734	2018-11-02 11:34:12.119734	\N	\N		 	\N
612	612	uk	2018-11-02 11:34:12.135364	2018-11-02 11:34:12.135364	\N	\N	 		\N
613	613	uk	2018-11-02 11:34:12.159086	2018-11-02 11:34:12.159086	\N	\N	 		\N
614	614	uk	2018-11-02 11:34:12.174635	2018-11-02 11:34:12.174635	\N	\N	 		\N
615	615	uk	2018-11-02 11:34:12.197906	2018-11-02 11:34:12.197906	\N	\N	 		\N
616	616	uk	2018-11-02 11:34:12.21265	2018-11-02 11:34:12.21265	\N	\N		 	\N
617	617	uk	2018-11-02 11:34:12.22848	2018-11-02 11:34:12.22848	\N			 	\N
618	618	uk	2018-11-02 11:34:12.242947	2018-11-02 11:34:12.242947	\N	\N	\N	 	\N
619	619	uk	2018-11-02 11:34:12.257842	2018-11-02 11:34:12.257842	\N	\N	 		\N
620	620	uk	2018-11-02 11:34:12.272129	2018-11-02 11:34:12.272129	\N	\N	 		\N
621	621	uk	2018-11-02 11:34:12.286384	2018-11-02 11:34:12.286384	\N	\N	 		\N
622	622	uk	2018-11-02 11:34:12.301062	2018-11-02 11:34:12.301062	\N		 	 	\N
623	623	uk	2018-11-02 11:34:12.315449	2018-11-02 11:34:12.315449	\N	\N	 	 	\N
624	624	uk	2018-11-02 11:34:12.330185	2018-11-02 11:34:12.330185	\N	\N	 	 	\N
625	625	uk	2018-11-02 11:34:12.345218	2018-11-02 11:34:12.345218	\N	\N	 	 	\N
626	626	uk	2018-11-02 11:34:12.360328	2018-11-02 11:34:12.360328	\N	\N	 	 	\N
627	627	uk	2018-11-02 11:34:12.382528	2018-11-02 11:34:12.382528	\N	\N	 		\N
628	628	uk	2018-11-02 11:34:12.409551	2018-11-02 11:34:12.409551	\N	\N	 		\N
629	629	uk	2018-11-02 11:34:12.425361	2018-11-02 11:34:12.425361	\N	\N	 		\N
630	630	uk	2018-11-02 11:34:12.452849	2018-11-02 11:34:12.452849	\N	\N	 		\N
631	631	uk	2018-11-02 11:34:12.468668	2018-11-02 11:34:12.468668	\N		 		\N
632	632	uk	2018-11-02 11:34:12.483935	2018-11-02 11:34:12.483935	\N		 		\N
633	633	uk	2018-11-02 11:34:12.500659	2018-11-02 11:34:12.500659	\N	\N	 	-	\N
634	634	uk	2018-11-02 11:34:12.515181	2018-11-02 11:34:12.515181	\N	\N	 	 	\N
635	635	uk	2018-11-02 11:34:12.530295	2018-11-02 11:34:12.530295	\N	\N	 	 	\N
636	636	uk	2018-11-02 11:34:12.54523	2018-11-02 11:34:12.54523	\N	\N	 		\N
637	637	uk	2018-11-02 11:34:12.560325	2018-11-02 11:34:12.560325	\N	\N	 		\N
638	638	uk	2018-11-02 11:34:12.576072	2018-11-02 11:34:12.576072	\N	\N	 		\N
639	639	uk	2018-11-02 11:34:12.59744	2018-11-02 11:34:12.59744	\N	\N	 		\N
640	640	uk	2018-11-02 11:34:12.612919	2018-11-02 11:34:12.612919	\N	\N	 		\N
641	641	uk	2018-11-02 11:34:12.637059	2018-11-02 11:34:12.637059	\N	\N	 		\N
642	642	uk	2018-11-02 11:34:12.657026	2018-11-02 11:34:12.657026	\N	\N	 		\N
643	643	uk	2018-11-02 11:34:12.676348	2018-11-02 11:34:12.676348	\N	\N	 		\N
644	644	uk	2018-11-02 11:34:12.700194	2018-11-02 11:34:12.700194	\N	\N	 		\N
645	645	uk	2018-11-02 11:34:12.722947	2018-11-02 11:34:12.722947	\N	\N	 		\N
646	646	uk	2018-11-02 11:34:12.739891	2018-11-02 11:34:12.739891	\N	\N	 		\N
647	647	uk	2018-11-02 11:34:12.756838	2018-11-02 11:34:12.756838	\N	\N	 		\N
648	648	uk	2018-11-02 11:34:12.773936	2018-11-02 11:34:12.773936	\N	\N	 		\N
649	649	uk	2018-11-02 11:34:12.788873	2018-11-02 11:34:12.788873	\N	\N	 		\N
650	650	uk	2018-11-02 11:34:12.80395	2018-11-02 11:34:12.80395	\N	\N	 		\N
651	651	uk	2018-11-02 11:34:12.819077	2018-11-02 11:34:12.819077	\N	\N	 		\N
652	652	uk	2018-11-02 11:34:12.834201	2018-11-02 11:34:12.834201	\N	\N	 		\N
653	653	uk	2018-11-02 11:34:12.849285	2018-11-02 11:34:12.849285	\N	\N	 		\N
654	654	uk	2018-11-02 11:34:12.864343	2018-11-02 11:34:12.864343	\N	\N	 		\N
655	655	uk	2018-11-02 11:34:12.879195	2018-11-02 11:34:12.879195	\N	\N	 		\N
656	656	uk	2018-11-02 11:34:12.896399	2018-11-02 11:34:12.896399	\N	\N	 		\N
657	657	uk	2018-11-02 11:34:12.911125	2018-11-02 11:34:12.911125	\N	\N	 		\N
658	658	uk	2018-11-02 11:34:12.926853	2018-11-02 11:34:12.926853	\N	\N	 		\N
659	659	uk	2018-11-02 11:34:12.940681	2018-11-02 11:34:12.940681	\N	\N	 	 	\N
660	660	uk	2018-11-02 11:34:12.96059	2018-11-02 11:34:12.96059	\N	\N	 	 	\N
661	661	uk	2018-11-02 11:34:12.975688	2018-11-02 11:34:12.975688	\N	\N	 	 	\N
662	662	uk	2018-11-02 11:34:12.989875	2018-11-02 11:34:12.989875	\N	\N	 	 	\N
663	663	uk	2018-11-02 11:34:13.005102	2018-11-02 11:34:13.005102	\N	\N	 	 	\N
664	664	uk	2018-11-02 11:34:13.020331	2018-11-02 11:34:13.020331	\N	\N	 	 	\N
665	665	uk	2018-11-02 11:34:13.037009	2018-11-02 11:34:13.037009	\N	\N	 	 	\N
666	666	uk	2018-11-02 11:34:13.05098	2018-11-02 11:34:13.05098	\N	\N	 	 	\N
667	667	uk	2018-11-02 11:34:13.065317	2018-11-02 11:34:13.065317	\N	\N	 	 	\N
668	668	uk	2018-11-02 11:34:13.079785	2018-11-02 11:34:13.079785	\N	\N	 	 	\N
669	669	uk	2018-11-02 11:34:13.094818	2018-11-02 11:34:13.094818	\N	\N	 	 	\N
670	670	uk	2018-11-02 11:34:13.112707	2018-11-02 11:34:13.112707	\N	\N	 	 	\N
671	671	uk	2018-11-02 11:34:13.131146	2018-11-02 11:34:13.131146	\N	\N	 		\N
672	672	uk	2018-11-02 11:34:13.145348	2018-11-02 11:34:13.145348	\N	 	 		\N
673	673	uk	2018-11-02 11:34:13.159706	2018-11-02 11:34:13.159706	\N	\N	 		\N
674	674	uk	2018-11-02 11:34:13.178564	2018-11-02 11:34:13.178564	\N	\N	 		\N
675	675	uk	2018-11-02 11:34:13.193553	2018-11-02 11:34:13.193553	\N	\N	 		\N
676	676	uk	2018-11-02 11:34:13.208236	2018-11-02 11:34:13.208236	\N	\N	 	 	\N
677	677	uk	2018-11-02 11:34:13.222914	2018-11-02 11:34:13.222914	\N	\N	 	 	\N
678	678	uk	2018-11-02 11:34:13.242246	2018-11-02 11:34:13.242246	\N	\N	 	 	\N
679	679	uk	2018-11-02 11:34:13.259069	2018-11-02 11:34:13.259069	\N	\N	 	 	\N
680	680	uk	2018-11-02 11:34:13.273356	2018-11-02 11:34:13.273356	\N	\N	 	 	\N
681	681	uk	2018-11-02 11:34:13.287458	2018-11-02 11:34:13.287458	\N	\N	 	 	\N
682	682	uk	2018-11-02 11:34:13.303449	2018-11-02 11:34:13.303449	\N	\N	 	 	\N
683	683	uk	2018-11-02 11:34:13.317732	2018-11-02 11:34:13.317732	\N	\N	 	 	\N
684	684	uk	2018-11-02 11:34:13.335261	2018-11-02 11:34:13.335261	\N	\N	 	 	\N
685	685	uk	2018-11-02 11:34:13.350832	2018-11-02 11:34:13.350832	\N	\N	 	 	\N
686	686	uk	2018-11-02 11:34:13.373176	2018-11-02 11:34:13.373176	\N	\N	 	 	\N
687	687	uk	2018-11-02 11:34:13.389728	2018-11-02 11:34:13.389728	\N	\N	 	 	\N
688	688	uk	2018-11-02 11:34:13.406475	2018-11-02 11:34:13.406475	\N	\N	 	 	\N
689	689	uk	2018-11-02 11:34:13.423411	2018-11-02 11:34:13.423411	\N	\N	 	 	\N
690	690	uk	2018-11-02 11:34:13.440213	2018-11-02 11:34:13.440213	\N	\N	 	 	\N
691	691	uk	2018-11-02 11:34:13.456326	2018-11-02 11:34:13.456326	\N	\N	 	 	\N
692	692	uk	2018-11-02 11:34:13.471826	2018-11-02 11:34:13.471826	\N	\N	 	 	\N
693	693	uk	2018-11-02 11:34:13.497096	2018-11-02 11:34:13.497096	\N	\N	 	 	\N
694	694	uk	2018-11-02 11:34:13.513827	2018-11-02 11:34:13.513827	\N	\N	 	 	\N
695	695	uk	2018-11-02 11:34:13.530767	2018-11-02 11:34:13.530767	\N	\N	 	 	\N
696	696	uk	2018-11-02 11:34:13.547444	2018-11-02 11:34:13.547444	\N	\N	 	 	\N
697	697	uk	2018-11-02 11:34:13.562469	2018-11-02 11:34:13.562469	\N		 	 	\N
698	698	uk	2018-11-02 11:34:13.577028	2018-11-02 11:34:13.577028	\N	\N	 	 	\N
699	699	uk	2018-11-02 11:34:13.591829	2018-11-02 11:34:13.591829	\N	\N	 	 	\N
700	700	uk	2018-11-02 11:34:13.608275	2018-11-02 11:34:13.608275	\N	\N	 	 	\N
701	701	uk	2018-11-02 11:34:13.623772	2018-11-02 11:34:13.623772	\N	\N	 	 	\N
702	702	uk	2018-11-02 11:34:13.642748	2018-11-02 11:34:13.642748	\N	\N	 	 	\N
703	703	uk	2018-11-02 11:34:13.663864	2018-11-02 11:34:13.663864	\N	\N	 	 	\N
704	704	uk	2018-11-02 11:34:13.681538	2018-11-02 11:34:13.681538	\N	\N	 	 	\N
705	705	uk	2018-11-02 11:34:13.7061	2018-11-02 11:34:13.7061	\N	\N	 	 	\N
706	706	uk	2018-11-02 11:34:13.73082	2018-11-02 11:34:13.73082	\N	\N	 	 	\N
707	707	uk	2018-11-02 11:34:13.750334	2018-11-02 11:34:13.750334	\N	\N	 	 	\N
708	708	uk	2018-11-02 11:34:13.765073	2018-11-02 11:34:13.765073	\N	\N	 	 	\N
709	709	uk	2018-11-02 11:34:13.78001	2018-11-02 11:34:13.78001	\N	\N	 	 	\N
710	710	uk	2018-11-02 11:34:13.795293	2018-11-02 11:34:13.795293	\N	\N	 	 	\N
711	711	uk	2018-11-02 11:34:13.814925	2018-11-02 11:34:13.814925	\N	\N	 	 	\N
712	712	uk	2018-11-02 11:34:13.834179	2018-11-02 11:34:13.834179	\N	\N	 	 	\N
713	713	uk	2018-11-02 11:34:13.851859	2018-11-02 11:34:13.851859	\N	\N	 	 	\N
714	714	uk	2018-11-02 11:34:13.867993	2018-11-02 11:34:13.867993	\N	\N	 	 	\N
715	715	uk	2018-11-02 11:34:13.884614	2018-11-02 11:34:13.884614	\N	\N	 	 	\N
716	716	uk	2018-11-02 11:34:13.899112	2018-11-02 11:34:13.899112	\N	\N	 	 	\N
717	717	uk	2018-11-02 11:34:13.914074	2018-11-02 11:34:13.914074	\N	\N	 	 	\N
718	718	uk	2018-11-02 11:34:13.93027	2018-11-02 11:34:13.93027	\N	\N	 	 	\N
719	719	uk	2018-11-02 11:34:13.945479	2018-11-02 11:34:13.945479	\N	\N	 	 	\N
720	720	uk	2018-11-02 11:34:13.96026	2018-11-02 11:34:13.96026	\N	\N	 	 	\N
721	721	uk	2018-11-02 11:34:13.975013	2018-11-02 11:34:13.975013	\N	\N	 	 	\N
722	722	uk	2018-11-02 11:34:13.989882	2018-11-02 11:34:13.989882	\N	\N	 	 	\N
723	723	uk	2018-11-02 11:34:14.005682	2018-11-02 11:34:14.005682	\N	\N	 	 	\N
724	724	uk	2018-11-02 11:34:14.020134	2018-11-02 11:34:14.020134	\N	\N	 	 	\N
725	725	uk	2018-11-02 11:34:14.035008	2018-11-02 11:34:14.035008	\N	\N	 	 	\N
726	726	uk	2018-11-02 11:34:14.049362	2018-11-02 11:34:14.049362	\N	\N	 	 	\N
727	727	uk	2018-11-02 11:34:14.064464	2018-11-02 11:34:14.064464	\N	\N	 	 	\N
728	728	uk	2018-11-02 11:34:14.078284	2018-11-02 11:34:14.078284	\N	\N	 	 	\N
729	729	uk	2018-11-02 11:34:14.099234	2018-11-02 11:34:14.099234	\N	\N	 		\N
730	730	uk	2018-11-02 11:34:14.115828	2018-11-02 11:34:14.115828	\N	\N	 		\N
731	731	uk	2018-11-02 11:34:14.130759	2018-11-02 11:34:14.130759	\N	\N	 		\N
732	732	uk	2018-11-02 11:34:14.151713	2018-11-02 11:34:14.151713	\N	\N	 		\N
733	733	uk	2018-11-02 11:34:14.166347	2018-11-02 11:34:14.166347	\N	\N	 		\N
734	734	uk	2018-11-02 11:34:14.180567	2018-11-02 11:34:14.180567	\N	\N	 		\N
735	735	uk	2018-11-02 11:34:14.194717	2018-11-02 11:34:14.194717	\N	\N	 		\N
736	736	uk	2018-11-02 11:34:14.209531	2018-11-02 11:34:14.209531	\N	\N	 		\N
737	737	uk	2018-11-02 11:34:14.224111	2018-11-02 11:34:14.224111	\N	\N	 		\N
738	738	uk	2018-11-02 11:34:14.240363	2018-11-02 11:34:14.240363	\N	\N	 		\N
739	739	uk	2018-11-02 11:34:14.25763	2018-11-02 11:34:14.25763	\N	\N	 		\N
740	740	uk	2018-11-02 11:34:14.272064	2018-11-02 11:34:14.272064	\N	\N	 		\N
741	741	uk	2018-11-02 11:34:14.286593	2018-11-02 11:34:14.286593	\N	\N	 		\N
742	742	uk	2018-11-02 11:34:14.301078	2018-11-02 11:34:14.301078	\N	\N	 		\N
743	743	uk	2018-11-02 11:34:14.315273	2018-11-02 11:34:14.315273	\N	\N	 	 	\N
744	744	uk	2018-11-02 11:34:14.337916	2018-11-02 11:34:14.337916	\N	12,27,40,53,138,159,165,181,191		 	\N
745	745	uk	2018-11-02 11:34:14.353223	2018-11-02 11:34:14.353223	\N	\N	 		\N
746	746	uk	2018-11-02 11:34:14.367908	2018-11-02 11:34:14.367908	\N	\N	 		\N
747	747	uk	2018-11-02 11:34:14.382285	2018-11-02 11:34:14.382285	\N	\N	 		\N
748	748	uk	2018-11-02 11:34:14.3988	2018-11-02 11:34:14.3988	\N	\N	 		\N
749	749	uk	2018-11-02 11:34:14.413149	2018-11-02 11:34:14.413149	\N	\N	 		\N
750	750	uk	2018-11-02 11:34:14.443936	2018-11-02 11:34:14.443936	\N	\N	 		\N
751	751	uk	2018-11-02 11:34:14.46176	2018-11-02 11:34:14.46176	\N	\N	 		\N
752	752	uk	2018-11-02 11:34:14.48355	2018-11-02 11:34:14.48355	\N	\N	 		\N
753	753	uk	2018-11-02 11:34:14.505693	2018-11-02 11:34:14.505693	\N	\N	 	 	\N
754	754	uk	2018-11-02 11:34:14.534035	2018-11-02 11:34:14.534035	\N	\N	 	 	\N
755	755	uk	2018-11-02 11:34:14.550217	2018-11-02 11:34:14.550217	\N	\N	 	 	\N
756	756	uk	2018-11-02 11:34:14.573335	2018-11-02 11:34:14.573335	\N	\N	 	 	\N
757	757	uk	2018-11-02 11:34:14.590338	2018-11-02 11:34:14.590338	\N	\N	 	 	\N
758	758	uk	2018-11-02 11:34:14.610159	2018-11-02 11:34:14.610159	\N	\N	 	 	\N
759	759	uk	2018-11-02 11:34:14.625279	2018-11-02 11:34:14.625279	\N	\N	 	 	\N
760	760	uk	2018-11-02 11:34:14.644146	2018-11-02 11:34:14.644146	\N	\N	 	 	\N
761	761	uk	2018-11-02 11:34:14.660937	2018-11-02 11:34:14.660937	\N	\N	 	 	\N
762	762	uk	2018-11-02 11:34:14.679841	2018-11-02 11:34:14.679841	\N	\N	 	 	\N
763	763	uk	2018-11-02 11:34:14.696819	2018-11-02 11:34:14.696819	\N	\N	 		\N
764	764	uk	2018-11-02 11:34:14.711839	2018-11-02 11:34:14.711839	\N	\N	 		\N
765	765	uk	2018-11-02 11:34:14.727145	2018-11-02 11:34:14.727145	\N	\N	 		\N
766	766	uk	2018-11-02 11:34:14.745813	2018-11-02 11:34:14.745813	\N	\N	 		\N
767	767	uk	2018-11-02 11:34:14.770885	2018-11-02 11:34:14.770885	\N	\N	 		\N
768	768	uk	2018-11-02 11:34:14.787607	2018-11-02 11:34:14.787607	\N	\N	 		\N
769	769	uk	2018-11-02 11:34:14.802194	2018-11-02 11:34:14.802194	\N	\N	 		\N
770	770	uk	2018-11-02 11:34:14.82293	2018-11-02 11:34:14.82293	\N	\N	 		\N
771	771	uk	2018-11-02 11:34:14.837741	2018-11-02 11:34:14.837741	\N	\N	 		\N
772	772	uk	2018-11-02 11:34:14.85243	2018-11-02 11:34:14.85243	\N	\N	 		\N
773	773	uk	2018-11-02 11:34:14.86877	2018-11-02 11:34:14.86877	\N	\N	 		\N
774	774	uk	2018-11-02 11:34:14.89181	2018-11-02 11:34:14.89181	\N	\N	 		\N
775	775	uk	2018-11-02 11:34:14.909058	2018-11-02 11:34:14.909058	\N	\N	 		\N
776	776	uk	2018-11-02 11:34:14.926325	2018-11-02 11:34:14.926325	\N	\N	 		\N
777	777	uk	2018-11-02 11:34:14.946512	2018-11-02 11:34:14.946512	\N	\N	 		\N
778	778	uk	2018-11-02 11:34:14.961038	2018-11-02 11:34:14.961038	\N	\N	 		\N
779	779	uk	2018-11-02 11:34:14.975746	2018-11-02 11:34:14.975746	\N	\N	 		\N
780	780	uk	2018-11-02 11:34:14.991071	2018-11-02 11:34:14.991071	\N	\N	 		\N
781	781	uk	2018-11-02 11:34:15.008	2018-11-02 11:34:15.008	\N	\N	 		\N
782	782	uk	2018-11-02 11:34:15.024281	2018-11-02 11:34:15.024281	\N	\N	 		\N
783	783	uk	2018-11-02 11:34:15.041005	2018-11-02 11:34:15.041005	\N	\N	 		\N
784	784	uk	2018-11-02 11:34:15.056922	2018-11-02 11:34:15.056922	\N	\N	 		\N
785	785	uk	2018-11-02 11:34:15.07214	2018-11-02 11:34:15.07214	\N	\N	 		\N
786	786	uk	2018-11-02 11:34:15.087169	2018-11-02 11:34:15.087169	\N	\N	 		\N
787	787	uk	2018-11-02 11:34:15.10242	2018-11-02 11:34:15.10242	\N	\N	 		\N
788	788	uk	2018-11-02 11:34:15.117712	2018-11-02 11:34:15.117712	\N	\N	 		\N
789	789	uk	2018-11-02 11:34:15.132499	2018-11-02 11:34:15.132499	\N	\N	 		\N
790	790	uk	2018-11-02 11:34:15.147587	2018-11-02 11:34:15.147587	\N	\N	 		\N
791	791	uk	2018-11-02 11:34:15.16269	2018-11-02 11:34:15.16269	\N	\N	 		\N
792	792	uk	2018-11-02 11:34:15.177285	2018-11-02 11:34:15.177285	\N	\N	 		\N
793	793	uk	2018-11-02 11:34:15.194178	2018-11-02 11:34:15.194178	\N	\N	 		\N
794	794	uk	2018-11-02 11:34:15.208807	2018-11-02 11:34:15.208807	\N	\N	 		\N
795	795	uk	2018-11-02 11:34:15.223306	2018-11-02 11:34:15.223306	\N	\N	 		\N
796	796	uk	2018-11-02 11:34:15.241042	2018-11-02 11:34:15.241042	\N	\N	 	 	\N
797	797	uk	2018-11-02 11:34:15.258694	2018-11-02 11:34:15.258694	\N	\N	 	 	\N
798	798	uk	2018-11-02 11:34:15.276212	2018-11-02 11:34:15.276212	\N	\N	 	 	\N
799	799	uk	2018-11-02 11:34:15.290677	2018-11-02 11:34:15.290677	\N	\N	 	 	\N
800	800	uk	2018-11-02 11:34:15.304752	2018-11-02 11:34:15.304752	\N	\N	 	 	\N
801	801	uk	2018-11-02 11:34:15.320091	2018-11-02 11:34:15.320091	\N	\N	 	 	\N
802	802	uk	2018-11-02 11:34:15.33472	2018-11-02 11:34:15.33472	\N	\N	 	 	\N
803	803	uk	2018-11-02 11:34:15.348908	2018-11-02 11:34:15.348908	\N	\N	 	 	\N
804	804	uk	2018-11-02 11:34:15.363859	2018-11-02 11:34:15.363859	\N	\N	 	 	\N
805	805	uk	2018-11-02 11:34:15.378805	2018-11-02 11:34:15.378805	\N	\N	 	 	\N
806	806	uk	2018-11-02 11:34:15.393182	2018-11-02 11:34:15.393182	\N	\N	 	 	\N
807	807	uk	2018-11-02 11:34:15.416078	2018-11-02 11:34:15.416078	\N	\N	 	 	\N
808	808	uk	2018-11-02 11:34:15.431289	2018-11-02 11:34:15.431289	\N	\N	 	 	\N
809	809	uk	2018-11-02 11:34:15.449228	2018-11-02 11:34:15.449228	\N	\N	 	 	\N
810	810	uk	2018-11-02 11:34:15.466118	2018-11-02 11:34:15.466118	\N	\N	 	 	\N
811	811	uk	2018-11-02 11:34:15.48258	2018-11-02 11:34:15.48258	\N	\N	 	 	\N
812	812	uk	2018-11-02 11:34:15.49933	2018-11-02 11:34:15.49933	\N	\N	 	 	\N
813	813	uk	2018-11-02 11:34:15.516877	2018-11-02 11:34:15.516877	\N	\N	 	 	\N
814	814	uk	2018-11-02 11:34:15.545253	2018-11-02 11:34:15.545253	\N	\N	 	 	\N
815	815	uk	2018-11-02 11:34:15.562007	2018-11-02 11:34:15.562007	\N	\N	 	 	\N
816	816	uk	2018-11-02 11:34:15.576819	2018-11-02 11:34:15.576819	\N	\N	 	 	\N
817	817	uk	2018-11-02 11:34:15.600555	2018-11-02 11:34:15.600555	\N	\N	 	 	\N
818	818	uk	2018-11-02 11:34:15.615735	2018-11-02 11:34:15.615735	\N	\N	 	 	\N
819	819	uk	2018-11-02 11:34:15.638472	2018-11-02 11:34:15.638472	\N	\N	 		\N
820	820	uk	2018-11-02 11:34:15.662717	2018-11-02 11:34:15.662717	\N	\N	 		\N
821	821	uk	2018-11-02 11:34:15.68141	2018-11-02 11:34:15.68141	\N	\N	 		\N
822	822	uk	2018-11-02 11:34:15.700537	2018-11-02 11:34:15.700537	\N	\N	 		\N
823	823	uk	2018-11-02 11:34:15.716764	2018-11-02 11:34:15.716764	\N	\N	 		\N
824	824	uk	2018-11-02 11:34:15.731794	2018-11-02 11:34:15.731794	\N	\N	 		\N
825	825	uk	2018-11-02 11:34:15.746236	2018-11-02 11:34:15.746236	\N	\N	 		\N
826	826	uk	2018-11-02 11:34:15.760595	2018-11-02 11:34:15.760595	\N	\N	 		\N
827	827	uk	2018-11-02 11:34:15.776027	2018-11-02 11:34:15.776027	\N	\N	 		\N
828	828	uk	2018-11-02 11:34:15.79096	2018-11-02 11:34:15.79096	\N	\N	 		\N
829	829	uk	2018-11-02 11:34:15.805711	2018-11-02 11:34:15.805711	\N	\N	 		\N
830	830	uk	2018-11-02 11:34:15.821407	2018-11-02 11:34:15.821407	\N	\N	 		\N
831	831	uk	2018-11-02 11:34:15.838773	2018-11-02 11:34:15.838773	\N	\N	 		\N
832	832	uk	2018-11-02 11:34:15.855041	2018-11-02 11:34:15.855041	\N	\N	 		\N
833	833	uk	2018-11-02 11:34:15.872026	2018-11-02 11:34:15.872026	\N	\N	 		\N
834	834	uk	2018-11-02 11:34:15.888399	2018-11-02 11:34:15.888399	\N	\N	 		\N
835	835	uk	2018-11-02 11:34:15.905162	2018-11-02 11:34:15.905162	\N	\N	 		\N
836	836	uk	2018-11-02 11:34:15.92053	2018-11-02 11:34:15.92053	\N	\N	 		\N
1475	1475	uk	2018-11-02 11:34:27.018388	2018-11-02 11:34:27.018388	\N	\N	 6/3		\N
837	837	uk	2018-11-02 11:34:15.935585	2018-11-02 11:34:15.935585	\N	\N	 		\N
838	838	uk	2018-11-02 11:34:15.953155	2018-11-02 11:34:15.953155	\N	\N	 	 	\N
839	839	uk	2018-11-02 11:34:15.968311	2018-11-02 11:34:15.968311	\N	\N	 	 	\N
840	840	uk	2018-11-02 11:34:15.983402	2018-11-02 11:34:15.983402	\N	\N	 	 	\N
841	841	uk	2018-11-02 11:34:16.018016	2018-11-02 11:34:16.018016	\N	\N	 	 	\N
842	842	uk	2018-11-02 11:34:16.057018	2018-11-02 11:34:16.057018	\N	\N	 	 	\N
843	843	uk	2018-11-02 11:34:16.071365	2018-11-02 11:34:16.071365	\N	\N	 	 	\N
844	844	uk	2018-11-02 11:34:16.086534	2018-11-02 11:34:16.086534	\N	\N	 	 	\N
845	845	uk	2018-11-02 11:34:16.100606	2018-11-02 11:34:16.100606	\N	\N	 	 	\N
846	846	uk	2018-11-02 11:34:16.116885	2018-11-02 11:34:16.116885	\N	\N	 		\N
847	847	uk	2018-11-02 11:34:16.130999	2018-11-02 11:34:16.130999	\N	\N	 		\N
848	848	uk	2018-11-02 11:34:16.145156	2018-11-02 11:34:16.145156	\N	\N	 		\N
849	849	uk	2018-11-02 11:34:16.159477	2018-11-02 11:34:16.159477	\N	\N	 		\N
850	850	uk	2018-11-02 11:34:16.175158	2018-11-02 11:34:16.175158	\N	\N	 		\N
851	851	uk	2018-11-02 11:34:16.198328	2018-11-02 11:34:16.198328	\N	\N	 		\N
852	852	uk	2018-11-02 11:34:16.213163	2018-11-02 11:34:16.213163	\N	\N	 		\N
853	853	uk	2018-11-02 11:34:16.231186	2018-11-02 11:34:16.231186	\N	\N	 		\N
854	854	uk	2018-11-02 11:34:16.248041	2018-11-02 11:34:16.248041	\N	\N	 		\N
855	855	uk	2018-11-02 11:34:16.266524	2018-11-02 11:34:16.266524	\N	\N	 		\N
856	856	uk	2018-11-02 11:34:16.291208	2018-11-02 11:34:16.291208	\N	\N	 		\N
857	857	uk	2018-11-02 11:34:16.30838	2018-11-02 11:34:16.30838	\N	\N	 		\N
858	858	uk	2018-11-02 11:34:16.332051	2018-11-02 11:34:16.332051	\N	\N	 		\N
859	859	uk	2018-11-02 11:34:16.351604	2018-11-02 11:34:16.351604	\N	\N	 		\N
860	860	uk	2018-11-02 11:34:16.36945	2018-11-02 11:34:16.36945	\N	\N	 		\N
861	861	uk	2018-11-02 11:34:16.38459	2018-11-02 11:34:16.38459	\N	\N	 		\N
862	862	uk	2018-11-02 11:34:16.398664	2018-11-02 11:34:16.398664	\N	\N	 		\N
863	863	uk	2018-11-02 11:34:16.412773	2018-11-02 11:34:16.412773	\N	\N	 		\N
864	864	uk	2018-11-02 11:34:16.42691	2018-11-02 11:34:16.42691	\N	\N	 		\N
865	865	uk	2018-11-02 11:34:16.44284	2018-11-02 11:34:16.44284	\N	\N	 		\N
866	866	uk	2018-11-02 11:34:16.460265	2018-11-02 11:34:16.460265	\N	\N	 		\N
867	867	uk	2018-11-02 11:34:16.474583	2018-11-02 11:34:16.474583	\N	\N	 		\N
868	868	uk	2018-11-02 11:34:16.497008	2018-11-02 11:34:16.497008	\N	\N	 		\N
869	869	uk	2018-11-02 11:34:16.511996	2018-11-02 11:34:16.511996	\N	\N	 		\N
870	870	uk	2018-11-02 11:34:16.526573	2018-11-02 11:34:16.526573	\N	\N	 		\N
871	871	uk	2018-11-02 11:34:16.54149	2018-11-02 11:34:16.54149	\N	\N	 		\N
872	872	uk	2018-11-02 11:34:16.556804	2018-11-02 11:34:16.556804	\N	\N	 		\N
873	873	uk	2018-11-02 11:34:16.574292	2018-11-02 11:34:16.574292	\N	\N	 		\N
874	874	uk	2018-11-02 11:34:16.588831	2018-11-02 11:34:16.588831	\N	\N	 	.	\N
875	875	uk	2018-11-02 11:34:16.603406	2018-11-02 11:34:16.603406	\N	\N	 	.	\N
876	876	uk	2018-11-02 11:34:16.618194	2018-11-02 11:34:16.618194	\N	\N	 	.	\N
877	877	uk	2018-11-02 11:34:16.635888	2018-11-02 11:34:16.635888	\N	\N	 	.	\N
878	878	uk	2018-11-02 11:34:16.658142	2018-11-02 11:34:16.658142	\N	\N	 		\N
879	879	uk	2018-11-02 11:34:16.679487	2018-11-02 11:34:16.679487	\N	\N	 		\N
880	880	uk	2018-11-02 11:34:16.696237	2018-11-02 11:34:16.696237	\N	\N	 	 	\N
881	881	uk	2018-11-02 11:34:16.71276	2018-11-02 11:34:16.71276	\N	\N	 	 	\N
882	882	uk	2018-11-02 11:34:16.737712	2018-11-02 11:34:16.737712	\N	\N	 	 	\N
883	883	uk	2018-11-02 11:34:16.754476	2018-11-02 11:34:16.754476	\N	\N	 	 	\N
884	884	uk	2018-11-02 11:34:16.771115	2018-11-02 11:34:16.771115	\N	\N	-51	 	\N
885	885	uk	2018-11-02 11:34:16.793583	2018-11-02 11:34:16.793583	\N	\N	-48	 	\N
886	886	uk	2018-11-02 11:34:16.8175	2018-11-02 11:34:16.8175	\N	\N	-42		\N
887	887	uk	2018-11-02 11:34:16.836427	2018-11-02 11:34:16.836427	\N	\N	-39	 	\N
888	888	uk	2018-11-02 11:34:16.855996	2018-11-02 11:34:16.855996	\N	\N	-30		\N
889	889	uk	2018-11-02 11:34:16.875986	2018-11-02 11:34:16.875986	\N	\N	-28		\N
890	890	uk	2018-11-02 11:34:16.892775	2018-11-02 11:34:16.892775	\N	\N	-27		\N
891	891	uk	2018-11-02 11:34:16.92274	2018-11-02 11:34:16.92274	\N	\N	- 13	 	\N
892	892	uk	2018-11-02 11:34:16.939323	2018-11-02 11:34:16.939323	\N	\N	 	 	\N
893	893	uk	2018-11-02 11:34:16.956408	2018-11-02 11:34:16.956408	\N	\N	 	 	\N
894	894	uk	2018-11-02 11:34:16.980536	2018-11-02 11:34:16.980536	\N	\N	 	 	\N
895	895	uk	2018-11-02 11:34:16.996919	2018-11-02 11:34:16.996919	\N	\N	 	 	\N
896	896	uk	2018-11-02 11:34:17.01356	2018-11-02 11:34:17.01356	\N	\N	 	 	\N
897	897	uk	2018-11-02 11:34:17.029909	2018-11-02 11:34:17.029909	\N	\N	 	 	\N
898	898	uk	2018-11-02 11:34:17.05399	2018-11-02 11:34:17.05399	\N	\N	 	 	\N
899	899	uk	2018-11-02 11:34:17.082872	2018-11-02 11:34:17.082872	\N	\N	 	 	\N
900	900	uk	2018-11-02 11:34:17.112212	2018-11-02 11:34:17.112212	\N	\N	 	 	\N
901	901	uk	2018-11-02 11:34:17.133786	2018-11-02 11:34:17.133786	\N	\N	 	 	\N
902	902	uk	2018-11-02 11:34:17.148552	2018-11-02 11:34:17.148552	\N	\N	 	 	\N
903	903	uk	2018-11-02 11:34:17.163441	2018-11-02 11:34:17.163441	\N	\N	 	 	\N
904	904	uk	2018-11-02 11:34:17.178434	2018-11-02 11:34:17.178434	\N	\N	 	 	\N
905	905	uk	2018-11-02 11:34:17.193332	2018-11-02 11:34:17.193332	\N	\N	 	 	\N
906	906	uk	2018-11-02 11:34:17.207828	2018-11-02 11:34:17.207828	\N	\N	 	 	\N
907	907	uk	2018-11-02 11:34:17.221992	2018-11-02 11:34:17.221992	\N	\N	 	 	\N
908	908	uk	2018-11-02 11:34:17.245501	2018-11-02 11:34:17.245501	\N	\N	 	 	\N
909	909	uk	2018-11-02 11:34:17.261	2018-11-02 11:34:17.261	\N	\N	 	 	\N
910	910	uk	2018-11-02 11:34:17.276625	2018-11-02 11:34:17.276625	\N	\N	 	 	\N
911	911	uk	2018-11-02 11:34:17.29165	2018-11-02 11:34:17.29165	\N	\N	 	 	\N
912	912	uk	2018-11-02 11:34:17.306245	2018-11-02 11:34:17.306245	\N	\N	 	 	\N
913	913	uk	2018-11-02 11:34:17.320675	2018-11-02 11:34:17.320675	\N	\N	 	 	\N
914	914	uk	2018-11-02 11:34:17.338624	2018-11-02 11:34:17.338624	\N	\N	\N	 	\N
915	915	uk	2018-11-02 11:34:17.354928	2018-11-02 11:34:17.354928	\N	\N	 		\N
916	916	uk	2018-11-02 11:34:17.383243	2018-11-02 11:34:17.383243	\N	\N	 		\N
917	917	uk	2018-11-02 11:34:17.398538	2018-11-02 11:34:17.398538	\N	\N	 		\N
918	918	uk	2018-11-02 11:34:17.413082	2018-11-02 11:34:17.413082	\N	\N	 		\N
919	919	uk	2018-11-02 11:34:17.428394	2018-11-02 11:34:17.428394	\N	\N	 	 	\N
920	920	uk	2018-11-02 11:34:17.44348	2018-11-02 11:34:17.44348	\N	\N	 	 	\N
921	921	uk	2018-11-02 11:34:17.461225	2018-11-02 11:34:17.461225	\N	\N	 	 	\N
922	922	uk	2018-11-02 11:34:17.477083	2018-11-02 11:34:17.477083	\N	\N	 	 	\N
923	923	uk	2018-11-02 11:34:17.49262	2018-11-02 11:34:17.49262	\N	\N	 	 	\N
924	924	uk	2018-11-02 11:34:17.508838	2018-11-02 11:34:17.508838	\N	\N	 	 	\N
925	925	uk	2018-11-02 11:34:17.527037	2018-11-02 11:34:17.527037	\N	\N	 	 	\N
926	926	uk	2018-11-02 11:34:17.542264	2018-11-02 11:34:17.542264	\N	\N	 	 	\N
927	927	uk	2018-11-02 11:34:17.557681	2018-11-02 11:34:17.557681	\N	\N	 	 	\N
928	928	uk	2018-11-02 11:34:17.572214	2018-11-02 11:34:17.572214	\N	\N	 	 	\N
929	929	uk	2018-11-02 11:34:17.587057	2018-11-02 11:34:17.587057	\N	\N	\N	 	\N
930	930	uk	2018-11-02 11:34:17.602151	2018-11-02 11:34:17.602151	\N	\N	\N		\N
931	931	uk	2018-11-02 11:34:17.616996	2018-11-02 11:34:17.616996	\N	\N	\N		\N
932	932	uk	2018-11-02 11:34:17.631055	2018-11-02 11:34:17.631055	\N	\N	\N		\N
933	933	uk	2018-11-02 11:34:17.644797	2018-11-02 11:34:17.644797	\N	\N	\N		\N
934	934	uk	2018-11-02 11:34:17.658936	2018-11-02 11:34:17.658936	\N	\N	 	 	\N
935	935	uk	2018-11-02 11:34:17.674312	2018-11-02 11:34:17.674312	\N	\N	 	 	\N
936	936	uk	2018-11-02 11:34:17.68993	2018-11-02 11:34:17.68993	\N	\N	 	 	\N
937	937	uk	2018-11-02 11:34:17.705222	2018-11-02 11:34:17.705222	\N	\N	 	 	\N
938	938	uk	2018-11-02 11:34:17.722859	2018-11-02 11:34:17.722859	\N	\N	 	 	\N
939	939	uk	2018-11-02 11:34:17.741531	2018-11-02 11:34:17.741531	\N	\N	 	 	\N
940	940	uk	2018-11-02 11:34:17.756427	2018-11-02 11:34:17.756427	\N	\N	 	 	\N
941	941	uk	2018-11-02 11:34:17.772062	2018-11-02 11:34:17.772062	\N	\N	 	 	\N
942	942	uk	2018-11-02 11:34:17.787065	2018-11-02 11:34:17.787065	\N	\N	 	 	\N
943	943	uk	2018-11-02 11:34:17.801639	2018-11-02 11:34:17.801639	\N	\N	 	 	\N
944	944	uk	2018-11-02 11:34:17.81706	2018-11-02 11:34:17.81706	\N	\N	 	 	\N
945	945	uk	2018-11-02 11:34:17.833925	2018-11-02 11:34:17.833925	\N	\N	 	 	\N
946	946	uk	2018-11-02 11:34:17.857708	2018-11-02 11:34:17.857708	\N	\N	 	 	\N
947	947	uk	2018-11-02 11:34:17.880287	2018-11-02 11:34:17.880287	\N	\N	 	 	\N
948	948	uk	2018-11-02 11:34:17.898818	2018-11-02 11:34:17.898818	\N	\N	 	 	\N
949	949	uk	2018-11-02 11:34:17.914908	2018-11-02 11:34:17.914908	\N	\N	 	 	\N
950	950	uk	2018-11-02 11:34:17.931033	2018-11-02 11:34:17.931033	\N	\N	 	 	\N
951	951	uk	2018-11-02 11:34:17.949056	2018-11-02 11:34:17.949056	\N	\N	 		\N
952	952	uk	2018-11-02 11:34:17.964034	2018-11-02 11:34:17.964034	\N	\N	 		\N
953	953	uk	2018-11-02 11:34:17.978431	2018-11-02 11:34:17.978431	\N	\N	 		\N
954	954	uk	2018-11-02 11:34:17.992341	2018-11-02 11:34:17.992341	\N	\N	 	-	\N
955	955	uk	2018-11-02 11:34:18.006737	2018-11-02 11:34:18.006737	\N	\N	 	 	\N
956	956	uk	2018-11-02 11:34:18.021207	2018-11-02 11:34:18.021207	\N	\N	 	 	\N
957	957	uk	2018-11-02 11:34:18.036096	2018-11-02 11:34:18.036096	\N	\N	 	 	\N
958	958	uk	2018-11-02 11:34:18.050744	2018-11-02 11:34:18.050744	\N	\N	 	 	\N
959	959	uk	2018-11-02 11:34:18.064993	2018-11-02 11:34:18.064993	\N	\N	 	 	\N
960	960	uk	2018-11-02 11:34:18.079113	2018-11-02 11:34:18.079113	\N	\N	 	 	\N
961	961	uk	2018-11-02 11:34:18.093436	2018-11-02 11:34:18.093436	\N	\N	 	.	\N
962	962	uk	2018-11-02 11:34:18.108018	2018-11-02 11:34:18.108018	\N	\N	 		\N
963	963	uk	2018-11-02 11:34:18.122552	2018-11-02 11:34:18.122552	\N	\N	 		\N
1984	1984	uk	2018-11-02 11:34:37.06818	2018-11-02 11:34:37.06818	\N		\N		\N
964	964	uk	2018-11-02 11:34:18.136927	2018-11-02 11:34:18.136927	\N	\N	 	.	\N
965	965	uk	2018-11-02 11:34:18.15138	2018-11-02 11:34:18.15138	\N	\N	 	.	\N
966	966	uk	2018-11-02 11:34:18.166508	2018-11-02 11:34:18.166508	\N	\N	 	.	\N
967	967	uk	2018-11-02 11:34:18.181087	2018-11-02 11:34:18.181087	\N	\N	 	.	\N
968	968	uk	2018-11-02 11:34:18.195282	2018-11-02 11:34:18.195282	\N	\N	 	.	\N
969	969	uk	2018-11-02 11:34:18.20969	2018-11-02 11:34:18.20969	\N	\N	 		\N
970	970	uk	2018-11-02 11:34:18.223803	2018-11-02 11:34:18.223803	\N	\N	 		\N
971	971	uk	2018-11-02 11:34:18.237908	2018-11-02 11:34:18.237908	\N	\N	 		\N
972	972	uk	2018-11-02 11:34:18.251931	2018-11-02 11:34:18.251931	\N	\N	 		\N
973	973	uk	2018-11-02 11:34:18.280073	2018-11-02 11:34:18.280073	\N	\N	 		\N
974	974	uk	2018-11-02 11:34:18.29554	2018-11-02 11:34:18.29554	\N	\N	 		\N
975	975	uk	2018-11-02 11:34:18.309735	2018-11-02 11:34:18.309735	\N	\N	 		\N
976	976	uk	2018-11-02 11:34:18.324243	2018-11-02 11:34:18.324243	\N	\N	 	 	\N
977	977	uk	2018-11-02 11:34:18.340872	2018-11-02 11:34:18.340872	\N	\N	 		\N
978	978	uk	2018-11-02 11:34:18.35575	2018-11-02 11:34:18.35575	\N	\N	 		\N
979	979	uk	2018-11-02 11:34:18.370544	2018-11-02 11:34:18.370544	\N	\N	 		\N
980	980	uk	2018-11-02 11:34:18.386025	2018-11-02 11:34:18.386025	\N	\N	 		\N
981	981	uk	2018-11-02 11:34:18.400699	2018-11-02 11:34:18.400699	\N	\N	 		\N
982	982	uk	2018-11-02 11:34:18.414994	2018-11-02 11:34:18.414994	\N	\N	 		\N
983	983	uk	2018-11-02 11:34:18.42937	2018-11-02 11:34:18.42937	\N	\N	 		\N
984	984	uk	2018-11-02 11:34:18.447533	2018-11-02 11:34:18.447533	\N	\N	 		\N
985	985	uk	2018-11-02 11:34:18.461996	2018-11-02 11:34:18.461996	\N	\N	 		\N
986	986	uk	2018-11-02 11:34:18.476088	2018-11-02 11:34:18.476088	\N	\N	 		\N
987	987	uk	2018-11-02 11:34:18.490243	2018-11-02 11:34:18.490243	\N	\N	 		\N
988	988	uk	2018-11-02 11:34:18.504572	2018-11-02 11:34:18.504572	\N	\N	 		\N
989	989	uk	2018-11-02 11:34:18.518706	2018-11-02 11:34:18.518706	\N	\N	 		\N
990	990	uk	2018-11-02 11:34:18.532592	2018-11-02 11:34:18.532592	\N	\N	 		\N
991	991	uk	2018-11-02 11:34:18.555459	2018-11-02 11:34:18.555459	\N	\N	 	 	\N
992	992	uk	2018-11-02 11:34:18.57053	2018-11-02 11:34:18.57053	\N	\N	 		\N
993	993	uk	2018-11-02 11:34:18.584408	2018-11-02 11:34:18.584408	\N	\N	 		\N
994	994	uk	2018-11-02 11:34:18.599094	2018-11-02 11:34:18.599094	\N	\N	 		\N
995	995	uk	2018-11-02 11:34:18.613035	2018-11-02 11:34:18.613035	\N	\N	 		\N
996	996	uk	2018-11-02 11:34:18.628574	2018-11-02 11:34:18.628574	\N	\N	 		\N
997	997	uk	2018-11-02 11:34:18.646963	2018-11-02 11:34:18.646963	\N	\N	 		\N
998	998	uk	2018-11-02 11:34:18.665013	2018-11-02 11:34:18.665013	\N	\N	 		\N
999	999	uk	2018-11-02 11:34:18.683005	2018-11-02 11:34:18.683005	\N	\N	 		\N
1000	1000	uk	2018-11-02 11:34:18.700293	2018-11-02 11:34:18.700293	\N	\N	 		\N
1001	1001	uk	2018-11-02 11:34:18.722778	2018-11-02 11:34:18.722778	\N	\N	 		\N
1002	1002	uk	2018-11-02 11:34:18.737554	2018-11-02 11:34:18.737554	\N	\N	 		\N
1003	1003	uk	2018-11-02 11:34:18.752201	2018-11-02 11:34:18.752201	\N	\N	 		\N
1004	1004	uk	2018-11-02 11:34:18.769983	2018-11-02 11:34:18.769983	\N	\N	 		\N
1005	1005	uk	2018-11-02 11:34:18.797617	2018-11-02 11:34:18.797617	\N	\N	 		\N
1006	1006	uk	2018-11-02 11:34:18.812908	2018-11-02 11:34:18.812908	\N	\N	 		\N
1007	1007	uk	2018-11-02 11:34:18.828073	2018-11-02 11:34:18.828073	\N	\N	 		\N
1008	1008	uk	2018-11-02 11:34:18.843388	2018-11-02 11:34:18.843388	\N	\N	 		\N
1009	1009	uk	2018-11-02 11:34:18.860196	2018-11-02 11:34:18.860196	\N	\N	 		\N
1010	1010	uk	2018-11-02 11:34:18.880103	2018-11-02 11:34:18.880103	\N	\N	 		\N
1011	1011	uk	2018-11-02 11:34:18.902532	2018-11-02 11:34:18.902532	\N	\N	 		\N
1012	1012	uk	2018-11-02 11:34:18.917703	2018-11-02 11:34:18.917703	\N	\N			\N
1013	1013	uk	2018-11-02 11:34:18.932537	2018-11-02 11:34:18.932537	\N	\N	 		\N
1014	1014	uk	2018-11-02 11:34:18.946781	2018-11-02 11:34:18.946781	\N	\N	 	 	\N
1015	1015	uk	2018-11-02 11:34:18.962081	2018-11-02 11:34:18.962081	\N	\N	 	 	\N
1016	1016	uk	2018-11-02 11:34:18.975864	2018-11-02 11:34:18.975864	\N	\N	 	 	\N
1017	1017	uk	2018-11-02 11:34:18.991015	2018-11-02 11:34:18.991015	\N	\N	 	 	\N
1018	1018	uk	2018-11-02 11:34:19.010968	2018-11-02 11:34:19.010968	\N	\N	 	 	\N
1019	1019	uk	2018-11-02 11:34:19.031425	2018-11-02 11:34:19.031425	\N	\N	 	 	\N
1020	1020	uk	2018-11-02 11:34:19.05176	2018-11-02 11:34:19.05176	\N	\N	 	 	\N
1021	1021	uk	2018-11-02 11:34:19.077472	2018-11-02 11:34:19.077472	\N	\N	 	 	\N
1022	1022	uk	2018-11-02 11:34:19.096354	2018-11-02 11:34:19.096354	\N	\N	\N		\N
1023	1023	uk	2018-11-02 11:34:19.114198	2018-11-02 11:34:19.114198	\N	\N	 		\N
1024	1024	uk	2018-11-02 11:34:19.130118	2018-11-02 11:34:19.130118	\N	\N	 		\N
1025	1025	uk	2018-11-02 11:34:19.148413	2018-11-02 11:34:19.148413	\N	\N	 		\N
1026	1026	uk	2018-11-02 11:34:19.16699	2018-11-02 11:34:19.16699	\N	\N	 		\N
1027	1027	uk	2018-11-02 11:34:19.18438	2018-11-02 11:34:19.18438	\N	\N	 		\N
1028	1028	uk	2018-11-02 11:34:19.202015	2018-11-02 11:34:19.202015	\N	\N	 		\N
1029	1029	uk	2018-11-02 11:34:19.227442	2018-11-02 11:34:19.227442	\N	\N	 		\N
1030	1030	uk	2018-11-02 11:34:19.245497	2018-11-02 11:34:19.245497	\N	\N	 		\N
1031	1031	uk	2018-11-02 11:34:19.260001	2018-11-02 11:34:19.260001	\N	\N	 	 	\N
1032	1032	uk	2018-11-02 11:34:19.274445	2018-11-02 11:34:19.274445	\N	\N	 	 	\N
1033	1033	uk	2018-11-02 11:34:19.289512	2018-11-02 11:34:19.289512	\N	\N	 	 	\N
1034	1034	uk	2018-11-02 11:34:19.311049	2018-11-02 11:34:19.311049	\N	\N	 	 	\N
1035	1035	uk	2018-11-02 11:34:19.325851	2018-11-02 11:34:19.325851	\N	\N	 	 	\N
1036	1036	uk	2018-11-02 11:34:19.347582	2018-11-02 11:34:19.347582	\N	\N	 	 	\N
1037	1037	uk	2018-11-02 11:34:19.362079	2018-11-02 11:34:19.362079	\N	\N	 	 	\N
1038	1038	uk	2018-11-02 11:34:19.378857	2018-11-02 11:34:19.378857	\N	\N	 	 	\N
1039	1039	uk	2018-11-02 11:34:19.392746	2018-11-02 11:34:19.392746	\N	\N	 	 	\N
1040	1040	uk	2018-11-02 11:34:19.406773	2018-11-02 11:34:19.406773	\N	\N	 		\N
1041	1041	uk	2018-11-02 11:34:19.421098	2018-11-02 11:34:19.421098	\N	\N	 		\N
1042	1042	uk	2018-11-02 11:34:19.435707	2018-11-02 11:34:19.435707	\N	\N	 		\N
1043	1043	uk	2018-11-02 11:34:19.45044	2018-11-02 11:34:19.45044	\N	\N	 	'	\N
1044	1044	uk	2018-11-02 11:34:19.464739	2018-11-02 11:34:19.464739	\N	\N	 		\N
1045	1045	uk	2018-11-02 11:34:19.478932	2018-11-02 11:34:19.478932	\N	4,5 .	 		\N
1046	1046	uk	2018-11-02 11:34:19.495504	2018-11-02 11:34:19.495504	\N	\N	 		\N
1047	1047	uk	2018-11-02 11:34:19.510208	2018-11-02 11:34:19.510208	\N	\N	 		\N
1048	1048	uk	2018-11-02 11:34:19.527528	2018-11-02 11:34:19.527528	\N	\N	 		\N
1049	1049	uk	2018-11-02 11:34:19.547695	2018-11-02 11:34:19.547695	\N	\N	 	 	\N
1050	1050	uk	2018-11-02 11:34:19.569373	2018-11-02 11:34:19.569373	\N	\N	 		\N
1051	1051	uk	2018-11-02 11:34:19.591073	2018-11-02 11:34:19.591073	\N	\N	 	8 	\N
1052	1052	uk	2018-11-02 11:34:19.606006	2018-11-02 11:34:19.606006	\N	\N	 		\N
1053	1053	uk	2018-11-02 11:34:19.621146	2018-11-02 11:34:19.621146	\N	\N	 		\N
1054	1054	uk	2018-11-02 11:34:19.635732	2018-11-02 11:34:19.635732	\N	\N	 		\N
1055	1055	uk	2018-11-02 11:34:19.650283	2018-11-02 11:34:19.650283	\N	\N	 		\N
1056	1056	uk	2018-11-02 11:34:19.667267	2018-11-02 11:34:19.667267	\N	\N	 		\N
1057	1057	uk	2018-11-02 11:34:19.681635	2018-11-02 11:34:19.681635	\N	\N	 		\N
1058	1058	uk	2018-11-02 11:34:19.695513	2018-11-02 11:34:19.695513	\N	\N	 		\N
1059	1059	uk	2018-11-02 11:34:19.709837	2018-11-02 11:34:19.709837	\N	\N	 		\N
1060	1060	uk	2018-11-02 11:34:19.724126	2018-11-02 11:34:19.724126	\N	\N	 		\N
1061	1061	uk	2018-11-02 11:34:19.738484	2018-11-02 11:34:19.738484	\N	\N	 		\N
1062	1062	uk	2018-11-02 11:34:19.75292	2018-11-02 11:34:19.75292	\N	\N	 		\N
1063	1063	uk	2018-11-02 11:34:19.770607	2018-11-02 11:34:19.770607	\N	\N	 		\N
1064	1064	uk	2018-11-02 11:34:19.790693	2018-11-02 11:34:19.790693	\N	\N	 		\N
1065	1065	uk	2018-11-02 11:34:19.81526	2018-11-02 11:34:19.81526	\N	\N	 		\N
1066	1066	uk	2018-11-02 11:34:19.834456	2018-11-02 11:34:19.834456	\N	\N	 		\N
1067	1067	uk	2018-11-02 11:34:19.851581	2018-11-02 11:34:19.851581	\N	\N	 		\N
1068	1068	uk	2018-11-02 11:34:19.873542	2018-11-02 11:34:19.873542	\N	\N	 		\N
1069	1069	uk	2018-11-02 11:34:19.889323	2018-11-02 11:34:19.889323	\N	\N	 		\N
1070	1070	uk	2018-11-02 11:34:19.904574	2018-11-02 11:34:19.904574	\N	\N	 		\N
1071	1071	uk	2018-11-02 11:34:19.920544	2018-11-02 11:34:19.920544	\N	\N	 		\N
1072	1072	uk	2018-11-02 11:34:19.935626	2018-11-02 11:34:19.935626	\N	\N	 		\N
1073	1073	uk	2018-11-02 11:34:19.950505	2018-11-02 11:34:19.950505	\N	\N	 		\N
1074	1074	uk	2018-11-02 11:34:19.96448	2018-11-02 11:34:19.96448	\N	\N	 		\N
1075	1075	uk	2018-11-02 11:34:19.978902	2018-11-02 11:34:19.978902	\N	\N	 		\N
1076	1076	uk	2018-11-02 11:34:19.993722	2018-11-02 11:34:19.993722	\N	\N	 		\N
1077	1077	uk	2018-11-02 11:34:20.008215	2018-11-02 11:34:20.008215	\N	\N	 		\N
1078	1078	uk	2018-11-02 11:34:20.031614	2018-11-02 11:34:20.031614	\N	\N	 		\N
1079	1079	uk	2018-11-02 11:34:20.046015	2018-11-02 11:34:20.046015	\N	\N	 		\N
1080	1080	uk	2018-11-02 11:34:20.059995	2018-11-02 11:34:20.059995	\N	\N	 		\N
1081	1081	uk	2018-11-02 11:34:20.074202	2018-11-02 11:34:20.074202	\N	\N	 		\N
1082	1082	uk	2018-11-02 11:34:20.097829	2018-11-02 11:34:20.097829	\N	\N	 		\N
1083	1083	uk	2018-11-02 11:34:20.11546	2018-11-02 11:34:20.11546	\N	\N	 		\N
1084	1084	uk	2018-11-02 11:34:20.132169	2018-11-02 11:34:20.132169	\N	\N	 		\N
1085	1085	uk	2018-11-02 11:34:20.148221	2018-11-02 11:34:20.148221	\N	\N	 		\N
1086	1086	uk	2018-11-02 11:34:20.164694	2018-11-02 11:34:20.164694	\N	\N	 		\N
1087	1087	uk	2018-11-02 11:34:20.180999	2018-11-02 11:34:20.180999	\N	\N	 		\N
1088	1088	uk	2018-11-02 11:34:20.198363	2018-11-02 11:34:20.198363	\N	\N	 		\N
1089	1089	uk	2018-11-02 11:34:20.215328	2018-11-02 11:34:20.215328	\N	\N	 		\N
1090	1090	uk	2018-11-02 11:34:20.23121	2018-11-02 11:34:20.23121	\N	\N	 		\N
1091	1091	uk	2018-11-02 11:34:20.247212	2018-11-02 11:34:20.247212	\N	\N	 		\N
1092	1092	uk	2018-11-02 11:34:20.26572	2018-11-02 11:34:20.26572	\N	\N	 		\N
1093	1093	uk	2018-11-02 11:34:20.28752	2018-11-02 11:34:20.28752	\N	\N	 		\N
1094	1094	uk	2018-11-02 11:34:20.30504	2018-11-02 11:34:20.30504	\N	\N	 		\N
1095	1095	uk	2018-11-02 11:34:20.32122	2018-11-02 11:34:20.32122	\N	\N	 		\N
1096	1096	uk	2018-11-02 11:34:20.336271	2018-11-02 11:34:20.336271	\N	\N	 		\N
1097	1097	uk	2018-11-02 11:34:20.355768	2018-11-02 11:34:20.355768	\N	\N	 		\N
1098	1098	uk	2018-11-02 11:34:20.372877	2018-11-02 11:34:20.372877	\N	\N	 		\N
1099	1099	uk	2018-11-02 11:34:20.392979	2018-11-02 11:34:20.392979	\N	\N	 		\N
1100	1100	uk	2018-11-02 11:34:20.410564	2018-11-02 11:34:20.410564	\N	\N	 		\N
1101	1101	uk	2018-11-02 11:34:20.434946	2018-11-02 11:34:20.434946	\N	\N	 		\N
1102	1102	uk	2018-11-02 11:34:20.459758	2018-11-02 11:34:20.459758	\N	\N	 		\N
1103	1103	uk	2018-11-02 11:34:20.477114	2018-11-02 11:34:20.477114	\N	\N	 	 	\N
1104	1104	uk	2018-11-02 11:34:20.494232	2018-11-02 11:34:20.494232	\N	\N	 	 	\N
1105	1105	uk	2018-11-02 11:34:20.510568	2018-11-02 11:34:20.510568	\N	\N	 	 	\N
1106	1106	uk	2018-11-02 11:34:20.52513	2018-11-02 11:34:20.52513	\N	\N	 	 	\N
1107	1107	uk	2018-11-02 11:34:20.542115	2018-11-02 11:34:20.542115	\N	\N	 	 	\N
1108	1108	uk	2018-11-02 11:34:20.557991	2018-11-02 11:34:20.557991	\N	\N	 	 	\N
1109	1109	uk	2018-11-02 11:34:20.573368	2018-11-02 11:34:20.573368	\N	\N	 	 	\N
1110	1110	uk	2018-11-02 11:34:20.589715	2018-11-02 11:34:20.589715	\N	\N	 	 	\N
1111	1111	uk	2018-11-02 11:34:20.606968	2018-11-02 11:34:20.606968	\N	\N	 	 	\N
1112	1112	uk	2018-11-02 11:34:20.625708	2018-11-02 11:34:20.625708	\N	\N	 	 	\N
1113	1113	uk	2018-11-02 11:34:20.641322	2018-11-02 11:34:20.641322	\N	\N	 	 	\N
1114	1114	uk	2018-11-02 11:34:20.658047	2018-11-02 11:34:20.658047	\N	\N	 	 	\N
1115	1115	uk	2018-11-02 11:34:20.675274	2018-11-02 11:34:20.675274	\N	\N	 	 	\N
1116	1116	uk	2018-11-02 11:34:20.692168	2018-11-02 11:34:20.692168	\N	\N	 	 	\N
1117	1117	uk	2018-11-02 11:34:20.712799	2018-11-02 11:34:20.712799	\N	\N	 	 	\N
1118	1118	uk	2018-11-02 11:34:20.732525	2018-11-02 11:34:20.732525	\N	\N	       3 ()	-	\N
1119	1119	uk	2018-11-02 11:34:20.748811	2018-11-02 11:34:20.748811	\N	\N	 	.	\N
1120	1120	uk	2018-11-02 11:34:20.763963	2018-11-02 11:34:20.763963	\N	\N	 	.	\N
1121	1121	uk	2018-11-02 11:34:20.779783	2018-11-02 11:34:20.779783	\N	\N	 	.	\N
1122	1122	uk	2018-11-02 11:34:20.795261	2018-11-02 11:34:20.795261	\N	\N	 	.	\N
1123	1123	uk	2018-11-02 11:34:20.810723	2018-11-02 11:34:20.810723	\N	\N	 	.	\N
1124	1124	uk	2018-11-02 11:34:20.825813	2018-11-02 11:34:20.825813	\N	\N	 	.	\N
1125	1125	uk	2018-11-02 11:34:20.847039	2018-11-02 11:34:20.847039	\N	\N	 	.	\N
1126	1126	uk	2018-11-02 11:34:20.863526	2018-11-02 11:34:20.863526	\N	\N	 	.	\N
1127	1127	uk	2018-11-02 11:34:20.879723	2018-11-02 11:34:20.879723	\N	\N	 	.	\N
1128	1128	uk	2018-11-02 11:34:20.896227	2018-11-02 11:34:20.896227	\N	\N	 	.	\N
1129	1129	uk	2018-11-02 11:34:20.921015	2018-11-02 11:34:20.921015	\N	\N	 	.	\N
1130	1130	uk	2018-11-02 11:34:20.937081	2018-11-02 11:34:20.937081	\N	\N	 	.	\N
1131	1131	uk	2018-11-02 11:34:20.952415	2018-11-02 11:34:20.952415	\N	\N	 	.	\N
1132	1132	uk	2018-11-02 11:34:20.976057	2018-11-02 11:34:20.976057	\N	\N	 	.	\N
1133	1133	uk	2018-11-02 11:34:20.993485	2018-11-02 11:34:20.993485	\N	\N	 	.	\N
1134	1134	uk	2018-11-02 11:34:21.011705	2018-11-02 11:34:21.011705	\N	\N	 	.	\N
1135	1135	uk	2018-11-02 11:34:21.030516	2018-11-02 11:34:21.030516	\N	\N	 	.	\N
1136	1136	uk	2018-11-02 11:34:21.053659	2018-11-02 11:34:21.053659	\N	\N	 		\N
1137	1137	uk	2018-11-02 11:34:21.077237	2018-11-02 11:34:21.077237	\N	\N	 		\N
1138	1138	uk	2018-11-02 11:34:21.101161	2018-11-02 11:34:21.101161	\N	\N	 		\N
1139	1139	uk	2018-11-02 11:34:21.115687	2018-11-02 11:34:21.115687	\N	\N	 	 	\N
1140	1140	uk	2018-11-02 11:34:21.130518	2018-11-02 11:34:21.130518	\N	\N	 	 	\N
1141	1141	uk	2018-11-02 11:34:21.145372	2018-11-02 11:34:21.145372	\N	\N	 	 	\N
1142	1142	uk	2018-11-02 11:34:21.159585	2018-11-02 11:34:21.159585	\N	\N	 	.	\N
1143	1143	uk	2018-11-02 11:34:21.177178	2018-11-02 11:34:21.177178	\N	\N	 	.	\N
1144	1144	uk	2018-11-02 11:34:21.193129	2018-11-02 11:34:21.193129	\N	\N	 	.	\N
1145	1145	uk	2018-11-02 11:34:21.207992	2018-11-02 11:34:21.207992	\N	\N	 	.	\N
1146	1146	uk	2018-11-02 11:34:21.223764	2018-11-02 11:34:21.223764	\N	\N	 	.	\N
1147	1147	uk	2018-11-02 11:34:21.246556	2018-11-02 11:34:21.246556	\N	\N	 	.	\N
1148	1148	uk	2018-11-02 11:34:21.261022	2018-11-02 11:34:21.261022	\N	\N	 	.	\N
1149	1149	uk	2018-11-02 11:34:21.27576	2018-11-02 11:34:21.27576	\N	\N	 	.	\N
1150	1150	uk	2018-11-02 11:34:21.290711	2018-11-02 11:34:21.290711	\N	\N	 	.	\N
1151	1151	uk	2018-11-02 11:34:21.305538	2018-11-02 11:34:21.305538	\N	\N	 	 	\N
1152	1152	uk	2018-11-02 11:34:21.320419	2018-11-02 11:34:21.320419	\N	\N	 	 	\N
1153	1153	uk	2018-11-02 11:34:21.334718	2018-11-02 11:34:21.334718	\N	\N	 	 	\N
1154	1154	uk	2018-11-02 11:34:21.349346	2018-11-02 11:34:21.349346	\N	\N	 	 	\N
1155	1155	uk	2018-11-02 11:34:21.363962	2018-11-02 11:34:21.363962	\N	\N	 	 	\N
1156	1156	uk	2018-11-02 11:34:21.380015	2018-11-02 11:34:21.380015	\N	\N	 	 	\N
1157	1157	uk	2018-11-02 11:34:21.394506	2018-11-02 11:34:21.394506	\N	\N	 	 	\N
1158	1158	uk	2018-11-02 11:34:21.408584	2018-11-02 11:34:21.408584	\N	\N	 	 	\N
1159	1159	uk	2018-11-02 11:34:21.426531	2018-11-02 11:34:21.426531	\N	\N	 		\N
1160	1160	uk	2018-11-02 11:34:21.441011	2018-11-02 11:34:21.441011	\N	\N	 		\N
1161	1161	uk	2018-11-02 11:34:21.455656	2018-11-02 11:34:21.455656	\N	\N	 		\N
1162	1162	uk	2018-11-02 11:34:21.469931	2018-11-02 11:34:21.469931	\N	\N	 		\N
1163	1163	uk	2018-11-02 11:34:21.484225	2018-11-02 11:34:21.484225	\N	\N	 		\N
1164	1164	uk	2018-11-02 11:34:21.499105	2018-11-02 11:34:21.499105	\N	\N	 		\N
1165	1165	uk	2018-11-02 11:34:21.521423	2018-11-02 11:34:21.521423	\N	\N	 		\N
1166	1166	uk	2018-11-02 11:34:21.543202	2018-11-02 11:34:21.543202	\N	\N	 		\N
1167	1167	uk	2018-11-02 11:34:21.558899	2018-11-02 11:34:21.558899	\N	\N	 		\N
1168	1168	uk	2018-11-02 11:34:21.574182	2018-11-02 11:34:21.574182	\N	\N	 		\N
1169	1169	uk	2018-11-02 11:34:21.588598	2018-11-02 11:34:21.588598	\N	\N	 		\N
1170	1170	uk	2018-11-02 11:34:21.603572	2018-11-02 11:34:21.603572	\N	\N	 		\N
1171	1171	uk	2018-11-02 11:34:21.619173	2018-11-02 11:34:21.619173	\N	\N	 		\N
1172	1172	uk	2018-11-02 11:34:21.63393	2018-11-02 11:34:21.63393	\N	\N	 		\N
1173	1173	uk	2018-11-02 11:34:21.64792	2018-11-02 11:34:21.64792	\N	\N	 		\N
1174	1174	uk	2018-11-02 11:34:21.662057	2018-11-02 11:34:21.662057	\N	\N	 		\N
1175	1175	uk	2018-11-02 11:34:21.676059	2018-11-02 11:34:21.676059	\N	\N	 	 	\N
1176	1176	uk	2018-11-02 11:34:21.690148	2018-11-02 11:34:21.690148	\N	\N	 	 	\N
1177	1177	uk	2018-11-02 11:34:21.712975	2018-11-02 11:34:21.712975	\N	\N	 	 	\N
1178	1178	uk	2018-11-02 11:34:21.728249	2018-11-02 11:34:21.728249	\N	\N	 	 	\N
1179	1179	uk	2018-11-02 11:34:21.754611	2018-11-02 11:34:21.754611	\N	\N	 		\N
1180	1180	uk	2018-11-02 11:34:21.768883	2018-11-02 11:34:21.768883	\N	\N	 		\N
1181	1181	uk	2018-11-02 11:34:21.783232	2018-11-02 11:34:21.783232	\N	\N	 		\N
1182	1182	uk	2018-11-02 11:34:21.800985	2018-11-02 11:34:21.800985	\N	\N	 		\N
1183	1183	uk	2018-11-02 11:34:21.815685	2018-11-02 11:34:21.815685	\N	\N	 		\N
1184	1184	uk	2018-11-02 11:34:21.833678	2018-11-02 11:34:21.833678	\N	\N	 	 	\N
1185	1185	uk	2018-11-02 11:34:21.848452	2018-11-02 11:34:21.848452	\N	\N	 	 	\N
1186	1186	uk	2018-11-02 11:34:21.863096	2018-11-02 11:34:21.863096	\N	\N	 		\N
1187	1187	uk	2018-11-02 11:34:21.878499	2018-11-02 11:34:21.878499	\N	\N	 	-	\N
1188	1188	uk	2018-11-02 11:34:21.892741	2018-11-02 11:34:21.892741	\N	\N	 	-	\N
1189	1189	uk	2018-11-02 11:34:21.906643	2018-11-02 11:34:21.906643	\N	\N	 	-	\N
1190	1190	uk	2018-11-02 11:34:21.921264	2018-11-02 11:34:21.921264	\N	\N	 		\N
1191	1191	uk	2018-11-02 11:34:21.935449	2018-11-02 11:34:21.935449	\N	\N	 		\N
1192	1192	uk	2018-11-02 11:34:21.94952	2018-11-02 11:34:21.94952	\N	\N	 		\N
1193	1193	uk	2018-11-02 11:34:21.964118	2018-11-02 11:34:21.964118	\N	\N	 		\N
1194	1194	uk	2018-11-02 11:34:21.979074	2018-11-02 11:34:21.979074	\N	\N	 		\N
1195	1195	uk	2018-11-02 11:34:21.993803	2018-11-02 11:34:21.993803	\N	\N	 		\N
1196	1196	uk	2018-11-02 11:34:22.008593	2018-11-02 11:34:22.008593	\N	\N	 		\N
1197	1197	uk	2018-11-02 11:34:22.022971	2018-11-02 11:34:22.022971	\N	\N	 		\N
1198	1198	uk	2018-11-02 11:34:22.037194	2018-11-02 11:34:22.037194	\N	\N	 		\N
1199	1199	uk	2018-11-02 11:34:22.051192	2018-11-02 11:34:22.051192	\N	\N	 		\N
1200	1200	uk	2018-11-02 11:34:22.06702	2018-11-02 11:34:22.06702	\N	\N	 		\N
1201	1201	uk	2018-11-02 11:34:22.083237	2018-11-02 11:34:22.083237	\N	\N	 		\N
1202	1202	uk	2018-11-02 11:34:22.098982	2018-11-02 11:34:22.098982	\N	\N	 		\N
1203	1203	uk	2018-11-02 11:34:22.114747	2018-11-02 11:34:22.114747	\N	\N	 		\N
1204	1204	uk	2018-11-02 11:34:22.130996	2018-11-02 11:34:22.130996	\N	\N	 		\N
1205	1205	uk	2018-11-02 11:34:22.147146	2018-11-02 11:34:22.147146	\N	\N	 		\N
1206	1206	uk	2018-11-02 11:34:22.163613	2018-11-02 11:34:22.163613	\N	\N	 		\N
1207	1207	uk	2018-11-02 11:34:22.179878	2018-11-02 11:34:22.179878	\N	\N	 		\N
1208	1208	uk	2018-11-02 11:34:22.20034	2018-11-02 11:34:22.20034	\N	\N	 		\N
1209	1209	uk	2018-11-02 11:34:22.219325	2018-11-02 11:34:22.219325	\N	\N	 		\N
1210	1210	uk	2018-11-02 11:34:22.241111	2018-11-02 11:34:22.241111	\N	\N	 	  	\N
1211	1211	uk	2018-11-02 11:34:22.258395	2018-11-02 11:34:22.258395	\N	\N	 		\N
1212	1212	uk	2018-11-02 11:34:22.275729	2018-11-02 11:34:22.275729	\N	\N	 		\N
1213	1213	uk	2018-11-02 11:34:22.294971	2018-11-02 11:34:22.294971	\N	\N	 		\N
1214	1214	uk	2018-11-02 11:34:22.316949	2018-11-02 11:34:22.316949	\N	\N	 		\N
1215	1215	uk	2018-11-02 11:34:22.332062	2018-11-02 11:34:22.332062	\N	\N	 		\N
1216	1216	uk	2018-11-02 11:34:22.347189	2018-11-02 11:34:22.347189	\N	\N	 		\N
1217	1217	uk	2018-11-02 11:34:22.369685	2018-11-02 11:34:22.369685	\N	\N	 	 	\N
1218	1218	uk	2018-11-02 11:34:22.38444	2018-11-02 11:34:22.38444	\N	\N	 	 	\N
1219	1219	uk	2018-11-02 11:34:22.399023	2018-11-02 11:34:22.399023	\N	\N	 	 	\N
1220	1220	uk	2018-11-02 11:34:22.422433	2018-11-02 11:34:22.422433	\N	\N	 		\N
1221	1221	uk	2018-11-02 11:34:22.437946	2018-11-02 11:34:22.437946	\N	\N	 		\N
1222	1222	uk	2018-11-02 11:34:22.453366	2018-11-02 11:34:22.453366	\N	\N	 		\N
1223	1223	uk	2018-11-02 11:34:22.467941	2018-11-02 11:34:22.467941	\N	\N	 		\N
1224	1224	uk	2018-11-02 11:34:22.482903	2018-11-02 11:34:22.482903	\N	\N	 		\N
1225	1225	uk	2018-11-02 11:34:22.498466	2018-11-02 11:34:22.498466	\N	\N	 		\N
1226	1226	uk	2018-11-02 11:34:22.519122	2018-11-02 11:34:22.519122	\N	\N	 		\N
1227	1227	uk	2018-11-02 11:34:22.537285	2018-11-02 11:34:22.537285	\N	\N	 		\N
1228	1228	uk	2018-11-02 11:34:22.55326	2018-11-02 11:34:22.55326	\N	\N	 		\N
1229	1229	uk	2018-11-02 11:34:22.568981	2018-11-02 11:34:22.568981	\N	\N	 		\N
1230	1230	uk	2018-11-02 11:34:22.592274	2018-11-02 11:34:22.592274	\N	\N	 		\N
1231	1231	uk	2018-11-02 11:34:22.607116	2018-11-02 11:34:22.607116	\N	\N	 		\N
1232	1232	uk	2018-11-02 11:34:22.621534	2018-11-02 11:34:22.621534	\N	\N	 		\N
1233	1233	uk	2018-11-02 11:34:22.639826	2018-11-02 11:34:22.639826	\N	\N	 	 	\N
1234	1234	uk	2018-11-02 11:34:22.654183	2018-11-02 11:34:22.654183	\N	\N	 	 	\N
1235	1235	uk	2018-11-02 11:34:22.668596	2018-11-02 11:34:22.668596	\N	\N	 	 	\N
1236	1236	uk	2018-11-02 11:34:22.683454	2018-11-02 11:34:22.683454	\N	\N	 	 	\N
1237	1237	uk	2018-11-02 11:34:22.698556	2018-11-02 11:34:22.698556	\N	\N	 	 	\N
1238	1238	uk	2018-11-02 11:34:22.71372	2018-11-02 11:34:22.71372	\N	\N	 	 -	\N
1239	1239	uk	2018-11-02 11:34:22.729102	2018-11-02 11:34:22.729102	\N	\N	 	 -	\N
1240	1240	uk	2018-11-02 11:34:22.743413	2018-11-02 11:34:22.743413	\N	\N	 	 -	\N
1241	1241	uk	2018-11-02 11:34:22.757645	2018-11-02 11:34:22.757645	\N	\N	 		\N
1242	1242	uk	2018-11-02 11:34:22.775212	2018-11-02 11:34:22.775212	\N	\N	 		\N
1243	1243	uk	2018-11-02 11:34:22.789825	2018-11-02 11:34:22.789825	\N	\N	 	 	\N
1244	1244	uk	2018-11-02 11:34:22.812044	2018-11-02 11:34:22.812044	\N	\N	 	 	\N
1245	1245	uk	2018-11-02 11:34:22.829115	2018-11-02 11:34:22.829115	\N	\N	 	 	\N
1246	1246	uk	2018-11-02 11:34:22.845328	2018-11-02 11:34:22.845328	\N	\N	 	 	\N
1247	1247	uk	2018-11-02 11:34:22.861948	2018-11-02 11:34:22.861948	\N	2,5,31,39		 	\N
1248	1248	uk	2018-11-02 11:34:22.879295	2018-11-02 11:34:22.879295	\N	\N	 	 -	\N
1249	1249	uk	2018-11-02 11:34:22.895084	2018-11-02 11:34:22.895084	\N	\N	 	 	\N
1250	1250	uk	2018-11-02 11:34:22.910861	2018-11-02 11:34:22.910861	\N	\N	 	 	\N
1251	1251	uk	2018-11-02 11:34:22.926291	2018-11-02 11:34:22.926291	\N		 	 	\N
1252	1252	uk	2018-11-02 11:34:22.941119	2018-11-02 11:34:22.941119	\N	\N	 	 	\N
1253	1253	uk	2018-11-02 11:34:22.974026	2018-11-02 11:34:22.974026	\N	\N	 	 	\N
1254	1254	uk	2018-11-02 11:34:22.996347	2018-11-02 11:34:22.996347	\N	\N	 	 	\N
1255	1255	uk	2018-11-02 11:34:23.012473	2018-11-02 11:34:23.012473	\N	\N	 	 	\N
1256	1256	uk	2018-11-02 11:34:23.028012	2018-11-02 11:34:23.028012	\N	\N	 	 	\N
1257	1257	uk	2018-11-02 11:34:23.043814	2018-11-02 11:34:23.043814	\N	\N	 	 -	\N
1258	1258	uk	2018-11-02 11:34:23.062165	2018-11-02 11:34:23.062165	\N	\N	 	 -	\N
1259	1259	uk	2018-11-02 11:34:23.078336	2018-11-02 11:34:23.078336	\N	\N	 	 -	\N
1260	1260	uk	2018-11-02 11:34:23.096471	2018-11-02 11:34:23.096471	\N	\N	 	 -	\N
1261	1261	uk	2018-11-02 11:34:23.11912	2018-11-02 11:34:23.11912	\N	\N	 	 -	\N
1262	1262	uk	2018-11-02 11:34:23.137364	2018-11-02 11:34:23.137364	\N	\N	 	 -	\N
1263	1263	uk	2018-11-02 11:34:23.153774	2018-11-02 11:34:23.153774	\N	\N	 	 -	\N
1264	1264	uk	2018-11-02 11:34:23.170723	2018-11-02 11:34:23.170723	\N	\N	 	 -	\N
1265	1265	uk	2018-11-02 11:34:23.188016	2018-11-02 11:34:23.188016	\N	\N	 	 -	\N
1266	1266	uk	2018-11-02 11:34:23.205752	2018-11-02 11:34:23.205752	\N	\N	 	 -	\N
1267	1267	uk	2018-11-02 11:34:23.224224	2018-11-02 11:34:23.224224	\N		\N	 	\N
1268	1268	uk	2018-11-02 11:34:23.239446	2018-11-02 11:34:23.239446	\N	\N	\N	 	\N
1269	1269	uk	2018-11-02 11:34:23.254507	2018-11-02 11:34:23.254507	\N	\N	\N		\N
1270	1270	uk	2018-11-02 11:34:23.269986	2018-11-02 11:34:23.269986	\N	\N	 	 -	\N
1271	1271	uk	2018-11-02 11:34:23.286209	2018-11-02 11:34:23.286209	\N	\N		 	\N
1272	1272	uk	2018-11-02 11:34:23.301472	2018-11-02 11:34:23.301472	\N		\N	600-	\N
1273	1273	uk	2018-11-02 11:34:23.316588	2018-11-02 11:34:23.316588	\N	\N			\N
1274	1274	uk	2018-11-02 11:34:23.333719	2018-11-02 11:34:23.333719	\N	\N	 	 -	\N
1275	1275	uk	2018-11-02 11:34:23.348576	2018-11-02 11:34:23.348576	\N	\N	\N	 	\N
1276	1276	uk	2018-11-02 11:34:23.363836	2018-11-02 11:34:23.363836	\N	\N	 		\N
1277	1277	uk	2018-11-02 11:34:23.383988	2018-11-02 11:34:23.383988	\N	\N	 		\N
1278	1278	uk	2018-11-02 11:34:23.400808	2018-11-02 11:34:23.400808	\N	\N	 		\N
1279	1279	uk	2018-11-02 11:34:23.416453	2018-11-02 11:34:23.416453	\N	\N		\N	\N
1280	1280	uk	2018-11-02 11:34:23.43226	2018-11-02 11:34:23.43226	\N	\N			\N
1281	1281	uk	2018-11-02 11:34:23.449294	2018-11-02 11:34:23.449294	\N	\N			\N
1282	1282	uk	2018-11-02 11:34:23.472316	2018-11-02 11:34:23.472316	\N	\N	 	 	\N
1283	1283	uk	2018-11-02 11:34:23.488414	2018-11-02 11:34:23.488414	\N	\N	 	 	\N
1284	1284	uk	2018-11-02 11:34:23.503617	2018-11-02 11:34:23.503617	\N	\N	 	 	\N
1285	1285	uk	2018-11-02 11:34:23.519013	2018-11-02 11:34:23.519013	\N	\N	 		\N
1286	1286	uk	2018-11-02 11:34:23.534766	2018-11-02 11:34:23.534766	\N	\N	 		\N
1287	1287	uk	2018-11-02 11:34:23.550464	2018-11-02 11:34:23.550464	\N	\N	 		\N
1288	1288	uk	2018-11-02 11:34:23.570723	2018-11-02 11:34:23.570723	\N	\N	 		\N
1289	1289	uk	2018-11-02 11:34:23.589128	2018-11-02 11:34:23.589128	\N	\N	 		\N
1290	1290	uk	2018-11-02 11:34:23.604428	2018-11-02 11:34:23.604428	\N	\N	 		\N
1291	1291	uk	2018-11-02 11:34:23.619099	2018-11-02 11:34:23.619099	\N	\N	 		\N
1292	1292	uk	2018-11-02 11:34:23.645673	2018-11-02 11:34:23.645673	\N	\N	 		\N
1293	1293	uk	2018-11-02 11:34:23.662466	2018-11-02 11:34:23.662466	\N	\N	 		\N
1294	1294	uk	2018-11-02 11:34:23.681172	2018-11-02 11:34:23.681172	\N	\N	 		\N
1295	1295	uk	2018-11-02 11:34:23.697186	2018-11-02 11:34:23.697186	\N	\N	 		\N
1296	1296	uk	2018-11-02 11:34:23.711819	2018-11-02 11:34:23.711819	\N	\N	 		\N
1297	1297	uk	2018-11-02 11:34:23.726055	2018-11-02 11:34:23.726055	\N	\N	 		\N
1298	1298	uk	2018-11-02 11:34:23.751122	2018-11-02 11:34:23.751122	\N	\N	 		\N
1299	1299	uk	2018-11-02 11:34:23.767868	2018-11-02 11:34:23.767868	\N	\N	 		\N
1300	1300	uk	2018-11-02 11:34:23.782958	2018-11-02 11:34:23.782958	\N	\N	 		\N
1301	1301	uk	2018-11-02 11:34:23.797798	2018-11-02 11:34:23.797798	\N	\N	 		\N
1302	1302	uk	2018-11-02 11:34:23.815851	2018-11-02 11:34:23.815851	\N	\N	 		\N
1303	1303	uk	2018-11-02 11:34:23.830946	2018-11-02 11:34:23.830946	\N	\N	 		\N
1304	1304	uk	2018-11-02 11:34:23.845872	2018-11-02 11:34:23.845872	\N	\N	 		\N
1305	1305	uk	2018-11-02 11:34:23.861717	2018-11-02 11:34:23.861717	\N	\N	 		\N
1306	1306	uk	2018-11-02 11:34:23.879427	2018-11-02 11:34:23.879427	\N	\N	 		\N
1307	1307	uk	2018-11-02 11:34:23.905406	2018-11-02 11:34:23.905406	\N	\N	 		\N
1308	1308	uk	2018-11-02 11:34:23.924241	2018-11-02 11:34:23.924241	\N	\N	 		\N
1309	1309	uk	2018-11-02 11:34:23.939236	2018-11-02 11:34:23.939236	\N	\N	 		\N
1310	1310	uk	2018-11-02 11:34:23.954496	2018-11-02 11:34:23.954496	\N	\N	 		\N
1311	1311	uk	2018-11-02 11:34:23.971246	2018-11-02 11:34:23.971246	\N	\N	 		\N
1312	1312	uk	2018-11-02 11:34:23.997699	2018-11-02 11:34:23.997699	\N	\N	 		\N
1313	1313	uk	2018-11-02 11:34:24.0255	2018-11-02 11:34:24.0255	\N	\N	 		\N
1314	1314	uk	2018-11-02 11:34:24.042123	2018-11-02 11:34:24.042123	\N	\N	 		\N
1315	1315	uk	2018-11-02 11:34:24.06424	2018-11-02 11:34:24.06424	\N	\N	 		\N
1316	1316	uk	2018-11-02 11:34:24.085707	2018-11-02 11:34:24.085707	\N	\N	 		\N
1317	1317	uk	2018-11-02 11:34:24.108861	2018-11-02 11:34:24.108861	\N	\N	 		\N
1318	1318	uk	2018-11-02 11:34:24.123749	2018-11-02 11:34:24.123749	\N	\N	 	.	\N
1319	1319	uk	2018-11-02 11:34:24.13814	2018-11-02 11:34:24.13814	\N	\N	 	.	\N
1320	1320	uk	2018-11-02 11:34:24.156785	2018-11-02 11:34:24.156785	\N	\N	 	.	\N
1321	1321	uk	2018-11-02 11:34:24.173236	2018-11-02 11:34:24.173236	\N	\N	 	.	\N
1322	1322	uk	2018-11-02 11:34:24.188194	2018-11-02 11:34:24.188194	\N	\N	 	.	\N
1323	1323	uk	2018-11-02 11:34:24.204491	2018-11-02 11:34:24.204491	\N	\N	 	.	\N
1324	1324	uk	2018-11-02 11:34:24.219076	2018-11-02 11:34:24.219076	\N	\N	 	.	\N
1325	1325	uk	2018-11-02 11:34:24.233691	2018-11-02 11:34:24.233691	\N	\N	 	.	\N
1326	1326	uk	2018-11-02 11:34:24.2486	2018-11-02 11:34:24.2486	\N	\N	 		\N
1327	1327	uk	2018-11-02 11:34:24.267018	2018-11-02 11:34:24.267018	\N	\N	 		\N
1328	1328	uk	2018-11-02 11:34:24.283561	2018-11-02 11:34:24.283561	\N	\N	 		\N
1329	1329	uk	2018-11-02 11:34:24.300274	2018-11-02 11:34:24.300274	\N	\N	 		\N
1330	1330	uk	2018-11-02 11:34:24.316847	2018-11-02 11:34:24.316847	\N	\N	 		\N
1331	1331	uk	2018-11-02 11:34:24.345279	2018-11-02 11:34:24.345279	\N	\N	 		\N
1332	1332	uk	2018-11-02 11:34:24.365518	2018-11-02 11:34:24.365518	\N	\N	 		\N
1333	1333	uk	2018-11-02 11:34:24.386392	2018-11-02 11:34:24.386392	\N	\N	 		\N
1334	1334	uk	2018-11-02 11:34:24.408451	2018-11-02 11:34:24.408451	\N	\N	 		\N
1335	1335	uk	2018-11-02 11:34:24.43023	2018-11-02 11:34:24.43023	\N	\N	 		\N
1336	1336	uk	2018-11-02 11:34:24.455676	2018-11-02 11:34:24.455676	\N	\N	 		\N
1337	1337	uk	2018-11-02 11:34:24.471186	2018-11-02 11:34:24.471186	\N	\N	 		\N
1338	1338	uk	2018-11-02 11:34:24.486675	2018-11-02 11:34:24.486675	\N	\N	 		\N
1339	1339	uk	2018-11-02 11:34:24.507138	2018-11-02 11:34:24.507138	\N	\N	 		\N
1340	1340	uk	2018-11-02 11:34:24.525329	2018-11-02 11:34:24.525329	\N	\N	 		\N
1341	1341	uk	2018-11-02 11:34:24.540562	2018-11-02 11:34:24.540562	\N	\N	 		\N
1342	1342	uk	2018-11-02 11:34:24.559025	2018-11-02 11:34:24.559025	\N	\N	 		\N
1343	1343	uk	2018-11-02 11:34:24.575857	2018-11-02 11:34:24.575857	\N	\N	 		\N
1344	1344	uk	2018-11-02 11:34:24.592518	2018-11-02 11:34:24.592518	\N	\N	 		\N
1345	1345	uk	2018-11-02 11:34:24.61295	2018-11-02 11:34:24.61295	\N	\N	 	 	\N
1346	1346	uk	2018-11-02 11:34:24.628997	2018-11-02 11:34:24.628997	\N	\N	 	 	\N
1347	1347	uk	2018-11-02 11:34:24.643522	2018-11-02 11:34:24.643522	\N	\N	 	 	\N
1348	1348	uk	2018-11-02 11:34:24.658626	2018-11-02 11:34:24.658626	\N	\N	 	 	\N
1349	1349	uk	2018-11-02 11:34:24.672851	2018-11-02 11:34:24.672851	\N	\N	 	 	\N
1350	1350	uk	2018-11-02 11:34:24.687046	2018-11-02 11:34:24.687046	\N	\N	 	.	\N
1351	1351	uk	2018-11-02 11:34:24.702675	2018-11-02 11:34:24.702675	\N	\N	 	.	\N
1352	1352	uk	2018-11-02 11:34:24.720557	2018-11-02 11:34:24.720557	\N	\N	 	.	\N
1353	1353	uk	2018-11-02 11:34:24.739212	2018-11-02 11:34:24.739212	\N	\N	 	.	\N
1354	1354	uk	2018-11-02 11:34:24.761207	2018-11-02 11:34:24.761207	\N	\N	 	.	\N
1355	1355	uk	2018-11-02 11:34:24.779055	2018-11-02 11:34:24.779055	\N	\N	    ""		\N
1356	1356	uk	2018-11-02 11:34:24.802815	2018-11-02 11:34:24.802815	\N	\N	 34		\N
1357	1357	uk	2018-11-02 11:34:24.817936	2018-11-02 11:34:24.817936	\N	\N	 	 	\N
1358	1358	uk	2018-11-02 11:34:24.833104	2018-11-02 11:34:24.833104	\N	\N	 	 	\N
1359	1359	uk	2018-11-02 11:34:24.849516	2018-11-02 11:34:24.849516	\N	\N	 	 	\N
1360	1360	uk	2018-11-02 11:34:24.873637	2018-11-02 11:34:24.873637	\N	\N	 		\N
1361	1361	uk	2018-11-02 11:34:24.890293	2018-11-02 11:34:24.890293	\N	\N	 		\N
1362	1362	uk	2018-11-02 11:34:24.905372	2018-11-02 11:34:24.905372	\N	\N	 		\N
1363	1363	uk	2018-11-02 11:34:24.920538	2018-11-02 11:34:24.920538	\N	\N	 	.	\N
1364	1364	uk	2018-11-02 11:34:24.937841	2018-11-02 11:34:24.937841	\N	\N	 	.	\N
1365	1365	uk	2018-11-02 11:34:24.952327	2018-11-02 11:34:24.952327	\N	\N	 	.	\N
1366	1366	uk	2018-11-02 11:34:24.966844	2018-11-02 11:34:24.966844	\N	\N	 		\N
1367	1367	uk	2018-11-02 11:34:24.984839	2018-11-02 11:34:24.984839	\N	\N	 		\N
1368	1368	uk	2018-11-02 11:34:25.000862	2018-11-02 11:34:25.000862	\N	\N	 		\N
1369	1369	uk	2018-11-02 11:34:25.028672	2018-11-02 11:34:25.028672	\N	\N	 		\N
1370	1370	uk	2018-11-02 11:34:25.049055	2018-11-02 11:34:25.049055	\N	\N	 		\N
1371	1371	uk	2018-11-02 11:34:25.065643	2018-11-02 11:34:25.065643	\N	\N	 		\N
1372	1372	uk	2018-11-02 11:34:25.081879	2018-11-02 11:34:25.081879	\N	\N	 		\N
1373	1373	uk	2018-11-02 11:34:25.106134	2018-11-02 11:34:25.106134	\N	\N	 		\N
1374	1374	uk	2018-11-02 11:34:25.126544	2018-11-02 11:34:25.126544	\N	\N	 		\N
1375	1375	uk	2018-11-02 11:34:25.144118	2018-11-02 11:34:25.144118	\N	\N	 		\N
1376	1376	uk	2018-11-02 11:34:25.163447	2018-11-02 11:34:25.163447	\N	\N	 		\N
1377	1377	uk	2018-11-02 11:34:25.179183	2018-11-02 11:34:25.179183	\N	\N	 		\N
1378	1378	uk	2018-11-02 11:34:25.204516	2018-11-02 11:34:25.204516	\N	\N	 		\N
1379	1379	uk	2018-11-02 11:34:25.220784	2018-11-02 11:34:25.220784	\N	\N	 		\N
1380	1380	uk	2018-11-02 11:34:25.246944	2018-11-02 11:34:25.246944	\N	\N	 		\N
1381	1381	uk	2018-11-02 11:34:25.272499	2018-11-02 11:34:25.272499	\N	\N	 		\N
1382	1382	uk	2018-11-02 11:34:25.297439	2018-11-02 11:34:25.297439	\N	\N	 		\N
1383	1383	uk	2018-11-02 11:34:25.322768	2018-11-02 11:34:25.322768	\N	\N	 		\N
1384	1384	uk	2018-11-02 11:34:25.352155	2018-11-02 11:34:25.352155	\N	\N	 		\N
1385	1385	uk	2018-11-02 11:34:25.375764	2018-11-02 11:34:25.375764	\N	\N	 		\N
1386	1386	uk	2018-11-02 11:34:25.399098	2018-11-02 11:34:25.399098	\N	\N	 		\N
1387	1387	uk	2018-11-02 11:34:25.415044	2018-11-02 11:34:25.415044	\N	\N	 		\N
1388	1388	uk	2018-11-02 11:34:25.432858	2018-11-02 11:34:25.432858	\N	\N	 		\N
1389	1389	uk	2018-11-02 11:34:25.458072	2018-11-02 11:34:25.458072	\N	\N	 		\N
1390	1390	uk	2018-11-02 11:34:25.476727	2018-11-02 11:34:25.476727	\N	\N	 		\N
1391	1391	uk	2018-11-02 11:34:25.501456	2018-11-02 11:34:25.501456	\N	\N	 		\N
1392	1392	uk	2018-11-02 11:34:25.521362	2018-11-02 11:34:25.521362	\N	\N	 		\N
1393	1393	uk	2018-11-02 11:34:25.538833	2018-11-02 11:34:25.538833	\N	\N	 		\N
1394	1394	uk	2018-11-02 11:34:25.554785	2018-11-02 11:34:25.554785	\N	\N	 		\N
1395	1395	uk	2018-11-02 11:34:25.569249	2018-11-02 11:34:25.569249	\N	\N	 		\N
1396	1396	uk	2018-11-02 11:34:25.583827	2018-11-02 11:34:25.583827	\N	\N	 		\N
1397	1397	uk	2018-11-02 11:34:25.599085	2018-11-02 11:34:25.599085	\N	\N	 		\N
1398	1398	uk	2018-11-02 11:34:25.614715	2018-11-02 11:34:25.614715	\N	\N	 		\N
1399	1399	uk	2018-11-02 11:34:25.629928	2018-11-02 11:34:25.629928	\N	\N	 		\N
1400	1400	uk	2018-11-02 11:34:25.644715	2018-11-02 11:34:25.644715	\N	\N	 		\N
1401	1401	uk	2018-11-02 11:34:25.659431	2018-11-02 11:34:25.659431	\N	\N	 		\N
1402	1402	uk	2018-11-02 11:34:25.681124	2018-11-02 11:34:25.681124	\N	\N	 		\N
1403	1403	uk	2018-11-02 11:34:25.696667	2018-11-02 11:34:25.696667	\N	\N	 		\N
1404	1404	uk	2018-11-02 11:34:25.71281	2018-11-02 11:34:25.71281	\N	\N	 		\N
1405	1405	uk	2018-11-02 11:34:25.739772	2018-11-02 11:34:25.739772	\N	\N	 		\N
1406	1406	uk	2018-11-02 11:34:25.756417	2018-11-02 11:34:25.756417	\N	\N	 		\N
1407	1407	uk	2018-11-02 11:34:25.783498	2018-11-02 11:34:25.783498	\N	\N	 		\N
1408	1408	uk	2018-11-02 11:34:25.79897	2018-11-02 11:34:25.79897	\N	\N	 		\N
1409	1409	uk	2018-11-02 11:34:25.815552	2018-11-02 11:34:25.815552	\N	\N	 		\N
1410	1410	uk	2018-11-02 11:34:25.831516	2018-11-02 11:34:25.831516	\N	\N	 		\N
1411	1411	uk	2018-11-02 11:34:25.846492	2018-11-02 11:34:25.846492	\N	\N	 		\N
1412	1412	uk	2018-11-02 11:34:25.86488	2018-11-02 11:34:25.86488	\N	\N	 		\N
1413	1413	uk	2018-11-02 11:34:25.882639	2018-11-02 11:34:25.882639	\N	\N	 		\N
1414	1414	uk	2018-11-02 11:34:25.905655	2018-11-02 11:34:25.905655	\N	\N	 		\N
1415	1415	uk	2018-11-02 11:34:25.921739	2018-11-02 11:34:25.921739	\N	\N	 		\N
1416	1416	uk	2018-11-02 11:34:25.937406	2018-11-02 11:34:25.937406	\N	\N	 		\N
1417	1417	uk	2018-11-02 11:34:25.952953	2018-11-02 11:34:25.952953	\N	\N	 		\N
1418	1418	uk	2018-11-02 11:34:25.96798	2018-11-02 11:34:25.96798	\N	\N	 		\N
1419	1419	uk	2018-11-02 11:34:25.983711	2018-11-02 11:34:25.983711	\N	\N	 		\N
1420	1420	uk	2018-11-02 11:34:26.008721	2018-11-02 11:34:26.008721	\N	\N	 		\N
1421	1421	uk	2018-11-02 11:34:26.023935	2018-11-02 11:34:26.023935	\N	\N	 		\N
1422	1422	uk	2018-11-02 11:34:26.039698	2018-11-02 11:34:26.039698	\N	\N	 		\N
1423	1423	uk	2018-11-02 11:34:26.054224	2018-11-02 11:34:26.054224	\N	\N	 		\N
1424	1424	uk	2018-11-02 11:34:26.081318	2018-11-02 11:34:26.081318	\N	\N	 		\N
1425	1425	uk	2018-11-02 11:34:26.097738	2018-11-02 11:34:26.097738	\N	\N	 		\N
1426	1426	uk	2018-11-02 11:34:26.112903	2018-11-02 11:34:26.112903	\N	\N	 		\N
1427	1427	uk	2018-11-02 11:34:26.127629	2018-11-02 11:34:26.127629	\N	\N	 		\N
1428	1428	uk	2018-11-02 11:34:26.142416	2018-11-02 11:34:26.142416	\N	\N	 		\N
1429	1429	uk	2018-11-02 11:34:26.16419	2018-11-02 11:34:26.16419	\N	\N	 		\N
1430	1430	uk	2018-11-02 11:34:26.182583	2018-11-02 11:34:26.182583	\N	\N	 		\N
1431	1431	uk	2018-11-02 11:34:26.20024	2018-11-02 11:34:26.20024	\N	\N	 		\N
1432	1432	uk	2018-11-02 11:34:26.223571	2018-11-02 11:34:26.223571	\N	\N	 		\N
1433	1433	uk	2018-11-02 11:34:26.242566	2018-11-02 11:34:26.242566	\N	\N	 		\N
1434	1434	uk	2018-11-02 11:34:26.262367	2018-11-02 11:34:26.262367	\N	\N	 		\N
1435	1435	uk	2018-11-02 11:34:26.281396	2018-11-02 11:34:26.281396	\N	\N	 		\N
1436	1436	uk	2018-11-02 11:34:26.300728	2018-11-02 11:34:26.300728	\N	\N	 		\N
1437	1437	uk	2018-11-02 11:34:26.331289	2018-11-02 11:34:26.331289	\N	\N	 		\N
1438	1438	uk	2018-11-02 11:34:26.363119	2018-11-02 11:34:26.363119	\N	\N	 	 	\N
1439	1439	uk	2018-11-02 11:34:26.380242	2018-11-02 11:34:26.380242	\N	\N	 	 	\N
1440	1440	uk	2018-11-02 11:34:26.399398	2018-11-02 11:34:26.399398	\N	\N	 	 	\N
1441	1441	uk	2018-11-02 11:34:26.416523	2018-11-02 11:34:26.416523	\N	\N	 	 	\N
1442	1442	uk	2018-11-02 11:34:26.4381	2018-11-02 11:34:26.4381	\N	\N	 	 	\N
1443	1443	uk	2018-11-02 11:34:26.457818	2018-11-02 11:34:26.457818	\N	\N	 	 	\N
1444	1444	uk	2018-11-02 11:34:26.47321	2018-11-02 11:34:26.47321	\N	\N	 	 	\N
1445	1445	uk	2018-11-02 11:34:26.48889	2018-11-02 11:34:26.48889	\N	\N	 	 	\N
1446	1446	uk	2018-11-02 11:34:26.504798	2018-11-02 11:34:26.504798	\N	\N	 	 	\N
1447	1447	uk	2018-11-02 11:34:26.52146	2018-11-02 11:34:26.52146	\N	\N	 	 	\N
1448	1448	uk	2018-11-02 11:34:26.538775	2018-11-02 11:34:26.538775	\N	\N	 	 	\N
1449	1449	uk	2018-11-02 11:34:26.554398	2018-11-02 11:34:26.554398	\N	\N	 	 	\N
1450	1450	uk	2018-11-02 11:34:26.570347	2018-11-02 11:34:26.570347	\N	\N	 	 	\N
1451	1451	uk	2018-11-02 11:34:26.586038	2018-11-02 11:34:26.586038	\N	\N	 	 	\N
1452	1452	uk	2018-11-02 11:34:26.601064	2018-11-02 11:34:26.601064	\N	\N	 	 	\N
1453	1453	uk	2018-11-02 11:34:26.618763	2018-11-02 11:34:26.618763	\N	\N	 	 	\N
1454	1454	uk	2018-11-02 11:34:26.634429	2018-11-02 11:34:26.634429	\N	\N	 	 	\N
1455	1455	uk	2018-11-02 11:34:26.654455	2018-11-02 11:34:26.654455	\N	\N	 	 	\N
1456	1456	uk	2018-11-02 11:34:26.670201	2018-11-02 11:34:26.670201	\N	\N	 	 	\N
1457	1457	uk	2018-11-02 11:34:26.685096	2018-11-02 11:34:26.685096	\N	\N	 	 	\N
1458	1458	uk	2018-11-02 11:34:26.711482	2018-11-02 11:34:26.711482	\N	\N	 	 	\N
1459	1459	uk	2018-11-02 11:34:26.730597	2018-11-02 11:34:26.730597	\N	\N	 	 	\N
1460	1460	uk	2018-11-02 11:34:26.747068	2018-11-02 11:34:26.747068	\N	\N	 	 	\N
1461	1461	uk	2018-11-02 11:34:26.775629	2018-11-02 11:34:26.775629	\N	\N	 	 	\N
1462	1462	uk	2018-11-02 11:34:26.797664	2018-11-02 11:34:26.797664	\N	\N	 	 	\N
1463	1463	uk	2018-11-02 11:34:26.813199	2018-11-02 11:34:26.813199	\N	\N	 	 	\N
1464	1464	uk	2018-11-02 11:34:26.838727	2018-11-02 11:34:26.838727	\N	\N	 	 	\N
1465	1465	uk	2018-11-02 11:34:26.853874	2018-11-02 11:34:26.853874	\N	\N	 	 	\N
1466	1466	uk	2018-11-02 11:34:26.869103	2018-11-02 11:34:26.869103	\N	\N	 	 	\N
1467	1467	uk	2018-11-02 11:34:26.88637	2018-11-02 11:34:26.88637	\N	\N	 	 	\N
1468	1468	uk	2018-11-02 11:34:26.901602	2018-11-02 11:34:26.901602	\N	\N	 		\N
1469	1469	uk	2018-11-02 11:34:26.920074	2018-11-02 11:34:26.920074	\N	\N	 	 	\N
1470	1470	uk	2018-11-02 11:34:26.939057	2018-11-02 11:34:26.939057	\N	\N	 	 	\N
1471	1471	uk	2018-11-02 11:34:26.953381	2018-11-02 11:34:26.953381	\N	\N	 5/2		\N
1472	1472	uk	2018-11-02 11:34:26.969072	2018-11-02 11:34:26.969072	\N	\N	 3/1		\N
1473	1473	uk	2018-11-02 11:34:26.98537	2018-11-02 11:34:26.98537	\N	\N	 6/1		\N
1476	1476	uk	2018-11-02 11:34:27.036837	2018-11-02 11:34:27.036837	\N	\N	 		\N
1477	1477	uk	2018-11-02 11:34:27.051408	2018-11-02 11:34:27.051408	\N	\N	 		\N
1478	1478	uk	2018-11-02 11:34:27.06553	2018-11-02 11:34:27.06553	\N	\N	 	 	\N
1479	1479	uk	2018-11-02 11:34:27.080086	2018-11-02 11:34:27.080086	\N	\N	 	 	\N
1480	1480	uk	2018-11-02 11:34:27.094942	2018-11-02 11:34:27.094942	\N	\N	 	 	\N
1481	1481	uk	2018-11-02 11:34:27.109769	2018-11-02 11:34:27.109769	\N	\N	 	 	\N
1482	1482	uk	2018-11-02 11:34:27.124335	2018-11-02 11:34:27.124335	\N	\N	 	 	\N
1483	1483	uk	2018-11-02 11:34:27.138798	2018-11-02 11:34:27.138798	\N	\N	 	 	\N
1484	1484	uk	2018-11-02 11:34:27.153371	2018-11-02 11:34:27.153371	\N	\N	 	 	\N
1485	1485	uk	2018-11-02 11:34:27.168102	2018-11-02 11:34:27.168102	\N	\N	 	 	\N
1486	1486	uk	2018-11-02 11:34:27.183673	2018-11-02 11:34:27.183673	\N	\N	 	 	\N
1487	1487	uk	2018-11-02 11:34:27.198929	2018-11-02 11:34:27.198929	\N	\N	 	 	\N
1488	1488	uk	2018-11-02 11:34:27.213909	2018-11-02 11:34:27.213909	\N	\N	 	 	\N
1489	1489	uk	2018-11-02 11:34:27.229276	2018-11-02 11:34:27.229276	\N	\N	 	 	\N
1490	1490	uk	2018-11-02 11:34:27.244542	2018-11-02 11:34:27.244542	\N	\N	 	 	\N
1491	1491	uk	2018-11-02 11:34:27.260532	2018-11-02 11:34:27.260532	\N	\N	 	 	\N
1492	1492	uk	2018-11-02 11:34:27.276627	2018-11-02 11:34:27.276627	\N	\N	 	 	\N
1493	1493	uk	2018-11-02 11:34:27.29197	2018-11-02 11:34:27.29197	\N	\N	 	 	\N
1494	1494	uk	2018-11-02 11:34:27.306152	2018-11-02 11:34:27.306152	\N	\N	 	 	\N
1495	1495	uk	2018-11-02 11:34:27.320424	2018-11-02 11:34:27.320424	\N	\N	 	 	\N
1496	1496	uk	2018-11-02 11:34:27.334881	2018-11-02 11:34:27.334881	\N	\N	 	 	\N
1497	1497	uk	2018-11-02 11:34:27.351004	2018-11-02 11:34:27.351004	\N	\N	 	 	\N
1498	1498	uk	2018-11-02 11:34:27.365887	2018-11-02 11:34:27.365887	\N	\N	 	 	\N
1499	1499	uk	2018-11-02 11:34:27.380523	2018-11-02 11:34:27.380523	\N	\N	 	.	\N
1500	1500	uk	2018-11-02 11:34:27.395821	2018-11-02 11:34:27.395821	\N	\N	 	.	\N
1501	1501	uk	2018-11-02 11:34:27.413119	2018-11-02 11:34:27.413119	\N	\N	 	.	\N
1502	1502	uk	2018-11-02 11:34:27.427938	2018-11-02 11:34:27.427938	\N	\N	 	.	\N
1503	1503	uk	2018-11-02 11:34:27.442411	2018-11-02 11:34:27.442411	\N	\N	 	.	\N
1504	1504	uk	2018-11-02 11:34:27.45692	2018-11-02 11:34:27.45692	\N	\N	 	.	\N
1505	1505	uk	2018-11-02 11:34:27.475443	2018-11-02 11:34:27.475443	\N	\N	 		\N
1506	1506	uk	2018-11-02 11:34:27.493238	2018-11-02 11:34:27.493238	\N	\N	 		\N
1507	1507	uk	2018-11-02 11:34:27.509968	2018-11-02 11:34:27.509968	\N	\N	 		\N
1508	1508	uk	2018-11-02 11:34:27.525333	2018-11-02 11:34:27.525333	\N	\N	 		\N
1509	1509	uk	2018-11-02 11:34:27.540381	2018-11-02 11:34:27.540381	\N	\N	 		\N
1510	1510	uk	2018-11-02 11:34:27.555237	2018-11-02 11:34:27.555237	\N	\N	 		\N
1511	1511	uk	2018-11-02 11:34:27.571413	2018-11-02 11:34:27.571413	\N	\N	 		\N
1512	1512	uk	2018-11-02 11:34:27.585683	2018-11-02 11:34:27.585683	\N	\N	 		\N
1513	1513	uk	2018-11-02 11:34:27.601278	2018-11-02 11:34:27.601278	\N	\N	 	 	\N
1514	1514	uk	2018-11-02 11:34:27.616731	2018-11-02 11:34:27.616731	\N	\N	 	 	\N
1515	1515	uk	2018-11-02 11:34:27.63121	2018-11-02 11:34:27.63121	\N	\N	 	 	\N
1516	1516	uk	2018-11-02 11:34:27.646006	2018-11-02 11:34:27.646006	\N	\N	 	 	\N
1517	1517	uk	2018-11-02 11:34:27.662013	2018-11-02 11:34:27.662013	\N	\N	 	 	\N
1518	1518	uk	2018-11-02 11:34:27.679729	2018-11-02 11:34:27.679729	\N	\N	 		\N
1519	1519	uk	2018-11-02 11:34:27.694323	2018-11-02 11:34:27.694323	\N	\N	 		\N
1520	1520	uk	2018-11-02 11:34:27.708949	2018-11-02 11:34:27.708949	\N	\N	 		\N
1521	1521	uk	2018-11-02 11:34:27.72499	2018-11-02 11:34:27.72499	\N	\N	 		\N
1522	1522	uk	2018-11-02 11:34:27.740737	2018-11-02 11:34:27.740737	\N	\N	 		\N
1523	1523	uk	2018-11-02 11:34:27.755067	2018-11-02 11:34:27.755067	\N	\N	 		\N
1524	1524	uk	2018-11-02 11:34:27.77235	2018-11-02 11:34:27.77235	\N	\N	 		\N
1525	1525	uk	2018-11-02 11:34:27.786975	2018-11-02 11:34:27.786975	\N	\N	 		\N
1526	1526	uk	2018-11-02 11:34:27.80192	2018-11-02 11:34:27.80192	\N	\N	 	 	\N
1527	1527	uk	2018-11-02 11:34:27.818637	2018-11-02 11:34:27.818637	\N	\N	 	 	\N
1528	1528	uk	2018-11-02 11:34:27.833384	2018-11-02 11:34:27.833384	\N	\N	 	 	\N
1529	1529	uk	2018-11-02 11:34:27.847254	2018-11-02 11:34:27.847254	\N	\N	 	 	\N
1530	1530	uk	2018-11-02 11:34:27.861804	2018-11-02 11:34:27.861804	\N	\N	 	 	\N
1531	1531	uk	2018-11-02 11:34:27.877244	2018-11-02 11:34:27.877244	\N	\N	 	 	\N
1532	1532	uk	2018-11-02 11:34:27.893158	2018-11-02 11:34:27.893158	\N	\N	 	 	\N
1533	1533	uk	2018-11-02 11:34:27.909152	2018-11-02 11:34:27.909152	\N	\N	 	 	\N
1534	1534	uk	2018-11-02 11:34:27.925238	2018-11-02 11:34:27.925238	\N	\N	 	 	\N
1535	1535	uk	2018-11-02 11:34:27.942289	2018-11-02 11:34:27.942289	\N	\N	 		\N
1536	1536	uk	2018-11-02 11:34:27.956763	2018-11-02 11:34:27.956763	\N	\N	 		\N
1537	1537	uk	2018-11-02 11:34:27.971817	2018-11-02 11:34:27.971817	\N	\N	 		\N
1538	1538	uk	2018-11-02 11:34:27.986975	2018-11-02 11:34:27.986975	\N	\N	 		\N
1539	1539	uk	2018-11-02 11:34:28.002964	2018-11-02 11:34:28.002964	\N	\N	 	 	\N
1540	1540	uk	2018-11-02 11:34:28.017903	2018-11-02 11:34:28.017903	\N	\N	 	 	\N
1541	1541	uk	2018-11-02 11:34:28.03325	2018-11-02 11:34:28.03325	\N	\N	 	 	\N
1542	1542	uk	2018-11-02 11:34:28.048019	2018-11-02 11:34:28.048019	\N	\N	 	 	\N
1543	1543	uk	2018-11-02 11:34:28.064006	2018-11-02 11:34:28.064006	\N	\N	 	 	\N
1544	1544	uk	2018-11-02 11:34:28.080726	2018-11-02 11:34:28.080726	\N	\N	 	 	\N
1545	1545	uk	2018-11-02 11:34:28.096616	2018-11-02 11:34:28.096616	\N	\N	 		\N
1546	1546	uk	2018-11-02 11:34:28.114776	2018-11-02 11:34:28.114776	\N	\N	 		\N
1547	1547	uk	2018-11-02 11:34:28.135829	2018-11-02 11:34:28.135829	\N	\N	 		\N
1548	1548	uk	2018-11-02 11:34:28.154056	2018-11-02 11:34:28.154056	\N	\N	 		\N
1549	1549	uk	2018-11-02 11:34:28.169035	2018-11-02 11:34:28.169035	\N	\N	 		\N
1550	1550	uk	2018-11-02 11:34:28.183439	2018-11-02 11:34:28.183439	\N	\N	 		\N
1551	1551	uk	2018-11-02 11:34:28.198211	2018-11-02 11:34:28.198211	\N	\N	 		\N
1552	1552	uk	2018-11-02 11:34:28.214102	2018-11-02 11:34:28.214102	\N	\N	 		\N
1553	1553	uk	2018-11-02 11:34:28.229097	2018-11-02 11:34:28.229097	\N	\N	 		\N
1554	1554	uk	2018-11-02 11:34:28.244496	2018-11-02 11:34:28.244496	\N	\N	 		\N
1555	1555	uk	2018-11-02 11:34:28.265575	2018-11-02 11:34:28.265575	\N	\N	 		\N
1556	1556	uk	2018-11-02 11:34:28.286877	2018-11-02 11:34:28.286877	\N	\N	 		\N
1557	1557	uk	2018-11-02 11:34:28.306165	2018-11-02 11:34:28.306165	\N	\N	 		\N
1558	1558	uk	2018-11-02 11:34:28.324338	2018-11-02 11:34:28.324338	\N	\N	 		\N
1559	1559	uk	2018-11-02 11:34:28.346956	2018-11-02 11:34:28.346956	\N	\N	 	.	\N
1560	1560	uk	2018-11-02 11:34:28.362444	2018-11-02 11:34:28.362444	\N	\N	 	.	\N
1561	1561	uk	2018-11-02 11:34:28.387337	2018-11-02 11:34:28.387337	\N	\N	 	.	\N
1562	1562	uk	2018-11-02 11:34:28.409316	2018-11-02 11:34:28.409316	\N	\N	 	.	\N
1563	1563	uk	2018-11-02 11:34:28.433334	2018-11-02 11:34:28.433334	\N	\N	 		\N
1564	1564	uk	2018-11-02 11:34:28.449097	2018-11-02 11:34:28.449097	\N	\N	 		\N
1565	1565	uk	2018-11-02 11:34:28.463769	2018-11-02 11:34:28.463769	\N	\N	 		\N
1566	1566	uk	2018-11-02 11:34:28.478148	2018-11-02 11:34:28.478148	\N	\N	 		\N
1567	1567	uk	2018-11-02 11:34:28.492789	2018-11-02 11:34:28.492789	\N	\N	 		\N
1568	1568	uk	2018-11-02 11:34:28.50737	2018-11-02 11:34:28.50737	\N	\N	 		\N
1569	1569	uk	2018-11-02 11:34:28.521885	2018-11-02 11:34:28.521885	\N	\N	 		\N
1570	1570	uk	2018-11-02 11:34:28.536434	2018-11-02 11:34:28.536434	\N	\N	 		\N
1571	1571	uk	2018-11-02 11:34:28.554552	2018-11-02 11:34:28.554552	\N	\N	 		\N
1572	1572	uk	2018-11-02 11:34:28.570196	2018-11-02 11:34:28.570196	\N	\N	 		\N
1573	1573	uk	2018-11-02 11:34:28.586286	2018-11-02 11:34:28.586286	\N	\N	 		\N
1574	1574	uk	2018-11-02 11:34:28.601737	2018-11-02 11:34:28.601737	\N	\N	 		\N
1575	1575	uk	2018-11-02 11:34:28.617632	2018-11-02 11:34:28.617632	\N	\N	 		\N
1576	1576	uk	2018-11-02 11:34:28.633026	2018-11-02 11:34:28.633026	\N	\N	 		\N
1577	1577	uk	2018-11-02 11:34:28.647784	2018-11-02 11:34:28.647784	\N	\N	 		\N
1578	1578	uk	2018-11-02 11:34:28.662909	2018-11-02 11:34:28.662909	\N	\N	 		\N
1579	1579	uk	2018-11-02 11:34:28.677418	2018-11-02 11:34:28.677418	\N	\N	 		\N
1580	1580	uk	2018-11-02 11:34:28.691752	2018-11-02 11:34:28.691752	\N	\N	 		\N
1581	1581	uk	2018-11-02 11:34:28.708405	2018-11-02 11:34:28.708405	\N	\N	 		\N
1582	1582	uk	2018-11-02 11:34:28.724456	2018-11-02 11:34:28.724456	\N	\N	 		\N
1583	1583	uk	2018-11-02 11:34:28.746206	2018-11-02 11:34:28.746206	\N	\N	 		\N
1584	1584	uk	2018-11-02 11:34:28.788124	2018-11-02 11:34:28.788124	\N	\N	 		\N
1585	1585	uk	2018-11-02 11:34:28.816379	2018-11-02 11:34:28.816379	\N	\N	 		\N
1586	1586	uk	2018-11-02 11:34:28.831657	2018-11-02 11:34:28.831657	\N	\N	 		\N
1587	1587	uk	2018-11-02 11:34:28.856808	2018-11-02 11:34:28.856808	\N	\N	 		\N
1588	1588	uk	2018-11-02 11:34:28.881522	2018-11-02 11:34:28.881522	\N	\N	 		\N
1589	1589	uk	2018-11-02 11:34:28.897608	2018-11-02 11:34:28.897608	\N	\N	 		\N
1590	1590	uk	2018-11-02 11:34:28.912339	2018-11-02 11:34:28.912339	\N	\N	 		\N
1591	1591	uk	2018-11-02 11:34:28.927875	2018-11-02 11:34:28.927875	\N	\N	 		\N
1592	1592	uk	2018-11-02 11:34:28.942757	2018-11-02 11:34:28.942757	\N	\N	 		\N
1593	1593	uk	2018-11-02 11:34:28.957144	2018-11-02 11:34:28.957144	\N	\N	 		\N
1594	1594	uk	2018-11-02 11:34:28.97185	2018-11-02 11:34:28.97185	\N	\N	 		\N
1595	1595	uk	2018-11-02 11:34:28.988993	2018-11-02 11:34:28.988993	\N	\N	 		\N
1596	1596	uk	2018-11-02 11:34:29.003869	2018-11-02 11:34:29.003869	\N		 		\N
1597	1597	uk	2018-11-02 11:34:29.018977	2018-11-02 11:34:29.018977	\N	\N	 		\N
1598	1598	uk	2018-11-02 11:34:29.03358	2018-11-02 11:34:29.03358	\N	\N	 		\N
1599	1599	uk	2018-11-02 11:34:29.048247	2018-11-02 11:34:29.048247	\N	\N	 		\N
1600	1600	uk	2018-11-02 11:34:29.064114	2018-11-02 11:34:29.064114	\N	\N	 		\N
1601	1601	uk	2018-11-02 11:34:29.09868	2018-11-02 11:34:29.09868	\N	\N	 		\N
1602	1602	uk	2018-11-02 11:34:29.115737	2018-11-02 11:34:29.115737	\N	\N	 		\N
1603	1603	uk	2018-11-02 11:34:29.130518	2018-11-02 11:34:29.130518	\N	\N	 		\N
1604	1604	uk	2018-11-02 11:34:29.145023	2018-11-02 11:34:29.145023	\N	\N	 		\N
1605	1605	uk	2018-11-02 11:34:29.159316	2018-11-02 11:34:29.159316	\N	\N	 		\N
1606	1606	uk	2018-11-02 11:34:29.178419	2018-11-02 11:34:29.178419	\N	\N	 		\N
1607	1607	uk	2018-11-02 11:34:29.197697	2018-11-02 11:34:29.197697	\N	\N	 		\N
1608	1608	uk	2018-11-02 11:34:29.216743	2018-11-02 11:34:29.216743	\N	\N	 		\N
1609	1609	uk	2018-11-02 11:34:29.235911	2018-11-02 11:34:29.235911	\N	\N	 		\N
1610	1610	uk	2018-11-02 11:34:29.254466	2018-11-02 11:34:29.254466	\N	\N	 		\N
1611	1611	uk	2018-11-02 11:34:29.26935	2018-11-02 11:34:29.26935	\N	\N	 		\N
1612	1612	uk	2018-11-02 11:34:29.284742	2018-11-02 11:34:29.284742	\N	\N	 		\N
1613	1613	uk	2018-11-02 11:34:29.299274	2018-11-02 11:34:29.299274	\N	\N	 		\N
1614	1614	uk	2018-11-02 11:34:29.31386	2018-11-02 11:34:29.31386	\N	\N	 		\N
1615	1615	uk	2018-11-02 11:34:29.328568	2018-11-02 11:34:29.328568	\N	\N	 		\N
1616	1616	uk	2018-11-02 11:34:29.343829	2018-11-02 11:34:29.343829	\N	\N	-628(668)	 	\N
1617	1617	uk	2018-11-02 11:34:29.358815	2018-11-02 11:34:29.358815	\N	\N	 		\N
1618	1618	uk	2018-11-02 11:34:29.376196	2018-11-02 11:34:29.376196	\N	\N	 		\N
1619	1619	uk	2018-11-02 11:34:29.392681	2018-11-02 11:34:29.392681	\N	\N	  		\N
1620	1620	uk	2018-11-02 11:34:29.411873	2018-11-02 11:34:29.411873	\N	1	  		\N
1621	1621	uk	2018-11-02 11:34:29.428095	2018-11-02 11:34:29.428095	\N	\N	  	 	\N
1622	1622	uk	2018-11-02 11:34:29.445525	2018-11-02 11:34:29.445525	\N	\N	   	 	\N
1623	1623	uk	2018-11-02 11:34:29.462528	2018-11-02 11:34:29.462528	\N	\N	   		\N
1624	1624	uk	2018-11-02 11:34:29.479861	2018-11-02 11:34:29.479861	\N	\N	   		\N
1625	1625	uk	2018-11-02 11:34:29.498271	2018-11-02 11:34:29.498271	\N	\N	   	600-	\N
1626	1626	uk	2018-11-02 11:34:29.514021	2018-11-02 11:34:29.514021	\N	\N	   	.	\N
1627	1627	uk	2018-11-02 11:34:29.531584	2018-11-02 11:34:29.531584	\N	\N	   		\N
1628	1628	uk	2018-11-02 11:34:29.557074	2018-11-02 11:34:29.557074	\N	\N	 		\N
1629	1629	uk	2018-11-02 11:34:29.579208	2018-11-02 11:34:29.579208	\N	\N	 	.	\N
1630	1630	uk	2018-11-02 11:34:29.594871	2018-11-02 11:34:29.594871	\N	 31	 	 	\N
1631	1631	uk	2018-11-02 11:34:29.611553	2018-11-02 11:34:29.611553	\N	\N	   		\N
1632	1632	uk	2018-11-02 11:34:29.636002	2018-11-02 11:34:29.636002	\N	\N	   		\N
1633	1633	uk	2018-11-02 11:34:29.652184	2018-11-02 11:34:29.652184	\N	\N			\N
1634	1634	uk	2018-11-02 11:34:29.673053	2018-11-02 11:34:29.673053	      	1	   "     34   "		\N
1635	1635	uk	2018-11-02 11:34:29.69657	2018-11-02 11:34:29.69657	\N	\N		 	\N
1636	1636	uk	2018-11-02 11:34:29.715185	2018-11-02 11:34:29.715185	\N	       	       	 	\N
1637	1637	uk	2018-11-02 11:34:29.734691	2018-11-02 11:34:29.734691	\N	\N	\N	.	\N
1638	1638	uk	2018-11-02 11:34:29.754636	2018-11-02 11:34:29.754636	\N	\N		.	\N
1640	1640	uk	2018-11-02 11:34:29.801431	2018-11-02 11:34:29.801431	\N	\N	 	 	\N
1641	1641	uk	2018-11-02 11:34:29.82756	2018-11-02 11:34:29.82756	\N	\N	   		\N
1642	1642	uk	2018-11-02 11:34:29.853055	2018-11-02 11:34:29.853055	\N	\N	   		\N
1643	1643	uk	2018-11-02 11:34:29.874559	2018-11-02 11:34:29.874559	\N	\N	   		\N
1644	1644	uk	2018-11-02 11:34:29.898061	2018-11-02 11:34:29.898061	\N	\N	   		\N
1645	1645	uk	2018-11-02 11:34:29.919668	2018-11-02 11:34:29.919668	\N	\N	   	600-	\N
1646	1646	uk	2018-11-02 11:34:29.947422	2018-11-02 11:34:29.947422	\N	\N	 	'	\N
1647	1647	uk	2018-11-02 11:34:29.969	2018-11-02 11:34:29.969	\N	17			\N
1648	1648	uk	2018-11-02 11:34:29.990266	2018-11-02 11:34:29.990266	\N	\N	 	 	\N
1649	1649	uk	2018-11-02 11:34:30.011231	2018-11-02 11:34:30.011231	\N	\N	 		\N
1650	1650	uk	2018-11-02 11:34:30.031852	2018-11-02 11:34:30.031852	\N	\N	 	 -	\N
1651	1651	uk	2018-11-02 11:34:30.053902	2018-11-02 11:34:30.053902	\N	 	  	 	\N
1652	1652	uk	2018-11-02 11:34:30.076768	2018-11-02 11:34:30.076768	\N	\N		 	\N
1653	1653	uk	2018-11-02 11:34:30.104244	2018-11-02 11:34:30.104244	\N	\N	 		\N
1654	1654	uk	2018-11-02 11:34:30.123951	2018-11-02 11:34:30.123951	\N	\N	 	.	\N
1655	1655	uk	2018-11-02 11:34:30.14353	2018-11-02 11:34:30.14353	\N	\N	 		\N
1656	1656	uk	2018-11-02 11:34:30.161888	2018-11-02 11:34:30.161888	\N	\N	   	 	\N
1657	1657	uk	2018-11-02 11:34:30.183589	2018-11-02 11:34:30.183589	\N	\N	 		\N
1658	1658	uk	2018-11-02 11:34:30.20344	2018-11-02 11:34:30.20344	\N	\N	 		\N
1659	1659	uk	2018-11-02 11:34:30.223355	2018-11-02 11:34:30.223355	\N	\N	   		\N
1660	1660	uk	2018-11-02 11:34:30.242459	2018-11-02 11:34:30.242459	\N	\N	 		\N
1661	1661	uk	2018-11-02 11:34:30.261131	2018-11-02 11:34:30.261131	\N	\N	   		\N
1662	1662	uk	2018-11-02 11:34:30.27972	2018-11-02 11:34:30.27972	\N	\N	   	 	\N
1663	1663	uk	2018-11-02 11:34:30.2976	2018-11-02 11:34:30.2976	\N	\N	   	600-	\N
1664	1664	uk	2018-11-02 11:34:30.315783	2018-11-02 11:34:30.315783	\N	\N	 		\N
1665	1665	uk	2018-11-02 11:34:30.333601	2018-11-02 11:34:30.333601	\N	69	 		\N
1666	1666	uk	2018-11-02 11:34:30.354365	2018-11-02 11:34:30.354365	\N	62	 		\N
1667	1667	uk	2018-11-02 11:34:30.376204	2018-11-02 11:34:30.376204	\N	41	 		\N
1668	1668	uk	2018-11-02 11:34:30.394556	2018-11-02 11:34:30.394556	\N	\N	 		\N
1669	1669	uk	2018-11-02 11:34:30.413068	2018-11-02 11:34:30.413068	\N	\N	-903	 	\N
1670	1670	uk	2018-11-02 11:34:30.439437	2018-11-02 11:34:30.439437	\N	\N	-898	.	\N
1671	1671	uk	2018-11-02 11:34:30.461801	2018-11-02 11:34:30.461801	\N	59	 		\N
1672	1672	uk	2018-11-02 11:34:30.484822	2018-11-02 11:34:30.484822	\N	122	 		\N
1673	1673	uk	2018-11-02 11:34:30.507543	2018-11-02 11:34:30.507543	\N	1,2	 	 	\N
1674	1674	uk	2018-11-02 11:34:30.530214	2018-11-02 11:34:30.530214	\N	\N	 3	 	\N
1675	1675	uk	2018-11-02 11:34:30.556281	2018-11-02 11:34:30.556281	\N	117	 		\N
1676	1676	uk	2018-11-02 11:34:30.585278	2018-11-02 11:34:30.585278	\N	56	 		\N
1677	1677	uk	2018-11-02 11:34:30.603248	2018-11-02 11:34:30.603248	\N	46	 		\N
1678	1678	uk	2018-11-02 11:34:30.621718	2018-11-02 11:34:30.621718	\N	113	 		\N
1679	1679	uk	2018-11-02 11:34:30.640244	2018-11-02 11:34:30.640244	\N	65	 		\N
1680	1680	uk	2018-11-02 11:34:30.658947	2018-11-02 11:34:30.658947	\N	63	 		\N
1681	1681	uk	2018-11-02 11:34:30.677001	2018-11-02 11:34:30.677001	\N	  	\N		\N
1682	1682	uk	2018-11-02 11:34:30.696175	2018-11-02 11:34:30.696175	\N	\N	 	 	\N
1683	1683	uk	2018-11-02 11:34:30.71409	2018-11-02 11:34:30.71409	\N	\N	 	 	\N
1684	1684	uk	2018-11-02 11:34:30.73297	2018-11-02 11:34:30.73297	\N	\N	  		\N
1685	1685	uk	2018-11-02 11:34:30.751939	2018-11-02 11:34:30.751939	\N	\N	 		\N
1686	1686	uk	2018-11-02 11:34:30.77191	2018-11-02 11:34:30.77191	\N	\N	 		\N
1687	1687	uk	2018-11-02 11:34:30.794588	2018-11-02 11:34:30.794588	\N	\N	  2		\N
1688	1688	uk	2018-11-02 11:34:30.812093	2018-11-02 11:34:30.812093	\N	\N	 1		\N
1689	1689	uk	2018-11-02 11:34:30.830353	2018-11-02 11:34:30.830353	\N	\N	11	 	\N
1690	1690	uk	2018-11-02 11:34:30.857715	2018-11-02 11:34:30.857715	\N	\N	12	 	\N
1691	1691	uk	2018-11-02 11:34:30.884812	2018-11-02 11:34:30.884812	\N	\N		.	\N
1692	1692	uk	2018-11-02 11:34:30.903647	2018-11-02 11:34:30.903647	\N	\N	 		\N
1693	1693	uk	2018-11-02 11:34:30.926106	2018-11-02 11:34:30.926106	\N	\N	   		\N
1694	1694	uk	2018-11-02 11:34:30.953347	2018-11-02 11:34:30.953347	\N	\N	 		\N
1695	1695	uk	2018-11-02 11:34:30.971608	2018-11-02 11:34:30.971608	\N	\N	 	.	\N
1696	1696	uk	2018-11-02 11:34:30.993877	2018-11-02 11:34:30.993877	\N	\N		 	\N
1697	1697	uk	2018-11-02 11:34:31.016896	2018-11-02 11:34:31.016896	\N	\N	 	.	\N
1698	1698	uk	2018-11-02 11:34:31.037124	2018-11-02 11:34:31.037124	\N	\N	   		\N
1699	1699	uk	2018-11-02 11:34:31.055351	2018-11-02 11:34:31.055351	\N	\N	 		\N
1700	1700	uk	2018-11-02 11:34:31.073657	2018-11-02 11:34:31.073657	\N	\N	 		\N
1701	1701	uk	2018-11-02 11:34:31.091716	2018-11-02 11:34:31.091716	\N	\N	 		\N
1702	1702	uk	2018-11-02 11:34:31.116421	2018-11-02 11:34:31.116421	\N	\N	 	 	\N
1703	1703	uk	2018-11-02 11:34:31.134607	2018-11-02 11:34:31.134607	\N	\N	 	-	\N
1704	1704	uk	2018-11-02 11:34:31.152247	2018-11-02 11:34:31.152247	\N	\N	 		\N
1705	1705	uk	2018-11-02 11:34:31.169941	2018-11-02 11:34:31.169941	\N	\N	 		\N
1706	1706	uk	2018-11-02 11:34:31.194364	2018-11-02 11:34:31.194364	\N	\N	 	 	\N
1707	1707	uk	2018-11-02 11:34:31.21559	2018-11-02 11:34:31.21559	\N	\N	 		\N
1708	1708	uk	2018-11-02 11:34:31.240566	2018-11-02 11:34:31.240566	\N	\N	 	 	\N
1709	1709	uk	2018-11-02 11:34:31.260852	2018-11-02 11:34:31.260852	\N	\N	 	 	\N
1710	1710	uk	2018-11-02 11:34:31.281718	2018-11-02 11:34:31.281718	\N	\N	 	 	\N
1711	1711	uk	2018-11-02 11:34:31.300552	2018-11-02 11:34:31.300552	\N	\N	 		\N
1712	1712	uk	2018-11-02 11:34:31.319646	2018-11-02 11:34:31.319646	\N	\N	 		\N
1713	1713	uk	2018-11-02 11:34:31.342184	2018-11-02 11:34:31.342184	\N	\N	  5 		\N
1714	1714	uk	2018-11-02 11:34:31.372331	2018-11-02 11:34:31.372331	\N	\N		1- 	\N
1715	1715	uk	2018-11-02 11:34:31.400169	2018-11-02 11:34:31.400169	\N	\N	 	 	\N
1716	1716	uk	2018-11-02 11:34:31.4261	2018-11-02 11:34:31.4261	\N	\N	 	 	\N
1717	1717	uk	2018-11-02 11:34:31.446698	2018-11-02 11:34:31.446698	\N	\N	 	 	\N
1718	1718	uk	2018-11-02 11:34:31.466605	2018-11-02 11:34:31.466605	\N	\N	 		\N
1719	1719	uk	2018-11-02 11:34:31.493273	2018-11-02 11:34:31.493273	\N	\N	 	 	\N
1720	1720	uk	2018-11-02 11:34:31.515512	2018-11-02 11:34:31.515512	\N	\N	 		\N
1721	1721	uk	2018-11-02 11:34:31.533465	2018-11-02 11:34:31.533465	\N	\N	 		\N
1722	1722	uk	2018-11-02 11:34:31.554867	2018-11-02 11:34:31.554867	\N	\N	   	 	\N
1723	1723	uk	2018-11-02 11:34:31.58064	2018-11-02 11:34:31.58064	\N	\N	 	 	\N
1724	1724	uk	2018-11-02 11:34:31.605642	2018-11-02 11:34:31.605642	\N	\N	 		\N
1725	1725	uk	2018-11-02 11:34:31.631255	2018-11-02 11:34:31.631255	\N	\N	 	.	\N
1726	1726	uk	2018-11-02 11:34:31.663681	2018-11-02 11:34:31.663681	\N	\N	 	 	\N
1727	1727	uk	2018-11-02 11:34:31.683515	2018-11-02 11:34:31.683515	\N	\N	 	.	\N
1728	1728	uk	2018-11-02 11:34:31.704519	2018-11-02 11:34:31.704519	\N	\N	 	 	\N
1729	1729	uk	2018-11-02 11:34:31.72389	2018-11-02 11:34:31.72389	\N	\N	 	 	\N
1730	1730	uk	2018-11-02 11:34:31.742459	2018-11-02 11:34:31.742459	\N	\N	 		\N
1731	1731	uk	2018-11-02 11:34:31.760412	2018-11-02 11:34:31.760412	\N	\N	 		\N
1732	1732	uk	2018-11-02 11:34:31.779154	2018-11-02 11:34:31.779154	\N	\N	 		\N
1733	1733	uk	2018-11-02 11:34:31.797488	2018-11-02 11:34:31.797488	\N	\N	 		\N
1734	1734	uk	2018-11-02 11:34:31.815141	2018-11-02 11:34:31.815141	\N	\N	 	 	\N
1735	1735	uk	2018-11-02 11:34:31.837181	2018-11-02 11:34:31.837181	\N	\N	 	 	\N
1736	1736	uk	2018-11-02 11:34:31.862741	2018-11-02 11:34:31.862741	\N	\N	 		\N
1737	1737	uk	2018-11-02 11:34:31.881858	2018-11-02 11:34:31.881858	\N	\N	 	 	\N
1738	1738	uk	2018-11-02 11:34:31.90011	2018-11-02 11:34:31.90011	\N	\N	 		\N
1739	1739	uk	2018-11-02 11:34:31.918189	2018-11-02 11:34:31.918189	\N	\N	 		\N
1740	1740	uk	2018-11-02 11:34:31.936726	2018-11-02 11:34:31.936726	\N	\N	 		\N
1741	1741	uk	2018-11-02 11:34:31.955907	2018-11-02 11:34:31.955907	\N	\N	 		\N
1742	1742	uk	2018-11-02 11:34:31.97975	2018-11-02 11:34:31.97975	\N	\N	 	 	\N
1743	1743	uk	2018-11-02 11:34:32.001457	2018-11-02 11:34:32.001457	\N	\N	 		\N
1744	1744	uk	2018-11-02 11:34:32.020182	2018-11-02 11:34:32.020182	\N	\N	 		\N
1745	1745	uk	2018-11-02 11:34:32.041342	2018-11-02 11:34:32.041342	\N	\N	 		\N
1746	1746	uk	2018-11-02 11:34:32.067227	2018-11-02 11:34:32.067227	\N	\N	 		\N
1747	1747	uk	2018-11-02 11:34:32.085792	2018-11-02 11:34:32.085792	\N	\N	 	 -	\N
1748	1748	uk	2018-11-02 11:34:32.10386	2018-11-02 11:34:32.10386	\N	\N	 	 	\N
1749	1749	uk	2018-11-02 11:34:32.121846	2018-11-02 11:34:32.121846	\N	\N	 	 -	\N
1750	1750	uk	2018-11-02 11:34:32.141867	2018-11-02 11:34:32.141867	\N	 	\N		\N
1751	1751	uk	2018-11-02 11:34:32.161279	2018-11-02 11:34:32.161279	\N	\N	 		\N
1752	1752	uk	2018-11-02 11:34:32.191669	2018-11-02 11:34:32.191669	\N	\N	 	 -	\N
1753	1753	uk	2018-11-02 11:34:32.209459	2018-11-02 11:34:32.209459	\N	\N	 	 	\N
1754	1754	uk	2018-11-02 11:34:32.227953	2018-11-02 11:34:32.227953	\N	\N	 		\N
1755	1755	uk	2018-11-02 11:34:32.245835	2018-11-02 11:34:32.245835	\N	\N	 		\N
1756	1756	uk	2018-11-02 11:34:32.266485	2018-11-02 11:34:32.266485	\N	\N	 		\N
1757	1757	uk	2018-11-02 11:34:32.289899	2018-11-02 11:34:32.289899	\N	\N	 	 	\N
1758	1758	uk	2018-11-02 11:34:32.308231	2018-11-02 11:34:32.308231	\N	\N	 		\N
1759	1759	uk	2018-11-02 11:34:32.326372	2018-11-02 11:34:32.326372	\N	\N	 	 	\N
1760	1760	uk	2018-11-02 11:34:32.346433	2018-11-02 11:34:32.346433	\N	\N	 		\N
1761	1761	uk	2018-11-02 11:34:32.366212	2018-11-02 11:34:32.366212	\N	\N	 	 	\N
1762	1762	uk	2018-11-02 11:34:32.388318	2018-11-02 11:34:32.388318	\N	\N	 	 	\N
1763	1763	uk	2018-11-02 11:34:32.411077	2018-11-02 11:34:32.411077	\N	 	\N		\N
1764	1764	uk	2018-11-02 11:34:32.445132	2018-11-02 11:34:32.445132	\N	\N	 	600-	\N
1765	1765	uk	2018-11-02 11:34:32.467559	2018-11-02 11:34:32.467559	\N	\N	 		\N
1766	1766	uk	2018-11-02 11:34:32.490281	2018-11-02 11:34:32.490281	\N	\N	 	 	\N
1767	1767	uk	2018-11-02 11:34:32.508789	2018-11-02 11:34:32.508789	\N	\N	 	.	\N
1768	1768	uk	2018-11-02 11:34:32.527005	2018-11-02 11:34:32.527005	\N	\N	 	 	\N
1769	1769	uk	2018-11-02 11:34:32.545178	2018-11-02 11:34:32.545178	\N	\N	 	1- 	\N
1770	1770	uk	2018-11-02 11:34:32.564323	2018-11-02 11:34:32.564323	\N	\N	 		\N
1771	1771	uk	2018-11-02 11:34:32.583366	2018-11-02 11:34:32.583366	\N	\N	 		\N
1772	1772	uk	2018-11-02 11:34:32.602597	2018-11-02 11:34:32.602597	\N	\N			\N
1773	1773	uk	2018-11-02 11:34:32.622791	2018-11-02 11:34:32.622791	\N	\N			\N
1774	1774	uk	2018-11-02 11:34:32.64279	2018-11-02 11:34:32.64279	\N	\N	 	 	\N
1775	1775	uk	2018-11-02 11:34:32.663021	2018-11-02 11:34:32.663021	\N	\N	 		\N
1776	1776	uk	2018-11-02 11:34:32.681573	2018-11-02 11:34:32.681573	\N	\N	 		\N
1777	1777	uk	2018-11-02 11:34:32.700106	2018-11-02 11:34:32.700106	\N	\N	 	 	\N
1778	1778	uk	2018-11-02 11:34:32.718503	2018-11-02 11:34:32.718503	\N	\N	 		\N
1779	1779	uk	2018-11-02 11:34:32.738842	2018-11-02 11:34:32.738842	\N	\N	 	 	\N
1780	1780	uk	2018-11-02 11:34:32.759654	2018-11-02 11:34:32.759654	\N	\N	 		\N
1781	1781	uk	2018-11-02 11:34:32.777716	2018-11-02 11:34:32.777716	\N	\N	 		\N
1782	1782	uk	2018-11-02 11:34:32.795528	2018-11-02 11:34:32.795528	\N	\N	 	 	\N
1783	1783	uk	2018-11-02 11:34:32.813984	2018-11-02 11:34:32.813984	\N	\N	 		\N
1784	1784	uk	2018-11-02 11:34:32.836989	2018-11-02 11:34:32.836989	\N	\N	 		\N
1785	1785	uk	2018-11-02 11:34:32.872417	2018-11-02 11:34:32.872417	\N	\N	 	 	\N
1786	1786	uk	2018-11-02 11:34:32.895563	2018-11-02 11:34:32.895563	\N	\N	 		\N
1787	1787	uk	2018-11-02 11:34:32.916225	2018-11-02 11:34:32.916225	\N	\N	 	600-	\N
1788	1788	uk	2018-11-02 11:34:32.936372	2018-11-02 11:34:32.936372	\N	\N	 	600-	\N
1789	1789	uk	2018-11-02 11:34:32.956372	2018-11-02 11:34:32.956372	\N	\N	 		\N
1790	1790	uk	2018-11-02 11:34:32.975677	2018-11-02 11:34:32.975677	\N	\N	 		\N
1791	1791	uk	2018-11-02 11:34:32.995905	2018-11-02 11:34:32.995905	\N	\N	 	 	\N
1792	1792	uk	2018-11-02 11:34:33.014367	2018-11-02 11:34:33.014367	\N	\N	 	 -	\N
1793	1793	uk	2018-11-02 11:34:33.036029	2018-11-02 11:34:33.036029	\N	\N	 		\N
1794	1794	uk	2018-11-02 11:34:33.063126	2018-11-02 11:34:33.063126	\N	\N	 	 -	\N
1795	1795	uk	2018-11-02 11:34:33.087218	2018-11-02 11:34:33.087218	\N	\N	 	 -	\N
1796	1796	uk	2018-11-02 11:34:33.1077	2018-11-02 11:34:33.1077	\N	\N			\N
1797	1797	uk	2018-11-02 11:34:33.131723	2018-11-02 11:34:33.131723	\N	\N	-15		\N
1798	1798	uk	2018-11-02 11:34:33.161886	2018-11-02 11:34:33.161886	\N	\N	 	 	\N
1799	1799	uk	2018-11-02 11:34:33.184333	2018-11-02 11:34:33.184333	\N	\N	 	 	\N
1800	1800	uk	2018-11-02 11:34:33.202709	2018-11-02 11:34:33.202709	\N	\N	 	 	\N
1801	1801	uk	2018-11-02 11:34:33.220811	2018-11-02 11:34:33.220811	\N	\N	 		\N
1802	1802	uk	2018-11-02 11:34:33.238754	2018-11-02 11:34:33.238754	\N	\N	 		\N
1803	1803	uk	2018-11-02 11:34:33.2566	2018-11-02 11:34:33.2566	\N	\N	   	 	\N
1804	1804	uk	2018-11-02 11:34:33.275812	2018-11-02 11:34:33.275812	\N	\N	   	-	\N
1805	1805	uk	2018-11-02 11:34:33.297962	2018-11-02 11:34:33.297962	\N	\N	   		\N
1806	1806	uk	2018-11-02 11:34:33.318414	2018-11-02 11:34:33.318414	\N	\N	   		\N
1807	1807	uk	2018-11-02 11:34:33.341033	2018-11-02 11:34:33.341033	\N	\N	   	 	\N
1808	1808	uk	2018-11-02 11:34:33.360029	2018-11-02 11:34:33.360029	\N	\N	   	 	\N
1809	1809	uk	2018-11-02 11:34:33.380357	2018-11-02 11:34:33.380357	\N	\N	 		\N
1810	1810	uk	2018-11-02 11:34:33.405503	2018-11-02 11:34:33.405503	\N	\N	   		\N
1811	1811	uk	2018-11-02 11:34:33.424628	2018-11-02 11:34:33.424628	\N	\N	   		\N
1812	1812	uk	2018-11-02 11:34:33.443165	2018-11-02 11:34:33.443165	\N	\N	 	 	\N
1813	1813	uk	2018-11-02 11:34:33.462012	2018-11-02 11:34:33.462012	\N	\N	   		\N
1814	1814	uk	2018-11-02 11:34:33.481955	2018-11-02 11:34:33.481955	\N	\N	   		\N
1815	1815	uk	2018-11-02 11:34:33.505188	2018-11-02 11:34:33.505188	\N	 ""	 "  "	 	\N
1816	1816	uk	2018-11-02 11:34:33.525077	2018-11-02 11:34:33.525077	\N	 	\N		\N
1817	1817	uk	2018-11-02 11:34:33.544873	2018-11-02 11:34:33.544873	\N	1	 7		\N
1818	1818	uk	2018-11-02 11:34:33.571283	2018-11-02 11:34:33.571283	\N	\N	 		\N
1819	1819	uk	2018-11-02 11:34:33.589465	2018-11-02 11:34:33.589465	\N	\N	   		\N
1820	1820	uk	2018-11-02 11:34:33.610385	2018-11-02 11:34:33.610385	\N	\N			\N
1821	1821	uk	2018-11-02 11:34:33.627952	2018-11-02 11:34:33.627952	\N	\N		.	\N
1822	1822	uk	2018-11-02 11:34:33.649061	2018-11-02 11:34:33.649061	\N	\N		 	\N
1823	1823	uk	2018-11-02 11:34:33.672592	2018-11-02 11:34:33.672592	\N	\N	 94	.	\N
1824	1824	uk	2018-11-02 11:34:33.699743	2018-11-02 11:34:33.699743	\N	\N			\N
1825	1825	uk	2018-11-02 11:34:33.725275	2018-11-02 11:34:33.725275	\N	\N			\N
1826	1826	uk	2018-11-02 11:34:33.750196	2018-11-02 11:34:33.750196	\N		  	 	\N
1827	1827	uk	2018-11-02 11:34:33.772829	2018-11-02 11:34:33.772829	\N	\N	-2	 	\N
1828	1828	uk	2018-11-02 11:34:33.796852	2018-11-02 11:34:33.796852	\N	\N	 	.	\N
1829	1829	uk	2018-11-02 11:34:33.825701	2018-11-02 11:34:33.825701	\N	\N		.	\N
1830	1830	uk	2018-11-02 11:34:33.85128	2018-11-02 11:34:33.85128	\N	\N		 	\N
1831	1831	uk	2018-11-02 11:34:33.878459	2018-11-02 11:34:33.878459	\N	\N	 -50	600-	\N
1832	1832	uk	2018-11-02 11:34:33.902116	2018-11-02 11:34:33.902116	\N	 7/2	 7/2		\N
1833	1833	uk	2018-11-02 11:34:33.925545	2018-11-02 11:34:33.925545	\N	\N	 8/1		\N
1834	1834	uk	2018-11-02 11:34:33.948413	2018-11-02 11:34:33.948413	\N	\N	 7/3 (3 )		\N
1835	1835	uk	2018-11-02 11:34:33.966886	2018-11-02 11:34:33.966886	\N	\N		 	\N
1836	1836	uk	2018-11-02 11:34:33.98541	2018-11-02 11:34:33.98541	\N	\N		.	\N
1837	1837	uk	2018-11-02 11:34:34.010749	2018-11-02 11:34:34.010749	\N	\N		.	\N
1838	1838	uk	2018-11-02 11:34:34.030049	2018-11-02 11:34:34.030049	\N	\N			\N
1839	1839	uk	2018-11-02 11:34:34.04853	2018-11-02 11:34:34.04853	\N	\N	 	 	\N
1840	1840	uk	2018-11-02 11:34:34.066803	2018-11-02 11:34:34.066803	\N	\N	 	 	\N
1841	1841	uk	2018-11-02 11:34:34.087521	2018-11-02 11:34:34.087521	\N	\N	 		\N
1842	1842	uk	2018-11-02 11:34:34.107198	2018-11-02 11:34:34.107198	\N				\N
1843	1843	uk	2018-11-02 11:34:34.13365	2018-11-02 11:34:34.13365	\N	\N		 	\N
1844	1844	uk	2018-11-02 11:34:34.153627	2018-11-02 11:34:34.153627	\N		 "  "		\N
1845	1845	uk	2018-11-02 11:34:34.172613	2018-11-02 11:34:34.172613	\N	\N	 		\N
1846	1846	uk	2018-11-02 11:34:34.19338	2018-11-02 11:34:34.19338	\N	\N	 		\N
1847	1847	uk	2018-11-02 11:34:34.217854	2018-11-02 11:34:34.217854	\N	\N	 		\N
1848	1848	uk	2018-11-02 11:34:34.242172	2018-11-02 11:34:34.242172	\N	\N	 		\N
1849	1849	uk	2018-11-02 11:34:34.263745	2018-11-02 11:34:34.263745	\N	\N	 		\N
1850	1850	uk	2018-11-02 11:34:34.292651	2018-11-02 11:34:34.292651	\N	\N	 		\N
1851	1851	uk	2018-11-02 11:34:34.315809	2018-11-02 11:34:34.315809	\N	\N	 		\N
1852	1852	uk	2018-11-02 11:34:34.349989	2018-11-02 11:34:34.349989	\N	\N	 		\N
1853	1853	uk	2018-11-02 11:34:34.382709	2018-11-02 11:34:34.382709	\N	\N	 		\N
1854	1854	uk	2018-11-02 11:34:34.402967	2018-11-02 11:34:34.402967	\N	\N	 		\N
1855	1855	uk	2018-11-02 11:34:34.42653	2018-11-02 11:34:34.42653	\N	\N	 		\N
1856	1856	uk	2018-11-02 11:34:34.451057	2018-11-02 11:34:34.451057	\N	\N	 		\N
1857	1857	uk	2018-11-02 11:34:34.475233	2018-11-02 11:34:34.475233	\N	\N	 		\N
1858	1858	uk	2018-11-02 11:34:34.500129	2018-11-02 11:34:34.500129	\N	\N	 		\N
1859	1859	uk	2018-11-02 11:34:34.525717	2018-11-02 11:34:34.525717	\N	\N	 		\N
1860	1860	uk	2018-11-02 11:34:34.549699	2018-11-02 11:34:34.549699	\N	\N	 		\N
1861	1861	uk	2018-11-02 11:34:34.577284	2018-11-02 11:34:34.577284	\N	\N	 		\N
1862	1862	uk	2018-11-02 11:34:34.597398	2018-11-02 11:34:34.597398	\N	\N	 		\N
1863	1863	uk	2018-11-02 11:34:34.625327	2018-11-02 11:34:34.625327	\N	\N	 		\N
1864	1864	uk	2018-11-02 11:34:34.646134	2018-11-02 11:34:34.646134	\N	\N	 		\N
1865	1865	uk	2018-11-02 11:34:34.69308	2018-11-02 11:34:34.69308	\N	\N	 		\N
1866	1866	uk	2018-11-02 11:34:34.720189	2018-11-02 11:34:34.720189	\N	\N	 		\N
1867	1867	uk	2018-11-02 11:34:34.746693	2018-11-02 11:34:34.746693	\N	\N	 		\N
1868	1868	uk	2018-11-02 11:34:34.771235	2018-11-02 11:34:34.771235	\N	\N	 		\N
1869	1869	uk	2018-11-02 11:34:34.796176	2018-11-02 11:34:34.796176	\N	\N	 		\N
1870	1870	uk	2018-11-02 11:34:34.830159	2018-11-02 11:34:34.830159	\N	\N	 		\N
1871	1871	uk	2018-11-02 11:34:34.853359	2018-11-02 11:34:34.853359	\N	\N	   		\N
1872	1872	uk	2018-11-02 11:34:34.875714	2018-11-02 11:34:34.875714	\N	\N	 		\N
1873	1873	uk	2018-11-02 11:34:34.894089	2018-11-02 11:34:34.894089	\N	\N	 		\N
1874	1874	uk	2018-11-02 11:34:34.912995	2018-11-02 11:34:34.912995	\N	\N	 	 	\N
1875	1875	uk	2018-11-02 11:34:34.932422	2018-11-02 11:34:34.932422	\N	\N	   		\N
1876	1876	uk	2018-11-02 11:34:34.950974	2018-11-02 11:34:34.950974	\N	\N	   		\N
1877	1877	uk	2018-11-02 11:34:34.969941	2018-11-02 11:34:34.969941	\N	\N	   	.	\N
1878	1878	uk	2018-11-02 11:34:34.990764	2018-11-02 11:34:34.990764	\N	\N	   	 -	\N
1879	1879	uk	2018-11-02 11:34:35.012037	2018-11-02 11:34:35.012037	\N				\N
1880	1880	uk	2018-11-02 11:34:35.033414	2018-11-02 11:34:35.033414	\N	\N	 		\N
1881	1881	uk	2018-11-02 11:34:35.055445	2018-11-02 11:34:35.055445	\N	\N	   		\N
1882	1882	uk	2018-11-02 11:34:35.07874	2018-11-02 11:34:35.07874	\N	\N			\N
1883	1883	uk	2018-11-02 11:34:35.103621	2018-11-02 11:34:35.103621	\N	\N	-15	 	\N
1884	1884	uk	2018-11-02 11:34:35.125793	2018-11-02 11:34:35.125793	\N				\N
1885	1885	uk	2018-11-02 11:34:35.146574	2018-11-02 11:34:35.146574	\N	\N	-4	 	\N
1886	1886	uk	2018-11-02 11:34:35.165692	2018-11-02 11:34:35.165692	\N	\N	--50		\N
1887	1887	uk	2018-11-02 11:34:35.184423	2018-11-02 11:34:35.184423	\N	\N	 	 	\N
1888	1888	uk	2018-11-02 11:34:35.20275	2018-11-02 11:34:35.20275	\N	\N			\N
1889	1889	uk	2018-11-02 11:34:35.22171	2018-11-02 11:34:35.22171	\N	\N	 		\N
1890	1890	uk	2018-11-02 11:34:35.239759	2018-11-02 11:34:35.239759	\N	\N	 		\N
1891	1891	uk	2018-11-02 11:34:35.258283	2018-11-02 11:34:35.258283	\N	\N	 		\N
1892	1892	uk	2018-11-02 11:34:35.276486	2018-11-02 11:34:35.276486	\N	\N	-100	 	\N
1893	1893	uk	2018-11-02 11:34:35.296555	2018-11-02 11:34:35.296555	\N	\N	 	 	\N
1894	1894	uk	2018-11-02 11:34:35.316595	2018-11-02 11:34:35.316595	\N	-729	  -729 -31-400	.	\N
1895	1895	uk	2018-11-02 11:34:35.33648	2018-11-02 11:34:35.33648	\N	\N	-335	 	\N
1896	1896	uk	2018-11-02 11:34:35.356231	2018-11-02 11:34:35.356231	\N	 	 	 	\N
1897	1897	uk	2018-11-02 11:34:35.377117	2018-11-02 11:34:35.377117	\N	  	 	 	\N
1898	1898	uk	2018-11-02 11:34:35.398177	2018-11-02 11:34:35.398177	\N	\N			\N
1899	1899	uk	2018-11-02 11:34:35.419941	2018-11-02 11:34:35.419941	\N	\N	 		\N
1900	1900	uk	2018-11-02 11:34:35.440193	2018-11-02 11:34:35.440193	\N	\N	 	 	\N
1901	1901	uk	2018-11-02 11:34:35.460327	2018-11-02 11:34:35.460327	\N	\N	 	 	\N
1902	1902	uk	2018-11-02 11:34:35.479728	2018-11-02 11:34:35.479728	\N	\N	 	 	\N
1903	1903	uk	2018-11-02 11:34:35.500212	2018-11-02 11:34:35.500212	\N	\N	 		\N
1904	1904	uk	2018-11-02 11:34:35.52065	2018-11-02 11:34:35.52065	\N	\N	 		\N
1905	1905	uk	2018-11-02 11:34:35.540755	2018-11-02 11:34:35.540755	\N	\N	 		\N
1906	1906	uk	2018-11-02 11:34:35.560698	2018-11-02 11:34:35.560698	\N	\N	 		\N
1907	1907	uk	2018-11-02 11:34:35.580594	2018-11-02 11:34:35.580594	\N	\N	 		\N
1908	1908	uk	2018-11-02 11:34:35.600368	2018-11-02 11:34:35.600368	\N	\N		.	\N
1909	1909	uk	2018-11-02 11:34:35.620499	2018-11-02 11:34:35.620499	\N	\N			\N
1910	1910	uk	2018-11-02 11:34:35.639668	2018-11-02 11:34:35.639668	\N	\N			\N
1911	1911	uk	2018-11-02 11:34:35.659191	2018-11-02 11:34:35.659191	\N	\N			\N
1912	1912	uk	2018-11-02 11:34:35.678305	2018-11-02 11:34:35.678305	\N	\N			\N
1913	1913	uk	2018-11-02 11:34:35.698328	2018-11-02 11:34:35.698328	\N	\N			\N
1914	1914	uk	2018-11-02 11:34:35.718907	2018-11-02 11:34:35.718907	\N	\N			\N
1915	1915	uk	2018-11-02 11:34:35.739343	2018-11-02 11:34:35.739343	\N	\N			\N
1916	1916	uk	2018-11-02 11:34:35.757114	2018-11-02 11:34:35.757114	\N	\N		 	\N
1917	1917	uk	2018-11-02 11:34:35.774997	2018-11-02 11:34:35.774997	\N	 + 	  ()	 	\N
1918	1918	uk	2018-11-02 11:34:35.793529	2018-11-02 11:34:35.793529	\N	\N			\N
1919	1919	uk	2018-11-02 11:34:35.811105	2018-11-02 11:34:35.811105	\N	\N			\N
1920	1920	uk	2018-11-02 11:34:35.82999	2018-11-02 11:34:35.82999	\N	\N		 	\N
1921	1921	uk	2018-11-02 11:34:35.848683	2018-11-02 11:34:35.848683	\N	\N	 + 	 	\N
1922	1922	uk	2018-11-02 11:34:35.871957	2018-11-02 11:34:35.871957	\N	\N			\N
1923	1923	uk	2018-11-02 11:34:35.890877	2018-11-02 11:34:35.890877	\N	\N			\N
1924	1924	uk	2018-11-02 11:34:35.908768	2018-11-02 11:34:35.908768	\N	\N	 + 		\N
1925	1925	uk	2018-11-02 11:34:35.926395	2018-11-02 11:34:35.926395	\N	\N			\N
1926	1926	uk	2018-11-02 11:34:35.952874	2018-11-02 11:34:35.952874	\N	\N			\N
1927	1927	uk	2018-11-02 11:34:35.971391	2018-11-02 11:34:35.971391	\N	\N			\N
1928	1928	uk	2018-11-02 11:34:35.993172	2018-11-02 11:34:35.993172	\N	\N			\N
1929	1929	uk	2018-11-02 11:34:36.012328	2018-11-02 11:34:36.012328	\N	\N			\N
1930	1930	uk	2018-11-02 11:34:36.033557	2018-11-02 11:34:36.033557	\N	\N			\N
1931	1931	uk	2018-11-02 11:34:36.051963	2018-11-02 11:34:36.051963	\N	\N			\N
1932	1932	uk	2018-11-02 11:34:36.073341	2018-11-02 11:34:36.073341	\N	\N			\N
1933	1933	uk	2018-11-02 11:34:36.092229	2018-11-02 11:34:36.092229	\N	\N			\N
1934	1934	uk	2018-11-02 11:34:36.111362	2018-11-02 11:34:36.111362	\N	\N	-2		\N
1935	1935	uk	2018-11-02 11:34:36.131467	2018-11-02 11:34:36.131467	\N	\N		.	\N
1936	1936	uk	2018-11-02 11:34:36.149518	2018-11-02 11:34:36.149518	\N	\N		 	\N
1937	1937	uk	2018-11-02 11:34:36.16745	2018-11-02 11:34:36.16745	\N	\N			\N
1938	1938	uk	2018-11-02 11:34:36.185248	2018-11-02 11:34:36.185248	\N	\N		 -	\N
1939	1939	uk	2018-11-02 11:34:36.204249	2018-11-02 11:34:36.204249	\N	\N		1- 	\N
1940	1940	uk	2018-11-02 11:34:36.222271	2018-11-02 11:34:36.222271	\N	\N		 	\N
1941	1941	uk	2018-11-02 11:34:36.239863	2018-11-02 11:34:36.239863	\N	\N		 	\N
1942	1942	uk	2018-11-02 11:34:36.260011	2018-11-02 11:34:36.260011	\N	\N	 + 	 	\N
1943	1943	uk	2018-11-02 11:34:36.277446	2018-11-02 11:34:36.277446	\N	\N		 	\N
1944	1944	uk	2018-11-02 11:34:36.304075	2018-11-02 11:34:36.304075	\N	\N		 	\N
1945	1945	uk	2018-11-02 11:34:36.322211	2018-11-02 11:34:36.322211	\N	\N	-1	 -	\N
1946	1946	uk	2018-11-02 11:34:36.348767	2018-11-02 11:34:36.348767	\N	\N		 	\N
1947	1947	uk	2018-11-02 11:34:36.367902	2018-11-02 11:34:36.367902	\N	\N		 	\N
1948	1948	uk	2018-11-02 11:34:36.389128	2018-11-02 11:34:36.389128	\N	\N			\N
1949	1949	uk	2018-11-02 11:34:36.415106	2018-11-02 11:34:36.415106	\N	\N		 	\N
1950	1950	uk	2018-11-02 11:34:36.433446	2018-11-02 11:34:36.433446	\N	\N		.	\N
1951	1951	uk	2018-11-02 11:34:36.458539	2018-11-02 11:34:36.458539	\N	\N	-2		\N
1952	1952	uk	2018-11-02 11:34:36.476496	2018-11-02 11:34:36.476496	\N	\N	 6/1		\N
1953	1953	uk	2018-11-02 11:34:36.500502	2018-11-02 11:34:36.500502	\N	\N		600-	\N
1954	1954	uk	2018-11-02 11:34:36.520175	2018-11-02 11:34:36.520175	\N	\N	 2/1	 	\N
1955	1955	uk	2018-11-02 11:34:36.538964	2018-11-02 11:34:36.538964	\N	\N	 10/4		\N
1956	1956	uk	2018-11-02 11:34:36.556509	2018-11-02 11:34:36.556509	\N	 	 		\N
1957	1957	uk	2018-11-02 11:34:36.574938	2018-11-02 11:34:36.574938	\N	\N	 4/2		\N
1958	1958	uk	2018-11-02 11:34:36.596572	2018-11-02 11:34:36.596572	\N	\N			\N
1959	1959	uk	2018-11-02 11:34:36.614994	2018-11-02 11:34:36.614994	\N	\N		 	\N
1960	1960	uk	2018-11-02 11:34:36.63256	2018-11-02 11:34:36.63256	\N	\N			\N
1961	1961	uk	2018-11-02 11:34:36.65008	2018-11-02 11:34:36.65008	\N	\N	 3/1		\N
1962	1962	uk	2018-11-02 11:34:36.667986	2018-11-02 11:34:36.667986	\N	\N			\N
1963	1963	uk	2018-11-02 11:34:36.685564	2018-11-02 11:34:36.685564	\N	\N	 9/4		\N
1964	1964	uk	2018-11-02 11:34:36.705871	2018-11-02 11:34:36.705871	\N	\N	 9/2	-	\N
1965	1965	uk	2018-11-02 11:34:36.723736	2018-11-02 11:34:36.723736	\N	\N	  	.	\N
1966	1966	uk	2018-11-02 11:34:36.741714	2018-11-02 11:34:36.741714	\N				\N
1967	1967	uk	2018-11-02 11:34:36.759599	2018-11-02 11:34:36.759599	\N				\N
1968	1968	uk	2018-11-02 11:34:36.7777	2018-11-02 11:34:36.7777	\N	\N			\N
1969	1969	uk	2018-11-02 11:34:36.79549	2018-11-02 11:34:36.79549	\N	\N			\N
1970	1970	uk	2018-11-02 11:34:36.813496	2018-11-02 11:34:36.813496	\N	\N		 	\N
1971	1971	uk	2018-11-02 11:34:36.831543	2018-11-02 11:34:36.831543	\N	\N	 9/7		\N
1972	1972	uk	2018-11-02 11:34:36.851096	2018-11-02 11:34:36.851096	\N	\N	 7/1		\N
1973	1973	uk	2018-11-02 11:34:36.870212	2018-11-02 11:34:36.870212	\N	\N	-250		\N
1974	1974	uk	2018-11-02 11:34:36.887901	2018-11-02 11:34:36.887901	\N	\N	-293		\N
1975	1975	uk	2018-11-02 11:34:36.905463	2018-11-02 11:34:36.905463	\N	\N	-129	 	\N
1976	1976	uk	2018-11-02 11:34:36.923029	2018-11-02 11:34:36.923029	\N	\N	-768		\N
1977	1977	uk	2018-11-02 11:34:36.941766	2018-11-02 11:34:36.941766	\N				\N
1978	1978	uk	2018-11-02 11:34:36.959706	2018-11-02 11:34:36.959706	\N	\N	-53		\N
1979	1979	uk	2018-11-02 11:34:36.978147	2018-11-02 11:34:36.978147	\N		 		\N
1980	1980	uk	2018-11-02 11:34:36.999906	2018-11-02 11:34:36.999906	\N		 		\N
1981	1981	uk	2018-11-02 11:34:37.01615	2018-11-02 11:34:37.01615	\N		\N	 	\N
1982	1982	uk	2018-11-02 11:34:37.031941	2018-11-02 11:34:37.031941	\N		\N	 	\N
1983	1983	uk	2018-11-02 11:34:37.050012	2018-11-02 11:34:37.050012	\N		\N		\N
1985	1985	uk	2018-11-02 11:34:37.093659	2018-11-02 11:34:37.093659	\N		\N	 	\N
1986	1986	uk	2018-11-02 11:34:37.111643	2018-11-02 11:34:37.111643	\N		\N		\N
1987	1987	uk	2018-11-02 11:34:37.129834	2018-11-02 11:34:37.129834	\N		\N	 	\N
1988	1988	uk	2018-11-02 11:34:37.149164	2018-11-02 11:34:37.149164	\N	 +	 +		\N
1989	1989	uk	2018-11-02 11:34:37.167038	2018-11-02 11:34:37.167038	\N		\N	 	\N
1990	1990	uk	2018-11-02 11:34:37.18407	2018-11-02 11:34:37.18407	\N		\N	 	\N
1991	1991	uk	2018-11-02 11:34:37.20131	2018-11-02 11:34:37.20131	\N		\N	 	\N
1992	1992	uk	2018-11-02 11:34:37.220703	2018-11-02 11:34:37.220703	\N		\N		\N
1993	1993	uk	2018-11-02 11:34:37.238554	2018-11-02 11:34:37.238554	\N		\N		\N
1994	1994	uk	2018-11-02 11:34:37.256118	2018-11-02 11:34:37.256118	\N		\N		\N
1995	1995	uk	2018-11-02 11:34:37.282211	2018-11-02 11:34:37.282211	\N		\N		\N
1996	1996	uk	2018-11-02 11:34:37.308886	2018-11-02 11:34:37.308886	\N		\N	 	\N
1997	1997	uk	2018-11-02 11:34:37.329258	2018-11-02 11:34:37.329258	\N	\N	 +		\N
1998	1998	uk	2018-11-02 11:34:37.346814	2018-11-02 11:34:37.346814	\N		\N		\N
1999	1999	uk	2018-11-02 11:34:37.364321	2018-11-02 11:34:37.364321	\N	\N			\N
2000	2000	uk	2018-11-02 11:34:37.382509	2018-11-02 11:34:37.382509	\N	\N	 +	 	\N
2001	2001	uk	2018-11-02 11:34:37.400901	2018-11-02 11:34:37.400901	\N		\N	 	\N
2002	2002	uk	2018-11-02 11:34:37.41864	2018-11-02 11:34:37.41864	\N	\N	+		\N
2003	2003	uk	2018-11-02 11:34:37.436155	2018-11-02 11:34:37.436155	\N	\N	 +		\N
2004	2004	uk	2018-11-02 11:34:37.454412	2018-11-02 11:34:37.454412	\N		\N		\N
2005	2005	uk	2018-11-02 11:34:37.472084	2018-11-02 11:34:37.472084	\N		\N		\N
2006	2006	uk	2018-11-02 11:34:37.489344	2018-11-02 11:34:37.489344	\N		\N	 	\N
2007	2007	uk	2018-11-02 11:34:37.507265	2018-11-02 11:34:37.507265	\N	\N	 +		\N
2008	2008	uk	2018-11-02 11:34:37.52553	2018-11-02 11:34:37.52553	\N		\N	 -	\N
2009	2009	uk	2018-11-02 11:34:37.543242	2018-11-02 11:34:37.543242	\N		\N	.	\N
2010	2010	uk	2018-11-02 11:34:37.561242	2018-11-02 11:34:37.561242	\N		\N		\N
2011	2011	uk	2018-11-02 11:34:37.57992	2018-11-02 11:34:37.57992	\N		\N		\N
2012	2012	uk	2018-11-02 11:34:37.600726	2018-11-02 11:34:37.600726	\N		\N		\N
2013	2013	uk	2018-11-02 11:34:37.619525	2018-11-02 11:34:37.619525	\N		\N		\N
2014	2014	uk	2018-11-02 11:34:37.63679	2018-11-02 11:34:37.63679	\N		\N		\N
2015	2015	uk	2018-11-02 11:34:37.654265	2018-11-02 11:34:37.654265	\N		\N	 	\N
2016	2016	uk	2018-11-02 11:34:37.672424	2018-11-02 11:34:37.672424	\N		\N		\N
2017	2017	uk	2018-11-02 11:34:37.690448	2018-11-02 11:34:37.690448	\N		\N	 	\N
2018	2018	uk	2018-11-02 11:34:37.713999	2018-11-02 11:34:37.713999	\N		\N	 	\N
2019	2019	uk	2018-11-02 11:34:37.737948	2018-11-02 11:34:37.737948	\N		\N	 	\N
2020	2020	uk	2018-11-02 11:34:37.764698	2018-11-02 11:34:37.764698	\N		\N		\N
2021	2021	uk	2018-11-02 11:34:37.788867	2018-11-02 11:34:37.788867	\N		\N		\N
2022	2022	uk	2018-11-02 11:34:37.81003	2018-11-02 11:34:37.81003	\N		\N		\N
2023	2023	uk	2018-11-02 11:34:37.82983	2018-11-02 11:34:37.82983	\N		\N		\N
2024	2024	uk	2018-11-02 11:34:37.850049	2018-11-02 11:34:37.850049	\N		\N	 	\N
2025	2025	uk	2018-11-02 11:34:37.87005	2018-11-02 11:34:37.87005	\N		\N		\N
2026	2026	uk	2018-11-02 11:34:37.904977	2018-11-02 11:34:37.904977	\N		\N		\N
2027	2027	uk	2018-11-02 11:34:37.922737	2018-11-02 11:34:37.922737	\N	1	  	.	\N
2028	2028	uk	2018-11-02 11:34:37.943085	2018-11-02 11:34:37.943085	\N		\N		\N
2029	2029	uk	2018-11-02 11:34:37.970579	2018-11-02 11:34:37.970579	\N		\N		\N
2030	2030	uk	2018-11-02 11:34:37.989933	2018-11-02 11:34:37.989933	\N		\N		\N
2031	2031	uk	2018-11-02 11:34:38.008895	2018-11-02 11:34:38.008895	\N		\N		\N
2032	2032	uk	2018-11-02 11:34:38.028664	2018-11-02 11:34:38.028664	\N	\N			\N
2033	2033	uk	2018-11-02 11:34:38.04736	2018-11-02 11:34:38.04736	\N			.	\N
2034	2034	uk	2018-11-02 11:34:38.065458	2018-11-02 11:34:38.065458	\N				\N
2035	2035	uk	2018-11-02 11:34:38.084229	2018-11-02 11:34:38.084229	\N	\N	 +		\N
2036	2036	uk	2018-11-02 11:34:38.103359	2018-11-02 11:34:38.103359	\N		\N	 	\N
2037	2037	uk	2018-11-02 11:34:38.123259	2018-11-02 11:34:38.123259	\N		\N	600-	\N
2038	2038	uk	2018-11-02 11:34:38.141404	2018-11-02 11:34:38.141404	\N		\N		\N
2039	2039	uk	2018-11-02 11:34:38.159432	2018-11-02 11:34:38.159432	\N		 		\N
2040	2040	uk	2018-11-02 11:34:38.177426	2018-11-02 11:34:38.177426	\N		\N		\N
2041	2041	uk	2018-11-02 11:34:38.19585	2018-11-02 11:34:38.19585	\N		\N		\N
2042	2042	uk	2018-11-02 11:34:38.214222	2018-11-02 11:34:38.214222	\N	\N	 	 	\N
2043	2043	uk	2018-11-02 11:34:38.234384	2018-11-02 11:34:38.234384	\N		 	 	\N
2044	2044	uk	2018-11-02 11:34:38.257327	2018-11-02 11:34:38.257327	\N		\N	 	\N
2045	2045	uk	2018-11-02 11:34:38.276189	2018-11-02 11:34:38.276189	\N	\N	 		\N
2046	2046	uk	2018-11-02 11:34:38.295284	2018-11-02 11:34:38.295284	\N	\N	 		\N
2047	2047	uk	2018-11-02 11:34:38.315374	2018-11-02 11:34:38.315374	\N	\N	 	 	\N
2048	2048	uk	2018-11-02 11:34:38.334823	2018-11-02 11:34:38.334823	\N	\N	 	 	\N
2049	2049	uk	2018-11-02 11:34:38.35488	2018-11-02 11:34:38.35488	\N	\N	 	 	\N
2050	2050	uk	2018-11-02 11:34:38.374654	2018-11-02 11:34:38.374654	\N	\N	 		\N
2051	2051	uk	2018-11-02 11:34:38.395442	2018-11-02 11:34:38.395442	\N	9	 		\N
2052	2052	uk	2018-11-02 11:34:38.424033	2018-11-02 11:34:38.424033	\N	\N	 		\N
2053	2053	uk	2018-11-02 11:34:38.450409	2018-11-02 11:34:38.450409	\N	\N		 	\N
2054	2054	uk	2018-11-02 11:34:38.474592	2018-11-02 11:34:38.474592	\N	\N	 	 	\N
2055	2055	uk	2018-11-02 11:34:38.49942	2018-11-02 11:34:38.49942	\N	\N	 	 	\N
2056	2056	uk	2018-11-02 11:34:38.524844	2018-11-02 11:34:38.524844	\N	\N	 		\N
2057	2057	uk	2018-11-02 11:34:38.55171	2018-11-02 11:34:38.55171	\N		 		\N
2058	2058	uk	2018-11-02 11:34:38.57884	2018-11-02 11:34:38.57884	\N		\N	 	\N
2059	2059	uk	2018-11-02 11:34:38.619215	2018-11-02 11:34:38.619215	\N	\N	 	.	\N
2060	2060	uk	2018-11-02 11:34:38.637714	2018-11-02 11:34:38.637714	\N	\N	 	 	\N
2061	2061	uk	2018-11-02 11:34:38.655909	2018-11-02 11:34:38.655909	\N	\N	 		\N
2062	2062	uk	2018-11-02 11:34:38.675379	2018-11-02 11:34:38.675379	\N	\N	 	 	\N
2063	2063	uk	2018-11-02 11:34:38.693054	2018-11-02 11:34:38.693054	\N	\N	 		\N
2064	2064	uk	2018-11-02 11:34:38.710995	2018-11-02 11:34:38.710995	\N	\N	 	.	\N
2065	2065	uk	2018-11-02 11:34:38.729394	2018-11-02 11:34:38.729394	\N	\N	 	 	\N
2066	2066	uk	2018-11-02 11:34:38.747201	2018-11-02 11:34:38.747201	\N	\N	 	 	\N
2067	2067	uk	2018-11-02 11:34:38.764973	2018-11-02 11:34:38.764973	\N	\N			\N
2068	2068	uk	2018-11-02 11:34:38.78272	2018-11-02 11:34:38.78272	\N	\N	 	.	\N
2069	2069	uk	2018-11-02 11:34:38.800889	2018-11-02 11:34:38.800889	\N	\N	 	 	\N
2070	2070	uk	2018-11-02 11:34:38.819473	2018-11-02 11:34:38.819473	\N	\N	 		\N
2071	2071	uk	2018-11-02 11:34:38.837655	2018-11-02 11:34:38.837655	\N		\N		\N
2072	2072	uk	2018-11-02 11:34:38.855313	2018-11-02 11:34:38.855313	\N	\N			\N
2073	2073	uk	2018-11-02 11:34:38.873201	2018-11-02 11:34:38.873201	\N	\N	 	-	\N
2074	2074	uk	2018-11-02 11:34:38.899035	2018-11-02 11:34:38.899035	  	1	 "   "		\N
2075	2075	uk	2018-11-02 11:34:38.920409	2018-11-02 11:34:38.920409	\N	 1	 "   "		\N
2076	2076	uk	2018-11-02 11:34:38.941774	2018-11-02 11:34:38.941774	\N	 +	        		\N
2077	2077	uk	2018-11-02 11:34:38.96598	2018-11-02 11:34:38.96598	\N	\N		 	\N
2078	2078	uk	2018-11-02 11:34:38.987094	2018-11-02 11:34:38.987094	\N	 	     1	 	\N
2079	2079	uk	2018-11-02 11:34:39.005838	2018-11-02 11:34:39.005838	\N	\N	 ""	 	\N
2080	2080	uk	2018-11-02 11:34:39.025272	2018-11-02 11:34:39.025272	\N	 . 	 . 		\N
2081	2081	uk	2018-11-02 11:34:39.050456	2018-11-02 11:34:39.050456	\N	\N	  		\N
2082	2082	uk	2018-11-02 11:34:39.071107	2018-11-02 11:34:39.071107	\N	\N	 		\N
2083	2083	uk	2018-11-02 11:34:39.0889	2018-11-02 11:34:39.0889	\N	\N	 		\N
2084	2084	uk	2018-11-02 11:34:39.106803	2018-11-02 11:34:39.106803	\N	\N			\N
2085	2085	uk	2018-11-02 11:34:39.124935	2018-11-02 11:34:39.124935	\N	\N			\N
2086	2086	uk	2018-11-02 11:34:39.143118	2018-11-02 11:34:39.143118	\N	\N	 		\N
2087	2087	uk	2018-11-02 11:34:39.161174	2018-11-02 11:34:39.161174	\N	\N		.	\N
2088	2088	uk	2018-11-02 11:34:39.17998	2018-11-02 11:34:39.17998	\N	\N		 	\N
2089	2089	uk	2018-11-02 11:34:39.198749	2018-11-02 11:34:39.198749	\N	\N			\N
2090	2090	uk	2018-11-02 11:34:39.217009	2018-11-02 11:34:39.217009	\N	\N			\N
2091	2091	uk	2018-11-02 11:34:39.237666	2018-11-02 11:34:39.237666	\N	\N			\N
2092	2092	uk	2018-11-02 11:34:39.255547	2018-11-02 11:34:39.255547	\N	\N			\N
2093	2093	uk	2018-11-02 11:34:39.273641	2018-11-02 11:34:39.273641	\N	\N			\N
2094	2094	uk	2018-11-02 11:34:39.293042	2018-11-02 11:34:39.293042	\N	\N		-	\N
2095	2095	uk	2018-11-02 11:34:39.311208	2018-11-02 11:34:39.311208	\N	\N	 	 	\N
2096	2096	uk	2018-11-02 11:34:39.329693	2018-11-02 11:34:39.329693	\N	\N		 -	\N
2097	2097	uk	2018-11-02 11:34:39.347903	2018-11-02 11:34:39.347903	\N	\N		 	\N
2098	2098	uk	2018-11-02 11:34:39.375987	2018-11-02 11:34:39.375987	\N	\N			\N
2099	2099	uk	2018-11-02 11:34:39.398941	2018-11-02 11:34:39.398941	\N	\N		 	\N
2100	2100	uk	2018-11-02 11:34:39.417647	2018-11-02 11:34:39.417647	\N	\N		 	\N
2101	2101	uk	2018-11-02 11:34:39.435598	2018-11-02 11:34:39.435598	\N	\N			\N
2102	2102	uk	2018-11-02 11:34:39.45498	2018-11-02 11:34:39.45498	\N	\N			\N
2103	2103	uk	2018-11-02 11:34:39.474095	2018-11-02 11:34:39.474095	\N	\N	   	 	\N
2104	2104	uk	2018-11-02 11:34:39.497942	2018-11-02 11:34:39.497942	\N	\N		 	\N
2105	2105	uk	2018-11-02 11:34:39.517528	2018-11-02 11:34:39.517528	\N	\N			\N
2106	2106	uk	2018-11-02 11:34:39.536139	2018-11-02 11:34:39.536139	\N	\N			\N
2107	2107	uk	2018-11-02 11:34:39.56239	2018-11-02 11:34:39.56239	\N	\N	   		\N
2108	2108	uk	2018-11-02 11:34:39.585497	2018-11-02 11:34:39.585497	\N	\N			\N
2109	2109	uk	2018-11-02 11:34:39.603912	2018-11-02 11:34:39.603912	\N	\N	 		\N
2110	2110	uk	2018-11-02 11:34:39.622857	2018-11-02 11:34:39.622857	\N	\N	   		\N
2111	2111	uk	2018-11-02 11:34:39.640501	2018-11-02 11:34:39.640501	\N	\N			\N
2112	2112	uk	2018-11-02 11:34:39.658127	2018-11-02 11:34:39.658127	\N	\N	 		\N
2113	2113	uk	2018-11-02 11:34:39.675401	2018-11-02 11:34:39.675401	\N	\N			\N
2114	2114	uk	2018-11-02 11:34:39.692747	2018-11-02 11:34:39.692747	\N	 			\N
2115	2115	uk	2018-11-02 11:34:39.721953	2018-11-02 11:34:39.721953	\N		\N		\N
2116	2116	uk	2018-11-02 11:34:39.739934	2018-11-02 11:34:39.739934	\N		  - 		\N
2117	2117	uk	2018-11-02 11:34:39.766252	2018-11-02 11:34:39.766252	\N	\N		 	\N
2118	2118	uk	2018-11-02 11:34:39.785352	2018-11-02 11:34:39.785352	\N	\N	 25	 	\N
2119	2119	uk	2018-11-02 11:34:39.815917	2018-11-02 11:34:39.815917	\N	\N	 		\N
2120	2120	uk	2018-11-02 11:34:39.837014	2018-11-02 11:34:39.837014	\N	\N	\N		\N
2121	2121	uk	2018-11-02 11:34:39.856002	2018-11-02 11:34:39.856002	\N	\N	 	 	\N
2122	2122	uk	2018-11-02 11:34:39.874272	2018-11-02 11:34:39.874272	\N		\N	 	\N
2123	2123	uk	2018-11-02 11:34:39.897829	2018-11-02 11:34:39.897829	\N		\N		\N
2124	2124	uk	2018-11-02 11:34:39.923319	2018-11-02 11:34:39.923319	\N		\N		\N
2125	2125	uk	2018-11-02 11:34:39.947289	2018-11-02 11:34:39.947289	\N		 	 	\N
2126	2126	uk	2018-11-02 11:34:39.972626	2018-11-02 11:34:39.972626	\N	 	  ""	 	\N
2127	2127	uk	2018-11-02 11:34:40.002526	2018-11-02 11:34:40.002526	\N	1	  "  -  1"	 	\N
2128	2128	uk	2018-11-02 11:34:40.029218	2018-11-02 11:34:40.029218	\N		\N	 	\N
2129	2129	uk	2018-11-02 11:34:40.047753	2018-11-02 11:34:40.047753	\N	\N	\N		\N
2130	2130	uk	2018-11-02 11:34:40.068921	2018-11-02 11:34:40.068921	\N	\N	 		\N
2131	2131	uk	2018-11-02 11:34:40.089957	2018-11-02 11:34:40.089957	\N		\N		\N
2132	2132	uk	2018-11-02 11:34:40.117737	2018-11-02 11:34:40.117737	\N		\N		\N
2133	2133	uk	2018-11-02 11:34:40.152135	2018-11-02 11:34:40.152135	\N		\N	.	\N
2134	2134	uk	2018-11-02 11:34:40.174624	2018-11-02 11:34:40.174624	\N	 	\N		\N
2135	2135	uk	2018-11-02 11:34:40.197107	2018-11-02 11:34:40.197107	\N		  3   		\N
2136	2136	uk	2018-11-02 11:34:40.226321	2018-11-02 11:34:40.226321	\N		\N		\N
2137	2137	uk	2018-11-02 11:34:40.246656	2018-11-02 11:34:40.246656	\N		\N		\N
2138	2138	uk	2018-11-02 11:34:40.266653	2018-11-02 11:34:40.266653	\N	\N	  ""		\N
2139	2139	uk	2018-11-02 11:34:40.291527	2018-11-02 11:34:40.291527	\N		\N		\N
2140	2140	uk	2018-11-02 11:34:40.313698	2018-11-02 11:34:40.313698	\N		\N	600-	\N
2141	2141	uk	2018-11-02 11:34:40.337026	2018-11-02 11:34:40.337026	\N	\N	 	600-	\N
2142	2142	uk	2018-11-02 11:34:40.358532	2018-11-02 11:34:40.358532	\N		\N	 	\N
2143	2143	uk	2018-11-02 11:34:40.390282	2018-11-02 11:34:40.390282	\N		\N		\N
2144	2144	uk	2018-11-02 11:34:40.423563	2018-11-02 11:34:40.423563	\N	    	 2	600-	\N
2145	2145	uk	2018-11-02 11:34:40.450968	2018-11-02 11:34:40.450968	\N		\N		\N
2146	2146	uk	2018-11-02 11:34:40.475567	2018-11-02 11:34:40.475567	\N		\N		\N
2147	2147	uk	2018-11-02 11:34:40.495726	2018-11-02 11:34:40.495726	\N	\N	 		\N
2148	2148	uk	2018-11-02 11:34:40.51424	2018-11-02 11:34:40.51424	\N		\N		\N
2149	2149	uk	2018-11-02 11:34:40.535107	2018-11-02 11:34:40.535107	\N	 3	\N	 	\N
2150	2150	uk	2018-11-02 11:34:40.555229	2018-11-02 11:34:40.555229	\N		\N		\N
2151	2151	uk	2018-11-02 11:34:40.577315	2018-11-02 11:34:40.577315	\N	 +	\N		\N
2152	2152	uk	2018-11-02 11:34:40.598409	2018-11-02 11:34:40.598409	\N		\N	 	\N
2153	2153	uk	2018-11-02 11:34:40.618117	2018-11-02 11:34:40.618117	\N		\N	 	\N
2154	2154	uk	2018-11-02 11:34:40.636052	2018-11-02 11:34:40.636052	\N		\N		\N
2155	2155	uk	2018-11-02 11:34:40.65504	2018-11-02 11:34:40.65504	\N		\N		\N
2156	2156	uk	2018-11-02 11:34:40.681963	2018-11-02 11:34:40.681963	\N		  		\N
2157	2157	uk	2018-11-02 11:34:40.708593	2018-11-02 11:34:40.708593	\N		\N		\N
2158	2158	uk	2018-11-02 11:34:40.727638	2018-11-02 11:34:40.727638	\N		\N		\N
2159	2159	uk	2018-11-02 11:34:40.753612	2018-11-02 11:34:40.753612	\N	\N	 -3		\N
2160	2160	uk	2018-11-02 11:34:40.773528	2018-11-02 11:34:40.773528	\N	\N	 -1		\N
2161	2161	uk	2018-11-02 11:34:40.793088	2018-11-02 11:34:40.793088	\N	\N			\N
2162	2162	uk	2018-11-02 11:34:40.811116	2018-11-02 11:34:40.811116	\N	\N			\N
2163	2163	uk	2018-11-02 11:34:40.829144	2018-11-02 11:34:40.829144	\N	\N			\N
2164	2164	uk	2018-11-02 11:34:40.848804	2018-11-02 11:34:40.848804	\N	\N			\N
2165	2165	uk	2018-11-02 11:34:40.867236	2018-11-02 11:34:40.867236	\N	\N			\N
2166	2166	uk	2018-11-02 11:34:40.885524	2018-11-02 11:34:40.885524	\N	\N		 	\N
2167	2167	uk	2018-11-02 11:34:40.904108	2018-11-02 11:34:40.904108	\N	\N		 	\N
2168	2168	uk	2018-11-02 11:34:40.927474	2018-11-02 11:34:40.927474	\N	\N	-729	.	\N
2169	2169	uk	2018-11-02 11:34:40.946623	2018-11-02 11:34:40.946623	\N	\N	-860		\N
2170	2170	uk	2018-11-02 11:34:40.976114	2018-11-02 11:34:40.976114	\N		 59 	-	\N
2171	2171	uk	2018-11-02 11:34:41.005143	2018-11-02 11:34:41.005143	\N	    	 " 30 "	600-	\N
2172	2172	uk	2018-11-02 11:34:41.025479	2018-11-02 11:34:41.025479	\N	1	 3	 	\N
2173	2173	uk	2018-11-02 11:34:41.049523	2018-11-02 11:34:41.049523	\N	\N	    -  		\N
2174	2174	uk	2018-11-02 11:34:41.085239	2018-11-02 11:34:41.085239	\N	\N	 		\N
2175	2175	uk	2018-11-02 11:34:41.107221	2018-11-02 11:34:41.107221	\N	\N	 25		\N
2176	2176	uk	2018-11-02 11:34:41.133646	2018-11-02 11:34:41.133646	\N	 22	 22	.	\N
2177	2177	uk	2018-11-02 11:34:41.162282	2018-11-02 11:34:41.162282	  	 	 " 15"		\N
2178	2178	uk	2018-11-02 11:34:41.191544	2018-11-02 11:34:41.191544	\N	 ( )	  "  -  13   "	 	\N
2179	2179	uk	2018-11-02 11:34:41.215972	2018-11-02 11:34:41.215972	  	2	 4		\N
2180	2180	uk	2018-11-02 11:34:41.244399	2018-11-02 11:34:41.244399	\N	\N	 	.	\N
2181	2181	uk	2018-11-02 11:34:41.277586	2018-11-02 11:34:41.277586	\N	 	\N		\N
2182	2182	uk	2018-11-02 11:34:41.314233	2018-11-02 11:34:41.314233	\N		\N		\N
2183	2183	uk	2018-11-02 11:34:41.334848	2018-11-02 11:34:41.334848	\N		\N	 	\N
2184	2184	uk	2018-11-02 11:34:41.357584	2018-11-02 11:34:41.357584	\N	  1	  1		\N
2185	2185	uk	2018-11-02 11:34:41.388078	2018-11-02 11:34:41.388078	\N		\N		\N
2186	2186	uk	2018-11-02 11:34:41.420294	2018-11-02 11:34:41.420294	\N	 1 +	        	 	\N
2187	2187	uk	2018-11-02 11:34:41.44221	2018-11-02 11:34:41.44221	\N		\N	 	\N
2188	2188	uk	2018-11-02 11:34:41.463286	2018-11-02 11:34:41.463286	\N	\N	 62		\N
2189	2189	uk	2018-11-02 11:34:41.484452	2018-11-02 11:34:41.484452	\N	\N	 ()		\N
2190	2190	uk	2018-11-02 11:34:41.518217	2018-11-02 11:34:41.518217	\N	""	""		\N
2191	2191	uk	2018-11-02 11:34:41.538418	2018-11-02 11:34:41.538418	\N	1			\N
2192	2192	uk	2018-11-02 11:34:41.560621	2018-11-02 11:34:41.560621	\N	\N	 +		\N
2193	2193	uk	2018-11-02 11:34:41.589334	2018-11-02 11:34:41.589334	\N	 	\N		\N
2194	2194	uk	2018-11-02 11:34:41.617959	2018-11-02 11:34:41.617959	\N	\N			\N
2195	2195	uk	2018-11-02 11:34:41.637406	2018-11-02 11:34:41.637406	\N	\N	\N		\N
2196	2196	uk	2018-11-02 11:34:41.657964	2018-11-02 11:34:41.657964	\N	\N	 +		\N
2197	2197	uk	2018-11-02 11:34:41.677952	2018-11-02 11:34:41.677952	\N	\N			\N
2198	2198	uk	2018-11-02 11:34:41.69708	2018-11-02 11:34:41.69708	\N	\N	121		\N
2199	2199	uk	2018-11-02 11:34:41.724942	2018-11-02 11:34:41.724942	\N	  	  "  -  33   "	 	\N
2200	2200	uk	2018-11-02 11:34:41.743239	2018-11-02 11:34:41.743239	\N	\N	 	 	\N
2201	2201	uk	2018-11-02 11:34:41.761155	2018-11-02 11:34:41.761155	\N	77		 	\N
2202	2202	uk	2018-11-02 11:34:41.788344	2018-11-02 11:34:41.788344	\N	  	  		\N
2203	2203	uk	2018-11-02 11:34:41.817892	2018-11-02 11:34:41.817892	\N	1	 9		\N
2204	2204	uk	2018-11-02 11:34:41.836284	2018-11-02 11:34:41.836284	\N		\N		\N
2205	2205	uk	2018-11-02 11:34:41.856035	2018-11-02 11:34:41.856035	\N		\N		\N
2206	2206	uk	2018-11-02 11:34:41.881048	2018-11-02 11:34:41.881048	\N		 "" 		\N
2207	2207	uk	2018-11-02 11:34:41.911632	2018-11-02 11:34:41.911632	\N	3	" 27"		\N
2208	2208	uk	2018-11-02 11:34:41.930704	2018-11-02 11:34:41.930704	\N	\N			\N
2209	2209	uk	2018-11-02 11:34:41.948774	2018-11-02 11:34:41.948774	\N	\N	\N		\N
2210	2210	uk	2018-11-02 11:34:41.967138	2018-11-02 11:34:41.967138	\N		      	.	\N
2211	2211	uk	2018-11-02 11:34:41.985822	2018-11-02 11:34:41.985822	\N	   			\N
2212	2212	uk	2018-11-02 11:34:42.00473	2018-11-02 11:34:42.00473	\N	\N		.	\N
2213	2213	uk	2018-11-02 11:34:42.025658	2018-11-02 11:34:42.025658	\N	1	\N	.	\N
2214	2214	uk	2018-11-02 11:34:42.044364	2018-11-02 11:34:42.044364	\N	\N	+	.	\N
2215	2215	uk	2018-11-02 11:34:42.063798	2018-11-02 11:34:42.063798	\N		\N	 	\N
2216	2216	uk	2018-11-02 11:34:42.082134	2018-11-02 11:34:42.082134	\N	\N	,  		\N
2217	2217	uk	2018-11-02 11:34:42.099985	2018-11-02 11:34:42.099985	\N	\N	        	 	\N
2218	2218	uk	2018-11-02 11:34:42.118573	2018-11-02 11:34:42.118573	\N	\N	 3	 	\N
2219	2219	uk	2018-11-02 11:34:42.142398	2018-11-02 11:34:42.142398	\N	\N	   		\N
2220	2220	uk	2018-11-02 11:34:42.164165	2018-11-02 11:34:42.164165	\N	 4+	 		\N
2221	2221	uk	2018-11-02 11:34:42.185454	2018-11-02 11:34:42.185454	\N	\N	   3		\N
2222	2222	uk	2018-11-02 11:34:42.204627	2018-11-02 11:34:42.204627	\N	\N		.	\N
2223	2223	uk	2018-11-02 11:34:42.232033	2018-11-02 11:34:42.232033	\N		\N	 	\N
2224	2224	uk	2018-11-02 11:34:42.25043	2018-11-02 11:34:42.25043	\N		\N	 	\N
2225	2225	uk	2018-11-02 11:34:42.276645	2018-11-02 11:34:42.276645	\N	\N	 "  "	 	\N
2226	2226	uk	2018-11-02 11:34:42.295465	2018-11-02 11:34:42.295465	\N		\N	 	\N
2227	2227	uk	2018-11-02 11:34:42.311357	2018-11-02 11:34:42.311357	\N	 	\N	 	\N
2228	2228	uk	2018-11-02 11:34:42.330241	2018-11-02 11:34:42.330241	\N	\N		 	\N
2229	2229	uk	2018-11-02 11:34:42.348344	2018-11-02 11:34:42.348344	\N	\N		 	\N
2230	2230	uk	2018-11-02 11:34:42.367825	2018-11-02 11:34:42.367825	\N		\N	.	\N
2231	2231	uk	2018-11-02 11:34:42.386558	2018-11-02 11:34:42.386558	\N		\N	.	\N
2232	2232	uk	2018-11-02 11:34:42.405103	2018-11-02 11:34:42.405103	\N		\N	.	\N
2233	2233	uk	2018-11-02 11:34:42.423819	2018-11-02 11:34:42.423819	\N		\N		\N
2234	2234	uk	2018-11-02 11:34:42.444139	2018-11-02 11:34:42.444139	\N	1	 28		\N
2235	2235	uk	2018-11-02 11:34:42.465835	2018-11-02 11:34:42.465835	\N		  		\N
2236	2236	uk	2018-11-02 11:34:42.484201	2018-11-02 11:34:42.484201	\N		\N		\N
2237	2237	uk	2018-11-02 11:34:42.505657	2018-11-02 11:34:42.505657	\N	\N	 6		\N
2238	2238	uk	2018-11-02 11:34:42.525468	2018-11-02 11:34:42.525468	\N		\N	 	\N
2239	2239	uk	2018-11-02 11:34:42.546055	2018-11-02 11:34:42.546055	\N		\N	 	\N
2240	2240	uk	2018-11-02 11:34:42.567615	2018-11-02 11:34:42.567615	\N	\N	 35	 	\N
2241	2241	uk	2018-11-02 11:34:42.595917	2018-11-02 11:34:42.595917	\N		\N	 	\N
2242	2242	uk	2018-11-02 11:34:42.616879	2018-11-02 11:34:42.616879	\N		\N	 	\N
2243	2243	uk	2018-11-02 11:34:42.636369	2018-11-02 11:34:42.636369	\N	\N	 	 	\N
2244	2244	uk	2018-11-02 11:34:42.655763	2018-11-02 11:34:42.655763	\N		\N		\N
2245	2245	uk	2018-11-02 11:34:42.67714	2018-11-02 11:34:42.67714	\N	\N	 +	 	\N
2246	2246	uk	2018-11-02 11:34:42.697627	2018-11-02 11:34:42.697627	\N	\N		 	\N
2247	2247	uk	2018-11-02 11:34:42.715682	2018-11-02 11:34:42.715682	\N	\N	 	 	\N
2248	2248	uk	2018-11-02 11:34:42.747166	2018-11-02 11:34:42.747166	\N		 	 	\N
2249	2249	uk	2018-11-02 11:34:42.76823	2018-11-02 11:34:42.76823	\N	\N	 	.	\N
2250	2250	uk	2018-11-02 11:34:42.790073	2018-11-02 11:34:42.790073	\N	\N	 		\N
2251	2251	uk	2018-11-02 11:34:42.811635	2018-11-02 11:34:42.811635	\N	 	 	 	\N
2252	2252	uk	2018-11-02 11:34:42.832454	2018-11-02 11:34:42.832454	\N	6		-	\N
2253	2253	uk	2018-11-02 11:34:42.852236	2018-11-02 11:34:42.852236	\N	\N	 9/1	-	\N
2254	2254	uk	2018-11-02 11:34:42.874839	2018-11-02 11:34:42.874839	\N	90		-	\N
2255	2255	uk	2018-11-02 11:34:42.905954	2018-11-02 11:34:42.905954	\N	\N	 7/3		\N
2256	2256	uk	2018-11-02 11:34:42.928587	2018-11-02 11:34:42.928587	\N	24			\N
2257	2257	uk	2018-11-02 11:34:42.957678	2018-11-02 11:34:42.957678	\N		\N		\N
2258	2258	uk	2018-11-02 11:34:42.978556	2018-11-02 11:34:42.978556	\N		\N		\N
2259	2259	uk	2018-11-02 11:34:42.997143	2018-11-02 11:34:42.997143	\N		  		\N
2260	2260	uk	2018-11-02 11:34:43.02118	2018-11-02 11:34:43.02118	\N		\N		\N
2261	2261	uk	2018-11-02 11:34:43.042209	2018-11-02 11:34:43.042209	\N		\N		\N
2262	2262	uk	2018-11-02 11:34:43.061945	2018-11-02 11:34:43.061945	\N	\N	 5/2+		\N
2263	2263	uk	2018-11-02 11:34:43.081692	2018-11-02 11:34:43.081692	\N		\N		\N
2264	2264	uk	2018-11-02 11:34:43.100883	2018-11-02 11:34:43.100883	\N		\N		\N
2265	2265	uk	2018-11-02 11:34:43.129133	2018-11-02 11:34:43.129133	\N	 7 +	 7		\N
2266	2266	uk	2018-11-02 11:34:43.15543	2018-11-02 11:34:43.15543	\N		\N		\N
2267	2267	uk	2018-11-02 11:34:43.174278	2018-11-02 11:34:43.174278	\N		\N	 	\N
2268	2268	uk	2018-11-02 11:34:43.193256	2018-11-02 11:34:43.193256	\N	\N	 	 	\N
2269	2269	uk	2018-11-02 11:34:43.21567	2018-11-02 11:34:43.21567	\N	 	 	 	\N
2270	2270	uk	2018-11-02 11:34:43.242593	2018-11-02 11:34:43.242593	\N		\N	 	\N
2271	2271	uk	2018-11-02 11:34:43.261098	2018-11-02 11:34:43.261098	\N		\N		\N
2272	2272	uk	2018-11-02 11:34:43.279367	2018-11-02 11:34:43.279367	\N	\N	 5/3		\N
2273	2273	uk	2018-11-02 11:34:43.300892	2018-11-02 11:34:43.300892	\N		\N		\N
2274	2274	uk	2018-11-02 11:34:43.319338	2018-11-02 11:34:43.319338	\N	\N	 		\N
2275	2275	uk	2018-11-02 11:34:43.33854	2018-11-02 11:34:43.33854	\N		\N		\N
2276	2276	uk	2018-11-02 11:34:43.3579	2018-11-02 11:34:43.3579	\N		\N		\N
2277	2277	uk	2018-11-02 11:34:43.37963	2018-11-02 11:34:43.37963	\N	\N	 8/2		\N
2278	2278	uk	2018-11-02 11:34:43.401286	2018-11-02 11:34:43.401286	\N	\N	 9/5		\N
2279	2279	uk	2018-11-02 11:34:43.419588	2018-11-02 11:34:43.419588	\N		\N		\N
2280	2280	uk	2018-11-02 11:34:43.438253	2018-11-02 11:34:43.438253	\N	\N		 	\N
2281	2281	uk	2018-11-02 11:34:43.458153	2018-11-02 11:34:43.458153	\N	   	"    " "	 	\N
2282	2282	uk	2018-11-02 11:34:43.480587	2018-11-02 11:34:43.480587	\N	\N			\N
2283	2283	uk	2018-11-02 11:34:43.509604	2018-11-02 11:34:43.509604	\N	\N	 		\N
2284	2284	uk	2018-11-02 11:34:43.530581	2018-11-02 11:34:43.530581	\N	 	  		\N
2285	2285	uk	2018-11-02 11:34:43.5536	2018-11-02 11:34:43.5536	  	 	 23	 	\N
2286	2286	uk	2018-11-02 11:34:43.572394	2018-11-02 11:34:43.572394	\N		\N	 	\N
2287	2287	uk	2018-11-02 11:34:43.591781	2018-11-02 11:34:43.591781	\N	\N		 	\N
2288	2288	uk	2018-11-02 11:34:43.609918	2018-11-02 11:34:43.609918	\N	\N	 + 	1-  -	\N
2289	2289	uk	2018-11-02 11:34:43.628276	2018-11-02 11:34:43.628276	\N	106		 -	\N
2290	2290	uk	2018-11-02 11:34:43.647063	2018-11-02 11:34:43.647063	\N	181	\N	 -	\N
2291	2291	uk	2018-11-02 11:34:43.665379	2018-11-02 11:34:43.665379	\N	\N	-2,  +	 -	\N
2292	2292	uk	2018-11-02 11:34:43.684053	2018-11-02 11:34:43.684053	\N		\N	 	\N
2293	2293	uk	2018-11-02 11:34:43.702509	2018-11-02 11:34:43.702509	\N	\N	 10/3		\N
2294	2294	uk	2018-11-02 11:34:43.720804	2018-11-02 11:34:43.720804	\N	\N	 6/4		\N
2295	2295	uk	2018-11-02 11:34:43.739618	2018-11-02 11:34:43.739618	\N	\N	-2 4/1+ 		\N
2296	2296	uk	2018-11-02 11:34:43.759193	2018-11-02 11:34:43.759193	\N		\N		\N
2297	2297	uk	2018-11-02 11:34:43.780408	2018-11-02 11:34:43.780408	\N	\N	 6/3		\N
2298	2298	uk	2018-11-02 11:34:43.799099	2018-11-02 11:34:43.799099	\N	\N		 	\N
2299	2299	uk	2018-11-02 11:34:43.820612	2018-11-02 11:34:43.820612	\N			 	\N
2300	2300	uk	2018-11-02 11:34:43.83945	2018-11-02 11:34:43.83945	\N	2			\N
2301	2301	uk	2018-11-02 11:34:43.857996	2018-11-02 11:34:43.857996	\N		\N		\N
2302	2302	uk	2018-11-02 11:34:43.884948	2018-11-02 11:34:43.884948	\N	\N	 30		\N
2303	2303	uk	2018-11-02 11:34:43.901904	2018-11-02 11:34:43.901904	\N		\N	 	\N
2304	2304	uk	2018-11-02 11:34:43.921909	2018-11-02 11:34:43.921909	\N	\N	  2 	-	\N
2305	2305	uk	2018-11-02 11:34:43.944373	2018-11-02 11:34:43.944373	\N		\N		\N
2306	2306	uk	2018-11-02 11:34:43.970778	2018-11-02 11:34:43.970778	\N	18	\N		\N
2307	2307	uk	2018-11-02 11:34:43.989351	2018-11-02 11:34:43.989351	\N	\N	+		\N
2308	2308	uk	2018-11-02 11:34:44.007379	2018-11-02 11:34:44.007379	\N	\N	\N		\N
2309	2309	uk	2018-11-02 11:34:44.027952	2018-11-02 11:34:44.027952	\N	 +			\N
2310	2310	uk	2018-11-02 11:34:44.048743	2018-11-02 11:34:44.048743	\N	 ()		.	\N
2311	2311	uk	2018-11-02 11:34:44.075604	2018-11-02 11:34:44.075604	\N			.	\N
2312	2312	uk	2018-11-02 11:34:44.096922	2018-11-02 11:34:44.096922	\N		 ""	 	\N
2313	2313	uk	2018-11-02 11:34:44.116125	2018-11-02 11:34:44.116125	\N	 . .	  		\N
2314	2314	uk	2018-11-02 11:34:44.135219	2018-11-02 11:34:44.135219	\N		\N		\N
2315	2315	uk	2018-11-02 11:34:44.153629	2018-11-02 11:34:44.153629	\N	\N	 		\N
2316	2316	uk	2018-11-02 11:34:44.172124	2018-11-02 11:34:44.172124	\N	\N	 9/3		\N
2317	2317	uk	2018-11-02 11:34:44.19107	2018-11-02 11:34:44.19107	\N		\N	 	\N
2318	2318	uk	2018-11-02 11:34:44.210233	2018-11-02 11:34:44.210233	\N	 " 	 " 	 	\N
2319	2319	uk	2018-11-02 11:34:44.243178	2018-11-02 11:34:44.243178	\N	\N	 		\N
2320	2320	uk	2018-11-02 11:34:44.270234	2018-11-02 11:34:44.270234	\N	 2	 "   "		\N
2321	2321	uk	2018-11-02 11:34:44.289559	2018-11-02 11:34:44.289559	\N	\N	 9/6		\N
2322	2322	uk	2018-11-02 11:34:44.310407	2018-11-02 11:34:44.310407	\N		\N		\N
2323	2323	uk	2018-11-02 11:34:44.33059	2018-11-02 11:34:44.33059	\N	94	\N		\N
2324	2324	uk	2018-11-02 11:34:44.351586	2018-11-02 11:34:44.351586	\N	24		 	\N
2325	2325	uk	2018-11-02 11:34:44.37455	2018-11-02 11:34:44.37455	\N	12	 	.	\N
2326	2326	uk	2018-11-02 11:34:44.401249	2018-11-02 11:34:44.401249	\N	 .			\N
2327	2327	uk	2018-11-02 11:34:44.432749	2018-11-02 11:34:44.432749	\N	\N	\N		\N
2328	2328	uk	2018-11-02 11:34:44.457388	2018-11-02 11:34:44.457388	\N				\N
2329	2329	uk	2018-11-02 11:34:44.480744	2018-11-02 11:34:44.480744	\N	22			\N
2330	2330	uk	2018-11-02 11:34:44.503406	2018-11-02 11:34:44.503406	\N			.	\N
2331	2331	uk	2018-11-02 11:34:44.543548	2018-11-02 11:34:44.543548	\N	\N	   		\N
2332	2332	uk	2018-11-02 11:34:44.579209	2018-11-02 11:34:44.579209	\N	1	" 77"		\N
2333	2333	uk	2018-11-02 11:34:44.614327	2018-11-02 11:34:44.614327	\N	1	" 75"	600-	\N
2334	2334	uk	2018-11-02 11:34:44.640151	2018-11-02 11:34:44.640151	\N	1	 " 73"		\N
2335	2335	uk	2018-11-02 11:34:44.670227	2018-11-02 11:34:44.670227	\N		 " 72"	 	\N
2336	2336	uk	2018-11-02 11:34:44.696711	2018-11-02 11:34:44.696711	\N	1	 " 67"		\N
2337	2337	uk	2018-11-02 11:34:44.721681	2018-11-02 11:34:44.721681	\N	\N	  62		\N
2338	2338	uk	2018-11-02 11:34:44.742012	2018-11-02 11:34:44.742012	  	1	 61		\N
2339	2339	uk	2018-11-02 11:34:44.76258	2018-11-02 11:34:44.76258	 - 	1	  "   60   "		\N
2340	2340	uk	2018-11-02 11:34:44.785483	2018-11-02 11:34:44.785483	  	1	 57		\N
2341	2341	uk	2018-11-02 11:34:44.805714	2018-11-02 11:34:44.805714	  	1	 58		\N
2342	2342	uk	2018-11-02 11:34:44.825814	2018-11-02 11:34:44.825814	\N	1	 52	 	\N
2343	2343	uk	2018-11-02 11:34:44.845751	2018-11-02 11:34:44.845751	  	1	 51	 	\N
2344	2344	uk	2018-11-02 11:34:44.868598	2018-11-02 11:34:44.868598	  	1	 47	 	\N
2345	2345	uk	2018-11-02 11:34:44.892164	2018-11-02 11:34:44.892164	  	1	 46		\N
2346	2346	uk	2018-11-02 11:34:44.92627	2018-11-02 11:34:44.92627	\N	1	 45	600-	\N
2347	2347	uk	2018-11-02 11:34:44.944736	2018-11-02 11:34:44.944736	\N	\N	 44 +		\N
2348	2348	uk	2018-11-02 11:34:44.965742	2018-11-02 11:34:44.965742	  	1	 43		\N
2349	2349	uk	2018-11-02 11:34:44.986328	2018-11-02 11:34:44.986328	\N	\N	 38	.	\N
2350	2350	uk	2018-11-02 11:34:45.005885	2018-11-02 11:34:45.005885	\N	\N	  37		\N
2351	2351	uk	2018-11-02 11:34:45.026042	2018-11-02 11:34:45.026042	\N	\N	 36		\N
2352	2352	uk	2018-11-02 11:34:45.053586	2018-11-02 11:34:45.053586	\N	\N	 31	.	\N
2353	2353	uk	2018-11-02 11:34:45.073939	2018-11-02 11:34:45.073939	\N	1	 29		\N
2354	2354	uk	2018-11-02 11:34:45.092318	2018-11-02 11:34:45.092318	\N	1	 26		\N
2355	2355	uk	2018-11-02 11:34:45.112071	2018-11-02 11:34:45.112071	\N	\N	 25 +	 	\N
2356	2356	uk	2018-11-02 11:34:45.138948	2018-11-02 11:34:45.138948	\N	1	 " 21"		\N
2357	2357	uk	2018-11-02 11:34:45.164292	2018-11-02 11:34:45.164292	\N	1	 " 17"		\N
2358	2358	uk	2018-11-02 11:34:45.187111	2018-11-02 11:34:45.187111	\N	\N	  16	 	\N
2359	2359	uk	2018-11-02 11:34:45.212362	2018-11-02 11:34:45.212362	\N	1	 14		\N
2360	2360	uk	2018-11-02 11:34:45.233783	2018-11-02 11:34:45.233783	\N	1	 13		\N
2361	2361	uk	2018-11-02 11:34:45.253383	2018-11-02 11:34:45.253383	\N	1	 10		\N
2362	2362	uk	2018-11-02 11:34:45.271639	2018-11-02 11:34:45.271639	\N	1	 4		\N
2363	2363	uk	2018-11-02 11:34:45.291561	2018-11-02 11:34:45.291561	  	1	 2		\N
2364	2364	uk	2018-11-02 11:34:45.333259	2018-11-02 11:34:45.333259	\N	1	 11	 	\N
2365	2365	uk	2018-11-02 11:34:45.354246	2018-11-02 11:34:45.354246	\N		 "  "		\N
2366	2366	uk	2018-11-02 11:34:45.372619	2018-11-02 11:34:45.372619	\N	\N	 ""	 	\N
2367	2367	uk	2018-11-02 11:34:45.391259	2018-11-02 11:34:45.391259	\N		 9		\N
2368	2368	uk	2018-11-02 11:34:45.41012	2018-11-02 11:34:45.41012	  		 36		\N
2369	2369	uk	2018-11-02 11:34:45.428338	2018-11-02 11:34:45.428338	\N	 35	 35	 	\N
2370	2370	uk	2018-11-02 11:34:45.448378	2018-11-02 11:34:45.448378	\N	\N	 34	 	\N
2371	2371	uk	2018-11-02 11:34:45.469269	2018-11-02 11:34:45.469269	\N	1	   32 		\N
2372	2372	uk	2018-11-02 11:34:45.494847	2018-11-02 11:34:45.494847	\N		 31	 	\N
2373	2373	uk	2018-11-02 11:34:45.521057	2018-11-02 11:34:45.521057	\N	 26	 	 	\N
2374	2374	uk	2018-11-02 11:34:45.553059	2018-11-02 11:34:45.553059	\N		 8	.	\N
2375	2375	uk	2018-11-02 11:34:45.576181	2018-11-02 11:34:45.576181	\N	\N	 5	 	\N
2376	2376	uk	2018-11-02 11:34:45.603004	2018-11-02 11:34:45.603004	  		 " -  :   I-III   2 "		\N
2377	2377	uk	2018-11-02 11:34:45.621701	2018-11-02 11:34:45.621701	\N	1	  "  -  1"		\N
2378	2378	uk	2018-11-02 11:34:45.644362	2018-11-02 11:34:45.644362	  	1	 1	 	\N
2379	2379	uk	2018-11-02 11:34:45.664405	2018-11-02 11:34:45.664405	  	1	 50		\N
2380	2380	uk	2018-11-02 11:34:45.682477	2018-11-02 11:34:45.682477	\N	1	 5		\N
2381	2381	uk	2018-11-02 11:34:45.705563	2018-11-02 11:34:45.705563	\N	\N	   	 	\N
2382	2382	uk	2018-11-02 11:34:45.724318	2018-11-02 11:34:45.724318	\N	\N	 		\N
2383	2383	uk	2018-11-02 11:34:45.742284	2018-11-02 11:34:45.742284	\N	\N	 ""		\N
2384	2384	uk	2018-11-02 11:34:45.760403	2018-11-02 11:34:45.760403	\N	5			\N
2385	2385	uk	2018-11-02 11:34:45.782766	2018-11-02 11:34:45.782766	\N		\N		\N
2386	2386	uk	2018-11-02 11:34:45.80602	2018-11-02 11:34:45.80602	\N	1	 18		\N
2387	2387	uk	2018-11-02 11:34:45.826323	2018-11-02 11:34:45.826323	\N	\N	 	3- 	\N
2388	2388	uk	2018-11-02 11:34:45.846693	2018-11-02 11:34:45.846693	\N	\N	-2 ( )		\N
2389	2389	uk	2018-11-02 11:34:45.867878	2018-11-02 11:34:45.867878	\N	\N	\N		\N
2390	2390	uk	2018-11-02 11:34:45.8915	2018-11-02 11:34:45.8915	   (  `)	 	  ""		\N
2391	2391	uk	2018-11-02 11:34:45.918295	2018-11-02 11:34:45.918295	\N	\N			\N
2392	2392	uk	2018-11-02 11:34:45.936806	2018-11-02 11:34:45.936806	\N			2- 	\N
2393	2393	uk	2018-11-02 11:34:45.955131	2018-11-02 11:34:45.955131	\N	\N	  - 18		\N
2394	2394	uk	2018-11-02 11:34:45.970693	2018-11-02 11:34:45.970693	\N	 	\N		\N
2395	2395	uk	2018-11-02 11:34:45.987591	2018-11-02 11:34:45.987591	\N		   "   "		\N
2396	2396	uk	2018-11-02 11:34:46.008047	2018-11-02 11:34:46.008047	\N	1	  2- 		\N
2397	2397	uk	2018-11-02 11:34:46.026371	2018-11-02 11:34:46.026371	\N	  	 		\N
2398	2398	uk	2018-11-02 11:34:46.055736	2018-11-02 11:34:46.055736	\N	 	 		\N
2399	2399	uk	2018-11-02 11:34:46.083706	2018-11-02 11:34:46.083706	 - 		 6 (4)		\N
2400	2400	uk	2018-11-02 11:34:46.102449	2018-11-02 11:34:46.102449	\N	48	\N		\N
2401	2401	uk	2018-11-02 11:34:46.120588	2018-11-02 11:34:46.120588	\N				\N
2402	2402	uk	2018-11-02 11:34:46.138715	2018-11-02 11:34:46.138715	\N	89	\N		\N
2403	2403	uk	2018-11-02 11:34:46.165626	2018-11-02 11:34:46.165626	\N		\N	600-	\N
2404	2404	uk	2018-11-02 11:34:46.185138	2018-11-02 11:34:46.185138	\N	1	 " 71"	20 	\N
2405	2405	uk	2018-11-02 11:34:46.202799	2018-11-02 11:34:46.202799	\N	\N	 -30 +	600-	\N
2406	2406	uk	2018-11-02 11:34:46.23088	2018-11-02 11:34:46.23088	\N	\N	\N	 	\N
2407	2407	uk	2018-11-02 11:34:46.249012	2018-11-02 11:34:46.249012	\N	        	        	 	\N
2408	2408	uk	2018-11-02 11:34:46.26727	2018-11-02 11:34:46.26727	\N			 	\N
2409	2409	uk	2018-11-02 11:34:46.285438	2018-11-02 11:34:46.285438	\N	\N	 + 		\N
2410	2410	uk	2018-11-02 11:34:46.303358	2018-11-02 11:34:46.303358	\N	159	  		\N
2411	2411	uk	2018-11-02 11:34:46.322944	2018-11-02 11:34:46.322944	   (  `)	 	  ""		\N
2412	2412	uk	2018-11-02 11:34:46.34137	2018-11-02 11:34:46.34137	\N	\N			\N
2413	2413	uk	2018-11-02 11:34:46.361254	2018-11-02 11:34:46.361254	\N	\N	 .		\N
2414	2414	uk	2018-11-02 11:34:46.379569	2018-11-02 11:34:46.379569	\N	\N	  - 633--42-630	.	\N
2415	2415	uk	2018-11-02 11:34:46.406895	2018-11-02 11:34:46.406895	\N	- 17	 -  17  ()		\N
2416	2416	uk	2018-11-02 11:34:46.426496	2018-11-02 11:34:46.426496	\N	- 14	 -  14	 	\N
2417	2417	uk	2018-11-02 11:34:46.445878	2018-11-02 11:34:46.445878	\N	  	 -  15		\N
2418	2418	uk	2018-11-02 11:34:46.468369	2018-11-02 11:34:46.468369	\N	- 13	 -  13  ()		\N
2419	2419	uk	2018-11-02 11:34:46.487637	2018-11-02 11:34:46.487637	\N	- 12	 - ()		\N
2420	2420	uk	2018-11-02 11:34:46.516079	2018-11-02 11:34:46.516079	\N	- 11	 -  11  ()	 	\N
2421	2421	uk	2018-11-02 11:34:46.535616	2018-11-02 11:34:46.535616	\N	- 10	 -  10  ()		\N
2489	2489	uk	2018-11-02 11:34:48.016633	2018-11-02 11:34:48.016633	\N	\N	-13	 	\N
2422	2422	uk	2018-11-02 11:34:46.557616	2018-11-02 11:34:46.557616	\N	- 9	 -  9	.	\N
2423	2423	uk	2018-11-02 11:34:46.577484	2018-11-02 11:34:46.577484	\N	- 8	 -  8		\N
2424	2424	uk	2018-11-02 11:34:46.604783	2018-11-02 11:34:46.604783	\N	- 16	 -  16		\N
2425	2425	uk	2018-11-02 11:34:46.623028	2018-11-02 11:34:46.623028	\N	- 7	 -  7  ()		\N
2426	2426	uk	2018-11-02 11:34:46.640939	2018-11-02 11:34:46.640939	\N	- 6	 -  6  ()	 	\N
2427	2427	uk	2018-11-02 11:34:46.658566	2018-11-02 11:34:46.658566	\N	-5	 -  5	.	\N
2428	2428	uk	2018-11-02 11:34:46.685006	2018-11-02 11:34:46.685006	\N	+	     		\N
2429	2429	uk	2018-11-02 11:34:46.703066	2018-11-02 11:34:46.703066	\N	- 3	 -  3		\N
2430	2430	uk	2018-11-02 11:34:46.721617	2018-11-02 11:34:46.721617	\N	-2	 -  2		\N
2431	2431	uk	2018-11-02 11:34:46.740293	2018-11-02 11:34:46.740293	\N	- 1	 - 1 . .		\N
2432	2432	uk	2018-11-02 11:34:46.758334	2018-11-02 11:34:46.758334	\N	 +	   - . .	 	\N
2433	2433	uk	2018-11-02 11:34:46.778702	2018-11-02 11:34:46.778702	\N	\N	2		\N
2434	2434	uk	2018-11-02 11:34:46.797888	2018-11-02 11:34:46.797888	\N	 	 		\N
2435	2435	uk	2018-11-02 11:34:46.816529	2018-11-02 11:34:46.816529	\N	 			\N
2436	2436	uk	2018-11-02 11:34:46.835156	2018-11-02 11:34:46.835156	\N	\N	  2		\N
2437	2437	uk	2018-11-02 11:34:46.853729	2018-11-02 11:34:46.853729	\N	\N	 		\N
2438	2438	uk	2018-11-02 11:34:46.872485	2018-11-02 11:34:46.872485	\N	\N	-124	 	\N
2439	2439	uk	2018-11-02 11:34:46.893234	2018-11-02 11:34:46.893234	\N	\N	-123		\N
2440	2440	uk	2018-11-02 11:34:46.91144	2018-11-02 11:34:46.91144	\N	\N	-97		\N
2441	2441	uk	2018-11-02 11:34:46.929483	2018-11-02 11:34:46.929483	\N	\N	-82	 	\N
2442	2442	uk	2018-11-02 11:34:46.947761	2018-11-02 11:34:46.947761	\N	\N	-79		\N
2443	2443	uk	2018-11-02 11:34:46.966657	2018-11-02 11:34:46.966657	\N	\N	-77		\N
2444	2444	uk	2018-11-02 11:34:46.988759	2018-11-02 11:34:46.988759	\N	\N	-76		\N
2445	2445	uk	2018-11-02 11:34:47.018982	2018-11-02 11:34:47.018982	\N	\N	-75		\N
2446	2446	uk	2018-11-02 11:34:47.042063	2018-11-02 11:34:47.042063	\N	\N	-74		\N
2447	2447	uk	2018-11-02 11:34:47.065851	2018-11-02 11:34:47.065851	\N	\N	-73		\N
2448	2448	uk	2018-11-02 11:34:47.093251	2018-11-02 11:34:47.093251	\N	\N	-72	1- 	\N
2449	2449	uk	2018-11-02 11:34:47.111758	2018-11-02 11:34:47.111758	\N	\N	-71	1- 	\N
2450	2450	uk	2018-11-02 11:34:47.130591	2018-11-02 11:34:47.130591	\N	\N	-70		\N
2451	2451	uk	2018-11-02 11:34:47.150534	2018-11-02 11:34:47.150534	\N	\N	-69		\N
2452	2452	uk	2018-11-02 11:34:47.179985	2018-11-02 11:34:47.179985	\N	\N	-67		\N
2453	2453	uk	2018-11-02 11:34:47.198477	2018-11-02 11:34:47.198477	\N	\N	-66		\N
2454	2454	uk	2018-11-02 11:34:47.220063	2018-11-02 11:34:47.220063	\N	\N	-63	.	\N
2455	2455	uk	2018-11-02 11:34:47.24049	2018-11-02 11:34:47.24049	\N	\N	-59	 	\N
2456	2456	uk	2018-11-02 11:34:47.260016	2018-11-02 11:34:47.260016	\N	\N	-58		\N
2457	2457	uk	2018-11-02 11:34:47.278421	2018-11-02 11:34:47.278421	\N	\N	-57		\N
2458	2458	uk	2018-11-02 11:34:47.298229	2018-11-02 11:34:47.298229	\N	\N	-55		\N
2459	2459	uk	2018-11-02 11:34:47.320937	2018-11-02 11:34:47.320937	\N	\N	-52		\N
2460	2460	uk	2018-11-02 11:34:47.339263	2018-11-02 11:34:47.339263	\N	\N	-52	 	\N
2461	2461	uk	2018-11-02 11:34:47.357467	2018-11-02 11:34:47.357467	\N	\N	-48		\N
2462	2462	uk	2018-11-02 11:34:47.385861	2018-11-02 11:34:47.385861	\N	\N	-46	 	\N
2463	2463	uk	2018-11-02 11:34:47.416296	2018-11-02 11:34:47.416296	\N	\N	-45		\N
2464	2464	uk	2018-11-02 11:34:47.434292	2018-11-02 11:34:47.434292	\N	\N	-44		\N
2465	2465	uk	2018-11-02 11:34:47.452467	2018-11-02 11:34:47.452467	\N	\N	-43	 	\N
2466	2466	uk	2018-11-02 11:34:47.471163	2018-11-02 11:34:47.471163	\N	\N	-41		\N
2467	2467	uk	2018-11-02 11:34:47.493792	2018-11-02 11:34:47.493792	\N	\N	-40		\N
2468	2468	uk	2018-11-02 11:34:47.516559	2018-11-02 11:34:47.516559	\N	\N	-38	 	\N
2469	2469	uk	2018-11-02 11:34:47.539694	2018-11-02 11:34:47.539694	\N	\N	-37		\N
2470	2470	uk	2018-11-02 11:34:47.562056	2018-11-02 11:34:47.562056	\N	\N	-36		\N
2471	2471	uk	2018-11-02 11:34:47.585751	2018-11-02 11:34:47.585751	\N	\N	-35	 	\N
2472	2472	uk	2018-11-02 11:34:47.605944	2018-11-02 11:34:47.605944	\N	\N	-34		\N
2473	2473	uk	2018-11-02 11:34:47.634944	2018-11-02 11:34:47.634944	\N	\N	-33	 	\N
2474	2474	uk	2018-11-02 11:34:47.654167	2018-11-02 11:34:47.654167	\N	\N	-32		\N
2475	2475	uk	2018-11-02 11:34:47.675452	2018-11-02 11:34:47.675452	\N	\N	-31	 	\N
2476	2476	uk	2018-11-02 11:34:47.698953	2018-11-02 11:34:47.698953	\N	\N	-29		\N
2477	2477	uk	2018-11-02 11:34:47.719537	2018-11-02 11:34:47.719537	\N	\N	-25		\N
2478	2478	uk	2018-11-02 11:34:47.748769	2018-11-02 11:34:47.748769	\N	\N	-24	 	\N
2479	2479	uk	2018-11-02 11:34:47.771908	2018-11-02 11:34:47.771908	\N	\N	-23		\N
2480	2480	uk	2018-11-02 11:34:47.795153	2018-11-02 11:34:47.795153	\N	\N	-22	 	\N
2481	2481	uk	2018-11-02 11:34:47.81684	2018-11-02 11:34:47.81684	\N	\N	-21	600-	\N
2482	2482	uk	2018-11-02 11:34:47.838694	2018-11-02 11:34:47.838694	\N	\N	-20		\N
2483	2483	uk	2018-11-02 11:34:47.865339	2018-11-02 11:34:47.865339	\N	\N	-18		\N
2484	2484	uk	2018-11-02 11:34:47.888002	2018-11-02 11:34:47.888002	\N	\N	-17	600-	\N
2485	2485	uk	2018-11-02 11:34:47.916439	2018-11-02 11:34:47.916439	\N	\N	-16		\N
2486	2486	uk	2018-11-02 11:34:47.937124	2018-11-02 11:34:47.937124	\N	\N	   		\N
2487	2487	uk	2018-11-02 11:34:47.957711	2018-11-02 11:34:47.957711	\N	\N		.	\N
2488	2488	uk	2018-11-02 11:34:47.985942	2018-11-02 11:34:47.985942	\N	\N	-14	 	\N
2490	2490	uk	2018-11-02 11:34:48.038419	2018-11-02 11:34:48.038419	\N	 23	 23		\N
2491	2491	uk	2018-11-02 11:34:48.055289	2018-11-02 11:34:48.055289	\N	\N			\N
2492	2492	uk	2018-11-02 11:34:48.075758	2018-11-02 11:34:48.075758	\N	\N	-12		\N
2493	2493	uk	2018-11-02 11:34:48.094894	2018-11-02 11:34:48.094894	\N	\N	-11	 	\N
2494	2494	uk	2018-11-02 11:34:48.113708	2018-11-02 11:34:48.113708	\N	\N	-10		\N
2495	2495	uk	2018-11-02 11:34:48.132333	2018-11-02 11:34:48.132333	\N	\N	-9	600-	\N
2496	2496	uk	2018-11-02 11:34:48.151151	2018-11-02 11:34:48.151151	\N	\N	- 8		\N
2497	2497	uk	2018-11-02 11:34:48.17077	2018-11-02 11:34:48.17077	\N	\N	-7	 	\N
2498	2498	uk	2018-11-02 11:34:48.191811	2018-11-02 11:34:48.191811	\N	\N	-4		\N
2499	2499	uk	2018-11-02 11:34:48.210192	2018-11-02 11:34:48.210192	\N	\N	-3		\N
2500	2500	uk	2018-11-02 11:34:48.230333	2018-11-02 11:34:48.230333	\N	\N	-2		\N
2501	2501	uk	2018-11-02 11:34:48.249052	2018-11-02 11:34:48.249052	\N	\N	-1		\N
2502	2502	uk	2018-11-02 11:34:48.269321	2018-11-02 11:34:48.269321	\N	\N		 	\N
2503	2503	uk	2018-11-02 11:34:48.28995	2018-11-02 11:34:48.28995	\N	\N			\N
2504	2504	uk	2018-11-02 11:34:48.319796	2018-11-02 11:34:48.319796	\N	81			\N
2505	2505	uk	2018-11-02 11:34:48.350678	2018-11-02 11:34:48.350678	\N	\N			\N
2506	2506	uk	2018-11-02 11:34:48.375103	2018-11-02 11:34:48.375103	\N	\N			\N
2507	2507	uk	2018-11-02 11:34:48.392191	2018-11-02 11:34:48.392191	\N	\N	 		\N
2508	2508	uk	2018-11-02 11:34:48.408624	2018-11-02 11:34:48.408624	\N	\N	 		\N
2509	2509	uk	2018-11-02 11:34:48.432157	2018-11-02 11:34:48.432157	\N	\N	 		\N
2510	2510	uk	2018-11-02 11:34:48.467596	2018-11-02 11:34:48.467596	\N	\N	 		\N
2511	2511	uk	2018-11-02 11:34:48.485012	2018-11-02 11:34:48.485012	\N	\N	 		\N
2512	2512	uk	2018-11-02 11:34:48.501875	2018-11-02 11:34:48.501875	\N	\N	 		\N
2513	2513	uk	2018-11-02 11:34:48.518171	2018-11-02 11:34:48.518171	\N	\N	 		\N
2514	2514	uk	2018-11-02 11:34:48.534541	2018-11-02 11:34:48.534541	\N	\N	 		\N
2515	2515	uk	2018-11-02 11:34:48.551001	2018-11-02 11:34:48.551001	\N	\N	 		\N
2516	2516	uk	2018-11-02 11:34:48.572599	2018-11-02 11:34:48.572599	\N	\N	 		\N
2517	2517	uk	2018-11-02 11:34:48.589852	2018-11-02 11:34:48.589852	\N	\N	 		\N
2518	2518	uk	2018-11-02 11:34:48.60662	2018-11-02 11:34:48.60662	\N	\N	 		\N
2519	2519	uk	2018-11-02 11:34:48.623661	2018-11-02 11:34:48.623661	\N	\N	 		\N
2520	2520	uk	2018-11-02 11:34:48.639887	2018-11-02 11:34:48.639887	\N	\N	 	 	\N
2521	2521	uk	2018-11-02 11:34:48.656988	2018-11-02 11:34:48.656988	\N	\N	 	 	\N
2522	2522	uk	2018-11-02 11:34:48.675732	2018-11-02 11:34:48.675732	\N	\N	 	 	\N
2523	2523	uk	2018-11-02 11:34:48.691896	2018-11-02 11:34:48.691896	\N	\N	 	 	\N
2524	2524	uk	2018-11-02 11:34:48.713917	2018-11-02 11:34:48.713917	\N	\N	 	 	\N
2525	2525	uk	2018-11-02 11:34:48.729382	2018-11-02 11:34:48.729382	\N	\N	 	 	\N
2526	2526	uk	2018-11-02 11:34:48.743449	2018-11-02 11:34:48.743449	\N	\N	 	 	\N
2527	2527	uk	2018-11-02 11:34:48.75787	2018-11-02 11:34:48.75787	\N	\N	 		\N
2528	2528	uk	2018-11-02 11:34:48.772284	2018-11-02 11:34:48.772284	\N	\N	 		\N
2529	2529	uk	2018-11-02 11:34:48.787226	2018-11-02 11:34:48.787226	\N	\N	 		\N
2530	2530	uk	2018-11-02 11:34:48.801797	2018-11-02 11:34:48.801797	\N	\N	 		\N
2531	2531	uk	2018-11-02 11:34:48.817675	2018-11-02 11:34:48.817675	\N	\N	 		\N
2532	2532	uk	2018-11-02 11:34:48.834722	2018-11-02 11:34:48.834722	\N	\N	 		\N
2533	2533	uk	2018-11-02 11:34:48.858088	2018-11-02 11:34:48.858088	\N	\N	 		\N
2534	2534	uk	2018-11-02 11:34:48.874135	2018-11-02 11:34:48.874135	\N	\N	 	.	\N
2535	2535	uk	2018-11-02 11:34:48.889169	2018-11-02 11:34:48.889169	\N	\N	 	.	\N
2536	2536	uk	2018-11-02 11:34:48.904356	2018-11-02 11:34:48.904356	\N	\N	 	.	\N
2537	2537	uk	2018-11-02 11:34:48.91884	2018-11-02 11:34:48.91884	\N	\N	 	.	\N
2538	2538	uk	2018-11-02 11:34:48.933323	2018-11-02 11:34:48.933323	\N	\N	 	.	\N
2539	2539	uk	2018-11-02 11:34:48.948354	2018-11-02 11:34:48.948354	\N	\N	 	.	\N
2540	2540	uk	2018-11-02 11:34:48.963088	2018-11-02 11:34:48.963088	\N	\N	 	.	\N
2541	2541	uk	2018-11-02 11:34:48.981818	2018-11-02 11:34:48.981818	\N	17	 		\N
2542	2542	uk	2018-11-02 11:34:48.996496	2018-11-02 11:34:48.996496	\N	\N	 		\N
2543	2543	uk	2018-11-02 11:34:49.011816	2018-11-02 11:34:49.011816	\N	\N	 		\N
2544	2544	uk	2018-11-02 11:34:49.026577	2018-11-02 11:34:49.026577	\N	\N	 		\N
2545	2545	uk	2018-11-02 11:34:49.040818	2018-11-02 11:34:49.040818	\N	\N	 		\N
2546	2546	uk	2018-11-02 11:34:49.055076	2018-11-02 11:34:49.055076	\N	\N	 		\N
2547	2547	uk	2018-11-02 11:34:49.069892	2018-11-02 11:34:49.069892	\N	\N	 		\N
2548	2548	uk	2018-11-02 11:34:49.099024	2018-11-02 11:34:49.099024	\N	\N	 		\N
2549	2549	uk	2018-11-02 11:34:49.115414	2018-11-02 11:34:49.115414	\N	\N	 		\N
2550	2550	uk	2018-11-02 11:34:49.131215	2018-11-02 11:34:49.131215	\N	\N	 		\N
2551	2551	uk	2018-11-02 11:34:49.155928	2018-11-02 11:34:49.155928	\N	\N	 		\N
2552	2552	uk	2018-11-02 11:34:49.1725	2018-11-02 11:34:49.1725	\N	\N	 		\N
2553	2553	uk	2018-11-02 11:34:49.188321	2018-11-02 11:34:49.188321	\N	\N	 		\N
2554	2554	uk	2018-11-02 11:34:49.202625	2018-11-02 11:34:49.202625	\N	\N	 		\N
2555	2555	uk	2018-11-02 11:34:49.216843	2018-11-02 11:34:49.216843	\N	\N	 		\N
2556	2556	uk	2018-11-02 11:34:49.231266	2018-11-02 11:34:49.231266	\N	\N	 		\N
2557	2557	uk	2018-11-02 11:34:49.245419	2018-11-02 11:34:49.245419	\N	\N	 		\N
2558	2558	uk	2018-11-02 11:34:49.260109	2018-11-02 11:34:49.260109	\N	\N	 	.	\N
2559	2559	uk	2018-11-02 11:34:49.274623	2018-11-02 11:34:49.274623	\N	\N	 	.	\N
2560	2560	uk	2018-11-02 11:34:49.289534	2018-11-02 11:34:49.289534	\N	\N	 	.	\N
2561	2561	uk	2018-11-02 11:34:49.3063	2018-11-02 11:34:49.3063	\N	\N	 	.	\N
2562	2562	uk	2018-11-02 11:34:49.32617	2018-11-02 11:34:49.32617	\N	\N	 	.	\N
2563	2563	uk	2018-11-02 11:34:49.346923	2018-11-02 11:34:49.346923	\N	\N	 	.	\N
2564	2564	uk	2018-11-02 11:34:49.368259	2018-11-02 11:34:49.368259	\N	\N	 	.	\N
2565	2565	uk	2018-11-02 11:34:49.390006	2018-11-02 11:34:49.390006	\N	\N	 	 	\N
2566	2566	uk	2018-11-02 11:34:49.41245	2018-11-02 11:34:49.41245	\N	\N	 	 	\N
2567	2567	uk	2018-11-02 11:34:49.438712	2018-11-02 11:34:49.438712	\N	\N	 	 	\N
2568	2568	uk	2018-11-02 11:34:49.453121	2018-11-02 11:34:49.453121	\N	\N	 	 	\N
2569	2569	uk	2018-11-02 11:34:49.467616	2018-11-02 11:34:49.467616	\N	\N	 	 	\N
2570	2570	uk	2018-11-02 11:34:49.482099	2018-11-02 11:34:49.482099	\N	\N	 	 	\N
2571	2571	uk	2018-11-02 11:34:49.497245	2018-11-02 11:34:49.497245	\N	\N	 	 	\N
2572	2572	uk	2018-11-02 11:34:49.512575	2018-11-02 11:34:49.512575	\N	\N	 	 	\N
2573	2573	uk	2018-11-02 11:34:49.528729	2018-11-02 11:34:49.528729	\N	\N	 	 	\N
2574	2574	uk	2018-11-02 11:34:49.550997	2018-11-02 11:34:49.550997	\N	\N	 	 	\N
2575	2575	uk	2018-11-02 11:34:49.564853	2018-11-02 11:34:49.564853	\N	\N	 	 	\N
2576	2576	uk	2018-11-02 11:34:49.579351	2018-11-02 11:34:49.579351	\N	\N	 	 	\N
2577	2577	uk	2018-11-02 11:34:49.593793	2018-11-02 11:34:49.593793	\N	\N	 	 	\N
2578	2578	uk	2018-11-02 11:34:49.608158	2018-11-02 11:34:49.608158	\N	\N	 	 	\N
2579	2579	uk	2018-11-02 11:34:49.626517	2018-11-02 11:34:49.626517	\N	\N	 	-	\N
2580	2580	uk	2018-11-02 11:34:49.644858	2018-11-02 11:34:49.644858	\N	\N	 	-	\N
2581	2581	uk	2018-11-02 11:34:49.662396	2018-11-02 11:34:49.662396	\N	\N	 	-	\N
2582	2582	uk	2018-11-02 11:34:49.677105	2018-11-02 11:34:49.677105	\N	\N	 	-	\N
2583	2583	uk	2018-11-02 11:34:49.691513	2018-11-02 11:34:49.691513	\N	\N	 		\N
2584	2584	uk	2018-11-02 11:34:49.706156	2018-11-02 11:34:49.706156	\N	\N	 		\N
2585	2585	uk	2018-11-02 11:34:49.724267	2018-11-02 11:34:49.724267	\N	\N	 		\N
2586	2586	uk	2018-11-02 11:34:49.73996	2018-11-02 11:34:49.73996	\N	\N	 		\N
2587	2587	uk	2018-11-02 11:34:49.75478	2018-11-02 11:34:49.75478	\N	\N	 		\N
2588	2588	uk	2018-11-02 11:34:49.769152	2018-11-02 11:34:49.769152	\N	\N	 		\N
2589	2589	uk	2018-11-02 11:34:49.783736	2018-11-02 11:34:49.783736	\N	\N	 		\N
2590	2590	uk	2018-11-02 11:34:49.800284	2018-11-02 11:34:49.800284	\N	\N	 		\N
2591	2591	uk	2018-11-02 11:34:49.816349	2018-11-02 11:34:49.816349	\N	\N	 		\N
2592	2592	uk	2018-11-02 11:34:49.839742	2018-11-02 11:34:49.839742	\N	\N	 		\N
2593	2593	uk	2018-11-02 11:34:49.854545	2018-11-02 11:34:49.854545	\N	\N	 		\N
2594	2594	uk	2018-11-02 11:34:49.871227	2018-11-02 11:34:49.871227	\N	\N	 	.	\N
2595	2595	uk	2018-11-02 11:34:49.89558	2018-11-02 11:34:49.89558	\N	\N	 	.	\N
2596	2596	uk	2018-11-02 11:34:49.911047	2018-11-02 11:34:49.911047	\N	\N	 	.	\N
2597	2597	uk	2018-11-02 11:34:49.925278	2018-11-02 11:34:49.925278	\N	\N	 	.	\N
2598	2598	uk	2018-11-02 11:34:49.939428	2018-11-02 11:34:49.939428	\N	\N	 	.	\N
2599	2599	uk	2018-11-02 11:34:49.956788	2018-11-02 11:34:49.956788	\N	\N	 	.	\N
2600	2600	uk	2018-11-02 11:34:49.971784	2018-11-02 11:34:49.971784	\N	\N	 	.	\N
2601	2601	uk	2018-11-02 11:34:49.987727	2018-11-02 11:34:49.987727	\N	\N	 	.	\N
2602	2602	uk	2018-11-02 11:34:50.002939	2018-11-02 11:34:50.002939	\N	\N	 	.	\N
2603	2603	uk	2018-11-02 11:34:50.019075	2018-11-02 11:34:50.019075	\N	\N	 	 	\N
2604	2604	uk	2018-11-02 11:34:50.035197	2018-11-02 11:34:50.035197	\N	\N	 	 	\N
2605	2605	uk	2018-11-02 11:34:50.057968	2018-11-02 11:34:50.057968	\N	\N	 	 	\N
2606	2606	uk	2018-11-02 11:34:50.081748	2018-11-02 11:34:50.081748	\N	\N	 	 	\N
2607	2607	uk	2018-11-02 11:34:50.096576	2018-11-02 11:34:50.096576	\N	\N	 	 	\N
2608	2608	uk	2018-11-02 11:34:50.112211	2018-11-02 11:34:50.112211	\N	\N	 	 	\N
2609	2609	uk	2018-11-02 11:34:50.127826	2018-11-02 11:34:50.127826	\N	\N	 	 	\N
2610	2610	uk	2018-11-02 11:34:50.151661	2018-11-02 11:34:50.151661	\N	\N	 	 	\N
2611	2611	uk	2018-11-02 11:34:50.166374	2018-11-02 11:34:50.166374	\N	\N	 	 	\N
2612	2612	uk	2018-11-02 11:34:50.180731	2018-11-02 11:34:50.180731	\N	\N	 	 	\N
2613	2613	uk	2018-11-02 11:34:50.195489	2018-11-02 11:34:50.195489	\N	\N	 	 	\N
2614	2614	uk	2018-11-02 11:34:50.209816	2018-11-02 11:34:50.209816	\N	\N	 	 	\N
2615	2615	uk	2018-11-02 11:34:50.227136	2018-11-02 11:34:50.227136	\N	\N	 	 	\N
2616	2616	uk	2018-11-02 11:34:50.241897	2018-11-02 11:34:50.241897	\N	\N	 	 	\N
2617	2617	uk	2018-11-02 11:34:50.25655	2018-11-02 11:34:50.25655	\N	\N	 	 	\N
2618	2618	uk	2018-11-02 11:34:50.27323	2018-11-02 11:34:50.27323	\N	\N	 	 	\N
2619	2619	uk	2018-11-02 11:34:50.295293	2018-11-02 11:34:50.295293	\N	\N	 	 	\N
2620	2620	uk	2018-11-02 11:34:50.318049	2018-11-02 11:34:50.318049	\N	\N	 	 	\N
2621	2621	uk	2018-11-02 11:34:50.345638	2018-11-02 11:34:50.345638	\N	\N	 	 	\N
2622	2622	uk	2018-11-02 11:34:50.366826	2018-11-02 11:34:50.366826	\N	\N	 	 	\N
2623	2623	uk	2018-11-02 11:34:50.388358	2018-11-02 11:34:50.388358	\N	\N	 	 	\N
2624	2624	uk	2018-11-02 11:34:50.409627	2018-11-02 11:34:50.409627	\N	\N	 	 	\N
2625	2625	uk	2018-11-02 11:34:50.434713	2018-11-02 11:34:50.434713	\N	\N	 	 	\N
2626	2626	uk	2018-11-02 11:34:50.456113	2018-11-02 11:34:50.456113	\N	\N	 	 	\N
2627	2627	uk	2018-11-02 11:34:50.477181	2018-11-02 11:34:50.477181	\N	\N	 	 	\N
2628	2628	uk	2018-11-02 11:34:50.495759	2018-11-02 11:34:50.495759	\N	\N	 		\N
2629	2629	uk	2018-11-02 11:34:50.517336	2018-11-02 11:34:50.517336	\N	\N	 		\N
2630	2630	uk	2018-11-02 11:34:50.538819	2018-11-02 11:34:50.538819	\N	\N	 		\N
2631	2631	uk	2018-11-02 11:34:50.553569	2018-11-02 11:34:50.553569	\N	\N	 		\N
2632	2632	uk	2018-11-02 11:34:50.568845	2018-11-02 11:34:50.568845	\N	\N	 		\N
2633	2633	uk	2018-11-02 11:34:50.583756	2018-11-02 11:34:50.583756	\N	\N	 		\N
2634	2634	uk	2018-11-02 11:34:50.599068	2018-11-02 11:34:50.599068	\N	\N	 		\N
2635	2635	uk	2018-11-02 11:34:50.622071	2018-11-02 11:34:50.622071	\N	\N	 		\N
2636	2636	uk	2018-11-02 11:34:50.641031	2018-11-02 11:34:50.641031	\N	\N	 	600-	\N
2637	2637	uk	2018-11-02 11:34:50.657059	2018-11-02 11:34:50.657059	\N	\N	 	600-	\N
2638	2638	uk	2018-11-02 11:34:50.671525	2018-11-02 11:34:50.671525	\N	\N	 	600-	\N
2639	2639	uk	2018-11-02 11:34:50.685491	2018-11-02 11:34:50.685491	\N	\N	 	600-	\N
2640	2640	uk	2018-11-02 11:34:50.699974	2018-11-02 11:34:50.699974	\N	\N	 	600-	\N
2641	2641	uk	2018-11-02 11:34:50.72014	2018-11-02 11:34:50.72014	\N	\N	 	600-	\N
2642	2642	uk	2018-11-02 11:34:50.735095	2018-11-02 11:34:50.735095	\N	\N	 	600-	\N
2643	2643	uk	2018-11-02 11:34:50.749807	2018-11-02 11:34:50.749807	\N	\N	 	600-	\N
2644	2644	uk	2018-11-02 11:34:50.764599	2018-11-02 11:34:50.764599	\N	\N	 	600-	\N
2645	2645	uk	2018-11-02 11:34:50.778962	2018-11-02 11:34:50.778962	\N	\N	 	600-	\N
2646	2646	uk	2018-11-02 11:34:50.793743	2018-11-02 11:34:50.793743	\N	\N	 	600-	\N
2647	2647	uk	2018-11-02 11:34:50.80855	2018-11-02 11:34:50.80855	\N	\N	 	600-	\N
2648	2648	uk	2018-11-02 11:34:50.822806	2018-11-02 11:34:50.822806	\N	\N	 	600-	\N
2649	2649	uk	2018-11-02 11:34:50.837196	2018-11-02 11:34:50.837196	\N	\N	 	600-	\N
2650	2650	uk	2018-11-02 11:34:50.851533	2018-11-02 11:34:50.851533	\N	\N	 	600-	\N
2651	2651	uk	2018-11-02 11:34:50.868003	2018-11-02 11:34:50.868003	\N	\N	 	600-	\N
2652	2652	uk	2018-11-02 11:34:50.88267	2018-11-02 11:34:50.88267	\N	\N	 	600-	\N
2653	2653	uk	2018-11-02 11:34:50.912039	2018-11-02 11:34:50.912039	\N	\N	 	600-	\N
2654	2654	uk	2018-11-02 11:34:50.931136	2018-11-02 11:34:50.931136	\N	\N	 	600-	\N
2655	2655	uk	2018-11-02 11:34:50.948491	2018-11-02 11:34:50.948491	\N	\N	 	600-	\N
2656	2656	uk	2018-11-02 11:34:50.962718	2018-11-02 11:34:50.962718	\N	\N	 	600-	\N
2657	2657	uk	2018-11-02 11:34:50.97693	2018-11-02 11:34:50.97693	\N	\N	 		\N
2658	2658	uk	2018-11-02 11:34:50.998666	2018-11-02 11:34:50.998666	\N	\N	 		\N
2659	2659	uk	2018-11-02 11:34:51.013341	2018-11-02 11:34:51.013341	\N	\N	 		\N
2660	2660	uk	2018-11-02 11:34:51.036194	2018-11-02 11:34:51.036194	\N	\N	 		\N
2661	2661	uk	2018-11-02 11:34:51.050866	2018-11-02 11:34:51.050866	\N	\N	 		\N
2662	2662	uk	2018-11-02 11:34:51.064721	2018-11-02 11:34:51.064721	\N	\N	 		\N
2663	2663	uk	2018-11-02 11:34:51.079128	2018-11-02 11:34:51.079128	\N	\N	 		\N
2664	2664	uk	2018-11-02 11:34:51.093336	2018-11-02 11:34:51.093336	\N	\N	 		\N
2665	2665	uk	2018-11-02 11:34:51.107972	2018-11-02 11:34:51.107972	\N	\N	 		\N
2666	2666	uk	2018-11-02 11:34:51.122391	2018-11-02 11:34:51.122391	\N	\N	 		\N
2667	2667	uk	2018-11-02 11:34:51.137155	2018-11-02 11:34:51.137155	\N	\N	 		\N
2668	2668	uk	2018-11-02 11:34:51.152071	2018-11-02 11:34:51.152071	\N	\N	 		\N
2669	2669	uk	2018-11-02 11:34:51.166572	2018-11-02 11:34:51.166572	\N	\N	 		\N
2670	2670	uk	2018-11-02 11:34:51.180956	2018-11-02 11:34:51.180956	\N	\N	 	.	\N
2671	2671	uk	2018-11-02 11:34:51.208557	2018-11-02 11:34:51.208557	\N	\N	 	.	\N
2672	2672	uk	2018-11-02 11:34:51.223342	2018-11-02 11:34:51.223342	\N	\N	 	.	\N
2673	2673	uk	2018-11-02 11:34:51.242041	2018-11-02 11:34:51.242041	\N	\N	 	.	\N
2674	2674	uk	2018-11-02 11:34:51.257926	2018-11-02 11:34:51.257926	\N	\N	 	.	\N
2675	2675	uk	2018-11-02 11:34:51.272876	2018-11-02 11:34:51.272876	\N	\N	 	.	\N
2676	2676	uk	2018-11-02 11:34:51.287163	2018-11-02 11:34:51.287163	\N	\N	 	.	\N
2677	2677	uk	2018-11-02 11:34:51.303831	2018-11-02 11:34:51.303831	\N	\N	 		\N
2678	2678	uk	2018-11-02 11:34:51.320779	2018-11-02 11:34:51.320779	\N	\N	 		\N
2679	2679	uk	2018-11-02 11:34:51.33763	2018-11-02 11:34:51.33763	\N	\N	 		\N
2680	2680	uk	2018-11-02 11:34:51.352738	2018-11-02 11:34:51.352738	\N	\N	 		\N
2681	2681	uk	2018-11-02 11:34:51.366759	2018-11-02 11:34:51.366759	\N	\N	 		\N
2682	2682	uk	2018-11-02 11:34:51.383715	2018-11-02 11:34:51.383715	\N	\N	 		\N
2683	2683	uk	2018-11-02 11:34:51.399892	2018-11-02 11:34:51.399892	\N	\N	 		\N
2684	2684	uk	2018-11-02 11:34:51.427616	2018-11-02 11:34:51.427616	\N	\N	 		\N
2685	2685	uk	2018-11-02 11:34:51.448848	2018-11-02 11:34:51.448848	\N	\N	 	 	\N
2686	2686	uk	2018-11-02 11:34:51.467175	2018-11-02 11:34:51.467175	\N	\N	 	 	\N
2687	2687	uk	2018-11-02 11:34:51.484913	2018-11-02 11:34:51.484913	\N	\N	 	 	\N
2688	2688	uk	2018-11-02 11:34:51.508704	2018-11-02 11:34:51.508704	\N	\N	 	 	\N
2689	2689	uk	2018-11-02 11:34:51.524426	2018-11-02 11:34:51.524426	\N	\N	 	3- 	\N
2690	2690	uk	2018-11-02 11:34:51.540841	2018-11-02 11:34:51.540841	\N	\N	 	2- 	\N
2691	2691	uk	2018-11-02 11:34:51.556185	2018-11-02 11:34:51.556185	\N	\N	 	1- 	\N
2692	2692	uk	2018-11-02 11:34:51.572333	2018-11-02 11:34:51.572333	\N	\N	 	1- 	\N
2693	2693	uk	2018-11-02 11:34:51.588369	2018-11-02 11:34:51.588369	\N	\N	 	1- 	\N
2694	2694	uk	2018-11-02 11:34:51.617129	2018-11-02 11:34:51.617129	\N	\N	 		\N
2695	2695	uk	2018-11-02 11:34:51.63457	2018-11-02 11:34:51.63457	\N	\N	 		\N
2696	2696	uk	2018-11-02 11:34:51.662684	2018-11-02 11:34:51.662684	\N	\N	 		\N
2697	2697	uk	2018-11-02 11:34:51.687591	2018-11-02 11:34:51.687591	\N	\N	 		\N
2698	2698	uk	2018-11-02 11:34:51.704035	2018-11-02 11:34:51.704035	\N	\N	 		\N
2699	2699	uk	2018-11-02 11:34:51.724959	2018-11-02 11:34:51.724959	\N	\N	 		\N
2700	2700	uk	2018-11-02 11:34:51.751211	2018-11-02 11:34:51.751211	\N	\N	 		\N
2701	2701	uk	2018-11-02 11:34:51.767289	2018-11-02 11:34:51.767289	\N	\N	 		\N
2702	2702	uk	2018-11-02 11:34:51.785543	2018-11-02 11:34:51.785543	\N	\N	 		\N
2703	2703	uk	2018-11-02 11:34:51.80049	2018-11-02 11:34:51.80049	\N	\N	 		\N
2704	2704	uk	2018-11-02 11:34:51.817502	2018-11-02 11:34:51.817502	\N	\N	 		\N
2705	2705	uk	2018-11-02 11:34:51.834336	2018-11-02 11:34:51.834336	\N	\N	 		\N
2706	2706	uk	2018-11-02 11:34:51.848601	2018-11-02 11:34:51.848601	\N	\N	 		\N
2707	2707	uk	2018-11-02 11:34:51.862435	2018-11-02 11:34:51.862435	\N	\N	 		\N
2708	2708	uk	2018-11-02 11:34:51.885872	2018-11-02 11:34:51.885872	\N	\N	 		\N
2709	2709	uk	2018-11-02 11:34:51.902294	2018-11-02 11:34:51.902294	\N	\N	 		\N
2710	2710	uk	2018-11-02 11:34:51.917981	2018-11-02 11:34:51.917981	\N	\N	 		\N
2711	2711	uk	2018-11-02 11:34:51.932524	2018-11-02 11:34:51.932524	\N	\N	 		\N
2712	2712	uk	2018-11-02 11:34:51.950777	2018-11-02 11:34:51.950777	\N	\N	 		\N
2713	2713	uk	2018-11-02 11:34:51.969095	2018-11-02 11:34:51.969095	\N	\N	  1	 	\N
2714	2714	uk	2018-11-02 11:34:51.997858	2018-11-02 11:34:51.997858	\N	 1-   9-  	       		\N
2715	2715	uk	2018-11-02 11:34:52.016558	2018-11-02 11:34:52.016558	\N		 "" "	 	\N
2716	2716	uk	2018-11-02 11:34:52.034728	2018-11-02 11:34:52.034728	\N	\N	-689		\N
2717	2717	uk	2018-11-02 11:34:52.0528	2018-11-02 11:34:52.0528	\N	\N		 	\N
2718	2718	uk	2018-11-02 11:34:52.071043	2018-11-02 11:34:52.071043	\N	\N		.	\N
2719	2719	uk	2018-11-02 11:34:52.090616	2018-11-02 11:34:52.090616	\N	\N	-806	.	\N
2720	2720	uk	2018-11-02 11:34:52.109018	2018-11-02 11:34:52.109018	\N	\N	-473		\N
2721	2721	uk	2018-11-02 11:34:52.1276	2018-11-02 11:34:52.1276	\N	 ,  ,  	     ,  1		\N
2722	2722	uk	2018-11-02 11:34:52.15117	2018-11-02 11:34:52.15117	\N		  "   72   "	 	\N
2723	2723	uk	2018-11-02 11:34:52.184604	2018-11-02 11:34:52.184604	\N	\N	\N	.	\N
2724	2724	uk	2018-11-02 11:34:52.214348	2018-11-02 11:34:52.214348	\N	,  ,  , / ,       	    . ,  1		\N
2725	2725	uk	2018-11-02 11:34:52.241792	2018-11-02 11:34:52.241792	\N	 ,  ,  	    . ,   -  		\N
2726	2726	uk	2018-11-02 11:34:52.265519	2018-11-02 11:34:52.265519	\N		 "  . 25 "		\N
2727	2727	uk	2018-11-02 11:34:52.292283	2018-11-02 11:34:52.292283	\N	1	   32 		\N
2728	2728	uk	2018-11-02 11:34:52.320331	2018-11-02 11:34:52.320331	\N	\N	  " "	.	\N
2729	2729	uk	2018-11-02 11:34:52.338727	2018-11-02 11:34:52.338727	\N	-	 .		\N
2730	2730	uk	2018-11-02 11:34:52.359896	2018-11-02 11:34:52.359896	\N		 .		\N
2731	2731	uk	2018-11-02 11:34:52.378732	2018-11-02 11:34:52.378732	\N		 .		\N
2732	2732	uk	2018-11-02 11:34:52.398013	2018-11-02 11:34:52.398013	\N	 5	 .		\N
2733	2733	uk	2018-11-02 11:34:52.416174	2018-11-02 11:34:52.416174	\N	 6	 .		\N
2734	2734	uk	2018-11-02 11:34:52.442205	2018-11-02 11:34:52.442205	\N	 7	 .		\N
2735	2735	uk	2018-11-02 11:34:52.460726	2018-11-02 11:34:52.460726	\N	, 1 ( )	  "  -  13   "	 	\N
2736	2736	uk	2018-11-02 11:34:52.483142	2018-11-02 11:34:52.483142	\N	1 ()	  "  -  13   "	 	\N
2737	2737	uk	2018-11-02 11:34:52.502886	2018-11-02 11:34:52.502886	\N	 ()	  "  -  13   "	 	\N
2738	2738	uk	2018-11-02 11:34:52.530486	2018-11-02 11:34:52.530486	\N	 ()	  "  -  13   "	 	\N
2739	2739	uk	2018-11-02 11:34:52.551452	2018-11-02 11:34:52.551452	\N	 ()	  "  -  13   "	 	\N
2740	2740	uk	2018-11-02 11:34:52.574797	2018-11-02 11:34:52.574797	\N	 3	 .		\N
2741	2741	uk	2018-11-02 11:34:52.593645	2018-11-02 11:34:52.593645	\N	 4	 .		\N
2742	2742	uk	2018-11-02 11:34:52.617246	2018-11-02 11:34:52.617246	\N	 	 .		\N
2743	2743	uk	2018-11-02 11:34:52.6365	2018-11-02 11:34:52.6365	\N	 8	 .		\N
2744	2744	uk	2018-11-02 11:34:52.655524	2018-11-02 11:34:52.655524	\N	 9	 .		\N
2745	2745	uk	2018-11-02 11:34:52.677213	2018-11-02 11:34:52.677213	\N	 10	 .		\N
2746	2746	uk	2018-11-02 11:34:52.695634	2018-11-02 11:34:52.695634	\N	 11	 .		\N
2747	2747	uk	2018-11-02 11:34:52.714046	2018-11-02 11:34:52.714046	\N		 .		\N
2748	2748	uk	2018-11-02 11:34:52.732203	2018-11-02 11:34:52.732203	\N		 .		\N
2749	2749	uk	2018-11-02 11:34:52.749932	2018-11-02 11:34:52.749932	\N		 .		\N
2750	2750	uk	2018-11-02 11:34:52.768651	2018-11-02 11:34:52.768651	\N	 	 .		\N
2751	2751	uk	2018-11-02 11:34:52.787252	2018-11-02 11:34:52.787252	\N		 .		\N
2752	2752	uk	2018-11-02 11:34:52.818956	2018-11-02 11:34:52.818956	\N		 .		\N
2753	2753	uk	2018-11-02 11:34:52.837963	2018-11-02 11:34:52.837963	\N	 	 .		\N
2754	2754	uk	2018-11-02 11:34:52.856266	2018-11-02 11:34:52.856266	\N	- 	 .		\N
2755	2755	uk	2018-11-02 11:34:52.877519	2018-11-02 11:34:52.877519	\N	 	  3  		\N
2756	2756	uk	2018-11-02 11:34:52.898442	2018-11-02 11:34:52.898442	\N		 8	.	\N
2757	2757	uk	2018-11-02 11:34:52.931999	2018-11-02 11:34:52.931999	\N		 8	.	\N
2758	2758	uk	2018-11-02 11:34:52.959108	2018-11-02 11:34:52.959108	\N	,  ,  , / ,       	    . ,  1		\N
2759	2759	uk	2018-11-02 11:34:52.975711	2018-11-02 11:34:52.975711	\N	\N	4/25    	 	\N
2760	2760	uk	2018-11-02 11:34:52.996781	2018-11-02 11:34:52.996781	   	-	  		\N
2761	2761	uk	2018-11-02 11:34:53.017578	2018-11-02 11:34:53.017578	\N	\N	 	-	\N
2762	2762	uk	2018-11-02 11:34:53.035584	2018-11-02 11:34:53.035584	\N	\N	 	-	\N
2763	2763	uk	2018-11-02 11:34:53.05375	2018-11-02 11:34:53.05375	\N	71	-  	 	\N
2764	2764	uk	2018-11-02 11:34:53.082248	2018-11-02 11:34:53.082248	\N	\N		 	\N
2765	2765	uk	2018-11-02 11:34:53.108159	2018-11-02 11:34:53.108159	\N	 "- :   -  - -  29 "	 "- :   -  - -  29 "		\N
2766	2766	uk	2018-11-02 11:34:53.130267	2018-11-02 11:34:53.130267	\N		 " 21"	600-	\N
2767	2767	uk	2018-11-02 11:34:53.152174	2018-11-02 11:34:53.152174	\N	\N	" 17"1	 	\N
2768	2768	uk	2018-11-02 11:34:53.172252	2018-11-02 11:34:53.172252	\N	  	     2		\N
2769	2769	uk	2018-11-02 11:34:53.211278	2018-11-02 11:34:53.211278	\N	 ,,  	 " 24"		\N
2770	2770	uk	2018-11-02 11:34:53.235362	2018-11-02 11:34:53.235362	\N		  " 16 "	 	\N
2771	2771	uk	2018-11-02 11:34:53.25536	2018-11-02 11:34:53.25536	\N	 	  "   "	 	\N
2772	2772	uk	2018-11-02 11:34:53.28938	2018-11-02 11:34:53.28938	\N	2	  "  -  10   "	 	\N
2773	2773	uk	2018-11-02 11:34:53.307421	2018-11-02 11:34:53.307421	\N	108, 110	    		\N
2774	2774	uk	2018-11-02 11:34:53.332478	2018-11-02 11:34:53.332478	\N	 	  "  -       "	.	\N
2775	2775	uk	2018-11-02 11:34:53.352712	2018-11-02 11:34:53.352712	\N	1	"  74"	 	\N
2776	2776	uk	2018-11-02 11:34:53.377569	2018-11-02 11:34:53.377569	\N		 " -  24 "		\N
2777	2777	uk	2018-11-02 11:34:53.401684	2018-11-02 11:34:53.401684	\N	   1  	 " - . 19 "	 	\N
2778	2778	uk	2018-11-02 11:34:53.423319	2018-11-02 11:34:53.423319	\N	\N	 18		\N
2779	2779	uk	2018-11-02 11:34:53.442865	2018-11-02 11:34:53.442865	  		" 14"		\N
2780	2780	uk	2018-11-02 11:34:53.509596	2018-11-02 11:34:53.509596	\N	 11	 11	 	\N
2781	2781	uk	2018-11-02 11:34:53.534701	2018-11-02 11:34:53.534701	\N		 " 9"		\N
2782	2782	uk	2018-11-02 11:34:53.560489	2018-11-02 11:34:53.560489	\N		 8	.	\N
2783	2783	uk	2018-11-02 11:34:53.581153	2018-11-02 11:34:53.581153	  	,,	 7 + 	 	\N
2784	2784	uk	2018-11-02 11:34:53.602029	2018-11-02 11:34:53.602029	\N		 " 6"		\N
2785	2785	uk	2018-11-02 11:34:53.61986	2018-11-02 11:34:53.61986	\N	\N	 3	 	\N
2786	2786	uk	2018-11-02 11:34:53.637131	2018-11-02 11:34:53.637131	\N	1	  		\N
2787	2787	uk	2018-11-02 11:34:53.658268	2018-11-02 11:34:53.658268	\N		 " 20"		\N
2788	2788	uk	2018-11-02 11:34:53.686897	2018-11-02 11:34:53.686897	\N	 , , 	  "   "		\N
2789	2789	uk	2018-11-02 11:34:53.71133	2018-11-02 11:34:53.71133	  	- 	 " -   5"		\N
2790	2790	uk	2018-11-02 11:34:53.732433	2018-11-02 11:34:53.732433	\N		  "  -  16   "	 	\N
2791	2791	uk	2018-11-02 11:34:53.750212	2018-11-02 11:34:53.750212	\N	3.28		 	\N
2792	2792	uk	2018-11-02 11:34:53.781137	2018-11-02 11:34:53.781137	\N		  "- :  - - 2  "		\N
2793	2793	uk	2018-11-02 11:34:53.800783	2018-11-02 11:34:53.800783	\N				\N
2794	2794	uk	2018-11-02 11:34:53.819674	2018-11-02 11:34:53.819674	\N				\N
2795	2795	uk	2018-11-02 11:34:53.838328	2018-11-02 11:34:53.838328	\N				\N
2796	2796	uk	2018-11-02 11:34:53.859568	2018-11-02 11:34:53.859568	\N				\N
2797	2797	uk	2018-11-02 11:34:53.882526	2018-11-02 11:34:53.882526	\N	  "  - . 21 "	  "  - . 21  "	600-	\N
2798	2798	uk	2018-11-02 11:34:53.905063	2018-11-02 11:34:53.905063	\N		  -   11 	 	\N
2799	2799	uk	2018-11-02 11:34:53.926528	2018-11-02 11:34:53.926528	\N		 " -   18 "		\N
2800	2800	uk	2018-11-02 11:34:53.950997	2018-11-02 11:34:53.950997	\N	\N	  "  -  15   "		\N
2801	2801	uk	2018-11-02 11:34:53.975838	2018-11-02 11:34:53.975838	\N		  "  -  31   "	 	\N
2802	2802	uk	2018-11-02 11:34:54.003836	2018-11-02 11:34:54.003836	\N	21030	  "    -   ""	 	\N
2803	2803	uk	2018-11-02 11:34:54.029024	2018-11-02 11:34:54.029024	\N		    -   35   	 	\N
2804	2804	uk	2018-11-02 11:34:54.053722	2018-11-02 11:34:54.053722	\N			 	\N
2805	2805	uk	2018-11-02 11:34:54.083983	2018-11-02 11:34:54.083983	\N	\N	  "  -        	 	\N
2806	2806	uk	2018-11-02 11:34:54.116353	2018-11-02 11:34:54.116353	\N		  "  -  32   "		\N
2807	2807	uk	2018-11-02 11:34:54.137703	2018-11-02 11:34:54.137703	\N		  "  -  32   "		\N
2808	2808	uk	2018-11-02 11:34:54.161878	2018-11-02 11:34:54.161878	\N	\N	  "  -   14   "		\N
2809	2809	uk	2018-11-02 11:34:54.179735	2018-11-02 11:34:54.179735	\N	\N	   		\N
2810	2810	uk	2018-11-02 11:34:54.202445	2018-11-02 11:34:54.202445	\N		 ": - .-  23 "		\N
2811	2811	uk	2018-11-02 11:34:54.223942	2018-11-02 11:34:54.223942	\N		 "  -  3     "	 	\N
2812	2812	uk	2018-11-02 11:34:54.242672	2018-11-02 11:34:54.242672	\N		 "  -  3     "	 	\N
2813	2813	uk	2018-11-02 11:34:54.264345	2018-11-02 11:34:54.264345	\N		 "  -  3     "	 	\N
2814	2814	uk	2018-11-02 11:34:54.283446	2018-11-02 11:34:54.283446	\N		 "  -  3     "	 	\N
2815	2815	uk	2018-11-02 11:34:54.301775	2018-11-02 11:34:54.301775	\N		 "  -  3     "	 	\N
2816	2816	uk	2018-11-02 11:34:54.325017	2018-11-02 11:34:54.325017	\N			\N	\N
2817	2817	uk	2018-11-02 11:34:54.343345	2018-11-02 11:34:54.343345	\N	 	 	\N	\N
2818	2818	uk	2018-11-02 11:34:54.36157	2018-11-02 11:34:54.36157	\N		  "  I-III  26 "	 	\N
2819	2819	uk	2018-11-02 11:34:54.378179	2018-11-02 11:34:54.378179	\N	   2  	 " - . 19 "	 	\N
2820	2820	uk	2018-11-02 11:34:54.39876	2018-11-02 11:34:54.39876	\N		 " - . 19 "	 	\N
2821	2821	uk	2018-11-02 11:34:54.416516	2018-11-02 11:34:54.416516	\N		 " - . 19 "	 	\N
2822	2822	uk	2018-11-02 11:34:54.432912	2018-11-02 11:34:54.432912	\N		 " - . 19 "	 	\N
2823	2823	uk	2018-11-02 11:34:54.449729	2018-11-02 11:34:54.449729	\N	, 	 " - . 19 "	 	\N
2824	2824	uk	2018-11-02 11:34:54.477142	2018-11-02 11:34:54.477142	\N	 	  "  I-III  26 "	 	\N
2825	2825	uk	2018-11-02 11:34:54.495891	2018-11-02 11:34:54.495891	\N		  "  1 . ..   "		\N
2826	2826	uk	2018-11-02 11:34:54.523106	2018-11-02 11:34:54.523106	\N	 - 	 - 	\N	\N
2827	2827	uk	2018-11-02 11:34:54.550478	2018-11-02 11:34:54.550478	\N	 - 	 - 	\N	\N
2828	2828	uk	2018-11-02 11:34:54.568754	2018-11-02 11:34:54.568754	\N			\N	\N
2829	2829	uk	2018-11-02 11:34:54.597031	2018-11-02 11:34:54.597031	\N		 8	.	\N
2830	2830	uk	2018-11-02 11:34:54.616942	2018-11-02 11:34:54.616942	\N		 8	.	\N
2831	2831	uk	2018-11-02 11:34:54.637026	2018-11-02 11:34:54.637026	\N		 8	.	\N
2832	2832	uk	2018-11-02 11:34:54.668525	2018-11-02 11:34:54.668525	\N		  "  -  32   "		\N
2833	2833	uk	2018-11-02 11:34:54.688436	2018-11-02 11:34:54.688436	\N	  	  	\N	\N
2834	2834	uk	2018-11-02 11:34:54.707963	2018-11-02 11:34:54.707963	\N	  	  	\N	\N
2835	2835	uk	2018-11-02 11:34:54.727918	2018-11-02 11:34:54.727918	\N	.  . ""	. 	\N	\N
2836	2836	uk	2018-11-02 11:34:54.747055	2018-11-02 11:34:54.747055	\N	.  . ""	. 	\N	\N
2837	2837	uk	2018-11-02 11:34:54.765977	2018-11-02 11:34:54.765977	\N	 - 	 - 	\N	\N
2838	2838	uk	2018-11-02 11:34:54.791064	2018-11-02 11:34:54.791064	\N			\N	\N
2839	23	en	2018-11-09 13:20:07.901067	2018-11-09 13:20:07.901067					\N
18	18	uk	2018-11-02 11:34:00.38866	2018-11-09 13:20:47.041587		1	  "    ""		\N
2840	18	en	2018-11-09 13:20:47.042567	2018-11-09 13:20:47.042567					\N
2841	10	en	2018-11-09 13:22:48.581591	2018-11-09 13:22:48.581591					\N
2844	3	en	2018-11-22 11:55:11.600802	2018-11-22 11:55:11.600802					\N
2848	9	en	2018-12-06 09:20:12.440394	2018-12-06 09:20:12.440394					\N
393	393	uk	2018-11-02 11:34:08.219454	2018-12-06 09:37:23.152833		 87/100	 		\N
2849	393	en	2018-12-06 09:37:23.154287	2018-12-06 09:37:23.154287					\N
2850	4	en	2018-12-06 13:31:59.137444	2018-12-06 13:31:59.137444					\N
2851	14	en	2018-12-06 13:32:18.986369	2018-12-06 13:32:18.986369					\N
2852	17	en	2018-12-06 13:32:43.4766	2018-12-06 13:32:43.4766					\N
2853	19	en	2018-12-06 13:33:11.56801	2018-12-06 13:33:11.56801					\N
2854	49	en	2018-12-06 13:33:34.260756	2018-12-06 13:33:34.260756					\N
2855	339	en	2018-12-06 13:33:57.096937	2018-12-06 13:33:57.096937					\N
87	87	uk	2018-11-02 11:34:01.967385	2018-12-06 13:34:19.752646			 		\N
2856	87	en	2018-12-06 13:34:19.753861	2018-12-06 13:34:19.753861					\N
2857	384	en	2018-12-06 13:34:35.348151	2018-12-06 13:34:35.348151					\N
2858	390	en	2018-12-06 13:34:52.877842	2018-12-06 13:34:52.877842					\N
321	321	uk	2018-11-02 11:34:06.68686	2018-12-06 14:28:48.03458			 12	 	\N
2859	321	en	2018-12-06 14:28:48.0359	2018-12-06 14:28:48.0359					\N
2861	385	en	2018-12-06 14:30:41.636923	2018-12-06 14:30:41.636923					\N
2862	2841	uk	2018-12-18 13:40:04.281372	2019-01-11 07:41:33.874858			   	 , 95, ,  , 21000	 
2863	2841	en	2018-12-18 13:40:04.284399	2019-01-11 07:41:33.876048			Vinnytsia national technical university	21000, Vinnytsia, Khmel'nyts'ke shose 95	National university
1639	1639	uk	2018-11-02 11:34:29.776068	2019-01-11 07:58:17.905447			   .  	 600-, 21, ,  , 21000	 
2864	1639	en	2019-01-11 07:58:17.908536	2019-01-11 07:58:17.908536			Vasyl Stus Donetsk National University	21021, Vinnytsia, 600-Richchya 21	National university
2865	2842	uk	2019-01-11 08:08:07.991915	2019-01-11 08:08:07.991915			    . . . 	 , 56, , 21018	 
2866	2842	en	2019-01-11 08:08:07.993336	2019-01-11 08:08:07.993336			National Pirogov Memorial Medical University	21018, Vinnytsia, Pyrohova Street 56	National university
2860	356	en	2018-12-06 14:29:00.430049	2019-01-11 08:10:29.786182					
2867	2843	uk	2019-01-11 08:18:33.518339	2019-01-11 08:18:33.518339			    .  	 , 32, , 21000	 
2868	2843	en	2019-01-11 08:18:33.520074	2019-01-11 08:18:33.520074			Vinnytsia Mykhailo Kotsyubinsky State Pedagogical University	21000, Vinnytsia, Ostrozkogo street 32 	State university
2846	2840	uk	2018-11-28 15:22:03.067663	2019-01-21 14:42:09.569475			 ""	21001 . , . , 43	 
2847	2840	en	2018-11-28 15:22:03.071112	2019-01-21 14:42:09.570861			PJSC "Volodarka"	43, Kotsyubinsky Street,  Vinnytsya, 21001	Textile industry
371	371	uk	2018-11-02 11:34:07.722441	2019-02-07 13:17:51.990545		90			
2845	371	en	2018-11-28 13:37:36.969391	2019-02-07 13:17:51.992829					
2869	2844	uk	2019-01-11 08:53:23.33276	2019-01-11 08:53:23.33276			 -    - 	 , 87, , 21000	 
2870	2844	en	2019-01-11 08:53:23.337114	2019-01-11 08:53:23.337114			Vinnytsia Institute of Trade and Economics which is a regional subdivision of Kyiv National University of Trade and Economics	21000, Vinnytsia, Soborna street 87 	National university
2871	2845	uk	2019-01-11 09:04:27.46484	2019-01-11 09:04:27.46484			   	 , 3, ,  21000	 
2872	2845	en	2019-01-11 09:04:27.466406	2019-01-11 09:04:27.466406			Vinnytsia National Agrarian University	21000, Vinnytsia, Somiachna street 3	National university
2873	2846	uk	2019-01-11 12:43:44.921975	2019-01-11 12:43:44.921975			AGRANA Fruit	  , 32, , 21000	  ,     
2874	2846	en	2019-01-11 12:43:44.923661	2019-01-11 12:43:44.923661			AGRANA Fruit	21000, Vinnytsia, Serhii Zulinskyi street, 32	Production of fruit fillers, concentrated fruit juices
2875	2847	uk	2019-01-11 13:56:57.88189	2019-01-11 13:56:57.88189			Barlinek	21034,  , 7, 	   
2876	2847	en	2019-01-11 13:56:57.883537	2019-01-11 13:56:57.883537			Barlinek	21034, Chehova, 7, Vinnytsia	 Manufacture of goods from wood
2877	2848	uk	2019-01-17 14:05:11.149452	2019-01-17 14:05:11.149452			Delphi Software	 600-, 17, , 21021	  
2878	2848	en	2019-01-17 14:05:11.151388	2019-01-17 14:05:11.151388			Delphi Software	600-Richchya, 17, Vinnitsa, Ukraine, 21021	Software development
2879	2849	uk	2019-01-17 14:11:04.984592	2019-01-17 14:11:04.984592			ViOil	21034, , .  .  , 26	  
2880	2849	en	2019-01-17 14:11:04.986081	2019-01-17 14:11:04.986081			ViOil	26 Nemirovskoe shosse str. Vinnitsa, 21034, Ukraine	 Agrarian industry
2881	2850	uk	2019-01-21 12:54:47.181396	2019-01-21 12:54:47.181396			UBC Group	. , .  , 213	  
2882	2850	en	2019-01-21 12:54:47.183939	2019-01-21 12:54:47.183939			UBC Group	Nemyrivs`ke shose 213, Vinnytsia	 Production of refrigeration equipment
2883	2851	uk	2019-01-21 13:08:26.521364	2019-01-21 13:08:26.521364			 Roshen	 , 12, 	 
2884	2851	en	2019-01-21 13:08:26.522998	2019-01-21 13:08:26.522998			Roshen Corporation	 Lypovets'ka street, 12, Vinnytsia	Confectionery
2885	2852	uk	2019-01-21 13:28:22.71133	2019-01-21 13:28:22.71133				.   145, , 21029	  
2886	2852	en	2019-01-21 13:28:22.713655	2019-01-21 13:28:22.713655			PromAvtomatyka	21029, Vinnytsia, Khmelnts'ke shose 145	 Production of electrical products
2887	2853	uk	2019-01-21 13:35:00.557962	2019-01-21 13:35:00.557962			   	21018, . , .  , 15	  
2888	2853	en	2019-01-21 13:35:00.559474	2019-01-21 13:35:00.559474			Vinnytsia Food & Gustatory Factory	 21018, Vinnytsia, st. Rdiona Skaletskogo, 15	Food industry
2889	2854	uk	2019-01-21 15:11:44.24542	2019-01-21 15:11:44.24542			 	21027, . , .600-, 25	 
2890	2854	en	2019-01-21 15:11:44.247534	2019-01-21 15:11:44.247534			Sperco Ukraine	25, 600-richia str.  Vinnytsia 21027	 Pharmaceutical industry
\.


--
-- Data for Name: communal_areas; Type: TABLE DATA; Schema: public; Owner: invest
--

COPY public.communal_areas (id, house_number, prop_registration, cadastral_number, area, rate_percent, year_tax, operation_year, level, tech_area, build_year, architectural, land_category_id, balance_holder_id, communal_branch_id, main_image, gis_type_name, user_id, state, map_layer_id, created_at, updated_at, site) FROM stdin;
1	3	\N	\N	\N	\N	\N		\N	3555.4		f	\N	\N	\N	\N	Point	\N	0	11	2018-11-02 11:33:59.985792	2018-11-02 11:33:59.985792	\N
2	\N	\N	\N	\N	\N	\N		\N	\N	2010	f	\N	\N	\N	\N	Point	\N	0	11	2018-11-02 11:34:00.017165	2018-11-02 11:34:00.017165	\N
5	/	\N	\N	\N	\N	\N		\N	\N	2006	f	\N	\N	1	\N	Point	\N	0	11	2018-11-02 11:34:00.116555	2018-11-02 11:34:00.116555	\N
6	68	\N	\N	\N	\N	\N		\N	\N	2008	f	\N	\N	1	\N	Point	\N	0	11	2018-11-02 11:34:00.13476	2018-11-02 11:34:00.13476	\N
7	68	\N	\N	\N	\N	\N		\N	\N	2008	f	\N	\N	1	\N	Point	\N	0	11	2018-11-02 11:34:00.152734	2018-11-02 11:34:00.152734	\N
8	1	\N	\N	\N	\N	\N		\N	\N		f	\N	\N	1	\N	\N	\N	0	11	2018-11-02 11:34:00.170564	2018-11-02 11:34:00.170564	\N
11	24	2017-08-16	\N	\N	\N	\N	1966	\N	\N		f	\N	\N	3	\N	Point	\N	0	11	2018-11-02 11:34:00.240758	2018-11-02 11:34:00.240758	\N
12	4	2017-09-04	\N	\N	\N	\N		\N	\N	2017	f	\N	\N	2	\N	\N	\N	0	11	2018-11-02 11:34:00.255999	2018-11-02 11:34:00.255999	\N
13	21	2017-10-27	\N	\N	\N	\N	2014	\N	10352.3	2017	f	\N	\N	4	\N	Point	\N	0	11	2018-11-02 11:34:00.276048	2018-11-02 11:34:00.276048	\N
15	17	2017-08-16	\N	\N	\N	\N	1983	1	160.0	2017	f	\N	\N	3	\N	\N	\N	0	11	2018-11-02 11:34:00.305798	2018-11-02 11:34:00.305798	\N
16	\N	2017-08-14	\N	\N	\N	\N		\N	\N	2017	f	\N	\N	3	\N	\N	\N	0	11	2018-11-02 11:34:00.320721	2018-11-02 11:34:00.320721	\N
20	37	2017-07-27	\N	\N	\N	\N		1	172.48	1963	f	\N	\N	5	\N	\N	\N	0	11	2018-11-02 11:34:00.424263	2018-11-02 11:34:00.424263	\N
21	\\	\N	\N	\N	\N	\N		\N	\N		f	\N	\N	1	\N	\N	\N	0	11	2018-11-02 11:34:00.442649	2018-11-02 11:34:00.442649	\N
22	\N	\N	\N	\N	\N	\N		\N	\N		f	\N	\N	7	\N	\N	\N	0	11	2018-11-02 11:34:00.457863	2018-11-02 11:34:00.457863	\N
24	166	2015-09-15	\N	\N	\N	\N		\N	45.4		f	1	\N	3	\N	Point	\N	0	11	2018-11-02 11:34:00.522012	2018-11-02 11:34:00.522012	\N
25	27	2015-09-14	\N	\N	\N	\N		\N	103.8		f	1	\N	3	\N	Point	\N	0	11	2018-11-02 11:34:00.537648	2018-11-02 11:34:00.537648	\N
26	3	2015-07-22	0510100000:02:080:0201	\N	\N	\N		1	10.7		f	1	\N	1	\N	Point	\N	0	11	2018-11-02 11:34:00.556025	2018-11-02 11:34:00.556025	\N
27	14	\N	\N	\N	\N	\N		\N	986.6		f	1	\N	1	\N	Point	\N	0	11	2018-11-02 11:34:00.575713	2018-11-02 11:34:00.575713	\N
28	/	\N	\N	\N	\N	\N		\N	\N		f	1	\N	1	\N	Point	\N	0	11	2018-11-02 11:34:00.597501	2018-11-02 11:34:00.597501	\N
29	\N	\N	\N	\N	\N	\N		\N	\N		f	1	\N	1	\N	Point	\N	0	11	2018-11-02 11:34:00.613063	2018-11-02 11:34:00.613063	\N
30	77	\N	\N	\N	\N	\N		\N	236.6		f	1	\N	1	\N	Point	\N	0	11	2018-11-02 11:34:00.637377	2018-11-02 11:34:00.637377	\N
31	 82, 84	\N	\N	\N	\N	\N		\N	\N		f	1	\N	1	\N	Point	\N	0	11	2018-11-02 11:34:00.661686	2018-11-02 11:34:00.661686	\N
32	 52	\N	\N	\N	\N	\N		\N	\N		f	1	\N	1	\N	Point	\N	0	11	2018-11-02 11:34:00.682971	2018-11-02 11:34:00.682971	\N
33	8	\N	\N	\N	\N	\N		\N	\N		f	1	\N	1	\N	Point	\N	0	11	2018-11-02 11:34:00.702378	2018-11-02 11:34:00.702378	\N
34	191	\N	\N	\N	\N	\N		\N	\N		f	1	\N	7	\N	Point	\N	0	11	2018-11-02 11:34:00.73928	2018-11-02 11:34:00.73928	\N
35	21	\N	\N	\N	\N	\N		\N	\N	2012	f	1	\N	7	\N	Point	\N	0	11	2018-11-02 11:34:00.759036	2018-11-02 11:34:00.759036	\N
36	1	2015-04-23	\N	\N	\N	\N		\N	449.2		f	1	\N	7	\N	Point	\N	0	11	2018-11-02 11:34:00.775877	2018-11-02 11:34:00.775877	\N
37	\N	\N	\N	\N	\N	\N		\N	\N		f	1	\N	7	\N	Point	\N	0	11	2018-11-02 11:34:00.793781	2018-11-02 11:34:00.793781	\N
38	 32	\N	\N	\N	\N	\N		\N	\N		f	1	\N	1	\N	Point	\N	0	11	2018-11-02 11:34:00.81648	2018-11-02 11:34:00.81648	\N
39	\N	\N	\N	\N	\N	\N		\N	\N		f	1	\N	1	\N	Point	\N	0	11	2018-11-02 11:34:00.841204	2018-11-02 11:34:00.841204	\N
40	 138	\N	\N	\N	\N	\N		\N	\N		f	1	\N	1	\N	Point	\N	0	11	2018-11-02 11:34:00.859952	2018-11-02 11:34:00.859952	\N
41	 4	\N	\N	\N	\N	\N		\N	\N		f	1	\N	1	\N	Point	\N	0	11	2018-11-02 11:34:00.87967	2018-11-02 11:34:00.87967	\N
42	170	\N	\N	\N	\N	\N		\N	2407.0		f	1	\N	1	\N	Point	\N	0	11	2018-11-02 11:34:00.900469	2018-11-02 11:34:00.900469	\N
43	80	\N	\N	\N	\N	\N		\N	\N		f	1	\N	1	\N	Point	\N	0	11	2018-11-02 11:34:00.927439	2018-11-02 11:34:00.927439	\N
44	/	\N	\N	\N	\N	\N		\N	\N		f	1	\N	1	\N	Point	\N	0	11	2018-11-02 11:34:00.948443	2018-11-02 11:34:00.948443	\N
45	/	\N	\N	\N	\N	\N		\N	\N		f	1	\N	1	\N	Point	\N	0	11	2018-11-02 11:34:00.966382	2018-11-02 11:34:00.966382	\N
46	 4	\N	\N	\N	\N	\N		\N	\N		f	1	\N	1	\N	Point	\N	0	11	2018-11-02 11:34:00.994445	2018-11-02 11:34:00.994445	\N
47	 171	\N	\N	\N	\N	\N		\N	\N	2012	f	1	\N	1	\N	Point	\N	0	11	2018-11-02 11:34:01.013617	2018-11-02 11:34:01.013617	\N
48	 4	\N	\N	\N	\N	\N		\N	\N	2013	f	1	\N	1	\N	Point	\N	0	11	2018-11-02 11:34:01.032648	2018-11-02 11:34:01.032648	\N
50	 3	\N	\N	\N	\N	\N		\N	\N		f	1	\N	1	\N	Point	\N	0	11	2018-11-02 11:34:01.082937	2018-11-02 11:34:01.082937	\N
51	\N	\N	\N	289528.0	\N	\N		\N	\N	1985	f	1	\N	1	\N	Point	\N	0	11	2018-11-02 11:34:01.098233	2018-11-02 11:34:01.098233	\N
52	 12	\N	\N	\N	\N	\N		\N	\N		f	1	\N	7	\N	Point	\N	0	11	2018-11-02 11:34:01.115665	2018-11-02 11:34:01.115665	\N
53	 48	\N	\N	\N	\N	\N		\N	\N		f	1	\N	7	\N	Point	\N	0	11	2018-11-02 11:34:01.133244	2018-11-02 11:34:01.133244	\N
54	 30	\N	\N	\N	\N	\N		\N	\N		f	1	\N	7	\N	Point	\N	0	11	2018-11-02 11:34:01.150633	2018-11-02 11:34:01.150633	\N
55	1	\N	\N	\N	\N	\N		\N	\N		f	1	\N	7	\N	Point	\N	0	11	2018-11-02 11:34:01.165927	2018-11-02 11:34:01.165927	\N
56	127	\N	\N	\N	\N	\N		\N	\N		f	1	\N	7	\N	Point	\N	0	11	2018-11-02 11:34:01.181468	2018-11-02 11:34:01.181468	\N
57	 9	\N	\N	\N	\N	\N		\N	\N		f	1	\N	7	\N	Point	\N	0	11	2018-11-02 11:34:01.209431	2018-11-02 11:34:01.209431	\N
58	 6, 6	\N	\N	\N	\N	\N		\N	\N		f	1	\N	7	\N	Point	\N	0	11	2018-11-02 11:34:01.234614	2018-11-02 11:34:01.234614	\N
59	33	\N	\N	\N	\N	\N		\N	\N		f	1	\N	7	\N	Point	\N	0	11	2018-11-02 11:34:01.259774	2018-11-02 11:34:01.259774	\N
60	 111, 115	\N	\N	\N	\N	\N		\N	\N		f	1	\N	7	\N	Point	\N	0	11	2018-11-02 11:34:01.278621	2018-11-02 11:34:01.278621	\N
61	 41	\N	\N	\N	\N	\N		\N	\N		f	1	\N	7	\N	Point	\N	0	11	2018-11-02 11:34:01.29712	2018-11-02 11:34:01.29712	\N
62	38	\N	\N	\N	\N	\N		\N	\N		f	1	\N	7	\N	Point	\N	0	11	2018-11-02 11:34:01.313484	2018-11-02 11:34:01.313484	\N
63	 89	\N	\N	\N	\N	\N		\N	\N	2013	f	1	\N	7	\N	Point	\N	0	11	2018-11-02 11:34:01.334875	2018-11-02 11:34:01.334875	\N
64	 5, 7	\N	\N	\N	\N	\N		\N	\N	2013	f	1	\N	7	\N	Point	\N	0	11	2018-11-02 11:34:01.365474	2018-11-02 11:34:01.365474	\N
65	/	\N	\N	\N	\N	\N		\N	\N		f	1	\N	1	\N	Point	\N	0	11	2018-11-02 11:34:01.384569	2018-11-02 11:34:01.384569	\N
66	 5	\N	\N	\N	\N	\N		\N	\N		f	1	\N	1	\N	Point	\N	0	11	2018-11-02 11:34:01.401737	2018-11-02 11:34:01.401737	\N
67	\N	\N	\N	\N	\N	\N		\N	\N	2012	f	1	\N	1	\N	Point	\N	0	11	2018-11-02 11:34:01.42884	2018-11-02 11:34:01.42884	\N
68	\N	\N	\N	\N	\N	\N		\N	\N		f	1	\N	1	\N	Point	\N	0	11	2018-11-02 11:34:01.451908	2018-11-02 11:34:01.451908	\N
69	/	\N	\N	\N	\N	\N		\N	\N		f	1	\N	1	\N	Point	\N	0	11	2018-11-02 11:34:01.472108	2018-11-02 11:34:01.472108	\N
70	/	\N	\N	\N	\N	\N		\N	\N		f	1	\N	1	\N	Point	\N	0	11	2018-11-02 11:34:01.495853	2018-11-02 11:34:01.495853	\N
71	/	\N	\N	\N	\N	\N		\N	\N	2012	f	1	\N	1	\N	Point	\N	0	11	2018-11-02 11:34:01.524239	2018-11-02 11:34:01.524239	\N
72	1	\N	\N	\N	\N	\N		\N	18.5		f	1	\N	1	\N	Point	\N	0	11	2018-11-02 11:34:01.543665	2018-11-02 11:34:01.543665	\N
73	 34	\N	\N	\N	\N	\N		\N	\N		f	1	\N	7	\N	Point	\N	0	11	2018-11-02 11:34:01.564219	2018-11-02 11:34:01.564219	\N
74	60	\N	\N	\N	\N	\N		\N	\N		f	1	\N	7	\N	Point	\N	0	11	2018-11-02 11:34:01.583277	2018-11-02 11:34:01.583277	\N
75	16	\N	\N	\N	\N	\N		\N	\N		f	1	\N	7	\N	Point	\N	0	11	2018-11-02 11:34:01.601529	2018-11-02 11:34:01.601529	\N
76	8	\N	\N	\N	\N	\N		\N	\N		f	1	\N	7	\N	Point	\N	0	11	2018-11-02 11:34:01.619152	2018-11-02 11:34:01.619152	\N
77	164	\N	\N	\N	\N	\N		\N	\N	1984	f	1	\N	1	\N	Point	\N	0	11	2018-11-02 11:34:01.640463	2018-11-02 11:34:01.640463	\N
3	122	\N						\N			f	1	1	1	\N	Point	2	1	11	2018-11-02 11:34:00.07458	2018-11-22 11:55:11.632425	\N
18	80	2017-03-08						1	152.35	1983	f	1	1	6	\N	Point	2	1	11	2018-11-02 11:34:00.38501	2018-12-06 13:32:57.276117	\N
10	24	2017-08-16					1967	\N		2017	f	1	1	3	\N	Point	2	0	11	2018-11-02 11:34:00.22384	2018-11-09 13:22:48.597304	\N
4	/	\N						\N			f	1	1	1	\N	Point	2	1	11	2018-11-02 11:34:00.098714	2018-12-06 13:31:59.148712	\N
14	17	2017-08-17					1985	2	468.1	1985	f	1	1	3	\N	Point	2	1	11	2018-11-02 11:34:00.29132	2018-12-06 13:32:18.996087	\N
17	46	2017-07-27					1990	3	1155.4	2017	f	1	1	5	\N	Point	2	1	11	2018-11-02 11:34:00.359928	2018-12-06 13:32:43.485844	\N
19	  25	\N						\N			f	1	1	7	\N	Point	2	1	11	2018-11-02 11:34:00.409276	2018-12-06 13:33:11.57676	\N
49	34	\N						\N	41.8		f	1	1	7	\N	Point	2	1	11	2018-11-02 11:34:01.056131	2018-12-06 13:33:34.270584	\N
78	/	\N	\N	\N	\N	\N		\N	\N	1990	f	1	\N	1	\N	Point	\N	0	11	2018-11-02 11:34:01.66669	2018-11-02 11:34:01.66669	\N
79	/	\N	\N	\N	\N	\N		\N	\N	1996	f	1	\N	1	\N	Point	\N	0	11	2018-11-02 11:34:01.695692	2018-11-02 11:34:01.695692	\N
80	 39	\N	\N	\N	\N	\N		\N	\N	1996	f	1	\N	1	\N	Point	\N	0	11	2018-11-02 11:34:01.723672	2018-11-02 11:34:01.723672	\N
81	/	\N	\N	\N	\N	\N		\N	\N	1998	f	1	\N	1	\N	Point	\N	0	11	2018-11-02 11:34:01.75212	2018-11-02 11:34:01.75212	\N
82	 38	\N	\N	\N	\N	\N		\N	\N	1996	f	1	\N	1	\N	Point	\N	0	11	2018-11-02 11:34:01.782168	2018-11-02 11:34:01.782168	\N
83	39	\N	\N	\N	\N	\N		\N	\N	2005	f	1	\N	1	\N	Point	\N	0	11	2018-11-02 11:34:01.815438	2018-11-02 11:34:01.815438	\N
84	53	\N	\N	1.0	\N	\N		\N	\N	1	f	1	1	2	\N	Point	\N	0	11	2018-11-02 11:34:01.873727	2018-11-02 11:34:01.873727	\N
85	/	\N	\N	\N	\N	\N		\N	\N	1983	f	1	1	1	\N	Point	\N	0	11	2018-11-02 11:34:01.909588	2018-11-02 11:34:01.909588	\N
86	/	\N	\N	\N	\N	\N		\N	\N		f	1	1	1	\N	Point	\N	0	11	2018-11-02 11:34:01.940251	2018-11-02 11:34:01.940251	\N
88	11	\N	\N	\N	\N	\N		\N	\N	2013	f	1	1	1	\N	Point	\N	0	11	2018-11-02 11:34:01.985704	2018-11-02 11:34:01.985704	\N
89	155	\N	\N	\N	\N	\N		\N	\N	2013	f	1	1	1	\N	Point	\N	0	11	2018-11-02 11:34:02.006846	2018-11-02 11:34:02.006846	\N
90	46	\N	\N	\N	\N	\N		\N	\N	2008	f	1	1	1	\N	Point	\N	0	11	2018-11-02 11:34:02.026746	2018-11-02 11:34:02.026746	\N
91	2, 2, 2	\N	\N	\N	\N	\N		\N	\N	2008	f	1	1	1	\N	Point	\N	0	11	2018-11-02 11:34:02.046524	2018-11-02 11:34:02.046524	\N
92	 8	\N	\N	\N	\N	\N		\N	\N	2008	f	1	1	7	\N	Point	\N	0	11	2018-11-02 11:34:02.077139	2018-11-02 11:34:02.077139	\N
93	59	\N	\N	\N	\N	\N		\N	\N	2008	f	1	1	7	\N	Point	\N	0	11	2018-11-02 11:34:02.099252	2018-11-02 11:34:02.099252	\N
94	64	\N	\N	\N	\N	\N		\N	\N	2008	f	1	1	7	\N	Point	\N	0	11	2018-11-02 11:34:02.124634	2018-11-02 11:34:02.124634	\N
95	13	\N	\N	\N	\N	\N		\N	\N	2008	f	1	1	7	\N	Point	\N	0	11	2018-11-02 11:34:02.142139	2018-11-02 11:34:02.142139	\N
96	\N	\N	\N	\N	\N	\N		\N	\N	2012	f	1	1	7	\N	Point	\N	0	11	2018-11-02 11:34:02.160811	2018-11-02 11:34:02.160811	\N
97	21	\N	\N	\N	\N	\N		\N	\N	2008	f	1	1	7	\N	Point	\N	0	11	2018-11-02 11:34:02.182715	2018-11-02 11:34:02.182715	\N
98	21	\N	\N	\N	\N	\N		\N	\N	2008	f	1	1	7	\N	Point	\N	0	11	2018-11-02 11:34:02.208514	2018-11-02 11:34:02.208514	\N
99	5	\N	\N	\N	\N	\N		\N	\N	2008	f	1	1	7	\N	Point	\N	0	11	2018-11-02 11:34:02.234104	2018-11-02 11:34:02.234104	\N
100	 87	\N	\N	\N	\N	\N		\N	\N	2008	f	1	1	7	\N	Point	\N	0	11	2018-11-02 11:34:02.258786	2018-11-02 11:34:02.258786	\N
101	8	\N	\N	\N	\N	\N		\N	\N	2008	f	1	1	7	\N	Point	\N	0	11	2018-11-02 11:34:02.280643	2018-11-02 11:34:02.280643	\N
102	 77	\N	\N	\N	\N	\N		\N	\N	2008	f	1	1	7	\N	Point	\N	0	11	2018-11-02 11:34:02.301385	2018-11-02 11:34:02.301385	\N
103	53	\N	\N	\N	\N	\N		\N	\N	2008	f	1	1	7	\N	Point	\N	0	11	2018-11-02 11:34:02.326327	2018-11-02 11:34:02.326327	\N
104	26	\N	\N	\N	\N	\N		\N	\N	2008	f	1	1	7	\N	Point	\N	0	11	2018-11-02 11:34:02.349329	2018-11-02 11:34:02.349329	\N
105	45	\N	\N	\N	\N	\N		\N	\N	2008	f	1	1	7	\N	Point	\N	0	11	2018-11-02 11:34:02.369954	2018-11-02 11:34:02.369954	\N
106	 54	\N	\N	\N	\N	\N		\N	\N	2008	f	1	1	7	\N	Point	\N	0	11	2018-11-02 11:34:02.393775	2018-11-02 11:34:02.393775	\N
107	 34	\N	\N	\N	\N	\N		\N	\N	2008	f	1	1	7	\N	Point	\N	0	11	2018-11-02 11:34:02.417678	2018-11-02 11:34:02.417678	\N
108	 34	\N	\N	\N	\N	\N		\N	\N	2008	f	1	1	7	\N	Point	\N	0	11	2018-11-02 11:34:02.437686	2018-11-02 11:34:02.437686	\N
109	 48	\N	\N	\N	\N	\N		\N	\N	2008	f	1	1	7	\N	Point	\N	0	11	2018-11-02 11:34:02.459282	2018-11-02 11:34:02.459282	\N
110	\N	\N	\N	\N	\N	\N		\N	\N		f	1	1	7	\N	Point	\N	0	11	2018-11-02 11:34:02.478247	2018-11-02 11:34:02.478247	\N
111	30	\N	\N	\N	\N	\N		\N	\N		f	1	1	7	\N	Point	\N	0	11	2018-11-02 11:34:02.504566	2018-11-02 11:34:02.504566	\N
112	\N	\N	\N	\N	\N	\N		\N	\N	2007	f	1	1	7	\N	Point	\N	0	11	2018-11-02 11:34:02.529354	2018-11-02 11:34:02.529354	\N
113	\N	\N	\N	\N	\N	\N		\N	\N		f	1	1	7	\N	Point	\N	0	11	2018-11-02 11:34:02.554009	2018-11-02 11:34:02.554009	\N
114	5	\N	\N	\N	\N	\N		\N	\N		f	1	1	7	\N	Point	\N	0	11	2018-11-02 11:34:02.578181	2018-11-02 11:34:02.578181	\N
115	 38, 38	\N	\N	\N	\N	\N		\N	\N		f	1	1	7	\N	Point	\N	0	11	2018-11-02 11:34:02.607444	2018-11-02 11:34:02.607444	\N
116	29	\N	\N	\N	\N	\N		\N	\N		f	1	1	7	\N	Point	\N	0	11	2018-11-02 11:34:02.629657	2018-11-02 11:34:02.629657	\N
117	.	\N	\N	\N	\N	\N		\N	\N		f	1	1	7	\N	Point	\N	0	11	2018-11-02 11:34:02.650559	2018-11-02 11:34:02.650559	\N
118	44	\N	\N	\N	\N	\N		\N	\N		f	1	1	7	\N	Point	\N	0	11	2018-11-02 11:34:02.675146	2018-11-02 11:34:02.675146	\N
119	139	\N	\N	\N	\N	\N		\N	\N		f	1	1	7	\N	Point	\N	0	11	2018-11-02 11:34:02.694472	2018-11-02 11:34:02.694472	\N
120	55	\N	\N	\N	\N	\N		\N	\N		f	1	1	7	\N	Point	\N	0	11	2018-11-02 11:34:02.711787	2018-11-02 11:34:02.711787	\N
121	58	\N	\N	\N	\N	\N		\N	\N		f	1	1	7	\N	Point	\N	0	11	2018-11-02 11:34:02.728898	2018-11-02 11:34:02.728898	\N
122	7	\N	\N	\N	\N	\N		\N	\N		f	1	1	7	\N	Point	\N	0	11	2018-11-02 11:34:02.748173	2018-11-02 11:34:02.748173	\N
123	3	\N	\N	\N	\N	\N		\N	\N		f	1	1	7	\N	Point	\N	0	11	2018-11-02 11:34:02.768673	2018-11-02 11:34:02.768673	\N
124	\N	\N	\N	\N	\N	\N		\N	\N		f	1	1	7	\N	Point	\N	0	11	2018-11-02 11:34:02.79561	2018-11-02 11:34:02.79561	\N
125	40	\N	\N	\N	\N	\N		\N	\N		f	1	1	7	\N	Point	\N	0	11	2018-11-02 11:34:02.82068	2018-11-02 11:34:02.82068	\N
126	174	\N	\N	\N	\N	\N		\N	\N		f	1	1	7	\N	Point	\N	0	11	2018-11-02 11:34:02.84069	2018-11-02 11:34:02.84069	\N
127	\N	\N	\N	\N	\N	\N		\N	\N		f	1	1	7	\N	Point	\N	0	11	2018-11-02 11:34:02.860918	2018-11-02 11:34:02.860918	\N
128	147	\N	\N	\N	\N	\N		\N	\N		f	1	1	7	\N	Point	\N	0	11	2018-11-02 11:34:02.879321	2018-11-02 11:34:02.879321	\N
129	10	\N	\N	\N	\N	\N		\N	\N		f	1	1	7	\N	Point	\N	0	11	2018-11-02 11:34:02.897544	2018-11-02 11:34:02.897544	\N
130	30-32	\N	\N	\N	\N	\N		\N	\N		f	1	1	7	\N	Point	\N	0	11	2018-11-02 11:34:02.917411	2018-11-02 11:34:02.917411	\N
131	2	\N	\N	\N	\N	\N		\N	\N		f	1	1	1	\N	Point	\N	0	11	2018-11-02 11:34:02.940128	2018-11-02 11:34:02.940128	\N
132	 250	\N	\N	\N	\N	\N		\N	\N		f	1	1	7	\N	Point	\N	0	11	2018-11-02 11:34:02.968065	2018-11-02 11:34:02.968065	\N
133	 20	\N	\N	\N	\N	\N		\N	\N		f	1	1	7	\N	Point	\N	0	11	2018-11-02 11:34:02.997192	2018-11-02 11:34:02.997192	\N
134	 46	\N	\N	\N	\N	\N		\N	\N		f	1	1	7	\N	Point	\N	0	11	2018-11-02 11:34:03.030895	2018-11-02 11:34:03.030895	\N
135	46/22	\N	\N	\N	\N	\N		\N	\N		f	1	1	7	\N	Point	\N	0	11	2018-11-02 11:34:03.051627	2018-11-02 11:34:03.051627	\N
136	11	\N	\N	\N	\N	\N		\N	\N		f	1	1	7	\N	Point	\N	0	11	2018-11-02 11:34:03.068684	2018-11-02 11:34:03.068684	\N
137	\N	\N	\N	\N	\N	\N		\N	\N		f	1	1	7	\N	Point	\N	0	11	2018-11-02 11:34:03.087168	2018-11-02 11:34:03.087168	\N
138	36	\N	\N	\N	\N	\N		\N	\N	2006	f	1	1	1	\N	Point	\N	0	11	2018-11-02 11:34:03.1064	2018-11-02 11:34:03.1064	\N
139	 42	\N	\N	\N	\N	\N		\N	\N		f	1	1	7	\N	Point	\N	0	11	2018-11-02 11:34:03.135422	2018-11-02 11:34:03.135422	\N
140	189	\N	\N	\N	\N	\N		\N	\N		f	1	1	7	\N	Point	\N	0	11	2018-11-02 11:34:03.155707	2018-11-02 11:34:03.155707	\N
141	  	\N	\N	\N	\N	\N		\N	\N		f	1	1	7	\N	Point	\N	0	11	2018-11-02 11:34:03.180621	2018-11-02 11:34:03.180621	\N
142	112	\N	\N	\N	\N	\N		\N	\N		f	1	1	7	\N	Point	\N	0	11	2018-11-02 11:34:03.197819	2018-11-02 11:34:03.197819	\N
143	6	2016-01-15	\N	\N	\N	\N		\N	39.8		f	1	1	8	\N	Point	\N	0	11	2018-11-02 11:34:03.232865	2018-11-02 11:34:03.232865	\N
144	35	\N	\N	\N	\N	\N		\N	\N		f	1	1	1	\N	Point	\N	0	11	2018-11-02 11:34:03.253972	2018-11-02 11:34:03.253972	\N
145	 71	\N	\N	\N	\N	\N		\N	\N	2012	f	1	1	7	\N	Point	\N	0	11	2018-11-02 11:34:03.276213	2018-11-02 11:34:03.276213	\N
146	5	\N	\N	\N	\N	\N		\N	103.4		f	1	1	7	\N	Point	\N	0	11	2018-11-02 11:34:03.296329	2018-11-02 11:34:03.296329	\N
147	\N	\N	\N	\N	\N	\N		\N	\N		f	1	1	7	\N	Point	\N	0	11	2018-11-02 11:34:03.31478	2018-11-02 11:34:03.31478	\N
148	5	\N	\N	\N	\N	\N		\N	\N		f	1	1	7	\N	Point	\N	0	11	2018-11-02 11:34:03.33273	2018-11-02 11:34:03.33273	\N
149	17	\N	\N	\N	\N	\N		\N	\N		f	1	1	7	\N	Point	\N	0	11	2018-11-02 11:34:03.351221	2018-11-02 11:34:03.351221	\N
150	16	\N	\N	\N	\N	\N		\N	\N		f	1	1	7	\N	Point	\N	0	11	2018-11-02 11:34:03.367325	2018-11-02 11:34:03.367325	\N
151	\N	\N	\N	\N	\N	\N		\N	\N		f	1	1	7	\N	Point	\N	0	11	2018-11-02 11:34:03.384049	2018-11-02 11:34:03.384049	\N
152	31	\N	\N	\N	\N	\N		\N	\N	1998	f	1	1	1	\N	Point	\N	0	11	2018-11-02 11:34:03.404199	2018-11-02 11:34:03.404199	\N
153	/ (12)	\N	\N	\N	\N	\N		\N	\N	1998	f	1	1	1	\N	Point	\N	0	11	2018-11-02 11:34:03.425393	2018-11-02 11:34:03.425393	\N
154	3	\N	\N	\N	\N	\N		\N	\N	1989	f	1	1	1	\N	Point	\N	0	11	2018-11-02 11:34:03.451473	2018-11-02 11:34:03.451473	\N
155	57	\N	\N	\N	\N	\N		\N	\N	1986	f	1	1	1	\N	Point	\N	0	11	2018-11-02 11:34:03.470883	2018-11-02 11:34:03.470883	\N
156	73	\N	\N	\N	\N	\N		\N	\N	1988	f	1	1	1	\N	Point	\N	0	11	2018-11-02 11:34:03.489977	2018-11-02 11:34:03.489977	\N
157	20	\N	\N	\N	\N	\N		\N	\N	1989	f	1	1	1	\N	Point	\N	0	11	2018-11-02 11:34:03.517036	2018-11-02 11:34:03.517036	\N
158	5	\N	\N	\N	\N	\N		\N	\N	1990	f	1	1	1	\N	Point	\N	0	11	2018-11-02 11:34:03.53848	2018-11-02 11:34:03.53848	\N
159	73	\N	\N	\N	\N	\N		\N	\N	1985	f	1	1	1	\N	Point	\N	0	11	2018-11-02 11:34:03.558947	2018-11-02 11:34:03.558947	\N
160	33	\N	\N	\N	\N	\N		\N	\N		f	1	1	1	\N	Point	\N	0	11	2018-11-02 11:34:03.578424	2018-11-02 11:34:03.578424	\N
161	36	\N	\N	\N	\N	\N		\N	\N	1970	f	1	1	1	\N	Point	\N	0	11	2018-11-02 11:34:03.59757	2018-11-02 11:34:03.59757	\N
162	/	\N	\N	\N	\N	\N		\N	\N		f	1	1	1	\N	Point	\N	0	11	2018-11-02 11:34:03.61563	2018-11-02 11:34:03.61563	\N
163	11	\N	\N	\N	\N	\N		\N	\N		f	1	1	1	\N	Point	\N	0	11	2018-11-02 11:34:03.634261	2018-11-02 11:34:03.634261	\N
164	16	\N	\N	\N	\N	\N	1986	\N	\N		f	1	1	1	\N	Point	\N	0	11	2018-11-02 11:34:03.652562	2018-11-02 11:34:03.652562	\N
165	144	\N	\N	\N	\N	\N		\N	\N		f	1	1	1	\N	Point	\N	0	11	2018-11-02 11:34:03.671741	2018-11-02 11:34:03.671741	\N
166	14	\N	\N	\N	\N	\N		\N	4232.7		f	1	1	1	\N	Point	\N	0	11	2018-11-02 11:34:03.687604	2018-11-02 11:34:03.687604	\N
167	48	\N	\N	\N	\N	\N		\N	\N		f	1	1	1	\N	Point	\N	0	11	2018-11-02 11:34:03.706382	2018-11-02 11:34:03.706382	\N
168	/  54	\N	\N	\N	\N	\N		\N	340.9		f	1	1	1	\N	Point	\N	0	11	2018-11-02 11:34:03.725889	2018-11-02 11:34:03.725889	\N
169	67	2017-10-26	\N	0.1018	\N	\N	2012	4	1821.3	1911	t	1	2	9	\N	Point	\N	0	11	2018-11-02 11:34:03.759826	2018-11-02 11:34:03.759826	\N
170	5	\N	\N	\N	\N	\N		\N	426.0		f	1	2	9	\N	Point	\N	0	11	2018-11-02 11:34:03.778569	2018-11-02 11:34:03.778569	\N
171	27	\N	\N	\N	\N	\N		\N	243.6		f	1	2	7	\N	Point	\N	0	11	2018-11-02 11:34:03.800419	2018-11-02 11:34:03.800419	\N
172	22	\N	\N	\N	\N	\N		\N	199.85		f	1	2	7	\N	Point	\N	0	11	2018-11-02 11:34:03.816975	2018-11-02 11:34:03.816975	\N
173	25	\N	\N	\N	\N	\N		\N	258.0		f	1	2	7	\N	Point	\N	0	11	2018-11-02 11:34:03.845138	2018-11-02 11:34:03.845138	\N
174	10	\N	\N	\N	\N	\N		\N	2574.52		f	1	2	7	\N	Point	\N	0	11	2018-11-02 11:34:03.866819	2018-11-02 11:34:03.866819	\N
175	8	\N	\N	\N	\N	\N		\N	1806.7		f	1	2	7	\N	Point	\N	0	11	2018-11-02 11:34:03.892418	2018-11-02 11:34:03.892418	\N
176	6	\N	\N	\N	\N	\N		\N	1866.1		f	1	2	7	\N	Point	\N	0	11	2018-11-02 11:34:03.908656	2018-11-02 11:34:03.908656	\N
177	 18	\N	\N	\N	\N	\N		\N	\N	2011	f	1	2	7	\N	Point	\N	0	11	2018-11-02 11:34:03.937417	2018-11-02 11:34:03.937417	\N
178	 6	\N	\N	\N	\N	\N		\N	\N	2012	f	1	2	7	\N	Point	\N	0	11	2018-11-02 11:34:03.956052	2018-11-02 11:34:03.956052	\N
179	73	\N	\N	\N	\N	\N		\N	\N	2012	f	1	2	7	\N	Point	\N	0	11	2018-11-02 11:34:03.972066	2018-11-02 11:34:03.972066	\N
180	\N	\N	\N	\N	\N	\N		\N	\N		f	1	2	1	\N	Point	\N	0	11	2018-11-02 11:34:03.990679	2018-11-02 11:34:03.990679	\N
181	37	\N	\N	\N	\N	\N		\N	9651.8		f	1	2	7	\N	Point	\N	0	11	2018-11-02 11:34:04.010918	2018-11-02 11:34:04.010918	\N
182	/	\N	\N	\N	\N	\N		\N	\N	2008	f	1	2	1	\N	Point	\N	0	11	2018-11-02 11:34:04.039373	2018-11-02 11:34:04.039373	\N
183	 33	\N	\N	\N	\N	\N		\N	\N	2008	f	1	2	1	\N	Point	\N	0	11	2018-11-02 11:34:04.058827	2018-11-02 11:34:04.058827	\N
184	18	\N	\N	\N	\N	\N		5	3653.6	2002	f	1	2	1	\N	Point	\N	0	11	2018-11-02 11:34:04.081153	2018-11-02 11:34:04.081153	\N
185	39	\N	\N	\N	\N	\N		\N	\N		f	1	2	1	\N	Point	\N	0	11	2018-11-02 11:34:04.102932	2018-11-02 11:34:04.102932	\N
186	39	\N	\N	\N	\N	\N		\N	\N		f	1	2	1	\N	Point	\N	0	11	2018-11-02 11:34:04.121998	2018-11-02 11:34:04.121998	\N
187	8	\N	\N	\N	\N	\N		\N	16051.0		f	1	2	1	\N	Point	\N	0	11	2018-11-02 11:34:04.137839	2018-11-02 11:34:04.137839	\N
188	12	\N	\N	\N	\N	\N		\N	4035.9		f	1	2	7	\N	Point	\N	0	11	2018-11-02 11:34:04.156486	2018-11-02 11:34:04.156486	\N
189	45	\N	\N	\N	\N	\N		\N	4998.1		f	1	2	7	\N	Point	\N	0	11	2018-11-02 11:34:04.172843	2018-11-02 11:34:04.172843	\N
190	16	\N	\N	\N	\N	\N		\N	4427.8		f	1	2	7	\N	Point	\N	0	11	2018-11-02 11:34:04.202551	2018-11-02 11:34:04.202551	\N
191	16	\N	\N	\N	\N	\N		\N	12777.56		f	1	2	7	\N	Point	\N	0	11	2018-11-02 11:34:04.223744	2018-11-02 11:34:04.223744	\N
192	78	\N	\N	\N	\N	\N		\N	8143.0		f	1	2	7	\N	Point	\N	0	11	2018-11-02 11:34:04.248087	2018-11-02 11:34:04.248087	\N
193	39	\N	\N	\N	\N	\N		\N	8178.4		f	1	2	7	\N	Point	\N	0	11	2018-11-02 11:34:04.272448	2018-11-02 11:34:04.272448	\N
194	96	\N	\N	\N	\N	\N		\N	\N		f	1	2	7	\N	Point	\N	0	11	2018-11-02 11:34:04.293578	2018-11-02 11:34:04.293578	\N
195	32	\N	\N	\N	\N	\N		\N	2610.8		f	1	2	7	\N	Point	\N	0	11	2018-11-02 11:34:04.31003	2018-11-02 11:34:04.31003	\N
196	18	\N	\N	\N	\N	\N		\N	2719.2		f	1	2	7	\N	Point	\N	0	11	2018-11-02 11:34:04.325739	2018-11-02 11:34:04.325739	\N
197	20	\N	\N	\N	\N	\N		\N	4087.54		f	1	2	7	\N	Point	\N	0	11	2018-11-02 11:34:04.341646	2018-11-02 11:34:04.341646	\N
198	24	\N	\N	\N	\N	\N		\N	2509.0		f	1	2	7	\N	Point	\N	0	11	2018-11-02 11:34:04.360525	2018-11-02 11:34:04.360525	\N
199	\N	\N	\N	\N	\N	\N		\N	\N		f	1	2	7	\N	Point	\N	0	11	2018-11-02 11:34:04.376719	2018-11-02 11:34:04.376719	\N
200	32	\N	\N	\N	\N	\N		\N	\N		f	1	2	7	\N	Point	\N	0	11	2018-11-02 11:34:04.39285	2018-11-02 11:34:04.39285	\N
201	\N	\N	\N	\N	\N	\N		\N	\N		f	1	2	7	\N	Point	\N	0	11	2018-11-02 11:34:04.412662	2018-11-02 11:34:04.412662	\N
202	\N	\N	\N	\N	\N	\N		\N	\N		f	1	2	7	\N	Point	\N	0	11	2018-11-02 11:34:04.428469	2018-11-02 11:34:04.428469	\N
203	/	\N	\N	\N	\N	\N		\N	172.14		f	1	2	7	\N	Point	\N	0	11	2018-11-02 11:34:04.445127	2018-11-02 11:34:04.445127	\N
204	71	\N	\N	\N	\N	\N		\N	\N		f	1	2	7	\N	Point	\N	0	11	2018-11-02 11:34:04.471842	2018-11-02 11:34:04.471842	\N
205	38	\N	\N	\N	\N	\N		\N	2669.8		f	1	2	7	\N	Point	\N	0	11	2018-11-02 11:34:04.493897	2018-11-02 11:34:04.493897	\N
206	22	\N	\N	\N	\N	\N		\N	2856.6		f	1	2	7	\N	Point	\N	0	11	2018-11-02 11:34:04.512997	2018-11-02 11:34:04.512997	\N
207	\N	\N	\N	\N	\N	\N		\N	\N		f	1	2	7	\N	Point	\N	0	11	2018-11-02 11:34:04.528861	2018-11-02 11:34:04.528861	\N
208	\N	\N	\N	\N	\N	\N		\N	\N		f	1	2	7	\N	Point	\N	0	11	2018-11-02 11:34:04.549643	2018-11-02 11:34:04.549643	\N
209	\N	\N	\N	\N	\N	\N		\N	\N		f	1	2	7	\N	Point	\N	0	11	2018-11-02 11:34:04.566375	2018-11-02 11:34:04.566375	\N
210	\N	\N	\N	\N	\N	\N		\N	\N		f	1	2	7	\N	Point	\N	0	11	2018-11-02 11:34:04.582796	2018-11-02 11:34:04.582796	\N
211	\N	\N	\N	\N	\N	\N		\N	\N		f	1	2	7	\N	Point	\N	0	11	2018-11-02 11:34:04.603113	2018-11-02 11:34:04.603113	\N
212	\N	\N	\N	\N	\N	\N		\N	\N		f	1	2	7	\N	Point	\N	0	11	2018-11-02 11:34:04.619031	2018-11-02 11:34:04.619031	\N
213	\N	\N	\N	\N	\N	\N		\N	\N		f	1	2	7	\N	Point	\N	0	11	2018-11-02 11:34:04.635094	2018-11-02 11:34:04.635094	\N
214	\N	\N	\N	\N	\N	\N		\N	\N		f	1	2	7	\N	Point	\N	0	11	2018-11-02 11:34:04.650814	2018-11-02 11:34:04.650814	\N
215	\N	\N	\N	\N	\N	\N		\N	\N		f	1	2	7	\N	Point	\N	0	11	2018-11-02 11:34:04.669333	2018-11-02 11:34:04.669333	\N
216	\N	\N	\N	\N	\N	\N		\N	\N		f	1	2	7	\N	Point	\N	0	11	2018-11-02 11:34:04.685401	2018-11-02 11:34:04.685401	\N
217	179	\N	\N	\N	\N	\N		\N	727.7		f	1	2	7	\N	Point	\N	0	11	2018-11-02 11:34:04.706381	2018-11-02 11:34:04.706381	\N
218	 10	\N	\N	\N	\N	\N		\N	\N	2007	f	1	2	7	\N	Point	\N	0	11	2018-11-02 11:34:04.726774	2018-11-02 11:34:04.726774	\N
219	/	\N	\N	\N	\N	\N		\N	\N		f	1	2	1	\N	Point	\N	0	11	2018-11-02 11:34:04.746902	2018-11-02 11:34:04.746902	\N
220	4	\N	\N	\N	\N	\N		\N	\N		f	1	2	1	\N	Point	\N	0	11	2018-11-02 11:34:04.763815	2018-11-02 11:34:04.763815	\N
221	2	\N	\N	\N	\N	\N		\N	\N		f	1	2	1	\N	Point	\N	0	11	2018-11-02 11:34:04.783735	2018-11-02 11:34:04.783735	\N
222	/	\N	\N	\N	\N	\N		\N	17.6		f	1	2	1	\N	Point	\N	0	11	2018-11-02 11:34:04.800536	2018-11-02 11:34:04.800536	\N
223	59	\N	\N	\N	\N	\N		\N	141.0		f	1	2	1	\N	Point	\N	0	11	2018-11-02 11:34:04.818322	2018-11-02 11:34:04.818322	\N
224	2	2006-04-26	\N	\N	\N	\N		\N	230.9		f	1	2	1	\N	Point	\N	0	11	2018-11-02 11:34:04.835209	2018-11-02 11:34:04.835209	\N
225	7	\N	\N	\N	\N	\N		\N	354.2		f	1	2	1	\N	Point	\N	0	11	2018-11-02 11:34:04.851675	2018-11-02 11:34:04.851675	\N
226	19	\N	\N	\N	\N	\N		\N	231.2		f	1	2	1	\N	Point	\N	0	11	2018-11-02 11:34:04.882881	2018-11-02 11:34:04.882881	\N
227	65	\N	\N	\N	\N	\N		\N	98.18		f	1	2	1	\N	Point	\N	0	11	2018-11-02 11:34:04.902956	2018-11-02 11:34:04.902956	\N
228	/	\N	\N	\N	\N	\N		\N	11.5		f	1	2	1	\N	Point	\N	0	11	2018-11-02 11:34:04.919699	2018-11-02 11:34:04.919699	\N
229	\N	\N	\N	\N	\N	\N		\N	\N		f	1	2	1	\N	Point	\N	0	11	2018-11-02 11:34:04.936648	2018-11-02 11:34:04.936648	\N
230	129	\N	\N	\N	\N	\N		\N	84.2		f	1	2	1	\N	Point	\N	0	11	2018-11-02 11:34:04.955469	2018-11-02 11:34:04.955469	\N
231	2/1	2014-10-27	\N	\N	\N	\N		\N	248.8		f	1	2	1	\N	Point	\N	0	11	2018-11-02 11:34:04.972111	2018-11-02 11:34:04.972111	\N
232	26	\N	\N	\N	\N	\N		\N	\N	1952	f	1	2	1	\N	Point	\N	0	11	2018-11-02 11:34:04.990747	2018-11-02 11:34:04.990747	\N
233	6	\N	\N	\N	\N	\N		\N	1207.0		f	1	2	7	\N	Point	\N	0	11	2018-11-02 11:34:05.016653	2018-11-02 11:34:05.016653	\N
234	11	\N	\N	\N	\N	\N		\N	21.5		f	1	2	7	\N	Point	\N	0	11	2018-11-02 11:34:05.034659	2018-11-02 11:34:05.034659	\N
235	60	2014-05-26	\N	\N	\N	\N		\N	103.5		f	1	2	7	\N	Point	\N	0	11	2018-11-02 11:34:05.05908	2018-11-02 11:34:05.05908	\N
236	27	2017-06-16	\N	\N	\N	\N		\N	\N	2017	f	1	2	5	\N	Point	\N	0	11	2018-11-02 11:34:05.078022	2018-11-02 11:34:05.078022	\N
237	97	\N	\N	\N	\N	\N		2	310.5		f	1	2	7	\N	Point	\N	0	11	2018-11-02 11:34:05.099562	2018-11-02 11:34:05.099562	\N
238	6/6	\N	\N	\N	\N	\N		\N	21.61		f	1	2	7	\N	Point	\N	0	11	2018-11-02 11:34:05.115773	2018-11-02 11:34:05.115773	\N
239	98	\N	\N	\N	\N	\N		\N	24.1		f	1	2	7	\N	Point	\N	0	11	2018-11-02 11:34:05.134028	2018-11-02 11:34:05.134028	\N
240	24	2007-12-12	\N	\N	\N	\N		5	4706.5		f	1	2	7	\N	Point	\N	0	11	2018-11-02 11:34:05.150578	2018-11-02 11:34:05.150578	\N
241	27	2008-06-09	\N	\N	\N	\N		5	2821.8		f	1	2	7	\N	Point	\N	0	11	2018-11-02 11:34:05.166854	2018-11-02 11:34:05.166854	\N
242	158	2008-06-25	\N	\N	\N	\N		2	799.8		f	1	2	7	\N	Point	\N	0	11	2018-11-02 11:34:05.18315	2018-11-02 11:34:05.18315	\N
243	25	2008-08-13	\N	\N	\N	\N		5	2897.0		f	1	2	7	\N	Point	\N	0	11	2018-11-02 11:34:05.203509	2018-11-02 11:34:05.203509	\N
244	132	2008-08-13	\N	\N	\N	\N		5	2041.7		f	1	2	7	\N	Point	\N	0	11	2018-11-02 11:34:05.227221	2018-11-02 11:34:05.227221	\N
245	130	2008-08-13	\N	\N	\N	\N		5	2095.0		f	1	2	7	\N	Point	\N	0	11	2018-11-02 11:34:05.245118	2018-11-02 11:34:05.245118	\N
246	25	2008-08-13	\N	\N	\N	\N		5	2499.1		f	1	2	7	\N	Point	\N	0	11	2018-11-02 11:34:05.261173	2018-11-02 11:34:05.261173	\N
247	2	2008-08-27	\N	\N	\N	\N		5	5690.1		f	1	2	7	\N	Point	\N	0	11	2018-11-02 11:34:05.277584	2018-11-02 11:34:05.277584	\N
248	168	2008-08-27	\N	\N	\N	\N		3	1230.7		f	1	2	7	\N	Point	\N	0	11	2018-11-02 11:34:05.295848	2018-11-02 11:34:05.295848	\N
249	162	\N	\N	\N	\N	\N		3	1240.2		f	1	2	7	\N	Point	\N	0	11	2018-11-02 11:34:05.312506	2018-11-02 11:34:05.312506	\N
250	14	2008-08-27	\N	\N	\N	\N		\N	4355.9		f	1	2	7	\N	Point	\N	0	11	2018-11-02 11:34:05.330119	2018-11-02 11:34:05.330119	\N
251	22	2008-08-27	\N	\N	\N	\N		5	2486.2		f	1	2	7	\N	Point	\N	0	11	2018-11-02 11:34:05.346845	2018-11-02 11:34:05.346845	\N
252	2	2009-03-11	\N	\N	\N	\N		\N	1762.7		f	1	2	7	\N	Point	\N	0	11	2018-11-02 11:34:05.36509	2018-11-02 11:34:05.36509	\N
253	4	2009-02-24	\N	\N	\N	\N		4	1793.6		f	1	2	7	\N	Point	\N	0	11	2018-11-02 11:34:05.390709	2018-11-02 11:34:05.390709	\N
254	30	2009-02-11	\N	\N	\N	\N		5	2739.9		f	1	2	7	\N	Point	\N	0	11	2018-11-02 11:34:05.40907	2018-11-02 11:34:05.40907	\N
255	23	2009-02-24	\N	\N	\N	\N		5	2923.8		f	1	2	7	\N	Point	\N	0	11	2018-11-02 11:34:05.427029	2018-11-02 11:34:05.427029	\N
256	\N	\N	\N	\N	\N	\N		\N	\N		f	1	2	7	\N	Point	\N	0	11	2018-11-02 11:34:05.448499	2018-11-02 11:34:05.448499	\N
257	1	\N	\N	\N	\N	\N		\N	6345.0		f	1	2	7	\N	Point	\N	0	11	2018-11-02 11:34:05.46706	2018-11-02 11:34:05.46706	\N
258	202	\N	\N	\N	\N	\N		\N	\N		f	1	2	7	\N	Point	\N	0	11	2018-11-02 11:34:05.48342	2018-11-02 11:34:05.48342	\N
259	16	\N	\N	\N	\N	\N		\N	\N		f	1	2	7	\N	Point	\N	0	11	2018-11-02 11:34:05.499656	2018-11-02 11:34:05.499656	\N
260	16	\N	\N	\N	\N	\N		\N	\N		f	1	2	7	\N	Point	\N	0	11	2018-11-02 11:34:05.515723	2018-11-02 11:34:05.515723	\N
261	\N	\N	\N	\N	\N	\N		\N	\N		f	1	2	7	\N	Point	\N	0	11	2018-11-02 11:34:05.531619	2018-11-02 11:34:05.531619	\N
262	\N	\N	\N	\N	\N	\N		\N	\N		f	1	2	7	\N	Point	\N	0	11	2018-11-02 11:34:05.547939	2018-11-02 11:34:05.547939	\N
263	\N	\N	\N	\N	\N	\N		\N	\N		f	1	2	7	\N	Point	\N	0	11	2018-11-02 11:34:05.564042	2018-11-02 11:34:05.564042	\N
264	20	\N	\N	\N	\N	\N		\N	\N		f	1	2	7	\N	Point	\N	0	11	2018-11-02 11:34:05.581738	2018-11-02 11:34:05.581738	\N
265	 50	\N	\N	576.0	\N	\N		\N	\N		f	1	2	7	\N	Point	\N	0	11	2018-11-02 11:34:05.603557	2018-11-02 11:34:05.603557	\N
266	 3	\N	\N	480.0	\N	\N		\N	\N		f	1	2	7	\N	Point	\N	0	11	2018-11-02 11:34:05.622639	2018-11-02 11:34:05.622639	\N
267	64	\N	\N	960.0	\N	\N		\N	\N		f	1	2	7	\N	Point	\N	0	11	2018-11-02 11:34:05.641533	2018-11-02 11:34:05.641533	\N
268	4, 6	\N	\N	288.0	\N	\N		\N	\N		f	1	2	7	\N	Point	\N	0	11	2018-11-02 11:34:05.663768	2018-11-02 11:34:05.663768	\N
269	 24	\N	\N	1500.0	\N	\N		\N	\N		f	1	2	7	\N	Point	\N	0	11	2018-11-02 11:34:05.682647	2018-11-02 11:34:05.682647	\N
270	53	\N	\N	286.0	\N	\N		\N	\N		f	1	2	7	\N	Point	\N	0	11	2018-11-02 11:34:05.707074	2018-11-02 11:34:05.707074	\N
271	2/1	\N	\N	1800.0	\N	\N		\N	\N		f	1	2	7	\N	Point	\N	0	11	2018-11-02 11:34:05.733362	2018-11-02 11:34:05.733362	\N
272	2	\N	\N	450.0	\N	\N		\N	\N		f	1	2	7	\N	Point	\N	0	11	2018-11-02 11:34:05.762409	2018-11-02 11:34:05.762409	\N
273	3	\N	\N	1000.0	\N	\N		\N	\N		f	1	2	7	\N	Point	\N	0	11	2018-11-02 11:34:05.792544	2018-11-02 11:34:05.792544	\N
274	54	\N	\N	200.0	\N	\N		\N	\N		f	1	2	7	\N	Point	\N	0	11	2018-11-02 11:34:05.830281	2018-11-02 11:34:05.830281	\N
275	 7/5	\N	\N	240.0	\N	\N		\N	\N		f	1	2	7	\N	Point	\N	0	11	2018-11-02 11:34:05.855655	2018-11-02 11:34:05.855655	\N
276	16	\N	\N	200.0	\N	\N		\N	\N		f	1	2	7	\N	Point	\N	0	11	2018-11-02 11:34:05.880476	2018-11-02 11:34:05.880476	\N
277	21	\N	\N	1152.0	\N	\N		\N	\N		f	1	2	7	\N	Point	\N	0	11	2018-11-02 11:34:05.898539	2018-11-02 11:34:05.898539	\N
278	\N	\N	\N	\N	\N	\N		\N	\N		f	1	2	7	\N	Point	\N	0	11	2018-11-02 11:34:05.916807	2018-11-02 11:34:05.916807	\N
279	\N	\N	\N	\N	\N	\N		\N	\N		f	1	2	7	\N	Point	\N	0	11	2018-11-02 11:34:05.934157	2018-11-02 11:34:05.934157	\N
280	\N	\N	\N	\N	\N	\N		\N	\N		f	1	2	7	\N	Point	\N	0	11	2018-11-02 11:34:05.953229	2018-11-02 11:34:05.953229	\N
281	\N	\N	\N	\N	\N	\N		\N	18.6		f	1	2	7	\N	Point	\N	0	11	2018-11-02 11:34:05.972069	2018-11-02 11:34:05.972069	\N
282	2	\N	\N	\N	\N	\N		\N	\N		f	1	2	7	\N	Point	\N	0	11	2018-11-02 11:34:05.989344	2018-11-02 11:34:05.989344	\N
283	1	\N	\N	\N	\N	\N		\N	\N		f	1	2	7	\N	Point	\N	0	11	2018-11-02 11:34:06.009078	2018-11-02 11:34:06.009078	\N
284	38	\N	\N	\N	\N	\N		\N	\N		f	1	2	7	\N	Point	\N	0	11	2018-11-02 11:34:06.024815	2018-11-02 11:34:06.024815	\N
285	24	2017-08-16	\N	\N	\N	\N	1995	\N	\N	2017	f	1	2	3	\N	Point	\N	0	11	2018-11-02 11:34:06.043416	2018-11-02 11:34:06.043416	\N
286	17	\N	\N	\N	\N	\N		\N	\N		f	1	2	3	\N	Point	\N	0	11	2018-11-02 11:34:06.059319	2018-11-02 11:34:06.059319	\N
287	19	\N	\N	\N	\N	\N		\N	\N		f	1	2	3	\N	Point	\N	0	11	2018-11-02 11:34:06.075424	2018-11-02 11:34:06.075424	\N
288	6	\N	\N	906.0	\N	\N		\N	1960.5		f	1	2	3	\N	Point	\N	0	11	2018-11-02 11:34:06.096388	2018-11-02 11:34:06.096388	\N
289	38	\N	\N	\N	\N	\N		10	203.7	2004	f	1	2	7	\N	Point	\N	0	11	2018-11-02 11:34:06.118209	2018-11-02 11:34:06.118209	\N
290	54	\N	\N	\N	\N	\N		2	208.4	1990	f	1	2	7	\N	Point	\N	0	11	2018-11-02 11:34:06.134607	2018-11-02 11:34:06.134607	\N
291	29	\N	\N	\N	\N	\N		\N	363.0		f	1	2	7	\N	Point	\N	0	11	2018-11-02 11:34:06.15407	2018-11-02 11:34:06.15407	\N
292	192	\N	\N	\N	\N	\N		\N	\N		f	1	2	7	\N	Point	\N	0	11	2018-11-02 11:34:06.179801	2018-11-02 11:34:06.179801	\N
293	79	\N	\N	\N	\N	\N		\N	46.5		f	1	2	7	\N	Point	\N	0	11	2018-11-02 11:34:06.195844	2018-11-02 11:34:06.195844	\N
294	10	\N	\N	\N	\N	\N		\N	589.4		f	1	2	7	\N	Point	\N	0	11	2018-11-02 11:34:06.212427	2018-11-02 11:34:06.212427	\N
295	14	\N	\N	\N	\N	\N		\N	177.0	1971	f	1	2	7	\N	Point	\N	0	11	2018-11-02 11:34:06.228389	2018-11-02 11:34:06.228389	\N
296	263	\N	\N	1200.0	\N	\N		1	114.2	1991	f	1	2	7	\N	Point	\N	0	11	2018-11-02 11:34:06.24443	2018-11-02 11:34:06.24443	\N
297	143	\N	\N	50.0	\N	\N		1	33.2	1988	f	1	2	7	\N	Point	\N	0	11	2018-11-02 11:34:06.259955	2018-11-02 11:34:06.259955	\N
298	4	\N	\N	100.0	\N	\N		1	63.6	1984	f	1	2	7	\N	Point	\N	0	11	2018-11-02 11:34:06.27523	2018-11-02 11:34:06.27523	\N
299	21	\N	\N	100.0	\N	\N		1	63.6	1984	f	1	2	7	\N	Point	\N	0	11	2018-11-02 11:34:06.292315	2018-11-02 11:34:06.292315	\N
300	32	\N	\N	100.0	\N	\N		1	63.6	1984	f	1	2	7	\N	Point	\N	0	11	2018-11-02 11:34:06.311219	2018-11-02 11:34:06.311219	\N
301	98	\N	\N	300.0	\N	\N		2	322.0	1984	f	1	2	7	\N	Point	\N	0	11	2018-11-02 11:34:06.327727	2018-11-02 11:34:06.327727	\N
302	23	\N	\N	3500.0	\N	\N		2	322.0	1985	f	1	2	7	\N	Point	\N	0	11	2018-11-02 11:34:06.343881	2018-11-02 11:34:06.343881	\N
303	44	\N	\N	100.0	\N	\N		1	63.6	1984	f	1	2	7	\N	Point	\N	0	11	2018-11-02 11:34:06.36367	2018-11-02 11:34:06.36367	\N
304	3	\N	\N	150.0	\N	\N		1	76.5	1987	f	1	2	7	\N	Point	\N	0	11	2018-11-02 11:34:06.379283	2018-11-02 11:34:06.379283	\N
305	\N	\N	\N	100.0	\N	\N		1	63.6	1984	f	1	2	7	\N	Point	\N	0	11	2018-11-02 11:34:06.395259	2018-11-02 11:34:06.395259	\N
306	9	\N	\N	7720.0	\N	\N		2	660.4	1978	f	1	2	7	\N	Point	\N	0	11	2018-11-02 11:34:06.41335	2018-11-02 11:34:06.41335	\N
307	127	\N	\N	\N	\N	\N		1	53.0	1988	f	1	2	7	\N	Point	\N	0	11	2018-11-02 11:34:06.431885	2018-11-02 11:34:06.431885	\N
308	54	\N	\N	2300.0	\N	\N		1	266.7	1974	f	1	2	7	\N	Point	\N	0	11	2018-11-02 11:34:06.457781	2018-11-02 11:34:06.457781	\N
309	14	\N	\N	300.0	\N	\N		2	362.8	1968	f	1	2	7	\N	Point	\N	0	11	2018-11-02 11:34:06.473867	2018-11-02 11:34:06.473867	\N
310	 25	\N	\N	550.0	\N	\N		2	362.8	1967	f	1	2	7	\N	Point	\N	0	11	2018-11-02 11:34:06.489946	2018-11-02 11:34:06.489946	\N
311	92	\N	\N	\N	\N	\N		1	20.9	1977	f	1	2	7	\N	Point	\N	0	11	2018-11-02 11:34:06.505883	2018-11-02 11:34:06.505883	\N
312	16	\N	\N	1500.0	\N	\N		1	259.8	1967	f	1	2	7	\N	Point	\N	0	11	2018-11-02 11:34:06.52124	2018-11-02 11:34:06.52124	\N
313	29	\N	\N	252.0	\N	\N		2	454.0	2000	f	1	2	7	\N	Point	\N	0	11	2018-11-02 11:34:06.53669	2018-11-02 11:34:06.53669	\N
314	122	\N	\N	1380.0	\N	\N		3	1175.0	1973	f	1	2	7	\N	Point	\N	0	11	2018-11-02 11:34:06.552042	2018-11-02 11:34:06.552042	\N
315	4	2008-08-27	\N	4000.0	\N	\N		4	1213.7	1971	f	1	2	7	\N	Point	\N	0	11	2018-11-02 11:34:06.56804	2018-11-02 11:34:06.56804	\N
316	23	\N	\N	3500.0	\N	\N		3	1369.5	1985	f	1	2	7	\N	Point	\N	0	11	2018-11-02 11:34:06.584532	2018-11-02 11:34:06.584532	\N
317	98	\N	\N	7000.0	\N	\N		5	3631.57	1978	f	1	2	7	\N	Point	\N	0	11	2018-11-02 11:34:06.602154	2018-11-02 11:34:06.602154	\N
318	29	\N	\N	\N	\N	\N		1	116.0		f	1	2	7	\N	Point	\N	0	11	2018-11-02 11:34:06.619461	2018-11-02 11:34:06.619461	\N
319	29	\N	\N	\N	\N	\N		\N	\N	1953	f	1	2	7	\N	Point	\N	0	11	2018-11-02 11:34:06.637551	2018-11-02 11:34:06.637551	\N
320	32	2017-10-30	0510100000:02:042:0055	2.29	\N	\N	1974	3	5713.6	1974	f	2	2	2	\N	Point	\N	0	11	2018-11-02 11:34:06.663059	2018-11-02 11:34:06.663059	\N
322	2/1	\N	\N	\N	\N	\N		\N	118.1		f	2	2	2	\N	Point	\N	0	11	2018-11-02 11:34:06.705777	2018-11-02 11:34:06.705777	\N
323	98 (41)	\N	\N	\N	\N	\N		\N	\N		f	2	2	2	\N	Point	\N	0	11	2018-11-02 11:34:06.724497	2018-11-02 11:34:06.724497	\N
324	2	2010-01-27	\N	\N	\N	\N		\N	6491.1	1967	f	2	2	1	\N	Point	\N	0	11	2018-11-02 11:34:06.753337	2018-11-02 11:34:06.753337	\N
325	82	\N	\N	2495.0	\N	\N		2	1076.2	1959	f	2	2	1	\N	Point	\N	0	11	2018-11-02 11:34:06.773372	2018-11-02 11:34:06.773372	\N
326	8	\N	\N	1.1346	\N	\N	2012	\N	1235.0	1986	f	2	2	9	\N	Point	\N	0	11	2018-11-02 11:34:06.802761	2018-11-02 11:34:06.802761	\N
327	3	2017-08-31	\N	\N	\N	\N	2005	\N	\N	2017	f	2	2	3	\N	Point	\N	0	11	2018-11-02 11:34:06.828257	2018-11-02 11:34:06.828257	\N
328	11	2006-06-21	\N	1.0	\N	\N		2	441.0	1917	f	2	3	3	\N	Point	\N	0	11	2018-11-02 11:34:06.857093	2018-11-02 11:34:06.857093	\N
329	47	2009-12-21	\N	\N	\N	\N		\N	119.3	1963	f	2	3	7	\N	Point	\N	0	11	2018-11-02 11:34:06.882127	2018-11-02 11:34:06.882127	\N
330	121	\N	\N	\N	\N	\N		\N	171.1		f	2	3	7	\N	Point	\N	0	11	2018-11-02 11:34:06.907486	2018-11-02 11:34:06.907486	\N
331	14	\N	\N	\N	\N	\N		3	160.3	1992	f	2	3	7	\N	Point	\N	0	11	2018-11-02 11:34:06.925045	2018-11-02 11:34:06.925045	\N
332	65 (77)	\N	\N	\N	\N	\N		\N	112.1		f	2	3	7	\N	Point	\N	0	11	2018-11-02 11:34:06.941124	2018-11-02 11:34:06.941124	\N
333	116	2017-10-03	\N	\N	\N	\N		\N	\N	2017	f	2	3	10	\N	Point	\N	0	11	2018-11-02 11:34:06.964159	2018-11-02 11:34:06.964159	\N
334	/	\N	\N	\N	\N	\N		\N	42.1	1988	f	2	3	10	\N	Point	\N	0	11	2018-11-02 11:34:06.988709	2018-11-02 11:34:06.988709	\N
335	29	2011-12-14	\N	\N	\N	\N		\N	164.3	1973	f	2	3	10	\N	Point	\N	0	11	2018-11-02 11:34:07.012537	2018-11-02 11:34:07.012537	\N
336	112	\N	\N	\N	\N	\N		\N	252.2	1990	f	2	3	10	\N	Point	\N	0	11	2018-11-02 11:34:07.030052	2018-11-02 11:34:07.030052	\N
337	14	\N	\N	\N	\N	\N		1	137.3	1917	f	2	3	10	\N	Point	\N	0	11	2018-11-02 11:34:07.045744	2018-11-02 11:34:07.045744	\N
338	19(17)	\N	\N	\N	\N	\N		\N	\N		f	2	3	10	\N	Point	\N	0	11	2018-11-02 11:34:07.061815	2018-11-02 11:34:07.061815	\N
340	5	2008-06-25	\N	\N	\N	\N		1	47.1		f	2	3	7	\N	Point	\N	0	11	2018-11-02 11:34:07.103953	2018-11-02 11:34:07.103953	\N
341	2	\N	\N	\N	\N	\N		\N	351.7		f	2	3	7	\N	Point	\N	0	11	2018-11-02 11:34:07.11956	2018-11-02 11:34:07.11956	\N
342	23	2014-05-28	\N	\N	\N	\N		\N	142.3		f	2	3	7	\N	Point	\N	0	11	2018-11-02 11:34:07.134963	2018-11-02 11:34:07.134963	\N
343	20	\N	\N	\N	\N	\N		\N	\N	1969	f	2	3	7	\N	Point	\N	0	11	2018-11-02 11:34:07.150646	2018-11-02 11:34:07.150646	\N
344	12	\N	\N	\N	\N	\N		1	144.7	1968	f	2	3	1	\N	Point	\N	0	11	2018-11-02 11:34:07.16868	2018-11-02 11:34:07.16868	\N
345	41	2009-06-11	\N	\N	\N	\N		\N	42.8	1989	f	2	3	7	\N	Point	\N	0	11	2018-11-02 11:34:07.187179	2018-11-02 11:34:07.187179	\N
346	105	\N	\N	\N	\N	\N		\N	722.0		f	2	3	7	\N	Point	\N	0	11	2018-11-02 11:34:07.203149	2018-11-02 11:34:07.203149	\N
347	105	2009-01-15	\N	\N	\N	\N		\N	48.4	1982	f	2	3	7	\N	Point	\N	0	11	2018-11-02 11:34:07.219187	2018-11-02 11:34:07.219187	\N
348	111	\N	\N	\N	\N	\N		\N	10.4	1982	f	2	3	7	\N	Point	\N	0	11	2018-11-02 11:34:07.234869	2018-11-02 11:34:07.234869	\N
349	12	2008-12-22	\N	\N	\N	\N		3	1510.9	1979	f	2	3	1	\N	Point	\N	0	11	2018-11-02 11:34:07.252969	2018-11-02 11:34:07.252969	\N
350	31	2010-03-10	\N	\N	\N	\N		\N	298.4	1992	f	2	3	1	\N	Point	\N	0	11	2018-11-02 11:34:07.269932	2018-11-02 11:34:07.269932	\N
351	1	\N	\N	\N	\N	\N		\N	2886.3	1974	f	2	3	1	\N	Point	\N	0	11	2018-11-02 11:34:07.289167	2018-11-02 11:34:07.289167	\N
352	13	\N	\N	0.0001	\N	\N	2014	\N	38.5	1990	f	2	2	9	\N	Point	\N	0	11	2018-11-02 11:34:07.310952	2018-11-02 11:34:07.310952	\N
353	1	2011-11-09	\N	1150.0	\N	\N		1	57.9	1945	f	2	2	9	\N	Point	\N	0	11	2018-11-02 11:34:07.327474	2018-11-02 11:34:07.327474	\N
354	5	2010-10-27	\N	\N	\N	\N		\N	95.9	1990	f	2	2	9	\N	Point	\N	0	11	2018-11-02 11:34:07.351215	2018-11-02 11:34:07.351215	\N
355	7	2007-08-27	\N	\N	\N	\N		1	974.4	1970	f	2	2	1	\N	Point	\N	0	11	2018-11-02 11:34:07.38165	2018-11-02 11:34:07.38165	\N
357	17	2017-08-16	\N	\N	\N	\N	1985	1	148.0	1985	f	2	2	3	\N	Point	\N	0	11	2018-11-02 11:34:07.421839	2018-11-02 11:34:07.421839	\N
358	51	\N	\N	\N	\N	\N		3	58.5	1917	f	2	2	7	\N	Point	\N	0	11	2018-11-02 11:34:07.442551	2018-11-02 11:34:07.442551	\N
359	26	\N	\N	\N	\N	\N		2	473.4	1917	f	2	2	7	\N	Point	\N	0	11	2018-11-02 11:34:07.459924	2018-11-02 11:34:07.459924	\N
360	/	\N	0510137000:03:039:0117	926.0	\N	\N		\N	\N		f	2	2	7	\N	Point	\N	0	11	2018-11-02 11:34:07.477397	2018-11-02 11:34:07.477397	\N
361	14	\N	\N	\N	\N	\N		\N	\N		f	2	2	7	\N	Point	\N	0	11	2018-11-02 11:34:07.495249	2018-11-02 11:34:07.495249	\N
362	8	\N	\N	\N	\N	\N		\N	28.3		f	2	2	7	\N	Point	\N	0	11	2018-11-02 11:34:07.517295	2018-11-02 11:34:07.517295	\N
363	8	\N	\N	\N	\N	\N		\N	\N		f	2	2	7	\N	Point	\N	0	11	2018-11-02 11:34:07.545067	2018-11-02 11:34:07.545067	\N
364	12	\N	\N	\N	\N	\N		\N	\N		f	2	2	7	\N	Point	\N	0	11	2018-11-02 11:34:07.562901	2018-11-02 11:34:07.562901	\N
365	9	2011-02-21	\N	\N	\N	\N		\N	166.5	1971	f	2	2	7	\N	Point	\N	0	11	2018-11-02 11:34:07.58873	2018-11-02 11:34:07.58873	\N
366	9	\N	\N	\N	\N	\N		\N	\N	1971	f	2	2	1	\N	Point	\N	0	11	2018-11-02 11:34:07.616587	2018-11-02 11:34:07.616587	\N
367	 42	2013-12-23	0510100000:01:062:0017	1.51	\N	\N	1987	4	8065.6	1987	f	2	4	2	\N	Point	\N	0	11	2018-11-02 11:34:07.643145	2018-11-02 11:34:07.643145	\N
368	26	2009-04-26	0510100000:02:052:0218	4598.0	\N	\N		2	1928.3	1972	f	2	4	2	\N	Point	\N	0	11	2018-11-02 11:34:07.664424	2018-11-02 11:34:07.664424	\N
369	17	2015-09-15	\N	\N	\N	\N		\N	62.1		f	2	4	2	\N	Point	\N	0	11	2018-11-02 11:34:07.680814	2018-11-02 11:34:07.680814	\N
370	20	2008-08-13	\N	107.0	\N	\N		7	236.2	1917	t	2	4	2	\N	Point	\N	0	11	2018-11-02 11:34:07.698712	2018-11-02 11:34:07.698712	\N
356	99	2006-07-17	0510100000:01:019:0030	7940.0				2	1077.6	1965	f	2	2	2	\N	Point	2	0	10	2018-11-02 11:34:07.401639	2019-01-11 08:10:29.796532	
372	36	2007-10-10	\N	\N	\N	\N		1	16.4	1968	f	2	4	7	\N	Point	\N	0	11	2018-11-02 11:34:07.743114	2018-11-02 11:34:07.743114	\N
373	180	2017-10-26	\N	\N	\N	\N	1991	1	48.6	1991	f	2	4	5	\N	Point	\N	0	11	2018-11-02 11:34:07.762174	2018-11-02 11:34:07.762174	\N
374	\N	\N	\N	\N	\N	\N		\N	\N		t	2	4	7	\N	Point	\N	0	11	2018-11-02 11:34:07.778729	2018-11-02 11:34:07.778729	\N
375	5	2011-11-02	\N	1647.0	\N	\N		\N	383.8		f	2	4	7	\N	Point	\N	0	11	2018-11-02 11:34:07.797113	2018-11-02 11:34:07.797113	\N
376	\N	2017-07-26	\N	1.0	\N	\N		\N	\N	2017	f	2	5	6	\N	Point	\N	0	11	2018-11-02 11:34:07.821025	2018-11-02 11:34:07.821025	\N
377	/	\N	\N	\N	\N	\N		\N	\N		f	2	5	1	\N	Point	\N	0	11	2018-11-02 11:34:07.839616	2018-11-02 11:34:07.839616	\N
378	/	\N	\N	\N	\N	\N		\N	\N		f	2	5	1	\N	Point	\N	0	11	2018-11-02 11:34:07.860634	2018-11-02 11:34:07.860634	\N
379	/	\N	\N	\N	\N	\N		\N	\N		f	2	5	1	\N	Point	\N	0	11	2018-11-02 11:34:07.881902	2018-11-02 11:34:07.881902	\N
380	21	\N	\N	\N	\N	\N		\N	\N	2008	f	2	5	1	\N	Point	\N	0	11	2018-11-02 11:34:07.90642	2018-11-02 11:34:07.90642	\N
381	1	\N	-	2.0308	\N	\N	2006	2	1281.1	2006	f	2	6	8	\N	Point	\N	0	11	2018-11-02 11:34:07.94076	2018-11-02 11:34:07.94076	\N
382	\N	\N	\N	\N	\N	\N		\N	\N		f	2	6	8	\N	\N	\N	0	11	2018-11-02 11:34:07.954392	2018-11-02 11:34:07.954392	\N
383	8	\N	\N	1.1346	\N	\N	2012	\N	1235.0	1966	f	2	2	9	\N	Point	\N	0	11	2018-11-02 11:34:07.975341	2018-11-02 11:34:07.975341	\N
386	999	\N	-	2.0308	\N	\N	2006	2	1281.1	2006	f	2	6	8	\N	Point	\N	0	11	2018-11-02 11:34:08.057161	2018-11-02 11:34:08.057161	\N
387	\N	\N	\N	1.0	\N	\N		\N	\N	1	f	2	8	8	\N	\N	\N	0	11	2018-11-02 11:34:08.076898	2018-11-02 11:34:08.076898	\N
388	\N	\N	\N	\N	\N	\N		\N	\N		f	2	8	8	\N	Point	\N	0	11	2018-11-02 11:34:08.092699	2018-11-02 11:34:08.092699	\N
389	11	2011-07-28	0510100000:03:013:0034	0.41	\N	\N	2017	2	2195.5	2017	f	2	8	2	\N	Point	\N	0	11	2018-11-02 11:34:08.115939	2018-11-02 11:34:08.115939	\N
391	11	2006-12-12	0510100000:02:034:0013	0.046200000000000005	\N	\N	1903	2	289.1	1903	t	3	9	8	\N	\N	\N	0	11	2018-11-02 11:34:08.167269	2018-11-02 11:34:08.167269	\N
392	16	2004-08-06	\N	1.0	\N	\N		\N	\N	1	f	3	10	2	\N	\N	\N	0	11	2018-11-02 11:34:08.187996	2018-11-02 11:34:08.187996	\N
394	7	\N	\N	\N	\N	\N		\N	144.4		f	3	2	7	\N	Point	\N	0	11	2018-11-02 11:34:08.237691	2018-11-02 11:34:08.237691	\N
395	7	2013-11-29	\N	0.49420000000000003	\N	\N	2012	4	4493.9	1984	f	3	2	9	\N	Point	\N	0	11	2018-11-02 11:34:08.260191	2018-11-02 11:34:08.260191	\N
396	85	2017-08-16	\N	0.805	\N	\N	2012	\N	4551.6	1989	f	3	2	9	\N	Point	\N	0	11	2018-11-02 11:34:08.282651	2018-11-02 11:34:08.282651	\N
397	30	2006-11-14	\N	0.5482	\N	\N		4	4475.4	1978	f	3	2	9	\N	Point	\N	0	11	2018-11-02 11:34:08.307474	2018-11-02 11:34:08.307474	\N
398	348	2006-03-23	\N	\N	\N	\N		1	264.8	1973	f	3	2	6	\N	Point	\N	0	11	2018-11-02 11:34:08.327695	2018-11-02 11:34:08.327695	\N
399	50	2001-05-18	\N	1.0	\N	\N		5	2165.4	1917	t	3	11	12	\N	Point	\N	0	11	2018-11-02 11:34:08.358137	2018-11-02 11:34:08.358137	\N
400	15 	2012-07-13	\N	0.012700000000000001	\N	\N		1	36.9	1980	f	3	11	1	\N	Point	\N	0	11	2018-11-02 11:34:08.377462	2018-11-02 11:34:08.377462	\N
401	17	2008-08-13	\N	\N	\N	\N		\N	290.9	1934	f	3	11	7	\N	Point	\N	0	11	2018-11-02 11:34:08.396843	2018-11-02 11:34:08.396843	\N
402	1	2012-08-23	\N	\N	\N	\N		2	1471.2	1912	t	3	11	9	\N	Point	\N	0	11	2018-11-02 11:34:08.417766	2018-11-02 11:34:08.417766	\N
403	37	1999-01-04	0510100000:02:028:0023	0.14	1.0	\N	1966	2	654.2	1966	f	2	11	5	\N	Point	\N	0	11	2018-11-02 11:34:08.43817	2018-11-02 11:34:08.43817	\N
404	217	\N	\N	\N	\N	\N		\N	450.1		f	2	11	5	\N	Point	\N	0	11	2018-11-02 11:34:08.46428	2018-11-02 11:34:08.46428	\N
405	44	2012-07-12	\N	1432.0	\N	\N		2	116.4	1986	f	2	11	7	\N	Point	\N	0	11	2018-11-02 11:34:08.485641	2018-11-02 11:34:08.485641	\N
406	18	\N	\N	\N	\N	\N		1	1042.9		f	2	11	5	\N	Point	\N	0	11	2018-11-02 11:34:08.505853	2018-11-02 11:34:08.505853	\N
407	18	2011-12-07	0510136600:02:080:0124?	237.0	\N	\N		1	128.0	2007	f	2	11	1	\N	Point	\N	0	11	2018-11-02 11:34:08.5269	2018-11-02 11:34:08.5269	\N
408	22	2011-12-08	0510136300:01:053:0028?	0.0124	\N	\N		1	61.5	1974	f	2	11	1	\N	Point	\N	0	11	2018-11-02 11:34:08.557985	2018-11-02 11:34:08.557985	\N
409	51 	2012-01-26	0510136600:02:031:0014?	0.0192	\N	\N		1	106.0	1973	f	2	11	13	\N	Point	\N	0	11	2018-11-02 11:34:08.58249	2018-11-02 11:34:08.58249	\N
410	1 	2011-12-07	?0510136300:01:037:0149	0.013500000000000002	\N	\N		1	55.6	1973	f	2	11	1	\N	Point	\N	0	11	2018-11-02 11:34:08.602997	2018-11-02 11:34:08.602997	\N
411	1 	2012-01-26	0510136600:02:017:0004	0.0026	\N	\N		1	5.5	1973	f	2	11	1	\N	Point	\N	0	11	2018-11-02 11:34:08.623467	2018-11-02 11:34:08.623467	\N
412	7 	2012-01-26	0510136300:01:059:0047?	0.0147	\N	\N		1	65.4		f	2	11	1	\N	Point	\N	0	11	2018-11-02 11:34:08.649102	2018-11-02 11:34:08.649102	\N
413	12 	2011-12-08	0510136300:01:004:0094?	0.0126	\N	\N		1	51.7		f	2	11	1	\N	Point	\N	0	11	2018-11-02 11:34:08.670103	2018-11-02 11:34:08.670103	\N
414	5 	2011-12-08	0510137000:03:058:0138	0.0063	\N	\N		1	35.6		f	2	11	1	\N	Point	\N	0	11	2018-11-02 11:34:08.695487	2018-11-02 11:34:08.695487	\N
415	1 	2011-12-08	0510136300:01:048:0017?	0.008	\N	\N		1	44.1	1978	f	2	11	1	\N	Point	\N	0	11	2018-11-02 11:34:08.717267	2018-11-02 11:34:08.717267	\N
416	7 	2012-01-26	0510136300:01:059:0049?	0.009700000000000002	\N	\N		1	37.0		f	2	11	1	\N	Point	\N	0	11	2018-11-02 11:34:08.737699	2018-11-02 11:34:08.737699	\N
417	38 	2012-01-26	0510137000:03:005:0147?	0.011900000000000003	\N	\N		1	55.0	1978	f	2	11	1	\N	Point	\N	0	11	2018-11-02 11:34:08.75768	2018-11-02 11:34:08.75768	\N
418	226	2011-12-08	0510137000:03:050:0064?	0.0131	\N	\N		1	52.0		f	2	11	1	\N	Point	\N	0	11	2018-11-02 11:34:08.785013	2018-11-02 11:34:08.785013	\N
419	15 	2011-12-07	0510136300:01:039:0137?	0.0129	\N	\N		1	66.2	1978	f	2	11	1	\N	Point	\N	0	11	2018-11-02 11:34:08.804688	2018-11-02 11:34:08.804688	\N
420	19 	2011-12-08	0510136300:01:012:0113	0.013999999999999999	\N	\N		1	60.2		f	2	11	1	\N	Point	\N	0	11	2018-11-02 11:34:08.824348	2018-11-02 11:34:08.824348	\N
421	157 	2011-12-08	0510136600:02:092:0034?	0.0146	\N	\N		1	63.9	1995	f	2	11	1	\N	Point	\N	0	11	2018-11-02 11:34:08.843104	2018-11-02 11:34:08.843104	\N
422	33	2012-02-01	0510136300:01:065:0024	0.0144	\N	\N		1	64.4	1977	f	2	11	1	\N	Point	\N	0	11	2018-11-02 11:34:08.861718	2018-11-02 11:34:08.861718	\N
423	25 	2012-02-02	0510136300:01:065:0021	0.013500000000000002	\N	\N		1	55.4	1972	f	2	11	1	\N	Point	\N	0	11	2018-11-02 11:34:08.880261	2018-11-02 11:34:08.880261	\N
424	51	2012-01-26	0510137000:03:005:0149	0.0131	\N	\N		1	55.1		f	2	11	1	\N	Point	\N	0	11	2018-11-02 11:34:08.899178	2018-11-02 11:34:08.899178	\N
425	78	2011-12-08	0510136600:02:096:0187	0.0105	\N	\N		1	50.7	1979	f	2	11	1	\N	Point	\N	0	11	2018-11-02 11:34:08.918033	2018-11-02 11:34:08.918033	\N
426	37 	2012-02-02	0510136300:01:065:0023	0.014500000000000002	\N	\N		1	63.8	1982	f	2	11	1	\N	Point	\N	0	11	2018-11-02 11:34:08.936459	2018-11-02 11:34:08.936459	\N
427	78	2012-01-26	0510137000:03:017:0004	0.0182	\N	\N		1	87.6	1979	f	2	11	1	\N	Point	\N	0	11	2018-11-02 11:34:08.963796	2018-11-02 11:34:08.963796	\N
428	1	2012-01-25	0510137000:03:043:0237	0.013200000000000002	\N	\N		1	59.0	1987	f	2	11	1	\N	Point	\N	0	11	2018-11-02 11:34:08.981978	2018-11-02 11:34:08.981978	\N
429	67	2012-12-08	0510137000:03:023:0112	0.014100000000000001	\N	\N		1	63.9		f	2	11	1	\N	Point	\N	0	11	2018-11-02 11:34:08.999981	2018-11-02 11:34:08.999981	\N
393	59	2012-05-03		0.2333			1999	10	11410.6	1974	f	3	2	9	\N	Point	2	1	11	2018-11-02 11:34:08.216621	2018-12-06 09:37:23.222341	\N
384	24	\N						\N	831.6		f	2	2	8	\N	Point	2	1	11	2018-11-02 11:34:08.001121	2018-12-06 13:34:35.357677	\N
390	11	2006-12-12	0510100000:02:034:0013				2006	2	357.7	2017	t	2	8	11	\N	Point	2	1	11	2018-11-02 11:34:08.138977	2018-12-06 13:34:52.887516	\N
430	13 	2011-12-08	0510136300:01:042:0016	0.0204	\N	\N		1	118.4	1952	f	2	11	1	\N	Point	\N	0	11	2018-11-02 11:34:09.019658	2018-11-02 11:34:09.019658	\N
431	56 	2011-12-08	0510136300:01:039:0136	0.014500000000000002	\N	\N		1	66.6		f	2	11	1	\N	Point	\N	0	11	2018-11-02 11:34:09.037947	2018-11-02 11:34:09.037947	\N
432	15 	2011-12-08	0510136300:01:039:0137	0.0129	\N	\N		1	65.5	1978	f	2	11	1	\N	Point	\N	0	11	2018-11-02 11:34:09.056015	2018-11-02 11:34:09.056015	\N
433	35	2012-01-26	0510136300:01:037:0116	0.0125	\N	\N		1	67.2	1991	f	2	11	1	\N	Point	\N	0	11	2018-11-02 11:34:09.073814	2018-11-02 11:34:09.073814	\N
434	18	2012-01-26	0510136300:01:038:0069	0.0124	\N	\N		1	65.8		f	2	11	1	\N	Point	\N	0	11	2018-11-02 11:34:09.091476	2018-11-02 11:34:09.091476	\N
435	107	2011-12-08	0510136600:02:080:0125	0.013500000000000002	\N	\N		1	56.3	2002	f	2	11	1	\N	Point	\N	0	11	2018-11-02 11:34:09.109515	2018-11-02 11:34:09.109515	\N
436	56	2011-12-08	0510136600:02:051:0158	0.0139	\N	\N		1	58.3	2002	f	2	11	1	\N	Point	\N	0	11	2018-11-02 11:34:09.1279	2018-11-02 11:34:09.1279	\N
437	111	2011-12-08	0510136600:02:076:0014	0.011400000000000002	\N	\N		1	56.9	2002	f	2	11	1	\N	Point	\N	0	11	2018-11-02 11:34:09.146333	2018-11-02 11:34:09.146333	\N
438	191	2011-12-08	0510136600:02:089:0137	0.0146	\N	\N		1	64.1	2006	f	2	11	1	\N	Point	\N	0	11	2018-11-02 11:34:09.164132	2018-11-02 11:34:09.164132	\N
439	8	2011-12-08	0510137000:02:080:0123	0.0158	\N	\N		1	71.5	2009	f	2	11	1	\N	Point	\N	0	11	2018-11-02 11:34:09.183204	2018-11-02 11:34:09.183204	\N
440	 21	2011-12-07	0510137000:03:029:0252	146.0	\N	\N		1	64.0	2003	f	2	11	1	\N	Point	\N	0	11	2018-11-02 11:34:09.206012	2018-11-02 11:34:09.206012	\N
441	37 	2012-01-26	0510136300:01:065:0022	0.014100000000000001	\N	\N		1	65.4	1993	f	2	11	1	\N	Point	\N	0	11	2018-11-02 11:34:09.225182	2018-11-02 11:34:09.225182	\N
442	9	2004-03-09	0510100000:01:051:0030	9918.0	\N	\N	1971	2	2057.5	1971	f	2	11	2	\N	Point	\N	0	11	2018-11-02 11:34:09.252846	2018-11-02 11:34:09.252846	\N
443	7	2015-11-24	0510100000:02:052:0223	0.8423	\N	\N	1935	4	2257.3	1935	f	3	12	2	\N	Point	\N	0	11	2018-11-02 11:34:09.284202	2018-11-02 11:34:09.284202	\N
444	21	\N	0510100000:02:052:0222	4012.0	\N	\N		2	777.71	1960	f	3	12	2	\N	Point	\N	0	11	2018-11-02 11:34:09.304505	2018-11-02 11:34:09.304505	\N
445	 21,23,25	\N	\N	\N	\N	\N		1	18.0		f	3	12	7	\N	Point	\N	0	11	2018-11-02 11:34:09.325647	2018-11-02 11:34:09.325647	\N
446	68	\N	\N	\N	\N	\N		\N	\N	2008	f	3	12	5	\N	Point	\N	0	11	2018-11-02 11:34:09.344293	2018-11-02 11:34:09.344293	\N
447	10	\N	\N	\N	\N	\N		\N	168.0	1991	f	3	12	1	\N	Point	\N	0	11	2018-11-02 11:34:09.370948	2018-11-02 11:34:09.370948	\N
448	18	2006-09-07	\N	0.14	\N	\N	2016	2	1476.6	1917	f	3	12	5	\N	\N	\N	0	11	2018-11-02 11:34:09.386676	2018-11-02 11:34:09.386676	\N
449	53-	\N	\N	\N	\N	\N		\N	\N		f	3	12	2	\N	\N	\N	0	11	2018-11-02 11:34:09.40332	2018-11-02 11:34:09.40332	\N
450	79	2008-08-27	\N	\N	\N	\N		5	5204.8		f	3	12	7	\N	Point	\N	0	11	2018-11-02 11:34:09.42053	2018-11-02 11:34:09.42053	\N
451	77	2008-08-27	\N	\N	\N	\N		5	5204.8		f	3	12	7	\N	Point	\N	0	11	2018-11-02 11:34:09.447647	2018-11-02 11:34:09.447647	\N
452	75	2008-08-27	\N	\N	\N	\N		5	5204.8		f	3	12	7	\N	Point	\N	0	11	2018-11-02 11:34:09.466116	2018-11-02 11:34:09.466116	\N
453	40	2008-08-27	\N	\N	\N	\N		5	5204.8		f	3	12	7	\N	Point	\N	0	11	2018-11-02 11:34:09.484829	2018-11-02 11:34:09.484829	\N
454	36	\N	\N	\N	\N	\N		\N	\N		f	3	12	7	\N	\N	\N	0	11	2018-11-02 11:34:09.500755	2018-11-02 11:34:09.500755	\N
455	35	\N	\N	\N	\N	\N		\N	\N		f	3	12	7	\N	\N	\N	0	11	2018-11-02 11:34:09.516364	2018-11-02 11:34:09.516364	\N
456	34	\N	\N	\N	\N	\N		\N	\N		f	3	12	7	\N	\N	\N	0	11	2018-11-02 11:34:09.532007	2018-11-02 11:34:09.532007	\N
457	22	\N	\N	\N	\N	\N		\N	\N		f	3	12	7	\N	\N	\N	0	11	2018-11-02 11:34:09.551318	2018-11-02 11:34:09.551318	\N
458	20	\N	\N	\N	\N	\N		\N	\N		f	3	12	7	\N	\N	\N	0	11	2018-11-02 11:34:09.565829	2018-11-02 11:34:09.565829	\N
459	19	\N	\N	\N	\N	\N		\N	\N		f	3	12	7	\N	\N	\N	0	11	2018-11-02 11:34:09.580966	2018-11-02 11:34:09.580966	\N
460	16	\N	\N	\N	\N	\N		\N	\N		f	3	12	7	\N	\N	\N	0	11	2018-11-02 11:34:09.595912	2018-11-02 11:34:09.595912	\N
461	14	\N	\N	\N	\N	\N		\N	\N		f	3	12	7	\N	\N	\N	0	11	2018-11-02 11:34:09.611119	2018-11-02 11:34:09.611119	\N
462	12	\N	\N	\N	\N	\N		\N	\N		f	3	12	7	\N	\N	\N	0	11	2018-11-02 11:34:09.628866	2018-11-02 11:34:09.628866	\N
463	9	\N	\N	\N	\N	\N		\N	\N		f	3	12	7	\N	\N	\N	0	11	2018-11-02 11:34:09.643506	2018-11-02 11:34:09.643506	\N
464	7	\N	\N	\N	\N	\N		\N	\N		f	3	12	7	\N	\N	\N	0	11	2018-11-02 11:34:09.661284	2018-11-02 11:34:09.661284	\N
465	1	\N	\N	\N	\N	\N		\N	187.7		f	3	12	7	\N	\N	\N	0	11	2018-11-02 11:34:09.676195	2018-11-02 11:34:09.676195	\N
466	1	\N	\N	1.0	\N	\N		\N	\N	1	f	3	13	2	\N	\N	\N	0	11	2018-11-02 11:34:09.696153	2018-11-02 11:34:09.696153	\N
467	3	\N	\N	\N	\N	\N		\N	\N		f	3	13	2	\N	\N	\N	0	11	2018-11-02 11:34:09.71086	2018-11-02 11:34:09.71086	\N
468	38	\N	\N	\N	\N	\N		\N	\N		f	3	13	2	\N	\N	\N	0	11	2018-11-02 11:34:09.725844	2018-11-02 11:34:09.725844	\N
469	53	\N	\N	\N	\N	\N		\N	\N		f	3	13	1	\N	\N	\N	0	11	2018-11-02 11:34:09.74036	2018-11-02 11:34:09.74036	\N
470	27	\N	\N	\N	\N	\N		\N	\N		f	3	13	7	\N	\N	\N	0	11	2018-11-02 11:34:09.754547	2018-11-02 11:34:09.754547	\N
471	40	\N	\N	\N	\N	\N		\N	\N		f	3	13	7	\N	\N	\N	0	11	2018-11-02 11:34:09.769153	2018-11-02 11:34:09.769153	\N
472	38	\N	\N	\N	\N	\N		\N	\N		f	3	13	7	\N	\N	\N	0	11	2018-11-02 11:34:09.783342	2018-11-02 11:34:09.783342	\N
473	32	\N	\N	\N	\N	\N		\N	\N		f	3	13	7	\N	\N	\N	0	11	2018-11-02 11:34:09.798192	2018-11-02 11:34:09.798192	\N
474	22	\N	\N	\N	\N	\N		1	25.0		f	3	13	5	\N	\N	\N	0	11	2018-11-02 11:34:09.812711	2018-11-02 11:34:09.812711	\N
475	104	\N	\N	\N	\N	\N		\N	1115.0		f	3	13	7	\N	\N	\N	0	11	2018-11-02 11:34:09.827472	2018-11-02 11:34:09.827472	\N
476	2	\N	\N	\N	\N	\N		\N	\N		f	3	13	1	\N	Point	\N	0	11	2018-11-02 11:34:09.843095	2018-11-02 11:34:09.843095	\N
477	46	\N	\N	\N	\N	\N		\N	\N		f	3	13	1	\N	Point	\N	0	11	2018-11-02 11:34:09.859635	2018-11-02 11:34:09.859635	\N
478	1	\N	\N	\N	\N	\N		\N	\N		f	3	13	1	\N	Point	\N	0	11	2018-11-02 11:34:09.87628	2018-11-02 11:34:09.87628	\N
479	30	\N	\N	\N	\N	\N		\N	\N		f	3	13	1	\N	\N	\N	0	11	2018-11-02 11:34:09.891719	2018-11-02 11:34:09.891719	\N
480	14	\N	\N	\N	\N	\N		\N	3997.9		f	3	13	7	\N	\N	\N	0	11	2018-11-02 11:34:09.90687	2018-11-02 11:34:09.90687	\N
481	7	\N	\N	\N	\N	\N		\N	\N		f	3	13	1	\N	Point	\N	0	11	2018-11-02 11:34:09.92442	2018-11-02 11:34:09.92442	\N
482	41	\N	\N	\N	\N	\N		\N	\N		f	3	13	8	\N	\N	\N	0	11	2018-11-02 11:34:09.94036	2018-11-02 11:34:09.94036	\N
483	6	\N	\N	\N	\N	\N		\N	812.1		f	3	13	7	\N	Point	\N	0	11	2018-11-02 11:34:09.955469	2018-11-02 11:34:09.955469	\N
484	 6	\N	\N	\N	\N	\N		\N	\N		f	3	13	7	\N	\N	\N	0	11	2018-11-02 11:34:09.971083	2018-11-02 11:34:09.971083	\N
485	 74	\N	\N	\N	\N	\N		\N	\N		f	3	13	7	\N	\N	\N	0	11	2018-11-02 11:34:09.986243	2018-11-02 11:34:09.986243	\N
486	 65	\N	\N	\N	\N	\N		\N	\N		f	3	13	7	\N	\N	\N	0	11	2018-11-02 11:34:10.000943	2018-11-02 11:34:10.000943	\N
487	 36	\N	\N	\N	\N	\N		\N	\N		f	3	13	7	\N	\N	\N	0	11	2018-11-02 11:34:10.017609	2018-11-02 11:34:10.017609	\N
488	 3	\N	\N	\N	\N	\N		\N	\N		f	3	13	7	\N	\N	\N	0	11	2018-11-02 11:34:10.033933	2018-11-02 11:34:10.033933	\N
489	 34-36	\N	\N	\N	\N	\N		\N	\N		f	3	13	7	\N	\N	\N	0	11	2018-11-02 11:34:10.050691	2018-11-02 11:34:10.050691	\N
490	 19,21	\N	\N	\N	\N	\N		\N	\N		f	3	13	7	\N	\N	\N	0	11	2018-11-02 11:34:10.066809	2018-11-02 11:34:10.066809	\N
491	 202	\N	\N	\N	\N	\N		\N	\N		f	3	13	7	\N	\N	\N	0	11	2018-11-02 11:34:10.083047	2018-11-02 11:34:10.083047	\N
492	 16	\N	\N	\N	\N	\N		\N	\N		f	3	13	7	\N	\N	\N	0	11	2018-11-02 11:34:10.101067	2018-11-02 11:34:10.101067	\N
493	 4	\N	\N	\N	\N	\N		\N	\N		f	3	13	7	\N	\N	\N	0	11	2018-11-02 11:34:10.115763	2018-11-02 11:34:10.115763	\N
494	 23	\N	\N	\N	\N	\N		\N	\N		f	3	13	7	\N	\N	\N	0	11	2018-11-02 11:34:10.131397	2018-11-02 11:34:10.131397	\N
495	 7	\N	\N	\N	\N	\N		\N	\N		f	3	13	7	\N	\N	\N	0	11	2018-11-02 11:34:10.148487	2018-11-02 11:34:10.148487	\N
496	 44	\N	\N	\N	\N	\N		\N	\N		f	3	13	7	\N	\N	\N	0	11	2018-11-02 11:34:10.163023	2018-11-02 11:34:10.163023	\N
497	 65,71	\N	\N	\N	\N	\N		\N	\N		f	3	13	7	\N	\N	\N	0	11	2018-11-02 11:34:10.17907	2018-11-02 11:34:10.17907	\N
498	 44	\N	\N	\N	\N	\N		\N	\N		f	3	13	7	\N	\N	\N	0	11	2018-11-02 11:34:10.193227	2018-11-02 11:34:10.193227	\N
499	 33	\N	\N	\N	\N	\N		\N	\N		f	3	13	7	\N	\N	\N	0	11	2018-11-02 11:34:10.207143	2018-11-02 11:34:10.207143	\N
500	 54	\N	\N	\N	\N	\N		\N	\N		f	3	13	7	\N	\N	\N	0	11	2018-11-02 11:34:10.221537	2018-11-02 11:34:10.221537	\N
501	 56	\N	\N	\N	\N	\N		\N	\N		f	3	13	7	\N	\N	\N	0	11	2018-11-02 11:34:10.235788	2018-11-02 11:34:10.235788	\N
502	85 	\N	\N	\N	\N	\N		\N	\N		f	3	13	14	\N	\N	\N	0	11	2018-11-02 11:34:10.255386	2018-11-02 11:34:10.255386	\N
503	 189	\N	\N	\N	\N	\N		\N	\N		f	3	13	7	\N	\N	\N	0	11	2018-11-02 11:34:10.270061	2018-11-02 11:34:10.270061	\N
504	 11	\N	\N	\N	\N	\N		\N	\N		f	3	13	7	\N	\N	\N	0	11	2018-11-02 11:34:10.284377	2018-11-02 11:34:10.284377	\N
505	119 	2012-02-02	0510136600:02:076:0015	0.0094	\N	\N		1	42.1		f	3	14	1	\N	Point	\N	0	11	2018-11-02 11:34:10.306509	2018-11-02 11:34:10.306509	\N
506	25 	2012-02-02	0510137000:03:061:0229	0.0116	\N	\N		1	50.1		f	3	14	1	\N	\N	\N	0	11	2018-11-02 11:34:10.322453	2018-11-02 11:34:10.322453	\N
507	 155	\N	\N	\N	\N	\N		\N	\N		f	3	14	7	\N	\N	\N	0	11	2018-11-02 11:34:10.338038	2018-11-02 11:34:10.338038	\N
508	39 	\N	\N	\N	\N	\N		\N	\N		f	3	14	7	\N	\N	\N	0	11	2018-11-02 11:34:10.353252	2018-11-02 11:34:10.353252	\N
509	122 	\N	\N	\N	\N	\N		\N	\N		f	3	14	1	\N	\N	\N	0	11	2018-11-02 11:34:10.369347	2018-11-02 11:34:10.369347	\N
510	19	\N	\N	\N	\N	\N		\N	\N		f	3	14	6	\N	\N	\N	0	11	2018-11-02 11:34:10.383759	2018-11-02 11:34:10.383759	\N
511	1	\N	\N	\N	\N	\N		\N	\N		f	3	14	11	\N	\N	\N	0	11	2018-11-02 11:34:10.398436	2018-11-02 11:34:10.398436	\N
512	 22	\N	\N	\N	\N	\N		\N	\N		f	3	14	7	\N	\N	\N	0	11	2018-11-02 11:34:10.418431	2018-11-02 11:34:10.418431	\N
513	 5	\N	\N	\N	\N	\N		\N	\N		f	3	14	7	\N	\N	\N	0	11	2018-11-02 11:34:10.435462	2018-11-02 11:34:10.435462	\N
514	 7-11	\N	\N	\N	\N	\N		\N	\N		f	3	14	7	\N	\N	\N	0	11	2018-11-02 11:34:10.449646	2018-11-02 11:34:10.449646	\N
515	 3,5	\N	\N	\N	\N	\N		\N	61.4		f	3	14	7	\N	\N	\N	0	11	2018-11-02 11:34:10.463501	2018-11-02 11:34:10.463501	\N
516	68	\N	\N	\N	\N	\N		\N	3901.4		f	3	14	5	\N	\N	\N	0	11	2018-11-02 11:34:10.477719	2018-11-02 11:34:10.477719	\N
517	96	\N	\N	\N	\N	\N		4	6672.1		f	3	14	5	\N	\N	\N	0	11	2018-11-02 11:34:10.492077	2018-11-02 11:34:10.492077	\N
518	 112	\N	\N	\N	\N	\N		\N	\N		f	3	14	7	\N	\N	\N	0	11	2018-11-02 11:34:10.50655	2018-11-02 11:34:10.50655	\N
519	 146-148	\N	\N	\N	\N	\N		\N	\N		f	3	14	7	\N	\N	\N	0	11	2018-11-02 11:34:10.52321	2018-11-02 11:34:10.52321	\N
520	 23	\N	\N	\N	\N	\N		\N	\N		f	3	14	7	\N	\N	\N	0	11	2018-11-02 11:34:10.536916	2018-11-02 11:34:10.536916	\N
521	11	\N	\N	\N	\N	\N		\N	\N		f	3	14	1	\N	\N	\N	0	11	2018-11-02 11:34:10.550752	2018-11-02 11:34:10.550752	\N
522	53	2017-07-26	\N	\N	\N	\N		1	327.5	1917	f	3	14	5	\N	\N	\N	0	11	2018-11-02 11:34:10.564446	2018-11-02 11:34:10.564446	\N
523	 73	\N	\N	\N	\N	\N		\N	\N		f	3	14	7	\N	\N	\N	0	11	2018-11-02 11:34:10.579039	2018-11-02 11:34:10.579039	\N
524	 20/73	\N	\N	\N	\N	\N		\N	\N		f	3	14	7	\N	\N	\N	0	11	2018-11-02 11:34:10.594932	2018-11-02 11:34:10.594932	\N
525	24	2012-02-02	0510137000:03:012:0167	0.007200000000000001	\N	\N		1	49.2		f	3	14	1	\N	\N	\N	0	11	2018-11-02 11:34:10.612333	2018-11-02 11:34:10.612333	\N
526	26 	2012-02-15	0510136600:02:052:0180	0.0047	\N	\N		1	25.1		f	3	14	1	\N	\N	\N	0	11	2018-11-02 11:34:10.627435	2018-11-02 11:34:10.627435	\N
527	51 	2012-01-26	\N	0.0186	\N	\N		1	75.2		f	3	14	13	\N	\N	\N	0	11	2018-11-02 11:34:10.641903	2018-11-02 11:34:10.641903	\N
528	21	2017-10-30	0510100000:02:052:0222	0.4	\N	\N	1960	2	1361.5	1960	f	2	14	2	\N	Point	\N	0	11	2018-11-02 11:34:10.665641	2018-11-02 11:34:10.665641	\N
529	163	\N	\N	\N	\N	\N	2012	1	388.3	1960	f	2	15	12	\N	Point	\N	0	11	2018-11-02 11:34:10.699013	2018-11-02 11:34:10.699013	\N
530	41	2008-08-01	0510100000:01:041:0080	0.75	\N	\N	1969	2	1365.0	1969	f	2	15	2	\N	Point	\N	0	11	2018-11-02 11:34:10.725113	2018-11-02 11:34:10.725113	\N
531	6	2007-09-19	0510136300:01:043:0049	0.55	\N	\N	1954	2	3001.7	1954	f	4	15	5	\N	\N	\N	0	11	2018-11-02 11:34:10.757346	2018-11-02 11:34:10.757346	\N
532	  9	\N	\N	\N	\N	\N		\N	\N		f	4	15	7	\N	\N	\N	0	11	2018-11-02 11:34:10.786529	2018-11-02 11:34:10.786529	\N
533	  161-163	\N	\N	\N	\N	\N		\N	\N		f	4	15	7	\N	\N	\N	0	11	2018-11-02 11:34:10.802832	2018-11-02 11:34:10.802832	\N
534	/  70	\N	\N	\N	\N	\N		\N	226.7		f	4	15	3	\N	\N	\N	0	11	2018-11-02 11:34:10.820552	2018-11-02 11:34:10.820552	\N
535	122	\N	\N	\N	\N	\N		\N	\N		f	4	15	7	\N	\N	\N	0	11	2018-11-02 11:34:10.836835	2018-11-02 11:34:10.836835	\N
536	89	\N	\N	\N	\N	\N		\N	\N		f	4	15	7	\N	\N	\N	0	11	2018-11-02 11:34:10.852699	2018-11-02 11:34:10.852699	\N
537	10	\N	\N	\N	\N	\N		\N	\N		f	4	15	7	\N	Point	\N	0	11	2018-11-02 11:34:10.876012	2018-11-02 11:34:10.876012	\N
538	14	\N	\N	\N	\N	\N		\N	\N		f	4	15	7	\N	\N	\N	0	11	2018-11-02 11:34:10.893723	2018-11-02 11:34:10.893723	\N
539	30	\N	\N	\N	\N	\N		\N	\N		f	4	15	7	\N	\N	\N	0	11	2018-11-02 11:34:10.908897	2018-11-02 11:34:10.908897	\N
540	26	\N	\N	\N	\N	\N		\N	\N		f	4	15	7	\N	\N	\N	0	11	2018-11-02 11:34:10.924259	2018-11-02 11:34:10.924259	\N
541	22	\N	\N	\N	\N	\N		\N	\N		f	4	15	7	\N	\N	\N	0	11	2018-11-02 11:34:10.939358	2018-11-02 11:34:10.939358	\N
542	2	\N	\N	\N	\N	\N		\N	\N		f	4	15	7	\N	\N	\N	0	11	2018-11-02 11:34:10.954417	2018-11-02 11:34:10.954417	\N
543	 47	\N	\N	\N	\N	\N		\N	\N		f	4	15	7	\N	\N	\N	0	11	2018-11-02 11:34:10.969045	2018-11-02 11:34:10.969045	\N
544	 38,38	\N	\N	\N	\N	\N		\N	\N		f	4	15	7	\N	\N	\N	0	11	2018-11-02 11:34:10.984237	2018-11-02 11:34:10.984237	\N
545	 58	\N	\N	\N	\N	\N		\N	\N		f	4	15	7	\N	\N	\N	0	11	2018-11-02 11:34:11.005113	2018-11-02 11:34:11.005113	\N
546	 5	\N	\N	\N	\N	\N		\N	\N		f	4	15	7	\N	\N	\N	0	11	2018-11-02 11:34:11.023313	2018-11-02 11:34:11.023313	\N
547	 29	\N	\N	\N	\N	\N		\N	\N		f	4	15	7	\N	\N	\N	0	11	2018-11-02 11:34:11.037976	2018-11-02 11:34:11.037976	\N
548	 40	\N	\N	\N	\N	\N		\N	\N		f	4	15	7	\N	\N	\N	0	11	2018-11-02 11:34:11.053283	2018-11-02 11:34:11.053283	\N
549	 90	\N	\N	\N	\N	\N		\N	\N		f	4	15	7	\N	\N	\N	0	11	2018-11-02 11:34:11.068865	2018-11-02 11:34:11.068865	\N
550	 132,134,136	\N	\N	\N	\N	\N		\N	\N		f	4	15	7	\N	\N	\N	0	11	2018-11-02 11:34:11.083654	2018-11-02 11:34:11.083654	\N
551	 78	\N	\N	\N	\N	\N		\N	\N		f	4	15	7	\N	\N	\N	0	11	2018-11-02 11:34:11.098381	2018-11-02 11:34:11.098381	\N
552	 44,46,48	\N	\N	\N	\N	\N		\N	\N		f	4	15	7	\N	Point	\N	0	11	2018-11-02 11:34:11.115636	2018-11-02 11:34:11.115636	\N
553	 139	\N	\N	\N	\N	\N		\N	\N		f	4	15	7	\N	\N	\N	0	11	2018-11-02 11:34:11.139283	2018-11-02 11:34:11.139283	\N
554	 174	\N	\N	\N	\N	\N		\N	\N		f	4	15	7	\N	\N	\N	0	11	2018-11-02 11:34:11.155416	2018-11-02 11:34:11.155416	\N
555	 147	\N	\N	\N	\N	\N		\N	\N		f	4	15	7	\N	\N	\N	0	11	2018-11-02 11:34:11.170591	2018-11-02 11:34:11.170591	\N
556	 3	\N	\N	\N	\N	\N		\N	\N		f	4	15	7	\N	\N	\N	0	11	2018-11-02 11:34:11.185868	2018-11-02 11:34:11.185868	\N
557	 10	\N	\N	\N	\N	\N		\N	\N		f	4	15	7	\N	\N	\N	0	11	2018-11-02 11:34:11.201326	2018-11-02 11:34:11.201326	\N
558	 30-32	\N	\N	\N	\N	\N		\N	\N		f	4	15	7	\N	\N	\N	0	11	2018-11-02 11:34:11.22542	2018-11-02 11:34:11.22542	\N
559	18	\N	\N	\N	\N	\N		\N	4515.7		f	4	15	7	\N	\N	\N	0	11	2018-11-02 11:34:11.24934	2018-11-02 11:34:11.24934	\N
560	 48	\N	\N	\N	\N	\N		\N	\N		f	4	15	7	\N	\N	\N	0	11	2018-11-02 11:34:11.264995	2018-11-02 11:34:11.264995	\N
561	 19	\N	\N	\N	\N	\N		\N	\N		f	4	15	7	\N	\N	\N	0	11	2018-11-02 11:34:11.279909	2018-11-02 11:34:11.279909	\N
562	 48	\N	\N	\N	\N	\N		\N	\N		f	4	15	7	\N	\N	\N	0	11	2018-11-02 11:34:11.294908	2018-11-02 11:34:11.294908	\N
563	 16	\N	\N	\N	\N	\N		\N	\N		f	4	15	7	\N	\N	\N	0	11	2018-11-02 11:34:11.318145	2018-11-02 11:34:11.318145	\N
564	 35	\N	\N	\N	\N	\N		\N	\N		f	4	15	7	\N	\N	\N	0	11	2018-11-02 11:34:11.333533	2018-11-02 11:34:11.333533	\N
565	 30	\N	\N	\N	\N	\N		\N	\N		f	4	15	7	\N	\N	\N	0	11	2018-11-02 11:34:11.348361	2018-11-02 11:34:11.348361	\N
566	 157	\N	\N	\N	\N	\N		\N	\N		f	4	15	7	\N	\N	\N	0	11	2018-11-02 11:34:11.364319	2018-11-02 11:34:11.364319	\N
567	14	\N	\N	\N	\N	\N		\N	\N		f	4	15	7	\N	\N	\N	0	11	2018-11-02 11:34:11.379921	2018-11-02 11:34:11.379921	\N
568	49	2017-10-26	0510137000:03:005:0120	1.06	\N	\N	1960	1	58.5	1960	f	2	15	5	\N	Point	\N	0	11	2018-11-02 11:34:11.397372	2018-11-02 11:34:11.397372	\N
569	3	2017-10-26	\N	0.0032	\N	\N	2009	5	42.3	1968	f	2	15	5	\N	Point	\N	0	11	2018-11-02 11:34:11.416194	2018-11-02 11:34:11.416194	\N
570	26	\N	\N	\N	\N	\N		\N	\N		f	2	15	7	\N	\N	\N	0	11	2018-11-02 11:34:11.432394	2018-11-02 11:34:11.432394	\N
571	48	2005-04-28	0510137000:03:043:0260	0.06	\N	\N	1965	1	59.0	1965	f	2	15	5	\N	Point	\N	0	11	2018-11-02 11:34:11.448383	2018-11-02 11:34:11.448383	\N
572	 56,(. , 44)	\N	\N	\N	\N	\N		\N	\N		f	2	15	7	\N	\N	\N	0	11	2018-11-02 11:34:11.465084	2018-11-02 11:34:11.465084	\N
573	 36	\N	\N	\N	\N	\N		\N	\N		f	2	15	7	\N	\N	\N	0	11	2018-11-02 11:34:11.483782	2018-11-02 11:34:11.483782	\N
574	 3,3	\N	\N	\N	\N	\N		\N	\N		f	2	15	7	\N	\N	\N	0	11	2018-11-02 11:34:11.512506	2018-11-02 11:34:11.512506	\N
575	 55	\N	\N	\N	\N	\N		\N	\N		f	2	15	7	\N	\N	\N	0	11	2018-11-02 11:34:11.53212	2018-11-02 11:34:11.53212	\N
576	83	\N	\N	\N	\N	\N		\N	\N		f	2	15	7	\N	\N	\N	0	11	2018-11-02 11:34:11.546869	2018-11-02 11:34:11.546869	\N
577	77	\N	\N	\N	\N	\N		\N	\N		f	2	15	7	\N	\N	\N	0	11	2018-11-02 11:34:11.565057	2018-11-02 11:34:11.565057	\N
578	10	\N	\N	\N	\N	\N	2007	1	233.5	1990	f	2	15	5	\N	\N	\N	0	11	2018-11-02 11:34:11.581476	2018-11-02 11:34:11.581476	\N
579	73	\N	\N	\N	\N	\N		\N	\N		f	2	15	7	\N	\N	\N	0	11	2018-11-02 11:34:11.604323	2018-11-02 11:34:11.604323	\N
580	20	\N	\N	\N	\N	\N		\N	\N		f	2	15	7	\N	\N	\N	0	11	2018-11-02 11:34:11.621214	2018-11-02 11:34:11.621214	\N
581	34	\N	\N	\N	\N	\N		\N	\N		f	2	15	7	\N	\N	\N	0	11	2018-11-02 11:34:11.63636	2018-11-02 11:34:11.63636	\N
582	41	\N	\N	\N	\N	\N		\N	115.06		f	2	15	7	\N	\N	\N	0	11	2018-11-02 11:34:11.660842	2018-11-02 11:34:11.660842	\N
583	7/13	\N	\N	\N	\N	\N		\N	28.3		f	2	15	7	\N	\N	\N	0	11	2018-11-02 11:34:11.675806	2018-11-02 11:34:11.675806	\N
584	71	\N	\N	\N	\N	\N		\N	\N		f	2	15	7	\N	\N	\N	0	11	2018-11-02 11:34:11.691272	2018-11-02 11:34:11.691272	\N
585	67	\N	\N	\N	\N	\N		\N	\N		f	2	15	7	\N	\N	\N	0	11	2018-11-02 11:34:11.706465	2018-11-02 11:34:11.706465	\N
586	63	\N	\N	\N	\N	\N		\N	\N		f	2	15	7	\N	\N	\N	0	11	2018-11-02 11:34:11.720938	2018-11-02 11:34:11.720938	\N
587	57	\N	\N	\N	\N	\N		\N	\N		f	2	15	7	\N	\N	\N	0	11	2018-11-02 11:34:11.735265	2018-11-02 11:34:11.735265	\N
588	55	\N	\N	\N	\N	\N		\N	\N		f	2	15	7	\N	\N	\N	0	11	2018-11-02 11:34:11.749582	2018-11-02 11:34:11.749582	\N
589	51	\N	\N	\N	\N	\N		\N	\N		f	2	15	7	\N	\N	\N	0	11	2018-11-02 11:34:11.763975	2018-11-02 11:34:11.763975	\N
590	46/28	\N	\N	\N	\N	\N		\N	\N		f	2	15	7	\N	\N	\N	0	11	2018-11-02 11:34:11.77802	2018-11-02 11:34:11.77802	\N
591	45	\N	\N	\N	\N	\N		\N	\N		f	2	15	7	\N	\N	\N	0	11	2018-11-02 11:34:11.792204	2018-11-02 11:34:11.792204	\N
592	43	\N	\N	\N	\N	\N		\N	\N		f	2	15	7	\N	\N	\N	0	11	2018-11-02 11:34:11.806644	2018-11-02 11:34:11.806644	\N
593	40	\N	\N	\N	\N	\N		\N	\N		f	2	15	7	\N	\N	\N	0	11	2018-11-02 11:34:11.822244	2018-11-02 11:34:11.822244	\N
594	37	\N	\N	\N	\N	\N		\N	\N		f	2	15	7	\N	\N	\N	0	11	2018-11-02 11:34:11.845495	2018-11-02 11:34:11.845495	\N
595	35	\N	\N	\N	\N	\N		\N	\N		f	2	15	7	\N	\N	\N	0	11	2018-11-02 11:34:11.861223	2018-11-02 11:34:11.861223	\N
596	33	\N	\N	\N	\N	\N		\N	\N		f	2	15	7	\N	\N	\N	0	11	2018-11-02 11:34:11.876171	2018-11-02 11:34:11.876171	\N
597	32	\N	\N	\N	\N	\N		\N	\N		f	2	15	7	\N	\N	\N	0	11	2018-11-02 11:34:11.901207	2018-11-02 11:34:11.901207	\N
598	31	\N	\N	\N	\N	\N		\N	\N		f	2	15	7	\N	\N	\N	0	11	2018-11-02 11:34:11.918582	2018-11-02 11:34:11.918582	\N
599	29	\N	\N	\N	\N	\N		\N	\N		f	2	15	7	\N	\N	\N	0	11	2018-11-02 11:34:11.933165	2018-11-02 11:34:11.933165	\N
600	27	\N	\N	\N	\N	\N		\N	\N		f	2	15	7	\N	\N	\N	0	11	2018-11-02 11:34:11.948326	2018-11-02 11:34:11.948326	\N
601	23	\N	\N	\N	\N	\N		\N	\N		f	2	15	7	\N	\N	\N	0	11	2018-11-02 11:34:11.965162	2018-11-02 11:34:11.965162	\N
602	19	\N	\N	\N	\N	\N		\N	\N		f	2	15	7	\N	\N	\N	0	11	2018-11-02 11:34:11.97975	2018-11-02 11:34:11.97975	\N
603	13	\N	\N	\N	\N	\N		\N	\N		f	2	15	7	\N	\N	\N	0	11	2018-11-02 11:34:11.993669	2018-11-02 11:34:11.993669	\N
604	11	\N	\N	\N	\N	\N		\N	\N		f	2	15	7	\N	\N	\N	0	11	2018-11-02 11:34:12.016237	2018-11-02 11:34:12.016237	\N
605	/	\N	\N	\N	\N	\N		\N	\N		f	2	15	1	\N	\N	\N	0	11	2018-11-02 11:34:12.032222	2018-11-02 11:34:12.032222	\N
606	23	\N	\N	\N	\N	\N		\N	\N		f	2	15	7	\N	\N	\N	0	11	2018-11-02 11:34:12.046167	2018-11-02 11:34:12.046167	\N
607	26	\N	\N	\N	\N	\N		\N	\N		f	2	15	7	\N	\N	\N	0	11	2018-11-02 11:34:12.06014	2018-11-02 11:34:12.06014	\N
608	10	\N	\N	\N	\N	\N		\N	\N		f	2	15	7	\N	\N	\N	0	11	2018-11-02 11:34:12.073754	2018-11-02 11:34:12.073754	\N
609	8	\N	\N	\N	\N	\N		\N	\N		f	2	15	7	\N	\N	\N	0	11	2018-11-02 11:34:12.088184	2018-11-02 11:34:12.088184	\N
610	69	\N	\N	\N	\N	\N		\N	\N		f	2	15	7	\N	\N	\N	0	11	2018-11-02 11:34:12.103259	2018-11-02 11:34:12.103259	\N
611	18/10	\N	\N	\N	\N	\N		\N	25.21		f	2	15	7	\N	\N	\N	0	11	2018-11-02 11:34:12.118314	2018-11-02 11:34:12.118314	\N
612	36	\N	\N	\N	\N	\N		\N	\N		f	2	15	7	\N	\N	\N	0	11	2018-11-02 11:34:12.133974	2018-11-02 11:34:12.133974	\N
613	34	\N	\N	\N	\N	\N		\N	\N		f	2	15	7	\N	\N	\N	0	11	2018-11-02 11:34:12.157691	2018-11-02 11:34:12.157691	\N
614	15	\N	\N	\N	\N	\N		\N	\N		f	2	15	7	\N	\N	\N	0	11	2018-11-02 11:34:12.173079	2018-11-02 11:34:12.173079	\N
615	14	\N	\N	\N	\N	\N		\N	\N		f	2	15	7	\N	\N	\N	0	11	2018-11-02 11:34:12.196474	2018-11-02 11:34:12.196474	\N
616	13	\N	\N	\N	\N	\N		\N	43.8		f	2	15	7	\N	\N	\N	0	11	2018-11-02 11:34:12.211228	2018-11-02 11:34:12.211228	\N
617	5	\N	\N	\N	\N	\N		\N	7.4		f	2	15	7	\N	\N	\N	0	11	2018-11-02 11:34:12.226999	2018-11-02 11:34:12.226999	\N
618	65/143	\N	\N	\N	\N	\N		\N	63.7		f	2	15	7	\N	\N	\N	0	11	2018-11-02 11:34:12.241592	2018-11-02 11:34:12.241592	\N
619	107	\N	\N	\N	\N	\N		\N	\N		f	2	15	7	\N	\N	\N	0	11	2018-11-02 11:34:12.256488	2018-11-02 11:34:12.256488	\N
620	103	\N	\N	\N	\N	\N		\N	\N		f	2	15	7	\N	\N	\N	0	11	2018-11-02 11:34:12.270814	2018-11-02 11:34:12.270814	\N
621	30	\N	\N	\N	\N	\N		\N	\N		f	2	15	7	\N	\N	\N	0	11	2018-11-02 11:34:12.284941	2018-11-02 11:34:12.284941	\N
622	14	\N	\N	\N	\N	\N		\N	141.0		f	2	15	7	\N	\N	\N	0	11	2018-11-02 11:34:12.299639	2018-11-02 11:34:12.299639	\N
623	10	\N	\N	\N	\N	\N		\N	\N		f	2	15	7	\N	\N	\N	0	11	2018-11-02 11:34:12.314027	2018-11-02 11:34:12.314027	\N
624	8	\N	\N	\N	\N	\N		\N	\N		f	2	15	7	\N	\N	\N	0	11	2018-11-02 11:34:12.32876	2018-11-02 11:34:12.32876	\N
625	6	\N	\N	\N	\N	\N		\N	\N		f	2	15	7	\N	\N	\N	0	11	2018-11-02 11:34:12.343817	2018-11-02 11:34:12.343817	\N
626	4	\N	\N	\N	\N	\N		\N	\N		f	2	15	7	\N	\N	\N	0	11	2018-11-02 11:34:12.358841	2018-11-02 11:34:12.358841	\N
627	101	\N	\N	\N	\N	\N		\N	\N		f	2	15	7	\N	\N	\N	0	11	2018-11-02 11:34:12.380877	2018-11-02 11:34:12.380877	\N
628	42	\N	\N	\N	\N	\N		\N	\N		f	2	15	7	\N	\N	\N	0	11	2018-11-02 11:34:12.405227	2018-11-02 11:34:12.405227	\N
629	31	\N	\N	\N	\N	\N		\N	\N		f	2	15	7	\N	\N	\N	0	11	2018-11-02 11:34:12.423979	2018-11-02 11:34:12.423979	\N
630	29	\N	\N	\N	\N	\N		\N	\N		f	2	15	7	\N	\N	\N	0	11	2018-11-02 11:34:12.451219	2018-11-02 11:34:12.451219	\N
631	7	\N	\N	\N	\N	\N		\N	354.2		f	2	15	7	\N	\N	\N	0	11	2018-11-02 11:34:12.467222	2018-11-02 11:34:12.467222	\N
632	5	\N	\N	\N	\N	\N		\N	601.8		f	2	15	7	\N	\N	\N	0	11	2018-11-02 11:34:12.482551	2018-11-02 11:34:12.482551	\N
633	6	\N	\N	\N	\N	\N		\N	\N		f	2	15	7	\N	\N	\N	0	11	2018-11-02 11:34:12.499254	2018-11-02 11:34:12.499254	\N
634	28	\N	\N	\N	\N	\N		\N	\N		f	2	15	7	\N	\N	\N	0	11	2018-11-02 11:34:12.513787	2018-11-02 11:34:12.513787	\N
635	19	\N	\N	\N	\N	\N		\N	\N		f	2	15	7	\N	\N	\N	0	11	2018-11-02 11:34:12.528926	2018-11-02 11:34:12.528926	\N
636	97	\N	\N	\N	\N	\N		\N	\N		f	2	15	7	\N	\N	\N	0	11	2018-11-02 11:34:12.543865	2018-11-02 11:34:12.543865	\N
637	12	\N	\N	\N	\N	\N		\N	\N		f	2	15	7	\N	\N	\N	0	11	2018-11-02 11:34:12.558861	2018-11-02 11:34:12.558861	\N
638	10	\N	\N	\N	\N	\N		\N	\N		f	2	15	7	\N	\N	\N	0	11	2018-11-02 11:34:12.574605	2018-11-02 11:34:12.574605	\N
639	49	\N	\N	\N	\N	\N		\N	\N		f	2	15	7	\N	\N	\N	0	11	2018-11-02 11:34:12.596047	2018-11-02 11:34:12.596047	\N
640	48	\N	\N	\N	\N	\N		\N	\N		f	2	15	7	\N	\N	\N	0	11	2018-11-02 11:34:12.611454	2018-11-02 11:34:12.611454	\N
641	46	\N	\N	\N	\N	\N		\N	\N		f	2	15	7	\N	\N	\N	0	11	2018-11-02 11:34:12.635264	2018-11-02 11:34:12.635264	\N
642	33	\N	\N	\N	\N	\N		\N	\N		f	2	15	7	\N	\N	\N	0	11	2018-11-02 11:34:12.65502	2018-11-02 11:34:12.65502	\N
643	29	\N	\N	\N	\N	\N		\N	\N		f	2	15	7	\N	\N	\N	0	11	2018-11-02 11:34:12.67418	2018-11-02 11:34:12.67418	\N
644	27	\N	\N	\N	\N	\N		\N	\N		f	2	15	7	\N	\N	\N	0	11	2018-11-02 11:34:12.696886	2018-11-02 11:34:12.696886	\N
645	95	\N	\N	\N	\N	\N		\N	\N		f	2	15	7	\N	\N	\N	0	11	2018-11-02 11:34:12.721383	2018-11-02 11:34:12.721383	\N
646	93	\N	\N	\N	\N	\N		\N	\N		f	2	15	7	\N	\N	\N	0	11	2018-11-02 11:34:12.738385	2018-11-02 11:34:12.738385	\N
647	91	\N	\N	\N	\N	\N		\N	\N		f	2	15	7	\N	\N	\N	0	11	2018-11-02 11:34:12.754929	2018-11-02 11:34:12.754929	\N
648	89	\N	\N	\N	\N	\N		\N	\N		f	2	15	7	\N	\N	\N	0	11	2018-11-02 11:34:12.772283	2018-11-02 11:34:12.772283	\N
649	85	\N	\N	\N	\N	\N		\N	\N		f	2	15	7	\N	\N	\N	0	11	2018-11-02 11:34:12.787143	2018-11-02 11:34:12.787143	\N
650	77	\N	\N	\N	\N	\N		\N	\N		f	2	15	7	\N	\N	\N	0	11	2018-11-02 11:34:12.802527	2018-11-02 11:34:12.802527	\N
651	69	\N	\N	\N	\N	\N		\N	\N		f	2	15	7	\N	\N	\N	0	11	2018-11-02 11:34:12.817665	2018-11-02 11:34:12.817665	\N
652	65	\N	\N	\N	\N	\N		\N	\N		f	2	15	7	\N	\N	\N	0	11	2018-11-02 11:34:12.83275	2018-11-02 11:34:12.83275	\N
653	59	\N	\N	\N	\N	\N		\N	\N		f	2	15	7	\N	\N	\N	0	11	2018-11-02 11:34:12.847559	2018-11-02 11:34:12.847559	\N
654	55	\N	\N	\N	\N	\N		\N	\N		f	2	15	7	\N	\N	\N	0	11	2018-11-02 11:34:12.862933	2018-11-02 11:34:12.862933	\N
655	20	\N	\N	\N	\N	\N		\N	\N		f	2	15	7	\N	\N	\N	0	11	2018-11-02 11:34:12.877861	2018-11-02 11:34:12.877861	\N
656	3	\N	\N	\N	\N	\N		\N	\N		f	2	15	7	\N	\N	\N	0	11	2018-11-02 11:34:12.894828	2018-11-02 11:34:12.894828	\N
657	3	\N	\N	\N	\N	\N		\N	\N		f	2	15	7	\N	\N	\N	0	11	2018-11-02 11:34:12.90973	2018-11-02 11:34:12.90973	\N
658	42	\N	\N	\N	\N	\N		\N	\N		f	2	15	7	\N	\N	\N	0	11	2018-11-02 11:34:12.92549	2018-11-02 11:34:12.92549	\N
659	89	\N	\N	\N	\N	\N		\N	\N		f	2	15	7	\N	\N	\N	0	11	2018-11-02 11:34:12.939294	2018-11-02 11:34:12.939294	\N
660	81	\N	\N	\N	\N	\N		\N	\N		f	2	15	7	\N	\N	\N	0	11	2018-11-02 11:34:12.959041	2018-11-02 11:34:12.959041	\N
661	79	\N	\N	\N	\N	\N		\N	\N		f	2	15	7	\N	\N	\N	0	11	2018-11-02 11:34:12.974227	2018-11-02 11:34:12.974227	\N
662	77	\N	\N	\N	\N	\N		\N	\N		f	2	15	7	\N	\N	\N	0	11	2018-11-02 11:34:12.988551	2018-11-02 11:34:12.988551	\N
663	73	\N	\N	\N	\N	\N		\N	\N		f	2	15	7	\N	\N	\N	0	11	2018-11-02 11:34:13.003679	2018-11-02 11:34:13.003679	\N
664	71	\N	\N	\N	\N	\N		\N	\N		f	2	15	7	\N	\N	\N	0	11	2018-11-02 11:34:13.01872	2018-11-02 11:34:13.01872	\N
665	49	\N	\N	\N	\N	\N		\N	\N		f	2	15	7	\N	\N	\N	0	11	2018-11-02 11:34:13.035655	2018-11-02 11:34:13.035655	\N
666	21	\N	\N	\N	\N	\N		\N	\N		f	2	15	7	\N	\N	\N	0	11	2018-11-02 11:34:13.049635	2018-11-02 11:34:13.049635	\N
667	12	\N	\N	\N	\N	\N		\N	\N		f	2	15	7	\N	\N	\N	0	11	2018-11-02 11:34:13.0638	2018-11-02 11:34:13.0638	\N
668	11	\N	\N	\N	\N	\N		\N	\N		f	2	15	7	\N	\N	\N	0	11	2018-11-02 11:34:13.078412	2018-11-02 11:34:13.078412	\N
669	10	\N	\N	\N	\N	\N		\N	59.6		f	2	15	7	\N	\N	\N	0	11	2018-11-02 11:34:13.093311	2018-11-02 11:34:13.093311	\N
670	6	\N	\N	\N	\N	\N		\N	\N		f	2	15	7	\N	\N	\N	0	11	2018-11-02 11:34:13.111213	2018-11-02 11:34:13.111213	\N
671	28	\N	\N	\N	\N	\N		\N	\N		f	2	15	7	\N	\N	\N	0	11	2018-11-02 11:34:13.129667	2018-11-02 11:34:13.129667	\N
672	21	\N	\N	\N	\N	\N		\N	\N		f	2	15	7	\N	\N	\N	0	11	2018-11-02 11:34:13.143982	2018-11-02 11:34:13.143982	\N
673	20	\N	\N	\N	\N	\N		\N	\N		f	2	15	7	\N	\N	\N	0	11	2018-11-02 11:34:13.158382	2018-11-02 11:34:13.158382	\N
674	18	\N	\N	\N	\N	\N		\N	\N		f	2	15	7	\N	\N	\N	0	11	2018-11-02 11:34:13.177127	2018-11-02 11:34:13.177127	\N
675	13	\N	\N	\N	\N	\N		\N	\N		f	2	15	7	\N	\N	\N	0	11	2018-11-02 11:34:13.192153	2018-11-02 11:34:13.192153	\N
676	16	\N	\N	\N	\N	\N		\N	\N		f	2	15	7	\N	\N	\N	0	11	2018-11-02 11:34:13.206866	2018-11-02 11:34:13.206866	\N
677	14	\N	\N	\N	\N	\N		\N	\N		f	2	15	7	\N	\N	\N	0	11	2018-11-02 11:34:13.221542	2018-11-02 11:34:13.221542	\N
678	12	\N	\N	\N	\N	\N		\N	\N		f	2	15	7	\N	\N	\N	0	11	2018-11-02 11:34:13.240749	2018-11-02 11:34:13.240749	\N
679	10	\N	\N	\N	\N	\N		\N	\N		f	2	15	7	\N	\N	\N	0	11	2018-11-02 11:34:13.25768	2018-11-02 11:34:13.25768	\N
680	5	\N	\N	\N	\N	\N		\N	\N		f	2	15	7	\N	\N	\N	0	11	2018-11-02 11:34:13.271902	2018-11-02 11:34:13.271902	\N
681	95	\N	\N	\N	\N	\N		\N	\N		f	2	15	7	\N	\N	\N	0	11	2018-11-02 11:34:13.286076	2018-11-02 11:34:13.286076	\N
682	93	\N	\N	\N	\N	\N		\N	\N		f	2	15	7	\N	\N	\N	0	11	2018-11-02 11:34:13.302002	2018-11-02 11:34:13.302002	\N
683	85	\N	\N	\N	\N	\N		\N	\N		f	2	15	7	\N	\N	\N	0	11	2018-11-02 11:34:13.316232	2018-11-02 11:34:13.316232	\N
684	83	\N	\N	\N	\N	\N		\N	\N		f	2	15	7	\N	\N	\N	0	11	2018-11-02 11:34:13.333828	2018-11-02 11:34:13.333828	\N
685	75	\N	\N	\N	\N	\N		\N	377.9		f	2	15	7	\N	\N	\N	0	11	2018-11-02 11:34:13.34938	2018-11-02 11:34:13.34938	\N
686	73	\N	\N	\N	\N	\N		\N	116.6		f	2	15	7	\N	\N	\N	0	11	2018-11-02 11:34:13.371505	2018-11-02 11:34:13.371505	\N
687	71	\N	\N	\N	\N	\N		\N	\N		f	2	15	7	\N	\N	\N	0	11	2018-11-02 11:34:13.388112	2018-11-02 11:34:13.388112	\N
688	69	\N	\N	\N	\N	\N		\N	\N		f	2	15	7	\N	\N	\N	0	11	2018-11-02 11:34:13.404848	2018-11-02 11:34:13.404848	\N
689	68	\N	\N	\N	\N	\N		\N	\N		f	2	15	7	\N	\N	\N	0	11	2018-11-02 11:34:13.421866	2018-11-02 11:34:13.421866	\N
690	67	\N	\N	\N	\N	\N		\N	\N		f	2	15	7	\N	\N	\N	0	11	2018-11-02 11:34:13.438531	2018-11-02 11:34:13.438531	\N
691	65	\N	\N	\N	\N	\N		\N	119.6		f	2	15	7	\N	\N	\N	0	11	2018-11-02 11:34:13.454662	2018-11-02 11:34:13.454662	\N
692	64	\N	\N	\N	\N	\N		\N	\N		f	2	15	7	\N	\N	\N	0	11	2018-11-02 11:34:13.47011	2018-11-02 11:34:13.47011	\N
693	61	\N	\N	\N	\N	\N		\N	\N		f	2	15	7	\N	\N	\N	0	11	2018-11-02 11:34:13.49509	2018-11-02 11:34:13.49509	\N
694	58	\N	\N	\N	\N	\N		\N	12.4		f	2	15	7	\N	\N	\N	0	11	2018-11-02 11:34:13.512303	2018-11-02 11:34:13.512303	\N
695	56	\N	\N	\N	\N	\N		\N	\N		f	2	15	7	\N	\N	\N	0	11	2018-11-02 11:34:13.52905	2018-11-02 11:34:13.52905	\N
696	52	\N	\N	\N	\N	\N		\N	564.4		f	2	15	7	\N	\N	\N	0	11	2018-11-02 11:34:13.545942	2018-11-02 11:34:13.545942	\N
697	50	\N	\N	\N	\N	\N		\N	89.4		f	2	15	7	\N	\N	\N	0	11	2018-11-02 11:34:13.560947	2018-11-02 11:34:13.560947	\N
698	49	\N	\N	\N	\N	\N		\N	\N		f	2	15	7	\N	\N	\N	0	11	2018-11-02 11:34:13.575655	2018-11-02 11:34:13.575655	\N
699	47	\N	\N	\N	\N	\N		\N	\N		f	2	15	7	\N	\N	\N	0	11	2018-11-02 11:34:13.590446	2018-11-02 11:34:13.590446	\N
700	46	\N	\N	\N	\N	\N		\N	576.5		f	2	15	7	\N	\N	\N	0	11	2018-11-02 11:34:13.606883	2018-11-02 11:34:13.606883	\N
701	45	\N	\N	\N	\N	\N		\N	\N		f	2	15	7	\N	\N	\N	0	11	2018-11-02 11:34:13.622418	2018-11-02 11:34:13.622418	\N
702	43	\N	\N	\N	\N	\N		\N	\N		f	2	15	7	\N	\N	\N	0	11	2018-11-02 11:34:13.641181	2018-11-02 11:34:13.641181	\N
703	41	\N	\N	\N	\N	\N		\N	\N		f	2	15	7	\N	\N	\N	0	11	2018-11-02 11:34:13.662157	2018-11-02 11:34:13.662157	\N
704	38	\N	\N	\N	\N	\N		\N	\N		f	2	15	7	\N	\N	\N	0	11	2018-11-02 11:34:13.679746	2018-11-02 11:34:13.679746	\N
705	30	\N	\N	\N	\N	\N		\N	\N		f	2	15	7	\N	\N	\N	0	11	2018-11-02 11:34:13.704451	2018-11-02 11:34:13.704451	\N
706	27	\N	\N	\N	\N	\N		\N	\N		f	2	15	7	\N	\N	\N	0	11	2018-11-02 11:34:13.72884	2018-11-02 11:34:13.72884	\N
707	25	\N	\N	\N	\N	\N		\N	\N		f	2	15	7	\N	\N	\N	0	11	2018-11-02 11:34:13.748749	2018-11-02 11:34:13.748749	\N
708	24	\N	\N	\N	\N	\N		\N	\N		f	2	15	7	\N	\N	\N	0	11	2018-11-02 11:34:13.763649	2018-11-02 11:34:13.763649	\N
709	22	\N	\N	\N	\N	\N		\N	\N		f	2	15	7	\N	\N	\N	0	11	2018-11-02 11:34:13.778658	2018-11-02 11:34:13.778658	\N
710	20	\N	\N	\N	\N	\N		\N	\N		f	2	15	7	\N	\N	\N	0	11	2018-11-02 11:34:13.793746	2018-11-02 11:34:13.793746	\N
711	18	\N	\N	\N	\N	\N		\N	\N		f	2	15	7	\N	\N	\N	0	11	2018-11-02 11:34:13.812825	2018-11-02 11:34:13.812825	\N
712	16	\N	\N	\N	\N	\N		\N	\N		f	2	15	7	\N	\N	\N	0	11	2018-11-02 11:34:13.832518	2018-11-02 11:34:13.832518	\N
713	15	\N	\N	\N	\N	\N		\N	\N		f	2	15	7	\N	\N	\N	0	11	2018-11-02 11:34:13.850283	2018-11-02 11:34:13.850283	\N
714	12	\N	\N	\N	\N	\N		\N	\N		f	2	15	7	\N	\N	\N	0	11	2018-11-02 11:34:13.866509	2018-11-02 11:34:13.866509	\N
715	10	\N	\N	\N	\N	\N		\N	\N		f	2	15	7	\N	\N	\N	0	11	2018-11-02 11:34:13.883245	2018-11-02 11:34:13.883245	\N
716	8	\N	\N	\N	\N	\N		\N	\N		f	2	15	7	\N	\N	\N	0	11	2018-11-02 11:34:13.897673	2018-11-02 11:34:13.897673	\N
717	6	\N	\N	\N	\N	\N		\N	\N		f	2	15	7	\N	\N	\N	0	11	2018-11-02 11:34:13.912637	2018-11-02 11:34:13.912637	\N
718	14	\N	\N	\N	\N	\N		\N	\N		f	2	15	7	\N	\N	\N	0	11	2018-11-02 11:34:13.928827	2018-11-02 11:34:13.928827	\N
719	20	\N	\N	\N	\N	\N		\N	\N		f	2	15	7	\N	\N	\N	0	11	2018-11-02 11:34:13.944038	2018-11-02 11:34:13.944038	\N
720	12	\N	\N	\N	\N	\N		\N	\N		f	2	15	7	\N	\N	\N	0	11	2018-11-02 11:34:13.958834	2018-11-02 11:34:13.958834	\N
721	60	\N	\N	\N	\N	\N		\N	\N		f	2	15	7	\N	\N	\N	0	11	2018-11-02 11:34:13.973598	2018-11-02 11:34:13.973598	\N
722	58	\N	\N	\N	\N	\N		\N	\N		f	2	15	7	\N	\N	\N	0	11	2018-11-02 11:34:13.988397	2018-11-02 11:34:13.988397	\N
723	39	\N	\N	\N	\N	\N		\N	\N		f	2	15	7	\N	\N	\N	0	11	2018-11-02 11:34:14.004211	2018-11-02 11:34:14.004211	\N
724	38	\N	\N	\N	\N	\N		\N	\N		f	2	15	7	\N	\N	\N	0	11	2018-11-02 11:34:14.018724	2018-11-02 11:34:14.018724	\N
725	38	\N	\N	\N	\N	\N		\N	\N		f	2	15	7	\N	\N	\N	0	11	2018-11-02 11:34:14.033595	2018-11-02 11:34:14.033595	\N
726	19	\N	\N	\N	\N	\N		\N	\N		f	2	15	7	\N	\N	\N	0	11	2018-11-02 11:34:14.047961	2018-11-02 11:34:14.047961	\N
727	11	\N	\N	\N	\N	\N		\N	\N		f	2	15	7	\N	\N	\N	0	11	2018-11-02 11:34:14.063094	2018-11-02 11:34:14.063094	\N
728	6	\N	\N	\N	\N	\N		\N	\N		f	2	15	7	\N	\N	\N	0	11	2018-11-02 11:34:14.076947	2018-11-02 11:34:14.076947	\N
729	77	\N	\N	\N	\N	\N		\N	\N		f	2	15	7	\N	\N	\N	0	11	2018-11-02 11:34:14.0966	2018-11-02 11:34:14.0966	\N
730	77	\N	\N	\N	\N	\N		\N	\N		f	2	15	7	\N	\N	\N	0	11	2018-11-02 11:34:14.114455	2018-11-02 11:34:14.114455	\N
731	75	\N	\N	\N	\N	\N		\N	\N		f	2	15	7	\N	\N	\N	0	11	2018-11-02 11:34:14.129341	2018-11-02 11:34:14.129341	\N
732	73	\N	\N	\N	\N	\N		\N	\N		f	2	15	7	\N	\N	\N	0	11	2018-11-02 11:34:14.150243	2018-11-02 11:34:14.150243	\N
733	12	\N	\N	\N	\N	\N		\N	\N		f	2	15	7	\N	\N	\N	0	11	2018-11-02 11:34:14.164872	2018-11-02 11:34:14.164872	\N
734	64	\N	\N	\N	\N	\N		\N	\N		f	2	15	7	\N	\N	\N	0	11	2018-11-02 11:34:14.179195	2018-11-02 11:34:14.179195	\N
735	58	\N	\N	\N	\N	\N		\N	\N		f	2	15	7	\N	\N	\N	0	11	2018-11-02 11:34:14.193361	2018-11-02 11:34:14.193361	\N
736	56	\N	\N	\N	\N	\N		\N	\N		f	2	15	7	\N	\N	\N	0	11	2018-11-02 11:34:14.208132	2018-11-02 11:34:14.208132	\N
737	44	\N	\N	\N	\N	\N		\N	\N		f	2	15	7	\N	\N	\N	0	11	2018-11-02 11:34:14.222673	2018-11-02 11:34:14.222673	\N
738	25	\N	\N	\N	\N	\N		\N	\N		f	2	15	7	\N	\N	\N	0	11	2018-11-02 11:34:14.23887	2018-11-02 11:34:14.23887	\N
739	8	\N	\N	\N	\N	\N		\N	\N		f	2	15	7	\N	\N	\N	0	11	2018-11-02 11:34:14.256237	2018-11-02 11:34:14.256237	\N
740	6	\N	\N	\N	\N	\N		\N	\N		f	2	15	7	\N	\N	\N	0	11	2018-11-02 11:34:14.270586	2018-11-02 11:34:14.270586	\N
741	3	\N	\N	\N	\N	\N		\N	\N		f	2	15	7	\N	\N	\N	0	11	2018-11-02 11:34:14.285206	2018-11-02 11:34:14.285206	\N
742	2	\N	\N	\N	\N	\N		\N	\N		f	2	15	7	\N	\N	\N	0	11	2018-11-02 11:34:14.299704	2018-11-02 11:34:14.299704	\N
743	62	\N	\N	\N	\N	\N		\N	\N		f	2	15	7	\N	\N	\N	0	11	2018-11-02 11:34:14.313857	2018-11-02 11:34:14.313857	\N
744	1	\N	\N	\N	\N	\N		\N	252.6		f	2	15	7	\N	\N	\N	0	11	2018-11-02 11:34:14.33644	2018-11-02 11:34:14.33644	\N
745	51	\N	\N	\N	\N	\N		\N	\N		f	2	15	7	\N	\N	\N	0	11	2018-11-02 11:34:14.351768	2018-11-02 11:34:14.351768	\N
746	41	\N	\N	\N	\N	\N		\N	\N		f	2	15	7	\N	\N	\N	0	11	2018-11-02 11:34:14.366505	2018-11-02 11:34:14.366505	\N
747	37	\N	\N	\N	\N	\N		\N	\N		f	2	15	7	\N	\N	\N	0	11	2018-11-02 11:34:14.380918	2018-11-02 11:34:14.380918	\N
748	34	\N	\N	\N	\N	\N		\N	\N		f	2	15	7	\N	\N	\N	0	11	2018-11-02 11:34:14.397388	2018-11-02 11:34:14.397388	\N
749	26	\N	\N	\N	\N	\N		\N	\N		f	2	15	7	\N	\N	\N	0	11	2018-11-02 11:34:14.411798	2018-11-02 11:34:14.411798	\N
750	25	\N	\N	\N	\N	\N		\N	\N		f	2	15	7	\N	\N	\N	0	11	2018-11-02 11:34:14.442373	2018-11-02 11:34:14.442373	\N
751	3	\N	\N	\N	\N	\N		\N	\N		f	2	15	7	\N	\N	\N	0	11	2018-11-02 11:34:14.460393	2018-11-02 11:34:14.460393	\N
752	2	\N	\N	\N	\N	\N		\N	\N		f	2	15	7	\N	\N	\N	0	11	2018-11-02 11:34:14.481806	2018-11-02 11:34:14.481806	\N
753	49	\N	\N	\N	\N	\N		\N	\N		f	2	15	7	\N	\N	\N	0	11	2018-11-02 11:34:14.503929	2018-11-02 11:34:14.503929	\N
754	48	\N	\N	\N	\N	\N		\N	\N		f	2	15	7	\N	\N	\N	0	11	2018-11-02 11:34:14.532229	2018-11-02 11:34:14.532229	\N
755	47	\N	\N	\N	\N	\N		\N	\N		f	2	15	7	\N	\N	\N	0	11	2018-11-02 11:34:14.547673	2018-11-02 11:34:14.547673	\N
756	34	\N	\N	\N	\N	\N		\N	\N		f	2	15	7	\N	\N	\N	0	11	2018-11-02 11:34:14.571564	2018-11-02 11:34:14.571564	\N
757	23	\N	\N	\N	\N	\N		\N	\N		f	2	15	7	\N	\N	\N	0	11	2018-11-02 11:34:14.588686	2018-11-02 11:34:14.588686	\N
758	10	\N	\N	\N	\N	\N		\N	\N		f	2	15	7	\N	\N	\N	0	11	2018-11-02 11:34:14.608724	2018-11-02 11:34:14.608724	\N
759	7	\N	\N	\N	\N	\N		\N	\N		f	2	15	7	\N	\N	\N	0	11	2018-11-02 11:34:14.623772	2018-11-02 11:34:14.623772	\N
760	7	\N	\N	\N	\N	\N		\N	\N		f	2	15	7	\N	\N	\N	0	11	2018-11-02 11:34:14.642295	2018-11-02 11:34:14.642295	\N
761	7	\N	\N	\N	\N	\N		\N	\N		f	2	15	7	\N	\N	\N	0	11	2018-11-02 11:34:14.659279	2018-11-02 11:34:14.659279	\N
762	4	\N	\N	\N	\N	\N		\N	\N		f	2	15	7	\N	\N	\N	0	11	2018-11-02 11:34:14.677999	2018-11-02 11:34:14.677999	\N
763	5	\N	\N	\N	\N	\N		\N	\N		f	2	15	7	\N	\N	\N	0	11	2018-11-02 11:34:14.695357	2018-11-02 11:34:14.695357	\N
764	3	\N	\N	\N	\N	\N		\N	\N		f	2	15	7	\N	\N	\N	0	11	2018-11-02 11:34:14.710398	2018-11-02 11:34:14.710398	\N
765	12	\N	\N	\N	\N	\N		\N	\N		f	2	15	7	\N	\N	\N	0	11	2018-11-02 11:34:14.72564	2018-11-02 11:34:14.72564	\N
766	12	\N	\N	\N	\N	\N		\N	\N		f	2	15	7	\N	\N	\N	0	11	2018-11-02 11:34:14.744285	2018-11-02 11:34:14.744285	\N
767	11	\N	\N	\N	\N	\N		\N	\N		f	2	15	7	\N	\N	\N	0	11	2018-11-02 11:34:14.768409	2018-11-02 11:34:14.768409	\N
768	9	\N	\N	\N	\N	\N		\N	\N		f	2	15	7	\N	\N	\N	0	11	2018-11-02 11:34:14.786173	2018-11-02 11:34:14.786173	\N
769	3	\N	\N	\N	\N	\N		\N	\N		f	2	15	7	\N	\N	\N	0	11	2018-11-02 11:34:14.800746	2018-11-02 11:34:14.800746	\N
770	1	\N	\N	\N	\N	\N		\N	\N		f	2	15	7	\N	\N	\N	0	11	2018-11-02 11:34:14.821428	2018-11-02 11:34:14.821428	\N
771	57	\N	\N	\N	\N	\N		\N	\N		f	2	15	7	\N	\N	\N	0	11	2018-11-02 11:34:14.836352	2018-11-02 11:34:14.836352	\N
772	50	\N	\N	\N	\N	\N		\N	\N		f	2	15	7	\N	\N	\N	0	11	2018-11-02 11:34:14.851026	2018-11-02 11:34:14.851026	\N
773	49	\N	\N	\N	\N	\N		\N	\N		f	2	15	7	\N	\N	\N	0	11	2018-11-02 11:34:14.867317	2018-11-02 11:34:14.867317	\N
774	47	\N	\N	\N	\N	\N		\N	\N		f	2	15	7	\N	\N	\N	0	11	2018-11-02 11:34:14.890068	2018-11-02 11:34:14.890068	\N
775	46	\N	\N	\N	\N	\N		\N	\N		f	2	15	7	\N	\N	\N	0	11	2018-11-02 11:34:14.907616	2018-11-02 11:34:14.907616	\N
776	44	\N	\N	\N	\N	\N		\N	\N		f	2	15	7	\N	\N	\N	0	11	2018-11-02 11:34:14.923517	2018-11-02 11:34:14.923517	\N
777	42	\N	\N	\N	\N	\N		\N	\N		f	2	15	7	\N	\N	\N	0	11	2018-11-02 11:34:14.945103	2018-11-02 11:34:14.945103	\N
778	30	\N	\N	\N	\N	\N		\N	\N		f	2	15	7	\N	\N	\N	0	11	2018-11-02 11:34:14.959699	2018-11-02 11:34:14.959699	\N
779	27	\N	\N	\N	\N	\N		\N	\N		f	2	15	7	\N	\N	\N	0	11	2018-11-02 11:34:14.974355	2018-11-02 11:34:14.974355	\N
780	24	\N	\N	\N	\N	\N		\N	\N		f	2	15	7	\N	\N	\N	0	11	2018-11-02 11:34:14.989669	2018-11-02 11:34:14.989669	\N
781	53	\N	\N	\N	\N	\N		\N	\N		f	2	15	7	\N	\N	\N	0	11	2018-11-02 11:34:15.00656	2018-11-02 11:34:15.00656	\N
782	53	\N	\N	\N	\N	\N		\N	\N		f	2	15	7	\N	\N	\N	0	11	2018-11-02 11:34:15.022916	2018-11-02 11:34:15.022916	\N
783	51	\N	\N	\N	\N	\N		\N	\N		f	2	15	7	\N	\N	\N	0	11	2018-11-02 11:34:15.039444	2018-11-02 11:34:15.039444	\N
784	49	\N	\N	\N	\N	\N		\N	\N		f	2	15	7	\N	\N	\N	0	11	2018-11-02 11:34:15.055396	2018-11-02 11:34:15.055396	\N
785	47	\N	\N	\N	\N	\N		\N	\N		f	2	15	7	\N	\N	\N	0	11	2018-11-02 11:34:15.070726	2018-11-02 11:34:15.070726	\N
786	43	\N	\N	\N	\N	\N		\N	\N		f	2	15	7	\N	\N	\N	0	11	2018-11-02 11:34:15.085784	2018-11-02 11:34:15.085784	\N
787	42	\N	\N	\N	\N	\N		\N	\N		f	2	15	7	\N	\N	\N	0	11	2018-11-02 11:34:15.100984	2018-11-02 11:34:15.100984	\N
788	41	\N	\N	\N	\N	\N		\N	\N		f	2	15	7	\N	\N	\N	0	11	2018-11-02 11:34:15.116235	2018-11-02 11:34:15.116235	\N
789	35	\N	\N	\N	\N	\N		\N	\N		f	2	15	7	\N	\N	\N	0	11	2018-11-02 11:34:15.131102	2018-11-02 11:34:15.131102	\N
790	29	\N	\N	\N	\N	\N		\N	\N		f	2	15	7	\N	\N	\N	0	11	2018-11-02 11:34:15.146142	2018-11-02 11:34:15.146142	\N
791	23	\N	\N	\N	\N	\N		\N	\N		f	2	15	7	\N	\N	\N	0	11	2018-11-02 11:34:15.161293	2018-11-02 11:34:15.161293	\N
792	21	\N	\N	\N	\N	\N		\N	\N		f	2	15	7	\N	\N	\N	0	11	2018-11-02 11:34:15.175888	2018-11-02 11:34:15.175888	\N
793	19	\N	\N	\N	\N	\N		\N	\N		f	2	15	7	\N	\N	\N	0	11	2018-11-02 11:34:15.192759	2018-11-02 11:34:15.192759	\N
794	17	\N	\N	\N	\N	\N		\N	\N		f	2	15	7	\N	\N	\N	0	11	2018-11-02 11:34:15.207365	2018-11-02 11:34:15.207365	\N
795	15	\N	\N	\N	\N	\N		\N	\N		f	2	15	7	\N	\N	\N	0	11	2018-11-02 11:34:15.221938	2018-11-02 11:34:15.221938	\N
796	80	\N	\N	\N	\N	\N		\N	3836.5		f	2	15	7	\N	Point	\N	0	11	2018-11-02 11:34:15.238781	2018-11-02 11:34:15.238781	\N
797	76	\N	\N	\N	\N	\N		\N	3836.5		f	2	15	7	\N	Point	\N	0	11	2018-11-02 11:34:15.256507	2018-11-02 11:34:15.256507	\N
798	66	\N	\N	\N	\N	\N		\N	3836.5		f	2	15	7	\N	Point	\N	0	11	2018-11-02 11:34:15.273998	2018-11-02 11:34:15.273998	\N
799	58	\N	\N	\N	\N	\N		\N	\N		f	2	15	7	\N	\N	\N	0	11	2018-11-02 11:34:15.289366	2018-11-02 11:34:15.289366	\N
800	52	\N	\N	\N	\N	\N		\N	\N		f	2	15	7	\N	\N	\N	0	11	2018-11-02 11:34:15.303392	2018-11-02 11:34:15.303392	\N
801	52	\N	\N	\N	\N	\N		\N	\N		f	2	15	7	\N	\N	\N	0	11	2018-11-02 11:34:15.318679	2018-11-02 11:34:15.318679	\N
802	50	\N	\N	\N	\N	\N		\N	\N		f	2	15	7	\N	\N	\N	0	11	2018-11-02 11:34:15.333368	2018-11-02 11:34:15.333368	\N
803	48	\N	\N	\N	\N	\N		\N	\N		f	2	15	7	\N	\N	\N	0	11	2018-11-02 11:34:15.347543	2018-11-02 11:34:15.347543	\N
804	46	\N	\N	\N	\N	\N		\N	\N		f	2	15	7	\N	\N	\N	0	11	2018-11-02 11:34:15.362485	2018-11-02 11:34:15.362485	\N
805	42	\N	\N	\N	\N	\N		\N	\N		f	2	15	7	\N	\N	\N	0	11	2018-11-02 11:34:15.377435	2018-11-02 11:34:15.377435	\N
806	36	\N	\N	\N	\N	\N		\N	\N		f	2	15	7	\N	\N	\N	0	11	2018-11-02 11:34:15.391843	2018-11-02 11:34:15.391843	\N
807	34	\N	\N	\N	\N	\N		\N	\N		f	2	15	7	\N	\N	\N	0	11	2018-11-02 11:34:15.413865	2018-11-02 11:34:15.413865	\N
808	32	\N	\N	\N	\N	\N		\N	\N		f	2	15	7	\N	\N	\N	0	11	2018-11-02 11:34:15.429878	2018-11-02 11:34:15.429878	\N
809	30	\N	\N	\N	\N	\N		\N	\N		f	2	15	7	\N	\N	\N	0	11	2018-11-02 11:34:15.447739	2018-11-02 11:34:15.447739	\N
810	26	\N	\N	\N	\N	\N		\N	\N		f	2	15	7	\N	\N	\N	0	11	2018-11-02 11:34:15.464677	2018-11-02 11:34:15.464677	\N
811	24	\N	\N	\N	\N	\N		\N	\N		f	2	15	7	\N	\N	\N	0	11	2018-11-02 11:34:15.481162	2018-11-02 11:34:15.481162	\N
812	20	\N	\N	\N	\N	\N		\N	\N		f	2	15	7	\N	\N	\N	0	11	2018-11-02 11:34:15.497802	2018-11-02 11:34:15.497802	\N
813	18	\N	\N	\N	\N	\N		\N	\N		f	2	15	7	\N	\N	\N	0	11	2018-11-02 11:34:15.515456	2018-11-02 11:34:15.515456	\N
814	16	\N	\N	\N	\N	\N		\N	\N		f	2	15	7	\N	\N	\N	0	11	2018-11-02 11:34:15.54351	2018-11-02 11:34:15.54351	\N
815	14	\N	\N	\N	\N	\N		\N	\N		f	2	15	7	\N	\N	\N	0	11	2018-11-02 11:34:15.560604	2018-11-02 11:34:15.560604	\N
816	6	\N	\N	\N	\N	\N		\N	\N		f	2	15	7	\N	\N	\N	0	11	2018-11-02 11:34:15.575452	2018-11-02 11:34:15.575452	\N
817	4	\N	\N	\N	\N	\N		\N	\N		f	2	15	7	\N	\N	\N	0	11	2018-11-02 11:34:15.599014	2018-11-02 11:34:15.599014	\N
818	2	\N	\N	\N	\N	\N		\N	\N		f	2	15	7	\N	\N	\N	0	11	2018-11-02 11:34:15.614368	2018-11-02 11:34:15.614368	\N
819	6	\N	\N	\N	\N	\N		\N	\N		f	2	15	7	\N	\N	\N	0	11	2018-11-02 11:34:15.634826	2018-11-02 11:34:15.634826	\N
820	38	\N	\N	\N	\N	\N		\N	\N		f	2	15	7	\N	\N	\N	0	11	2018-11-02 11:34:15.661314	2018-11-02 11:34:15.661314	\N
821	38	\N	\N	\N	\N	\N		\N	\N		f	2	15	7	\N	\N	\N	0	11	2018-11-02 11:34:15.679969	2018-11-02 11:34:15.679969	\N
822	36	\N	\N	\N	\N	\N		\N	\N		f	2	15	7	\N	\N	\N	0	11	2018-11-02 11:34:15.698912	2018-11-02 11:34:15.698912	\N
823	34	\N	\N	\N	\N	\N		\N	\N		f	2	15	7	\N	\N	\N	0	11	2018-11-02 11:34:15.715184	2018-11-02 11:34:15.715184	\N
824	34	\N	\N	\N	\N	\N		\N	\N		f	2	15	7	\N	\N	\N	0	11	2018-11-02 11:34:15.730378	2018-11-02 11:34:15.730378	\N
825	32	\N	\N	\N	\N	\N		\N	\N		f	2	15	7	\N	\N	\N	0	11	2018-11-02 11:34:15.744854	2018-11-02 11:34:15.744854	\N
826	25	\N	\N	\N	\N	\N		\N	\N		f	2	15	7	\N	\N	\N	0	11	2018-11-02 11:34:15.759202	2018-11-02 11:34:15.759202	\N
827	24	\N	\N	\N	\N	\N		\N	\N		f	2	15	7	\N	\N	\N	0	11	2018-11-02 11:34:15.77465	2018-11-02 11:34:15.77465	\N
828	20	\N	\N	\N	\N	\N		\N	\N		f	2	15	7	\N	\N	\N	0	11	2018-11-02 11:34:15.789577	2018-11-02 11:34:15.789577	\N
829	11	\N	\N	\N	\N	\N		\N	\N		f	2	15	7	\N	\N	\N	0	11	2018-11-02 11:34:15.804163	2018-11-02 11:34:15.804163	\N
830	10	\N	\N	\N	\N	\N		\N	\N		f	2	15	7	\N	\N	\N	0	11	2018-11-02 11:34:15.819873	2018-11-02 11:34:15.819873	\N
831	9	\N	\N	\N	\N	\N		\N	\N		f	2	15	7	\N	\N	\N	0	11	2018-11-02 11:34:15.837171	2018-11-02 11:34:15.837171	\N
832	7	\N	\N	\N	\N	\N		\N	\N		f	2	15	7	\N	\N	\N	0	11	2018-11-02 11:34:15.85342	2018-11-02 11:34:15.85342	\N
833	5	\N	\N	\N	\N	\N		\N	\N		f	2	15	7	\N	\N	\N	0	11	2018-11-02 11:34:15.870413	2018-11-02 11:34:15.870413	\N
834	5	\N	\N	\N	\N	\N		\N	\N		f	2	15	7	\N	\N	\N	0	11	2018-11-02 11:34:15.886783	2018-11-02 11:34:15.886783	\N
835	3	\N	\N	\N	\N	\N		\N	\N		f	2	15	7	\N	\N	\N	0	11	2018-11-02 11:34:15.903498	2018-11-02 11:34:15.903498	\N
836	2	\N	\N	\N	\N	\N		\N	\N		f	2	15	7	\N	\N	\N	0	11	2018-11-02 11:34:15.919017	2018-11-02 11:34:15.919017	\N
837	8	\N	\N	\N	\N	\N		\N	\N		f	2	15	7	\N	\N	\N	0	11	2018-11-02 11:34:15.934098	2018-11-02 11:34:15.934098	\N
838	39	\N	\N	\N	\N	\N		\N	\N		f	2	15	7	\N	\N	\N	0	11	2018-11-02 11:34:15.951641	2018-11-02 11:34:15.951641	\N
839	37	\N	\N	\N	\N	\N		\N	\N		f	2	15	7	\N	\N	\N	0	11	2018-11-02 11:34:15.96685	2018-11-02 11:34:15.96685	\N
840	35	\N	\N	\N	\N	\N		\N	\N		f	2	15	7	\N	\N	\N	0	11	2018-11-02 11:34:15.981997	2018-11-02 11:34:15.981997	\N
841	11	\N	\N	\N	\N	\N		\N	\N		f	2	15	7	\N	\N	\N	0	11	2018-11-02 11:34:16.016535	2018-11-02 11:34:16.016535	\N
842	9	\N	\N	\N	\N	\N		\N	\N		f	2	15	7	\N	\N	\N	0	11	2018-11-02 11:34:16.055522	2018-11-02 11:34:16.055522	\N
843	7	\N	\N	\N	\N	\N		\N	\N		f	2	15	7	\N	\N	\N	0	11	2018-11-02 11:34:16.070011	2018-11-02 11:34:16.070011	\N
844	10	\N	\N	\N	\N	\N		\N	\N		f	2	15	7	\N	\N	\N	0	11	2018-11-02 11:34:16.085173	2018-11-02 11:34:16.085173	\N
845	1	\N	\N	\N	\N	\N		\N	\N		f	2	15	7	\N	\N	\N	0	11	2018-11-02 11:34:16.099198	2018-11-02 11:34:16.099198	\N
846	97	\N	\N	\N	\N	\N		\N	\N		f	2	15	7	\N	\N	\N	0	11	2018-11-02 11:34:16.115527	2018-11-02 11:34:16.115527	\N
847	95	\N	\N	\N	\N	\N		\N	\N		f	2	15	7	\N	\N	\N	0	11	2018-11-02 11:34:16.129643	2018-11-02 11:34:16.129643	\N
848	80	\N	\N	\N	\N	\N		\N	\N		f	2	15	7	\N	\N	\N	0	11	2018-11-02 11:34:16.143793	2018-11-02 11:34:16.143793	\N
849	76	\N	\N	\N	\N	\N		\N	\N		f	2	15	7	\N	\N	\N	0	11	2018-11-02 11:34:16.158037	2018-11-02 11:34:16.158037	\N
850	75	\N	\N	\N	\N	\N		\N	\N		f	2	15	7	\N	\N	\N	0	11	2018-11-02 11:34:16.173752	2018-11-02 11:34:16.173752	\N
851	65	\N	\N	\N	\N	\N		\N	\N		f	2	15	7	\N	\N	\N	0	11	2018-11-02 11:34:16.196654	2018-11-02 11:34:16.196654	\N
852	61	\N	\N	\N	\N	\N		\N	\N		f	2	15	7	\N	\N	\N	0	11	2018-11-02 11:34:16.211795	2018-11-02 11:34:16.211795	\N
853	58	\N	\N	\N	\N	\N		\N	\N		f	2	15	7	\N	\N	\N	0	11	2018-11-02 11:34:16.229248	2018-11-02 11:34:16.229248	\N
854	56	\N	\N	\N	\N	\N		\N	\N		f	2	15	7	\N	\N	\N	0	11	2018-11-02 11:34:16.246474	2018-11-02 11:34:16.246474	\N
855	55	\N	\N	\N	\N	\N		\N	\N		f	2	15	7	\N	\N	\N	0	11	2018-11-02 11:34:16.264543	2018-11-02 11:34:16.264543	\N
856	54	\N	\N	\N	\N	\N		\N	\N		f	2	15	7	\N	\N	\N	0	11	2018-11-02 11:34:16.288695	2018-11-02 11:34:16.288695	\N
857	46	\N	\N	\N	\N	\N		\N	\N		f	2	15	7	\N	\N	\N	0	11	2018-11-02 11:34:16.306743	2018-11-02 11:34:16.306743	\N
858	45	\N	\N	\N	\N	\N		\N	\N		f	2	15	7	\N	\N	\N	0	11	2018-11-02 11:34:16.330458	2018-11-02 11:34:16.330458	\N
859	44	\N	\N	\N	\N	\N		\N	\N		f	2	15	7	\N	\N	\N	0	11	2018-11-02 11:34:16.350169	2018-11-02 11:34:16.350169	\N
860	43	\N	\N	\N	\N	\N		\N	\N		f	2	15	7	\N	\N	\N	0	11	2018-11-02 11:34:16.367769	2018-11-02 11:34:16.367769	\N
861	41	\N	\N	\N	\N	\N		\N	\N		f	2	15	7	\N	\N	\N	0	11	2018-11-02 11:34:16.38316	2018-11-02 11:34:16.38316	\N
862	40	\N	\N	\N	\N	\N		\N	\N		f	2	15	7	\N	\N	\N	0	11	2018-11-02 11:34:16.397372	2018-11-02 11:34:16.397372	\N
863	39	\N	\N	\N	\N	\N		\N	\N		f	2	15	7	\N	\N	\N	0	11	2018-11-02 11:34:16.411401	2018-11-02 11:34:16.411401	\N
864	38	\N	\N	\N	\N	\N		\N	\N		f	2	15	7	\N	\N	\N	0	11	2018-11-02 11:34:16.425505	2018-11-02 11:34:16.425505	\N
865	35	\N	\N	\N	\N	\N		\N	\N		f	2	15	7	\N	\N	\N	0	11	2018-11-02 11:34:16.441145	2018-11-02 11:34:16.441145	\N
866	33	\N	\N	\N	\N	\N		\N	\N		f	2	15	7	\N	\N	\N	0	11	2018-11-02 11:34:16.458794	2018-11-02 11:34:16.458794	\N
867	31	\N	\N	\N	\N	\N		\N	\N		f	2	15	7	\N	\N	\N	0	11	2018-11-02 11:34:16.473204	2018-11-02 11:34:16.473204	\N
868	27	\N	\N	\N	\N	\N		\N	\N		f	2	15	7	\N	\N	\N	0	11	2018-11-02 11:34:16.494974	2018-11-02 11:34:16.494974	\N
869	25	\N	\N	\N	\N	\N		\N	\N		f	2	15	7	\N	\N	\N	0	11	2018-11-02 11:34:16.510544	2018-11-02 11:34:16.510544	\N
870	22	\N	\N	\N	\N	\N		\N	\N		f	2	15	7	\N	\N	\N	0	11	2018-11-02 11:34:16.52515	2018-11-02 11:34:16.52515	\N
871	15	\N	\N	\N	\N	\N		\N	\N		f	2	15	7	\N	\N	\N	0	11	2018-11-02 11:34:16.540048	2018-11-02 11:34:16.540048	\N
872	14	\N	\N	\N	\N	\N		\N	\N		f	2	15	7	\N	\N	\N	0	11	2018-11-02 11:34:16.555328	2018-11-02 11:34:16.555328	\N
873	3	\N	\N	\N	\N	\N		\N	\N		f	2	15	7	\N	\N	\N	0	11	2018-11-02 11:34:16.572868	2018-11-02 11:34:16.572868	\N
874	146	\N	\N	\N	\N	\N		\N	\N		f	2	15	7	\N	\N	\N	0	11	2018-11-02 11:34:16.587457	2018-11-02 11:34:16.587457	\N
875	91	\N	\N	\N	\N	\N		\N	\N		f	2	15	7	\N	\N	\N	0	11	2018-11-02 11:34:16.602016	2018-11-02 11:34:16.602016	\N
876	73	\N	\N	\N	\N	\N		\N	\N		f	2	15	7	\N	\N	\N	0	11	2018-11-02 11:34:16.616747	2018-11-02 11:34:16.616747	\N
877	71	\N	\N	\N	\N	\N		\N	\N		f	2	15	7	\N	\N	\N	0	11	2018-11-02 11:34:16.634149	2018-11-02 11:34:16.634149	\N
878	10	\N	\N	\N	\N	\N		\N	\N		f	2	15	7	\N	Point	\N	0	11	2018-11-02 11:34:16.655593	2018-11-02 11:34:16.655593	\N
879	9	\N	\N	\N	\N	\N		\N	\N		f	2	15	7	\N	Point	\N	0	11	2018-11-02 11:34:16.676543	2018-11-02 11:34:16.676543	\N
880	192	\N	\N	\N	\N	\N		\N	\N		f	2	15	7	\N	\N	\N	0	11	2018-11-02 11:34:16.694806	2018-11-02 11:34:16.694806	\N
881	190	\N	\N	\N	\N	\N		\N	\N		f	2	15	7	\N	\N	\N	0	11	2018-11-02 11:34:16.710927	2018-11-02 11:34:16.710927	\N
882	189	\N	\N	\N	\N	\N		\N	\N		f	2	15	7	\N	\N	\N	0	11	2018-11-02 11:34:16.73454	2018-11-02 11:34:16.73454	\N
883	186	\N	\N	\N	\N	\N		\N	\N		f	2	15	7	\N	\N	\N	0	11	2018-11-02 11:34:16.752937	2018-11-02 11:34:16.752937	\N
884	18 	2012-01-26	0510127000:03:034:0257	0.005	\N	\N		1	50.0		f	2	15	1	\N	Point	\N	0	11	2018-11-02 11:34:16.768751	2018-11-02 11:34:16.768751	\N
885	\\	\N	\N	\N	\N	\N		\N	\N		f	2	15	1	\N	Point	\N	0	11	2018-11-02 11:34:16.791304	2018-11-02 11:34:16.791304	\N
886	21	2012-08-02	0510136600:02:106:0016	0.007200000000000001	\N	\N		1	48.8		f	2	15	1	\N	\N	\N	0	11	2018-11-02 11:34:16.815896	2018-11-02 11:34:16.815896	\N
887	/	\N	\N	\N	\N	\N		\N	\N		f	2	15	1	\N	Point	\N	0	11	2018-11-02 11:34:16.833705	2018-11-02 11:34:16.833705	\N
888	\\	\N	\N	\N	\N	\N		\N	\N		f	2	15	1	\N	Point	\N	0	11	2018-11-02 11:34:16.853215	2018-11-02 11:34:16.853215	\N
889	\\	\N	\N	\N	\N	\N		\N	\N		f	2	15	1	\N	Point	\N	0	11	2018-11-02 11:34:16.873473	2018-11-02 11:34:16.873473	\N
890	13 	2012-03-15	0510136600:02:041:0020	0.0094	\N	\N		1	32.2		f	2	15	1	\N	\N	\N	0	11	2018-11-02 11:34:16.891076	2018-11-02 11:34:16.891076	\N
891	/	\N	\N	\N	\N	\N		\N	\N		f	2	15	15	\N	Point	\N	0	11	2018-11-02 11:34:16.919937	2018-11-02 11:34:16.919937	\N
892	185	\N	\N	\N	\N	\N		\N	\N		f	2	15	7	\N	\N	\N	0	11	2018-11-02 11:34:16.937694	2018-11-02 11:34:16.937694	\N
893	184	\N	\N	\N	\N	\N		\N	\N		f	2	15	7	\N	\N	\N	0	11	2018-11-02 11:34:16.95478	2018-11-02 11:34:16.95478	\N
894	183	\N	\N	\N	\N	\N		\N	\N		f	2	15	7	\N	\N	\N	0	11	2018-11-02 11:34:16.978893	2018-11-02 11:34:16.978893	\N
895	181	\N	\N	\N	\N	\N		\N	90.2		f	2	15	7	\N	\N	\N	0	11	2018-11-02 11:34:16.995276	2018-11-02 11:34:16.995276	\N
896	174	\N	\N	\N	\N	\N		\N	\N		f	2	15	7	\N	\N	\N	0	11	2018-11-02 11:34:17.011955	2018-11-02 11:34:17.011955	\N
897	172	\N	\N	\N	\N	\N		\N	12.8		f	2	15	7	\N	\N	\N	0	11	2018-11-02 11:34:17.02826	2018-11-02 11:34:17.02826	\N
898	170	\N	\N	\N	\N	\N		\N	\N		f	2	15	7	\N	\N	\N	0	11	2018-11-02 11:34:17.051984	2018-11-02 11:34:17.051984	\N
899	168	\N	\N	\N	\N	\N		\N	87.5		f	2	15	7	\N	\N	\N	0	11	2018-11-02 11:34:17.080624	2018-11-02 11:34:17.080624	\N
900	166	\N	\N	\N	\N	\N		\N	\N		f	2	15	7	\N	\N	\N	0	11	2018-11-02 11:34:17.109373	2018-11-02 11:34:17.109373	\N
901	158	\N	\N	\N	\N	\N		\N	\N		f	2	15	7	\N	\N	\N	0	11	2018-11-02 11:34:17.132237	2018-11-02 11:34:17.132237	\N
902	157	\N	\N	\N	\N	\N		\N	\N		f	2	15	7	\N	\N	\N	0	11	2018-11-02 11:34:17.147132	2018-11-02 11:34:17.147132	\N
903	157	\N	\N	\N	\N	\N		\N	\N		f	2	15	7	\N	\N	\N	0	11	2018-11-02 11:34:17.161999	2018-11-02 11:34:17.161999	\N
904	155	\N	\N	\N	\N	\N		\N	\N		f	2	15	7	\N	\N	\N	0	11	2018-11-02 11:34:17.177	2018-11-02 11:34:17.177	\N
905	149	\N	\N	\N	\N	\N		\N	\N		f	2	15	7	\N	\N	\N	0	11	2018-11-02 11:34:17.191896	2018-11-02 11:34:17.191896	\N
906	145	\N	\N	\N	\N	\N		\N	\N		f	2	15	7	\N	\N	\N	0	11	2018-11-02 11:34:17.206411	2018-11-02 11:34:17.206411	\N
907	143	\N	\N	\N	\N	\N		\N	\N		f	2	15	7	\N	\N	\N	0	11	2018-11-02 11:34:17.220626	2018-11-02 11:34:17.220626	\N
908	141	\N	\N	\N	\N	\N		\N	\N		f	2	15	7	\N	\N	\N	0	11	2018-11-02 11:34:17.243788	2018-11-02 11:34:17.243788	\N
909	139	\N	\N	\N	\N	\N		\N	\N		f	2	15	7	\N	\N	\N	0	11	2018-11-02 11:34:17.259573	2018-11-02 11:34:17.259573	\N
910	135	\N	\N	\N	\N	\N		\N	\N		f	2	15	7	\N	\N	\N	0	11	2018-11-02 11:34:17.275118	2018-11-02 11:34:17.275118	\N
911	9	\N	\N	\N	\N	\N		\N	\N		f	2	15	7	\N	\N	\N	0	11	2018-11-02 11:34:17.290044	2018-11-02 11:34:17.290044	\N
912	8	\N	\N	\N	\N	\N		\N	\N		f	2	15	7	\N	\N	\N	0	11	2018-11-02 11:34:17.304619	2018-11-02 11:34:17.304619	\N
913	1	\N	\N	\N	\N	\N		\N	\N		f	2	15	7	\N	\N	\N	0	11	2018-11-02 11:34:17.319217	2018-11-02 11:34:17.319217	\N
914	33	\N	\N	\N	\N	\N		\N	56.5		f	2	15	7	\N	\N	\N	0	11	2018-11-02 11:34:17.336858	2018-11-02 11:34:17.336858	\N
915	22	\N	\N	\N	\N	\N		\N	\N		f	2	15	7	\N	\N	\N	0	11	2018-11-02 11:34:17.353508	2018-11-02 11:34:17.353508	\N
916	21	\N	\N	\N	\N	\N		\N	\N		f	2	15	7	\N	\N	\N	0	11	2018-11-02 11:34:17.381238	2018-11-02 11:34:17.381238	\N
917	19	\N	\N	\N	\N	\N		\N	\N		f	2	15	7	\N	\N	\N	0	11	2018-11-02 11:34:17.397173	2018-11-02 11:34:17.397173	\N
918	15	\N	\N	\N	\N	\N		\N	\N		f	2	15	7	\N	\N	\N	0	11	2018-11-02 11:34:17.411626	2018-11-02 11:34:17.411626	\N
919	133	\N	\N	\N	\N	\N		\N	\N		f	2	15	7	\N	\N	\N	0	11	2018-11-02 11:34:17.426913	2018-11-02 11:34:17.426913	\N
920	131	\N	\N	\N	\N	\N		\N	\N		f	2	15	7	\N	\N	\N	0	11	2018-11-02 11:34:17.442019	2018-11-02 11:34:17.442019	\N
921	129	\N	\N	\N	\N	\N		\N	88.0		f	2	15	7	\N	\N	\N	0	11	2018-11-02 11:34:17.45973	2018-11-02 11:34:17.45973	\N
922	121	\N	\N	\N	\N	\N		\N	\N		f	2	15	7	\N	\N	\N	0	11	2018-11-02 11:34:17.475635	2018-11-02 11:34:17.475635	\N
923	116	\N	\N	\N	\N	\N		\N	\N		f	2	15	7	\N	\N	\N	0	11	2018-11-02 11:34:17.491125	2018-11-02 11:34:17.491125	\N
924	107	\N	\N	\N	\N	\N		\N	\N		f	2	15	7	\N	\N	\N	0	11	2018-11-02 11:34:17.507088	2018-11-02 11:34:17.507088	\N
925	106	\N	\N	\N	\N	\N		\N	\N		f	2	15	7	\N	\N	\N	0	11	2018-11-02 11:34:17.525624	2018-11-02 11:34:17.525624	\N
926	105	\N	\N	\N	\N	\N		\N	\N		f	2	15	7	\N	\N	\N	0	11	2018-11-02 11:34:17.540872	2018-11-02 11:34:17.540872	\N
927	104	\N	\N	\N	\N	\N		\N	\N		f	2	15	7	\N	\N	\N	0	11	2018-11-02 11:34:17.556175	2018-11-02 11:34:17.556175	\N
928	103	\N	\N	\N	\N	\N		\N	\N		f	2	15	7	\N	\N	\N	0	11	2018-11-02 11:34:17.57085	2018-11-02 11:34:17.57085	\N
929	23	\N	\N	\N	\N	\N		\N	539.4		f	2	15	7	\N	\N	\N	0	11	2018-11-02 11:34:17.58553	2018-11-02 11:34:17.58553	\N
930	43	\N	\N	\N	\N	\N		\N	225.1		f	2	15	7	\N	\N	\N	0	11	2018-11-02 11:34:17.600721	2018-11-02 11:34:17.600721	\N
931	95	\N	\N	\N	\N	\N		\N	37.7		f	2	15	7	\N	\N	\N	0	11	2018-11-02 11:34:17.615546	2018-11-02 11:34:17.615546	\N
932	79	\N	\N	\N	\N	\N		\N	28.0		f	2	15	7	\N	\N	\N	0	11	2018-11-02 11:34:17.629726	2018-11-02 11:34:17.629726	\N
933	10/1	\N	\N	\N	\N	\N		\N	35.8		f	2	15	7	\N	\N	\N	0	11	2018-11-02 11:34:17.643441	2018-11-02 11:34:17.643441	\N
934	102	\N	\N	\N	\N	\N		\N	\N		f	2	15	7	\N	\N	\N	0	11	2018-11-02 11:34:17.657553	2018-11-02 11:34:17.657553	\N
935	96	\N	\N	\N	\N	\N		\N	\N		f	2	15	7	\N	\N	\N	0	11	2018-11-02 11:34:17.67279	2018-11-02 11:34:17.67279	\N
936	94	\N	\N	\N	\N	\N		\N	\N		f	2	15	7	\N	\N	\N	0	11	2018-11-02 11:34:17.688383	2018-11-02 11:34:17.688383	\N
937	70	\N	\N	\N	\N	\N		\N	\N		f	2	15	7	\N	\N	\N	0	11	2018-11-02 11:34:17.703679	2018-11-02 11:34:17.703679	\N
938	65	\N	\N	\N	\N	\N		\N	\N		f	2	15	7	\N	\N	\N	0	11	2018-11-02 11:34:17.721269	2018-11-02 11:34:17.721269	\N
939	63	\N	\N	\N	\N	\N		\N	\N		f	2	15	7	\N	\N	\N	0	11	2018-11-02 11:34:17.739821	2018-11-02 11:34:17.739821	\N
940	60	\N	\N	\N	\N	\N		\N	\N		f	2	15	7	\N	\N	\N	0	11	2018-11-02 11:34:17.754959	2018-11-02 11:34:17.754959	\N
941	54	\N	\N	\N	\N	\N		\N	\N		f	2	15	7	\N	\N	\N	0	11	2018-11-02 11:34:17.770412	2018-11-02 11:34:17.770412	\N
942	51	\N	\N	\N	\N	\N		\N	\N		f	2	15	7	\N	\N	\N	0	11	2018-11-02 11:34:17.785605	2018-11-02 11:34:17.785605	\N
943	49	\N	\N	\N	\N	\N		\N	28.3		f	2	15	7	\N	\N	\N	0	11	2018-11-02 11:34:17.800178	2018-11-02 11:34:17.800178	\N
944	46	\N	\N	\N	\N	\N		\N	\N		f	2	15	7	\N	\N	\N	0	11	2018-11-02 11:34:17.815577	2018-11-02 11:34:17.815577	\N
945	42	\N	\N	\N	\N	\N		\N	\N		f	2	15	7	\N	\N	\N	0	11	2018-11-02 11:34:17.831964	2018-11-02 11:34:17.831964	\N
946	39	\N	\N	\N	\N	\N		\N	\N		f	2	15	7	\N	\N	\N	0	11	2018-11-02 11:34:17.855518	2018-11-02 11:34:17.855518	\N
947	37	\N	\N	\N	\N	\N		\N	22.8		f	2	15	7	\N	\N	\N	0	11	2018-11-02 11:34:17.877987	2018-11-02 11:34:17.877987	\N
948	13	\N	\N	\N	\N	\N		\N	\N		f	2	15	7	\N	\N	\N	0	11	2018-11-02 11:34:17.897239	2018-11-02 11:34:17.897239	\N
949	11	\N	\N	\N	\N	\N		\N	\N		f	2	15	7	\N	\N	\N	0	11	2018-11-02 11:34:17.913354	2018-11-02 11:34:17.913354	\N
950	4	\N	\N	\N	\N	\N		\N	\N		f	2	15	7	\N	\N	\N	0	11	2018-11-02 11:34:17.929467	2018-11-02 11:34:17.929467	\N
951	15	\N	\N	\N	\N	\N		\N	\N		f	2	15	7	\N	\N	\N	0	11	2018-11-02 11:34:17.947617	2018-11-02 11:34:17.947617	\N
952	13	\N	\N	\N	\N	\N		\N	\N		f	2	15	7	\N	\N	\N	0	11	2018-11-02 11:34:17.962661	2018-11-02 11:34:17.962661	\N
953	11	\N	\N	\N	\N	\N		\N	\N		f	2	15	7	\N	\N	\N	0	11	2018-11-02 11:34:17.977068	2018-11-02 11:34:17.977068	\N
954	4	\N	\N	\N	\N	\N		\N	\N		f	2	15	7	\N	\N	\N	0	11	2018-11-02 11:34:17.990971	2018-11-02 11:34:17.990971	\N
955	16	\N	\N	\N	\N	\N		\N	\N		f	2	15	7	\N	\N	\N	0	11	2018-11-02 11:34:18.005353	2018-11-02 11:34:18.005353	\N
956	14	\N	\N	\N	\N	\N		\N	\N		f	2	15	7	\N	\N	\N	0	11	2018-11-02 11:34:18.0198	2018-11-02 11:34:18.0198	\N
957	12	\N	\N	\N	\N	\N		\N	\N		f	2	15	7	\N	\N	\N	0	11	2018-11-02 11:34:18.034715	2018-11-02 11:34:18.034715	\N
958	10	\N	\N	\N	\N	\N		\N	\N		f	2	15	7	\N	\N	\N	0	11	2018-11-02 11:34:18.049364	2018-11-02 11:34:18.049364	\N
959	8	\N	\N	\N	\N	\N		\N	\N		f	2	15	7	\N	\N	\N	0	11	2018-11-02 11:34:18.063615	2018-11-02 11:34:18.063615	\N
960	4	\N	\N	\N	\N	\N		\N	\N		f	2	15	7	\N	\N	\N	0	11	2018-11-02 11:34:18.077785	2018-11-02 11:34:18.077785	\N
961	3	\N	\N	\N	\N	\N		\N	\N		f	2	15	7	\N	\N	\N	0	11	2018-11-02 11:34:18.092029	2018-11-02 11:34:18.092029	\N
962	18	\N	\N	\N	\N	\N		\N	\N		f	2	15	7	\N	\N	\N	0	11	2018-11-02 11:34:18.106656	2018-11-02 11:34:18.106656	\N
963	79	\N	\N	\N	\N	\N		\N	\N		f	2	15	7	\N	\N	\N	0	11	2018-11-02 11:34:18.12122	2018-11-02 11:34:18.12122	\N
964	27	\N	\N	\N	\N	\N		\N	\N		f	2	15	7	\N	\N	\N	0	11	2018-11-02 11:34:18.135585	2018-11-02 11:34:18.135585	\N
965	25	\N	\N	\N	\N	\N		\N	\N		f	2	15	7	\N	\N	\N	0	11	2018-11-02 11:34:18.150003	2018-11-02 11:34:18.150003	\N
966	21	\N	\N	\N	\N	\N		\N	\N		f	2	15	7	\N	\N	\N	0	11	2018-11-02 11:34:18.165074	2018-11-02 11:34:18.165074	\N
967	13	\N	\N	\N	\N	\N		\N	\N		f	2	15	7	\N	\N	\N	0	11	2018-11-02 11:34:18.179741	2018-11-02 11:34:18.179741	\N
968	11	\N	\N	\N	\N	\N		\N	\N		f	2	15	7	\N	\N	\N	0	11	2018-11-02 11:34:18.193903	2018-11-02 11:34:18.193903	\N
969	26	\N	\N	\N	\N	\N		\N	\N		f	2	15	7	\N	\N	\N	0	11	2018-11-02 11:34:18.208351	2018-11-02 11:34:18.208351	\N
970	21	\N	\N	\N	\N	\N		\N	\N		f	2	15	7	\N	\N	\N	0	11	2018-11-02 11:34:18.222416	2018-11-02 11:34:18.222416	\N
971	19	\N	\N	\N	\N	\N		\N	\N		f	2	15	7	\N	\N	\N	0	11	2018-11-02 11:34:18.23656	2018-11-02 11:34:18.23656	\N
972	16	\N	\N	\N	\N	\N		\N	\N		f	2	15	7	\N	\N	\N	0	11	2018-11-02 11:34:18.25051	2018-11-02 11:34:18.25051	\N
973	15/5	\N	\N	\N	\N	\N		\N	22.7		f	2	15	7	\N	\N	\N	0	11	2018-11-02 11:34:18.27842	2018-11-02 11:34:18.27842	\N
974	6	\N	\N	\N	\N	\N		\N	\N		f	2	15	7	\N	\N	\N	0	11	2018-11-02 11:34:18.29412	2018-11-02 11:34:18.29412	\N
975	12	\N	\N	\N	\N	\N		\N	\N		f	2	15	7	\N	\N	\N	0	11	2018-11-02 11:34:18.308334	2018-11-02 11:34:18.308334	\N
976	56	\N	\N	\N	\N	\N		\N	\N		f	2	15	7	\N	\N	\N	0	11	2018-11-02 11:34:18.322879	2018-11-02 11:34:18.322879	\N
977	8	\N	\N	\N	\N	\N		\N	\N		f	2	15	7	\N	\N	\N	0	11	2018-11-02 11:34:18.337286	2018-11-02 11:34:18.337286	\N
978	7	\N	\N	\N	\N	\N		\N	\N		f	2	15	7	\N	\N	\N	0	11	2018-11-02 11:34:18.354396	2018-11-02 11:34:18.354396	\N
979	5	\N	\N	\N	\N	\N		\N	\N		f	2	15	7	\N	\N	\N	0	11	2018-11-02 11:34:18.369147	2018-11-02 11:34:18.369147	\N
980	4	\N	\N	\N	\N	\N		\N	\N		f	2	15	7	\N	\N	\N	0	11	2018-11-02 11:34:18.384629	2018-11-02 11:34:18.384629	\N
981	3	\N	\N	\N	\N	\N		\N	\N		f	2	15	7	\N	\N	\N	0	11	2018-11-02 11:34:18.399332	2018-11-02 11:34:18.399332	\N
982	1	\N	\N	\N	\N	\N		\N	\N		f	2	15	7	\N	\N	\N	0	11	2018-11-02 11:34:18.413651	2018-11-02 11:34:18.413651	\N
983	19	\N	\N	\N	\N	\N		\N	\N		f	2	15	7	\N	\N	\N	0	11	2018-11-02 11:34:18.427955	2018-11-02 11:34:18.427955	\N
984	15	\N	\N	\N	\N	\N		\N	\N		f	2	15	7	\N	\N	\N	0	11	2018-11-02 11:34:18.445758	2018-11-02 11:34:18.445758	\N
985	14	\N	\N	\N	\N	\N		\N	\N		f	2	15	7	\N	\N	\N	0	11	2018-11-02 11:34:18.460638	2018-11-02 11:34:18.460638	\N
986	13	\N	\N	\N	\N	\N		\N	\N		f	2	15	7	\N	\N	\N	0	11	2018-11-02 11:34:18.474749	2018-11-02 11:34:18.474749	\N
987	7	\N	\N	\N	\N	\N		\N	\N		f	2	15	7	\N	\N	\N	0	11	2018-11-02 11:34:18.488891	2018-11-02 11:34:18.488891	\N
988	4	\N	\N	\N	\N	\N		\N	\N		f	2	15	7	\N	\N	\N	0	11	2018-11-02 11:34:18.503202	2018-11-02 11:34:18.503202	\N
989	10	\N	\N	\N	\N	\N		\N	\N		f	2	15	7	\N	\N	\N	0	11	2018-11-02 11:34:18.517356	2018-11-02 11:34:18.517356	\N
990	3	\N	\N	\N	\N	\N		\N	\N		f	2	15	7	\N	\N	\N	0	11	2018-11-02 11:34:18.531268	2018-11-02 11:34:18.531268	\N
991	6	\N	\N	\N	\N	\N		\N	\N		f	2	15	7	\N	\N	\N	0	11	2018-11-02 11:34:18.553397	2018-11-02 11:34:18.553397	\N
992	5	\N	\N	\N	\N	\N		\N	\N		f	2	15	7	\N	\N	\N	0	11	2018-11-02 11:34:18.569171	2018-11-02 11:34:18.569171	\N
993	3	\N	\N	\N	\N	\N		\N	\N		f	2	15	7	\N	\N	\N	0	11	2018-11-02 11:34:18.583082	2018-11-02 11:34:18.583082	\N
994	1	\N	\N	\N	\N	\N		\N	\N		f	2	15	7	\N	\N	\N	0	11	2018-11-02 11:34:18.597842	2018-11-02 11:34:18.597842	\N
995	10	\N	\N	\N	\N	\N		\N	\N		f	2	15	7	\N	\N	\N	0	11	2018-11-02 11:34:18.611716	2018-11-02 11:34:18.611716	\N
996	3	\N	\N	\N	\N	\N		\N	\N		f	2	15	7	\N	\N	\N	0	11	2018-11-02 11:34:18.626846	2018-11-02 11:34:18.626846	\N
997	44	\N	\N	\N	\N	\N		\N	\N		f	2	15	7	\N	\N	\N	0	11	2018-11-02 11:34:18.645153	2018-11-02 11:34:18.645153	\N
998	42	\N	\N	\N	\N	\N		\N	\N		f	2	15	7	\N	\N	\N	0	11	2018-11-02 11:34:18.663256	2018-11-02 11:34:18.663256	\N
999	40	\N	\N	\N	\N	\N		\N	\N		f	2	15	7	\N	\N	\N	0	11	2018-11-02 11:34:18.681194	2018-11-02 11:34:18.681194	\N
1000	38	\N	\N	\N	\N	\N		\N	\N		f	2	15	7	\N	\N	\N	0	11	2018-11-02 11:34:18.698545	2018-11-02 11:34:18.698545	\N
1001	36	\N	\N	\N	\N	\N		\N	\N		f	2	15	7	\N	\N	\N	0	11	2018-11-02 11:34:18.721358	2018-11-02 11:34:18.721358	\N
1002	33	\N	\N	\N	\N	\N		\N	\N		f	2	15	7	\N	\N	\N	0	11	2018-11-02 11:34:18.736023	2018-11-02 11:34:18.736023	\N
1003	25	\N	\N	\N	\N	\N		\N	\N		f	2	15	7	\N	\N	\N	0	11	2018-11-02 11:34:18.750791	2018-11-02 11:34:18.750791	\N
1004	23	\N	\N	\N	\N	\N		\N	\N		f	2	15	7	\N	\N	\N	0	11	2018-11-02 11:34:18.768422	2018-11-02 11:34:18.768422	\N
1005	33	\N	\N	\N	\N	\N		\N	\N		f	2	15	7	\N	\N	\N	0	11	2018-11-02 11:34:18.795676	2018-11-02 11:34:18.795676	\N
1006	30	\N	\N	\N	\N	\N		\N	\N		f	2	15	7	\N	\N	\N	0	11	2018-11-02 11:34:18.811528	2018-11-02 11:34:18.811528	\N
1007	29	\N	\N	\N	\N	\N		\N	\N		f	2	15	7	\N	\N	\N	0	11	2018-11-02 11:34:18.826543	2018-11-02 11:34:18.826543	\N
1008	28	\N	\N	\N	\N	\N		\N	\N		f	2	15	7	\N	\N	\N	0	11	2018-11-02 11:34:18.841735	2018-11-02 11:34:18.841735	\N
1009	27	\N	\N	\N	\N	\N		\N	\N		f	2	15	7	\N	\N	\N	0	11	2018-11-02 11:34:18.858469	2018-11-02 11:34:18.858469	\N
1010	26	\N	\N	\N	\N	\N		\N	\N		f	2	15	7	\N	\N	\N	0	11	2018-11-02 11:34:18.877917	2018-11-02 11:34:18.877917	\N
1011	25	\N	\N	\N	\N	\N		\N	\N		f	2	15	7	\N	\N	\N	0	11	2018-11-02 11:34:18.900933	2018-11-02 11:34:18.900933	\N
1012	 3	\N	\N	\N	\N	\N		\N	\N		f	2	15	1	\N	\N	\N	0	11	2018-11-02 11:34:18.916162	2018-11-02 11:34:18.916162	\N
1013	21	\N	\N	\N	\N	\N		\N	\N		f	2	15	7	\N	\N	\N	0	11	2018-11-02 11:34:18.931141	2018-11-02 11:34:18.931141	\N
1014	33	\N	\N	\N	\N	\N		\N	\N		f	2	15	7	\N	\N	\N	0	11	2018-11-02 11:34:18.945408	2018-11-02 11:34:18.945408	\N
1015	29	\N	\N	\N	\N	\N		\N	\N		f	2	15	7	\N	\N	\N	0	11	2018-11-02 11:34:18.960687	2018-11-02 11:34:18.960687	\N
1016	23	\N	\N	\N	\N	\N		\N	\N		f	2	15	7	\N	\N	\N	0	11	2018-11-02 11:34:18.974497	2018-11-02 11:34:18.974497	\N
1017	20	\N	\N	\N	\N	\N		\N	\N		f	2	15	7	\N	\N	\N	0	11	2018-11-02 11:34:18.989694	2018-11-02 11:34:18.989694	\N
1018	11	\N	\N	\N	\N	\N		\N	\N		f	2	15	7	\N	\N	\N	0	11	2018-11-02 11:34:19.008659	2018-11-02 11:34:19.008659	\N
1019	8	\N	\N	\N	\N	\N		\N	\N		f	2	15	7	\N	\N	\N	0	11	2018-11-02 11:34:19.029422	2018-11-02 11:34:19.029422	\N
1020	2	\N	\N	\N	\N	\N		\N	\N		f	2	15	7	\N	\N	\N	0	11	2018-11-02 11:34:19.049919	2018-11-02 11:34:19.049919	\N
1021	24	\N	\N	\N	\N	\N		\N	\N		f	2	15	7	\N	\N	\N	0	11	2018-11-02 11:34:19.075736	2018-11-02 11:34:19.075736	\N
1022	96	\N	\N	\N	\N	\N		\N	203.8		f	2	15	7	\N	\N	\N	0	11	2018-11-02 11:34:19.094556	2018-11-02 11:34:19.094556	\N
1023	50	\N	\N	\N	\N	\N		\N	\N		f	2	15	7	\N	\N	\N	0	11	2018-11-02 11:34:19.112381	2018-11-02 11:34:19.112381	\N
1024	48	\N	\N	\N	\N	\N		\N	\N		f	2	15	7	\N	\N	\N	0	11	2018-11-02 11:34:19.128198	2018-11-02 11:34:19.128198	\N
1025	47	\N	\N	\N	\N	\N		\N	\N		f	2	15	7	\N	\N	\N	0	11	2018-11-02 11:34:19.146695	2018-11-02 11:34:19.146695	\N
1026	45	\N	\N	\N	\N	\N		\N	\N		f	2	15	7	\N	\N	\N	0	11	2018-11-02 11:34:19.165189	2018-11-02 11:34:19.165189	\N
1027	43	\N	\N	\N	\N	\N		\N	\N		f	2	15	7	\N	\N	\N	0	11	2018-11-02 11:34:19.182709	2018-11-02 11:34:19.182709	\N
1028	41	\N	\N	\N	\N	\N		\N	\N		f	2	15	7	\N	\N	\N	0	11	2018-11-02 11:34:19.200258	2018-11-02 11:34:19.200258	\N
1029	37	\N	\N	\N	\N	\N		\N	\N		f	2	15	7	\N	\N	\N	0	11	2018-11-02 11:34:19.225357	2018-11-02 11:34:19.225357	\N
1030	35	\N	\N	\N	\N	\N		\N	\N		f	2	15	7	\N	\N	\N	0	11	2018-11-02 11:34:19.244045	2018-11-02 11:34:19.244045	\N
1031	60	\N	\N	\N	\N	\N		\N	\N		f	2	15	7	\N	\N	\N	0	11	2018-11-02 11:34:19.25862	2018-11-02 11:34:19.25862	\N
1032	58	\N	\N	\N	\N	\N		\N	\N		f	2	15	7	\N	\N	\N	0	11	2018-11-02 11:34:19.273024	2018-11-02 11:34:19.273024	\N
1033	56	\N	\N	\N	\N	\N		\N	\N		f	2	15	7	\N	\N	\N	0	11	2018-11-02 11:34:19.288026	2018-11-02 11:34:19.288026	\N
1034	54	\N	\N	\N	\N	\N		\N	\N		f	2	15	7	\N	\N	\N	0	11	2018-11-02 11:34:19.309353	2018-11-02 11:34:19.309353	\N
1035	54	\N	\N	\N	\N	\N		\N	\N		f	2	15	7	\N	\N	\N	0	11	2018-11-02 11:34:19.324469	2018-11-02 11:34:19.324469	\N
1036	52	\N	\N	\N	\N	\N		\N	\N		f	2	15	7	\N	\N	\N	0	11	2018-11-02 11:34:19.346121	2018-11-02 11:34:19.346121	\N
1037	48	\N	\N	\N	\N	\N		\N	\N		f	2	15	7	\N	\N	\N	0	11	2018-11-02 11:34:19.360696	2018-11-02 11:34:19.360696	\N
1038	42	\N	\N	\N	\N	\N		\N	\N		f	2	15	7	\N	\N	\N	0	11	2018-11-02 11:34:19.37749	2018-11-02 11:34:19.37749	\N
1039	48	\N	\N	\N	\N	\N		\N	\N		f	2	15	7	\N	\N	\N	0	11	2018-11-02 11:34:19.391415	2018-11-02 11:34:19.391415	\N
1040	14	\N	\N	\N	\N	\N		\N	\N		f	2	15	7	\N	\N	\N	0	11	2018-11-02 11:34:19.405479	2018-11-02 11:34:19.405479	\N
1041	10	\N	\N	\N	\N	\N		\N	\N		f	2	15	7	\N	\N	\N	0	11	2018-11-02 11:34:19.419665	2018-11-02 11:34:19.419665	\N
1042	5	\N	\N	\N	\N	\N		\N	\N		f	2	15	7	\N	\N	\N	0	11	2018-11-02 11:34:19.434279	2018-11-02 11:34:19.434279	\N
1043	3	\N	\N	\N	\N	\N		\N	\N		f	2	15	7	\N	\N	\N	0	11	2018-11-02 11:34:19.449021	2018-11-02 11:34:19.449021	\N
1044	30	\N	\N	\N	\N	\N		\N	\N		f	2	15	7	\N	\N	\N	0	11	2018-11-02 11:34:19.463373	2018-11-02 11:34:19.463373	\N
1045	28	\N	\N	\N	\N	\N		\N	\N		f	2	15	7	\N	\N	\N	0	11	2018-11-02 11:34:19.477564	2018-11-02 11:34:19.477564	\N
1046	2/1	\N	\N	\N	\N	\N		\N	407.4		f	2	15	7	\N	\N	\N	0	11	2018-11-02 11:34:19.493715	2018-11-02 11:34:19.493715	\N
1047	8	\N	\N	\N	\N	\N		\N	\N		f	2	15	7	\N	\N	\N	0	11	2018-11-02 11:34:19.508834	2018-11-02 11:34:19.508834	\N
1048	6	\N	\N	\N	\N	\N		\N	\N		f	2	15	7	\N	\N	\N	0	11	2018-11-02 11:34:19.5256	2018-11-02 11:34:19.5256	\N
1049	18	\N	\N	\N	\N	\N		\N	\N		f	2	15	7	\N	\N	\N	0	11	2018-11-02 11:34:19.545513	2018-11-02 11:34:19.545513	\N
1050	4/1	\N	\N	\N	\N	\N		\N	\N		f	2	15	7	\N	\N	\N	0	11	2018-11-02 11:34:19.567155	2018-11-02 11:34:19.567155	\N
1051	14	\N	\N	\N	\N	\N		\N	\N		f	2	15	7	\N	\N	\N	0	11	2018-11-02 11:34:19.589599	2018-11-02 11:34:19.589599	\N
1052	8	\N	\N	\N	\N	\N		\N	\N		f	2	15	7	\N	\N	\N	0	11	2018-11-02 11:34:19.604615	2018-11-02 11:34:19.604615	\N
1053	7	\N	\N	\N	\N	\N		\N	\N		f	2	15	7	\N	\N	\N	0	11	2018-11-02 11:34:19.619668	2018-11-02 11:34:19.619668	\N
1054	6	\N	\N	\N	\N	\N		\N	\N		f	2	15	7	\N	\N	\N	0	11	2018-11-02 11:34:19.634361	2018-11-02 11:34:19.634361	\N
1055	5	\N	\N	\N	\N	\N		\N	\N		f	2	15	7	\N	\N	\N	0	11	2018-11-02 11:34:19.648864	2018-11-02 11:34:19.648864	\N
1056	4	\N	\N	\N	\N	\N		\N	\N		f	2	15	7	\N	\N	\N	0	11	2018-11-02 11:34:19.665898	2018-11-02 11:34:19.665898	\N
1057	3	\N	\N	\N	\N	\N		\N	\N		f	2	15	7	\N	\N	\N	0	11	2018-11-02 11:34:19.680278	2018-11-02 11:34:19.680278	\N
1058	148	\N	\N	\N	\N	\N		\N	\N		f	2	15	7	\N	\N	\N	0	11	2018-11-02 11:34:19.694159	2018-11-02 11:34:19.694159	\N
1059	129	\N	\N	\N	\N	\N		\N	\N		f	2	15	7	\N	\N	\N	0	11	2018-11-02 11:34:19.708481	2018-11-02 11:34:19.708481	\N
1060	125	\N	\N	\N	\N	\N		\N	\N		f	2	15	7	\N	\N	\N	0	11	2018-11-02 11:34:19.722753	2018-11-02 11:34:19.722753	\N
1061	123	\N	\N	\N	\N	\N		\N	\N		f	2	15	7	\N	\N	\N	0	11	2018-11-02 11:34:19.737088	2018-11-02 11:34:19.737088	\N
1062	119	\N	\N	\N	\N	\N		\N	43.5		f	2	15	7	\N	\N	\N	0	11	2018-11-02 11:34:19.751544	2018-11-02 11:34:19.751544	\N
1063	117	\N	\N	\N	\N	\N		\N	\N		f	2	15	7	\N	\N	\N	0	11	2018-11-02 11:34:19.769017	2018-11-02 11:34:19.769017	\N
1064	112	\N	\N	\N	\N	\N		\N	\N		f	2	15	7	\N	\N	\N	0	11	2018-11-02 11:34:19.788871	2018-11-02 11:34:19.788871	\N
1065	111	\N	\N	\N	\N	\N		\N	\N		f	2	15	7	\N	\N	\N	0	11	2018-11-02 11:34:19.81337	2018-11-02 11:34:19.81337	\N
1066	103	\N	\N	\N	\N	\N		\N	\N		f	2	15	7	\N	\N	\N	0	11	2018-11-02 11:34:19.832372	2018-11-02 11:34:19.832372	\N
1067	101	\N	\N	\N	\N	\N		\N	\N		f	2	15	7	\N	\N	\N	0	11	2018-11-02 11:34:19.84992	2018-11-02 11:34:19.84992	\N
1068	99	\N	\N	\N	\N	\N		\N	\N		f	2	15	7	\N	\N	\N	0	11	2018-11-02 11:34:19.87161	2018-11-02 11:34:19.87161	\N
1069	97	\N	\N	\N	\N	\N		\N	\N		f	2	15	7	\N	\N	\N	0	11	2018-11-02 11:34:19.887909	2018-11-02 11:34:19.887909	\N
1070	95	\N	\N	\N	\N	\N		\N	\N		f	2	15	7	\N	\N	\N	0	11	2018-11-02 11:34:19.903176	2018-11-02 11:34:19.903176	\N
1071	93	\N	\N	\N	\N	\N		\N	\N		f	2	15	7	\N	\N	\N	0	11	2018-11-02 11:34:19.919187	2018-11-02 11:34:19.919187	\N
1072	91	\N	\N	\N	\N	\N		\N	\N		f	2	15	7	\N	\N	\N	0	11	2018-11-02 11:34:19.934106	2018-11-02 11:34:19.934106	\N
1073	89	\N	\N	\N	\N	\N		\N	\N		f	2	15	7	\N	\N	\N	0	11	2018-11-02 11:34:19.948995	2018-11-02 11:34:19.948995	\N
1074	87	\N	\N	\N	\N	\N		\N	\N		f	2	15	7	\N	\N	\N	0	11	2018-11-02 11:34:19.963127	2018-11-02 11:34:19.963127	\N
1075	85	\N	\N	\N	\N	\N		\N	\N		f	2	15	7	\N	\N	\N	0	11	2018-11-02 11:34:19.977515	2018-11-02 11:34:19.977515	\N
1076	81	\N	\N	\N	\N	\N		\N	\N		f	2	15	7	\N	\N	\N	0	11	2018-11-02 11:34:19.991819	2018-11-02 11:34:19.991819	\N
1077	79	\N	\N	\N	\N	\N		\N	\N		f	2	15	7	\N	\N	\N	0	11	2018-11-02 11:34:20.006814	2018-11-02 11:34:20.006814	\N
1078	78	\N	\N	\N	\N	\N		\N	\N		f	2	15	7	\N	\N	\N	0	11	2018-11-02 11:34:20.029457	2018-11-02 11:34:20.029457	\N
1079	77	\N	\N	\N	\N	\N		\N	\N		f	2	15	7	\N	\N	\N	0	11	2018-11-02 11:34:20.044656	2018-11-02 11:34:20.044656	\N
1080	76	\N	\N	\N	\N	\N		\N	\N		f	2	15	7	\N	\N	\N	0	11	2018-11-02 11:34:20.058687	2018-11-02 11:34:20.058687	\N
1081	75	\N	\N	\N	\N	\N		\N	\N		f	2	15	7	\N	\N	\N	0	11	2018-11-02 11:34:20.072819	2018-11-02 11:34:20.072819	\N
1082	73	\N	\N	\N	\N	\N		\N	\N		f	2	15	7	\N	\N	\N	0	11	2018-11-02 11:34:20.095185	2018-11-02 11:34:20.095185	\N
1083	61	\N	\N	\N	\N	\N		\N	\N		f	2	15	7	\N	\N	\N	0	11	2018-11-02 11:34:20.114043	2018-11-02 11:34:20.114043	\N
1084	59	\N	\N	\N	\N	\N		\N	\N		f	2	15	7	\N	\N	\N	0	11	2018-11-02 11:34:20.13056	2018-11-02 11:34:20.13056	\N
1085	55	\N	\N	\N	\N	\N		\N	\N		f	2	15	7	\N	\N	\N	0	11	2018-11-02 11:34:20.146817	2018-11-02 11:34:20.146817	\N
1086	47	\N	\N	\N	\N	\N		\N	\N		f	2	15	7	\N	\N	\N	0	11	2018-11-02 11:34:20.163022	2018-11-02 11:34:20.163022	\N
1087	28	\N	\N	\N	\N	\N		\N	\N		f	2	15	7	\N	\N	\N	0	11	2018-11-02 11:34:20.17927	2018-11-02 11:34:20.17927	\N
1088	25	\N	\N	\N	\N	\N		\N	\N		f	2	15	7	\N	\N	\N	0	11	2018-11-02 11:34:20.196644	2018-11-02 11:34:20.196644	\N
1089	24	\N	\N	\N	\N	\N		\N	54.5		f	2	15	7	\N	\N	\N	0	11	2018-11-02 11:34:20.213587	2018-11-02 11:34:20.213587	\N
1090	23	\N	\N	\N	\N	\N		\N	\N		f	2	15	7	\N	\N	\N	0	11	2018-11-02 11:34:20.229741	2018-11-02 11:34:20.229741	\N
1091	22	\N	\N	\N	\N	\N		\N	\N		f	2	15	7	\N	\N	\N	0	11	2018-11-02 11:34:20.24551	2018-11-02 11:34:20.24551	\N
1092	17	\N	\N	\N	\N	\N		\N	\N		f	2	15	7	\N	\N	\N	0	11	2018-11-02 11:34:20.262966	2018-11-02 11:34:20.262966	\N
1093	16	\N	\N	\N	\N	\N		\N	\N		f	2	15	7	\N	\N	\N	0	11	2018-11-02 11:34:20.28603	2018-11-02 11:34:20.28603	\N
1094	15	\N	\N	\N	\N	\N		\N	\N		f	2	15	7	\N	\N	\N	0	11	2018-11-02 11:34:20.303265	2018-11-02 11:34:20.303265	\N
1095	14	\N	\N	\N	\N	\N		\N	\N		f	2	15	7	\N	\N	\N	0	11	2018-11-02 11:34:20.319775	2018-11-02 11:34:20.319775	\N
1096	13	\N	\N	\N	\N	\N		\N	\N		f	2	15	7	\N	\N	\N	0	11	2018-11-02 11:34:20.334896	2018-11-02 11:34:20.334896	\N
1097	11	\N	\N	\N	\N	\N		\N	\N		f	2	15	7	\N	\N	\N	0	11	2018-11-02 11:34:20.353913	2018-11-02 11:34:20.353913	\N
1098	9	\N	\N	\N	\N	\N		\N	\N		f	2	15	7	\N	\N	\N	0	11	2018-11-02 11:34:20.371254	2018-11-02 11:34:20.371254	\N
1099	8	\N	\N	\N	\N	\N		\N	\N		f	2	15	7	\N	\N	\N	0	11	2018-11-02 11:34:20.391022	2018-11-02 11:34:20.391022	\N
1100	6	\N	\N	\N	\N	\N		\N	\N		f	2	15	7	\N	\N	\N	0	11	2018-11-02 11:34:20.40861	2018-11-02 11:34:20.40861	\N
1101	3	\N	\N	\N	\N	\N		\N	\N		f	2	15	7	\N	\N	\N	0	11	2018-11-02 11:34:20.432681	2018-11-02 11:34:20.432681	\N
1102	13	\N	\N	\N	\N	\N		\N	\N		f	2	15	7	\N	\N	\N	0	11	2018-11-02 11:34:20.457735	2018-11-02 11:34:20.457735	\N
1103	30	\N	\N	\N	\N	\N		\N	\N		f	2	15	7	\N	\N	\N	0	11	2018-11-02 11:34:20.475439	2018-11-02 11:34:20.475439	\N
1104	27	\N	\N	\N	\N	\N		\N	\N		f	2	15	7	\N	\N	\N	0	11	2018-11-02 11:34:20.492526	2018-11-02 11:34:20.492526	\N
1105	26	\N	\N	\N	\N	\N		\N	\N		f	2	15	7	\N	\N	\N	0	11	2018-11-02 11:34:20.509067	2018-11-02 11:34:20.509067	\N
1106	23	\N	\N	\N	\N	\N		\N	\N		f	2	15	7	\N	\N	\N	0	11	2018-11-02 11:34:20.523773	2018-11-02 11:34:20.523773	\N
1107	21	\N	\N	\N	\N	\N		\N	\N		f	2	15	7	\N	\N	\N	0	11	2018-11-02 11:34:20.538111	2018-11-02 11:34:20.538111	\N
1108	18	\N	\N	\N	\N	\N		\N	\N		f	2	15	7	\N	\N	\N	0	11	2018-11-02 11:34:20.556517	2018-11-02 11:34:20.556517	\N
1109	17	\N	\N	\N	\N	\N		\N	\N		f	2	15	7	\N	\N	\N	0	11	2018-11-02 11:34:20.571885	2018-11-02 11:34:20.571885	\N
1110	15	\N	\N	\N	\N	\N		\N	\N		f	2	15	7	\N	\N	\N	0	11	2018-11-02 11:34:20.587823	2018-11-02 11:34:20.587823	\N
1111	11	\N	\N	\N	\N	\N		\N	\N		f	2	15	7	\N	\N	\N	0	11	2018-11-02 11:34:20.605407	2018-11-02 11:34:20.605407	\N
1112	9	\N	\N	\N	\N	\N		\N	\N		f	2	15	7	\N	\N	\N	0	11	2018-11-02 11:34:20.62413	2018-11-02 11:34:20.62413	\N
1113	5	\N	\N	\N	\N	\N		\N	\N		f	2	15	7	\N	\N	\N	0	11	2018-11-02 11:34:20.639674	2018-11-02 11:34:20.639674	\N
1114	32	\N	\N	\N	\N	\N		\N	\N		f	2	15	7	\N	\N	\N	0	11	2018-11-02 11:34:20.656283	2018-11-02 11:34:20.656283	\N
1115	12	\N	\N	\N	\N	\N		\N	\N		f	2	15	7	\N	\N	\N	0	11	2018-11-02 11:34:20.673384	2018-11-02 11:34:20.673384	\N
1116	3	\N	\N	\N	\N	\N		\N	\N		f	2	15	7	\N	\N	\N	0	11	2018-11-02 11:34:20.690224	2018-11-02 11:34:20.690224	\N
1117	1	\N	\N	\N	\N	\N		\N	\N		f	2	15	7	\N	\N	\N	0	11	2018-11-02 11:34:20.710716	2018-11-02 11:34:20.710716	\N
1118	10	\N	\N	\N	\N	\N		\N	705.3		f	2	15	5	\N	\N	\N	0	11	2018-11-02 11:34:20.730705	2018-11-02 11:34:20.730705	\N
1119	21	\N	\N	\N	\N	\N		\N	\N		f	2	15	7	\N	\N	\N	0	11	2018-11-02 11:34:20.747418	2018-11-02 11:34:20.747418	\N
1120	18	\N	\N	\N	\N	\N		\N	\N		f	2	15	7	\N	\N	\N	0	11	2018-11-02 11:34:20.762611	2018-11-02 11:34:20.762611	\N
1121	16	\N	\N	\N	\N	\N		\N	\N		f	2	15	7	\N	\N	\N	0	11	2018-11-02 11:34:20.778292	2018-11-02 11:34:20.778292	\N
1122	15	\N	\N	\N	\N	\N		\N	\N		f	2	15	7	\N	\N	\N	0	11	2018-11-02 11:34:20.793824	2018-11-02 11:34:20.793824	\N
1123	14	\N	\N	\N	\N	\N		\N	\N		f	2	15	7	\N	\N	\N	0	11	2018-11-02 11:34:20.809248	2018-11-02 11:34:20.809248	\N
1124	13	\N	\N	\N	\N	\N		\N	\N		f	2	15	7	\N	\N	\N	0	11	2018-11-02 11:34:20.824366	2018-11-02 11:34:20.824366	\N
1125	12	\N	\N	\N	\N	\N		\N	\N		f	2	15	7	\N	\N	\N	0	11	2018-11-02 11:34:20.845476	2018-11-02 11:34:20.845476	\N
1126	11	\N	\N	\N	\N	\N		\N	\N		f	2	15	7	\N	\N	\N	0	11	2018-11-02 11:34:20.861981	2018-11-02 11:34:20.861981	\N
1127	10	\N	\N	\N	\N	\N		\N	\N		f	2	15	7	\N	\N	\N	0	11	2018-11-02 11:34:20.878229	2018-11-02 11:34:20.878229	\N
1128	9	\N	\N	\N	\N	\N		\N	\N		f	2	15	7	\N	\N	\N	0	11	2018-11-02 11:34:20.89457	2018-11-02 11:34:20.89457	\N
1129	8	\N	\N	\N	\N	\N		\N	\N		f	2	15	7	\N	\N	\N	0	11	2018-11-02 11:34:20.91883	2018-11-02 11:34:20.91883	\N
1130	6	\N	\N	\N	\N	\N		\N	\N		f	2	15	7	\N	\N	\N	0	11	2018-11-02 11:34:20.935583	2018-11-02 11:34:20.935583	\N
1131	6	\N	\N	\N	\N	\N		\N	\N		f	2	15	7	\N	\N	\N	0	11	2018-11-02 11:34:20.950728	2018-11-02 11:34:20.950728	\N
1132	4	\N	\N	\N	\N	\N		\N	\N		f	2	15	7	\N	\N	\N	0	11	2018-11-02 11:34:20.974618	2018-11-02 11:34:20.974618	\N
1133	4	\N	\N	\N	\N	\N		\N	\N		f	2	15	7	\N	\N	\N	0	11	2018-11-02 11:34:20.992091	2018-11-02 11:34:20.992091	\N
1134	3	\N	\N	\N	\N	\N		\N	\N		f	2	15	7	\N	\N	\N	0	11	2018-11-02 11:34:21.009837	2018-11-02 11:34:21.009837	\N
1135	2	\N	\N	\N	\N	\N		\N	\N		f	2	15	7	\N	\N	\N	0	11	2018-11-02 11:34:21.028341	2018-11-02 11:34:21.028341	\N
1136	14	\N	\N	\N	\N	\N		\N	\N		f	2	15	7	\N	\N	\N	0	11	2018-11-02 11:34:21.052135	2018-11-02 11:34:21.052135	\N
1137	11	\N	\N	\N	\N	\N		\N	\N		f	2	15	7	\N	\N	\N	0	11	2018-11-02 11:34:21.075555	2018-11-02 11:34:21.075555	\N
1138	10	\N	\N	\N	\N	\N		\N	\N		f	2	15	7	\N	\N	\N	0	11	2018-11-02 11:34:21.099533	2018-11-02 11:34:21.099533	\N
1139	21	\N	\N	\N	\N	\N		\N	\N		f	2	15	7	\N	\N	\N	0	11	2018-11-02 11:34:21.114336	2018-11-02 11:34:21.114336	\N
1140	19	\N	\N	\N	\N	\N		\N	53.6		f	2	15	7	\N	\N	\N	0	11	2018-11-02 11:34:21.129022	2018-11-02 11:34:21.129022	\N
1141	17	\N	\N	\N	\N	\N		\N	\N		f	2	15	7	\N	\N	\N	0	11	2018-11-02 11:34:21.143913	2018-11-02 11:34:21.143913	\N
1142	46	\N	\N	\N	\N	\N		\N	\N		f	2	15	7	\N	\N	\N	0	11	2018-11-02 11:34:21.158268	2018-11-02 11:34:21.158268	\N
1143	46	\N	\N	\N	\N	\N		\N	\N		f	2	15	7	\N	\N	\N	0	11	2018-11-02 11:34:21.175707	2018-11-02 11:34:21.175707	\N
1144	42	\N	\N	\N	\N	\N		\N	\N		f	2	15	7	\N	\N	\N	0	11	2018-11-02 11:34:21.191726	2018-11-02 11:34:21.191726	\N
1145	34	\N	\N	\N	\N	\N		\N	\N		f	2	15	7	\N	\N	\N	0	11	2018-11-02 11:34:21.206567	2018-11-02 11:34:21.206567	\N
1146	21	\N	\N	\N	\N	\N		\N	\N		f	2	15	7	\N	\N	\N	0	11	2018-11-02 11:34:21.222292	2018-11-02 11:34:21.222292	\N
1147	20	\N	\N	\N	\N	\N		\N	97.5		f	2	15	7	\N	\N	\N	0	11	2018-11-02 11:34:21.245079	2018-11-02 11:34:21.245079	\N
1148	19	\N	\N	\N	\N	\N		\N	\N		f	2	15	7	\N	\N	\N	0	11	2018-11-02 11:34:21.259622	2018-11-02 11:34:21.259622	\N
1149	4	\N	\N	\N	\N	\N		\N	\N		f	2	15	7	\N	\N	\N	0	11	2018-11-02 11:34:21.274391	2018-11-02 11:34:21.274391	\N
1150	3	\N	\N	\N	\N	\N		\N	\N		f	2	15	7	\N	\N	\N	0	11	2018-11-02 11:34:21.289235	2018-11-02 11:34:21.289235	\N
1151	40	\N	\N	\N	\N	\N		\N	\N		f	2	15	7	\N	\N	\N	0	11	2018-11-02 11:34:21.304105	2018-11-02 11:34:21.304105	\N
1152	34	\N	\N	\N	\N	\N		\N	\N		f	2	15	7	\N	\N	\N	0	11	2018-11-02 11:34:21.319004	2018-11-02 11:34:21.319004	\N
1153	32	\N	\N	\N	\N	\N		\N	\N		f	2	15	7	\N	\N	\N	0	11	2018-11-02 11:34:21.333297	2018-11-02 11:34:21.333297	\N
1154	26	\N	\N	\N	\N	\N		\N	\N		f	2	15	7	\N	\N	\N	0	11	2018-11-02 11:34:21.347915	2018-11-02 11:34:21.347915	\N
1155	25	\N	\N	\N	\N	\N		\N	\N		f	2	15	7	\N	\N	\N	0	11	2018-11-02 11:34:21.362528	2018-11-02 11:34:21.362528	\N
1156	24	\N	\N	\N	\N	\N		\N	\N		f	2	15	7	\N	\N	\N	0	11	2018-11-02 11:34:21.378526	2018-11-02 11:34:21.378526	\N
1157	22	\N	\N	\N	\N	\N		\N	\N		f	2	15	7	\N	\N	\N	0	11	2018-11-02 11:34:21.393102	2018-11-02 11:34:21.393102	\N
1158	21	\N	\N	\N	\N	\N		\N	\N		f	2	15	7	\N	\N	\N	0	11	2018-11-02 11:34:21.407233	2018-11-02 11:34:21.407233	\N
1159	131	\N	\N	\N	\N	\N		\N	\N		f	2	15	7	\N	\N	\N	0	11	2018-11-02 11:34:21.425071	2018-11-02 11:34:21.425071	\N
1160	97	\N	\N	\N	\N	\N		\N	\N		f	2	15	7	\N	\N	\N	0	11	2018-11-02 11:34:21.439572	2018-11-02 11:34:21.439572	\N
1161	81	\N	\N	\N	\N	\N		\N	\N		f	2	15	7	\N	\N	\N	0	11	2018-11-02 11:34:21.454193	2018-11-02 11:34:21.454193	\N
1162	70	\N	\N	\N	\N	\N		\N	\N		f	2	15	7	\N	\N	\N	0	11	2018-11-02 11:34:21.468554	2018-11-02 11:34:21.468554	\N
1163	61	\N	\N	\N	\N	\N		\N	\N		f	2	15	7	\N	\N	\N	0	11	2018-11-02 11:34:21.482864	2018-11-02 11:34:21.482864	\N
1164	59	\N	\N	\N	\N	\N		\N	\N		f	2	15	7	\N	\N	\N	0	11	2018-11-02 11:34:21.497693	2018-11-02 11:34:21.497693	\N
1165	57	\N	\N	\N	\N	\N		\N	\N		f	2	15	7	\N	\N	\N	0	11	2018-11-02 11:34:21.519815	2018-11-02 11:34:21.519815	\N
1166	53	\N	\N	\N	\N	\N		\N	\N		f	2	15	7	\N	\N	\N	0	11	2018-11-02 11:34:21.541388	2018-11-02 11:34:21.541388	\N
1167	39	\N	\N	\N	\N	\N		\N	\N		f	2	15	7	\N	\N	\N	0	11	2018-11-02 11:34:21.557366	2018-11-02 11:34:21.557366	\N
1168	32	\N	\N	\N	\N	\N		\N	\N		f	2	15	7	\N	\N	\N	0	11	2018-11-02 11:34:21.572787	2018-11-02 11:34:21.572787	\N
1169	31	\N	\N	\N	\N	\N		\N	\N		f	2	15	7	\N	\N	\N	0	11	2018-11-02 11:34:21.587178	2018-11-02 11:34:21.587178	\N
1170	20	\N	\N	\N	\N	\N		\N	\N		f	2	15	7	\N	\N	\N	0	11	2018-11-02 11:34:21.602131	2018-11-02 11:34:21.602131	\N
1171	15	\N	\N	\N	\N	\N		\N	\N		f	2	15	7	\N	\N	\N	0	11	2018-11-02 11:34:21.617674	2018-11-02 11:34:21.617674	\N
1172	6	\N	\N	\N	\N	\N		\N	\N		f	2	15	7	\N	\N	\N	0	11	2018-11-02 11:34:21.632518	2018-11-02 11:34:21.632518	\N
1173	1	\N	\N	\N	\N	\N		\N	\N		f	2	15	7	\N	\N	\N	0	11	2018-11-02 11:34:21.646579	2018-11-02 11:34:21.646579	\N
1174	8	\N	\N	\N	\N	\N		\N	\N		f	2	15	7	\N	\N	\N	0	11	2018-11-02 11:34:21.66066	2018-11-02 11:34:21.66066	\N
1175	59	\N	\N	\N	\N	\N		\N	\N		f	2	15	7	\N	\N	\N	0	11	2018-11-02 11:34:21.674741	2018-11-02 11:34:21.674741	\N
1176	30	\N	\N	\N	\N	\N		\N	\N		f	2	15	7	\N	\N	\N	0	11	2018-11-02 11:34:21.688792	2018-11-02 11:34:21.688792	\N
1177	7	\N	\N	\N	\N	\N		\N	\N		f	2	15	7	\N	\N	\N	0	11	2018-11-02 11:34:21.711325	2018-11-02 11:34:21.711325	\N
1178	3	\N	\N	\N	\N	\N		\N	\N		f	2	15	7	\N	\N	\N	0	11	2018-11-02 11:34:21.726867	2018-11-02 11:34:21.726867	\N
1179	58	\N	\N	\N	\N	\N		\N	\N		f	2	15	7	\N	Point	\N	0	11	2018-11-02 11:34:21.752191	2018-11-02 11:34:21.752191	\N
1180	43	\N	\N	\N	\N	\N		\N	\N		f	2	15	7	\N	\N	\N	0	11	2018-11-02 11:34:21.76751	2018-11-02 11:34:21.76751	\N
1181	8	\N	\N	\N	\N	\N		\N	\N		f	2	15	7	\N	\N	\N	0	11	2018-11-02 11:34:21.781894	2018-11-02 11:34:21.781894	\N
1182	4	\N	\N	\N	\N	\N		\N	1263.2		f	2	15	7	\N	Point	\N	0	11	2018-11-02 11:34:21.798629	2018-11-02 11:34:21.798629	\N
1183	2	\N	\N	\N	\N	\N		\N	\N		f	2	15	7	\N	\N	\N	0	11	2018-11-02 11:34:21.814258	2018-11-02 11:34:21.814258	\N
1184	10	\N	\N	\N	\N	\N		\N	\N		f	2	15	7	\N	\N	\N	0	11	2018-11-02 11:34:21.832199	2018-11-02 11:34:21.832199	\N
1185	2	\N	\N	\N	\N	\N		\N	\N		f	2	15	7	\N	\N	\N	0	11	2018-11-02 11:34:21.847024	2018-11-02 11:34:21.847024	\N
1186	53	\N	\N	\N	\N	\N		\N	\N		f	2	15	7	\N	\N	\N	0	11	2018-11-02 11:34:21.861698	2018-11-02 11:34:21.861698	\N
1187	12	\N	\N	\N	\N	\N		\N	\N		f	2	15	7	\N	\N	\N	0	11	2018-11-02 11:34:21.877052	2018-11-02 11:34:21.877052	\N
1188	10	\N	\N	\N	\N	\N		\N	\N		f	2	15	7	\N	\N	\N	0	11	2018-11-02 11:34:21.891393	2018-11-02 11:34:21.891393	\N
1189	8	\N	\N	\N	\N	\N		\N	\N		f	2	15	7	\N	\N	\N	0	11	2018-11-02 11:34:21.90531	2018-11-02 11:34:21.90531	\N
1190	56	\N	\N	\N	\N	\N		\N	\N		f	2	15	7	\N	\N	\N	0	11	2018-11-02 11:34:21.919832	2018-11-02 11:34:21.919832	\N
1191	54	\N	\N	\N	\N	\N		\N	\N		f	2	15	7	\N	\N	\N	0	11	2018-11-02 11:34:21.93406	2018-11-02 11:34:21.93406	\N
1192	40	\N	\N	\N	\N	\N		\N	\N		f	2	15	7	\N	\N	\N	0	11	2018-11-02 11:34:21.948131	2018-11-02 11:34:21.948131	\N
1193	13	\N	\N	\N	\N	\N		\N	\N		f	2	15	7	\N	\N	\N	0	11	2018-11-02 11:34:21.962707	2018-11-02 11:34:21.962707	\N
1194	11	\N	\N	\N	\N	\N		\N	\N		f	2	15	7	\N	\N	\N	0	11	2018-11-02 11:34:21.977691	2018-11-02 11:34:21.977691	\N
1195	9	\N	\N	\N	\N	\N		\N	\N		f	2	15	7	\N	\N	\N	0	11	2018-11-02 11:34:21.992386	2018-11-02 11:34:21.992386	\N
1196	8	\N	\N	\N	\N	\N		\N	\N		f	2	15	7	\N	\N	\N	0	11	2018-11-02 11:34:22.007208	2018-11-02 11:34:22.007208	\N
1197	6	\N	\N	\N	\N	\N		\N	\N		f	2	15	7	\N	\N	\N	0	11	2018-11-02 11:34:22.021606	2018-11-02 11:34:22.021606	\N
1198	4	\N	\N	\N	\N	\N		\N	\N		f	2	15	7	\N	\N	\N	0	11	2018-11-02 11:34:22.035786	2018-11-02 11:34:22.035786	\N
1199	3	\N	\N	\N	\N	\N		\N	\N		f	2	15	7	\N	\N	\N	0	11	2018-11-02 11:34:22.049814	2018-11-02 11:34:22.049814	\N
1200	27	\N	\N	\N	\N	\N		\N	\N		f	2	15	7	\N	Point	\N	0	11	2018-11-02 11:34:22.064729	2018-11-02 11:34:22.064729	\N
1201	25	\N	\N	\N	\N	\N		\N	\N		f	2	15	7	\N	Point	\N	0	11	2018-11-02 11:34:22.081045	2018-11-02 11:34:22.081045	\N
1202	24	\N	\N	\N	\N	\N		\N	\N		f	2	15	7	\N	Point	\N	0	11	2018-11-02 11:34:22.096761	2018-11-02 11:34:22.096761	\N
1203	19	\N	\N	\N	\N	\N		\N	\N		f	2	15	7	\N	Point	\N	0	11	2018-11-02 11:34:22.112555	2018-11-02 11:34:22.112555	\N
1204	18	\N	\N	\N	\N	\N		\N	\N		f	2	15	7	\N	Point	\N	0	11	2018-11-02 11:34:22.128645	2018-11-02 11:34:22.128645	\N
1205	37	\N	\N	\N	\N	\N		\N	\N		f	2	15	7	\N	Point	\N	0	11	2018-11-02 11:34:22.144966	2018-11-02 11:34:22.144966	\N
1206	25	\N	\N	\N	\N	\N		\N	\N		f	2	15	7	\N	Point	\N	0	11	2018-11-02 11:34:22.161428	2018-11-02 11:34:22.161428	\N
1207	27	\N	\N	\N	\N	\N		\N	\N		f	2	15	7	\N	Point	\N	0	11	2018-11-02 11:34:22.177675	2018-11-02 11:34:22.177675	\N
1208	18	\N	\N	\N	\N	\N		\N	\N		f	2	15	7	\N	Point	\N	0	11	2018-11-02 11:34:22.198088	2018-11-02 11:34:22.198088	\N
1209	4	\N	\N	\N	\N	\N		\N	\N		f	2	15	7	\N	Point	\N	0	11	2018-11-02 11:34:22.217122	2018-11-02 11:34:22.217122	\N
1210	10	\N	\N	\N	\N	\N		\N	\N		f	2	15	7	\N	\N	\N	0	11	2018-11-02 11:34:22.238924	2018-11-02 11:34:22.238924	\N
1211	38	\N	\N	\N	\N	\N		\N	\N		f	2	15	7	\N	\N	\N	0	11	2018-11-02 11:34:22.256528	2018-11-02 11:34:22.256528	\N
1212	17	\N	\N	\N	\N	\N		\N	\N		f	2	15	7	\N	\N	\N	0	11	2018-11-02 11:34:22.274122	2018-11-02 11:34:22.274122	\N
1213	16	\N	\N	\N	\N	\N		\N	\N		f	2	15	7	\N	\N	\N	0	11	2018-11-02 11:34:22.293318	2018-11-02 11:34:22.293318	\N
1214	15	\N	\N	\N	\N	\N		\N	\N		f	2	15	7	\N	\N	\N	0	11	2018-11-02 11:34:22.315293	2018-11-02 11:34:22.315293	\N
1215	13	\N	\N	\N	\N	\N		\N	\N		f	2	15	7	\N	\N	\N	0	11	2018-11-02 11:34:22.330529	2018-11-02 11:34:22.330529	\N
1216	6	\N	\N	\N	\N	\N		\N	\N		f	2	15	7	\N	\N	\N	0	11	2018-11-02 11:34:22.345757	2018-11-02 11:34:22.345757	\N
1217	21	\N	\N	\N	\N	\N		\N	\N		f	2	15	7	\N	\N	\N	0	11	2018-11-02 11:34:22.36818	2018-11-02 11:34:22.36818	\N
1218	9	\N	\N	\N	\N	\N		\N	\N		f	2	15	7	\N	\N	\N	0	11	2018-11-02 11:34:22.38307	2018-11-02 11:34:22.38307	\N
1219	6	\N	\N	\N	\N	\N		\N	\N		f	2	15	7	\N	\N	\N	0	11	2018-11-02 11:34:22.397597	2018-11-02 11:34:22.397597	\N
1220	2	\N	\N	\N	\N	\N		\N	\N		f	2	15	7	\N	\N	\N	0	11	2018-11-02 11:34:22.420201	2018-11-02 11:34:22.420201	\N
1221	22	\N	\N	\N	\N	\N		\N	\N		f	2	15	7	\N	\N	\N	0	11	2018-11-02 11:34:22.436469	2018-11-02 11:34:22.436469	\N
1222	22	\N	\N	\N	\N	\N		\N	\N		f	2	15	7	\N	\N	\N	0	11	2018-11-02 11:34:22.451851	2018-11-02 11:34:22.451851	\N
1223	20	\N	\N	\N	\N	\N		\N	\N		f	2	15	7	\N	\N	\N	0	11	2018-11-02 11:34:22.46658	2018-11-02 11:34:22.46658	\N
1224	17	\N	\N	\N	\N	\N		\N	\N		f	2	15	7	\N	\N	\N	0	11	2018-11-02 11:34:22.481323	2018-11-02 11:34:22.481323	\N
1225	16	\N	\N	\N	\N	\N		\N	\N		f	2	15	7	\N	\N	\N	0	11	2018-11-02 11:34:22.496654	2018-11-02 11:34:22.496654	\N
1226	13	\N	\N	\N	\N	\N		\N	\N		f	2	15	7	\N	\N	\N	0	11	2018-11-02 11:34:22.517506	2018-11-02 11:34:22.517506	\N
1227	10	\N	\N	\N	\N	\N		\N	\N		f	2	15	7	\N	\N	\N	0	11	2018-11-02 11:34:22.535679	2018-11-02 11:34:22.535679	\N
1228	9	\N	\N	\N	\N	\N		\N	80.6		f	2	15	7	\N	\N	\N	0	11	2018-11-02 11:34:22.551809	2018-11-02 11:34:22.551809	\N
1229	8	\N	\N	\N	\N	\N		\N	\N		f	2	15	7	\N	\N	\N	0	11	2018-11-02 11:34:22.567483	2018-11-02 11:34:22.567483	\N
1230	7	\N	\N	\N	\N	\N		\N	\N		f	2	15	7	\N	\N	\N	0	11	2018-11-02 11:34:22.590653	2018-11-02 11:34:22.590653	\N
1231	6	\N	\N	\N	\N	\N		\N	\N		f	2	15	7	\N	\N	\N	0	11	2018-11-02 11:34:22.60574	2018-11-02 11:34:22.60574	\N
1232	5	\N	\N	\N	\N	\N		\N	\N		f	2	15	7	\N	\N	\N	0	11	2018-11-02 11:34:22.620116	2018-11-02 11:34:22.620116	\N
1233	59	\N	\N	\N	\N	\N		\N	\N		f	2	15	7	\N	\N	\N	0	11	2018-11-02 11:34:22.638451	2018-11-02 11:34:22.638451	\N
1234	57	\N	\N	\N	\N	\N		\N	\N		f	2	15	7	\N	\N	\N	0	11	2018-11-02 11:34:22.652774	2018-11-02 11:34:22.652774	\N
1235	57	\N	\N	\N	\N	\N		\N	\N		f	2	15	7	\N	\N	\N	0	11	2018-11-02 11:34:22.667208	2018-11-02 11:34:22.667208	\N
1236	42	\N	\N	\N	\N	\N		\N	\N		f	2	15	7	\N	\N	\N	0	11	2018-11-02 11:34:22.682059	2018-11-02 11:34:22.682059	\N
1237	40	\N	\N	\N	\N	\N		\N	\N		f	2	15	7	\N	\N	\N	0	11	2018-11-02 11:34:22.697138	2018-11-02 11:34:22.697138	\N
1238	54	\N	\N	\N	\N	\N		\N	\N		f	2	15	7	\N	\N	\N	0	11	2018-11-02 11:34:22.712347	2018-11-02 11:34:22.712347	\N
1239	44	\N	\N	\N	\N	\N		\N	\N		f	2	15	7	\N	\N	\N	0	11	2018-11-02 11:34:22.727705	2018-11-02 11:34:22.727705	\N
1240	42	\N	\N	\N	\N	\N		\N	\N		f	2	15	7	\N	\N	\N	0	11	2018-11-02 11:34:22.742044	2018-11-02 11:34:22.742044	\N
1241	1	\N	\N	\N	\N	\N		\N	\N		f	2	15	7	\N	\N	\N	0	11	2018-11-02 11:34:22.756276	2018-11-02 11:34:22.756276	\N
1242	2	\N	\N	\N	\N	\N		\N	\N		f	2	15	7	\N	\N	\N	0	11	2018-11-02 11:34:22.773868	2018-11-02 11:34:22.773868	\N
1243	19	\N	\N	\N	\N	\N		\N	\N		f	2	15	7	\N	\N	\N	0	11	2018-11-02 11:34:22.788248	2018-11-02 11:34:22.788248	\N
1244	17	\N	\N	\N	\N	\N		\N	\N		f	2	15	7	\N	\N	\N	0	11	2018-11-02 11:34:22.81057	2018-11-02 11:34:22.81057	\N
1245	15	\N	\N	\N	\N	\N		\N	\N		f	2	15	7	\N	\N	\N	0	11	2018-11-02 11:34:22.827585	2018-11-02 11:34:22.827585	\N
1246	9	\N	\N	\N	\N	\N		\N	\N		f	2	15	7	\N	\N	\N	0	11	2018-11-02 11:34:22.843742	2018-11-02 11:34:22.843742	\N
1247	3	\N	\N	\N	\N	\N		\N	118.3		f	2	15	7	\N	\N	\N	0	11	2018-11-02 11:34:22.86034	2018-11-02 11:34:22.86034	\N
1248	40	\N	\N	\N	\N	\N		\N	\N		f	2	15	7	\N	\N	\N	0	11	2018-11-02 11:34:22.877752	2018-11-02 11:34:22.877752	\N
1249	20	\N	\N	\N	\N	\N		\N	\N		f	2	15	7	\N	\N	\N	0	11	2018-11-02 11:34:22.893535	2018-11-02 11:34:22.893535	\N
1250	18	\N	\N	\N	\N	\N		\N	\N		f	2	15	7	\N	\N	\N	0	11	2018-11-02 11:34:22.909274	2018-11-02 11:34:22.909274	\N
1251	16	\N	\N	\N	\N	\N		\N	320.9		f	2	15	7	\N	\N	\N	0	11	2018-11-02 11:34:22.924806	2018-11-02 11:34:22.924806	\N
1252	12	\N	\N	\N	\N	\N		\N	\N		f	2	15	7	\N	\N	\N	0	11	2018-11-02 11:34:22.939684	2018-11-02 11:34:22.939684	\N
1253	10	\N	\N	\N	\N	\N		\N	\N		f	2	15	7	\N	\N	\N	0	11	2018-11-02 11:34:22.972352	2018-11-02 11:34:22.972352	\N
1254	10	\N	\N	\N	\N	\N		\N	\N		f	2	15	7	\N	\N	\N	0	11	2018-11-02 11:34:22.994866	2018-11-02 11:34:22.994866	\N
1255	6	\N	\N	\N	\N	\N		\N	\N		f	2	15	7	\N	\N	\N	0	11	2018-11-02 11:34:23.011007	2018-11-02 11:34:23.011007	\N
1256	4	\N	\N	\N	\N	\N		\N	\N		f	2	15	7	\N	\N	\N	0	11	2018-11-02 11:34:23.026611	2018-11-02 11:34:23.026611	\N
1257	25	\N	\N	\N	\N	\N		\N	\N		f	2	15	7	\N	\N	\N	0	11	2018-11-02 11:34:23.042427	2018-11-02 11:34:23.042427	\N
1258	58	\N	\N	\N	\N	\N		\N	\N		f	2	15	7	\N	\N	\N	0	11	2018-11-02 11:34:23.060578	2018-11-02 11:34:23.060578	\N
1259	56	\N	\N	\N	\N	\N		\N	\N		f	2	15	7	\N	\N	\N	0	11	2018-11-02 11:34:23.076861	2018-11-02 11:34:23.076861	\N
1260	48	\N	\N	\N	\N	\N		\N	\N		f	2	15	7	\N	\N	\N	0	11	2018-11-02 11:34:23.094769	2018-11-02 11:34:23.094769	\N
1261	46	\N	\N	\N	\N	\N		\N	\N		f	2	15	7	\N	\N	\N	0	11	2018-11-02 11:34:23.117708	2018-11-02 11:34:23.117708	\N
1262	31	\N	\N	\N	\N	\N		\N	\N		f	2	15	7	\N	\N	\N	0	11	2018-11-02 11:34:23.135827	2018-11-02 11:34:23.135827	\N
1263	31	\N	\N	\N	\N	\N		\N	\N		f	2	15	7	\N	\N	\N	0	11	2018-11-02 11:34:23.152278	2018-11-02 11:34:23.152278	\N
1264	30	\N	\N	\N	\N	\N		\N	\N		f	2	15	7	\N	\N	\N	0	11	2018-11-02 11:34:23.168747	2018-11-02 11:34:23.168747	\N
1265	24	\N	\N	\N	\N	\N		\N	\N		f	2	15	7	\N	\N	\N	0	11	2018-11-02 11:34:23.186235	2018-11-02 11:34:23.186235	\N
1266	23	\N	\N	\N	\N	\N		\N	\N		f	2	15	7	\N	Point	\N	0	11	2018-11-02 11:34:23.203252	2018-11-02 11:34:23.203252	\N
1267	8	\N	\N	\N	\N	\N		\N	89.8		f	2	15	7	\N	\N	\N	0	11	2018-11-02 11:34:23.222745	2018-11-02 11:34:23.222745	\N
1268	7	\N	\N	\N	\N	\N		\N	109.9		f	2	15	7	\N	\N	\N	0	11	2018-11-02 11:34:23.238006	2018-11-02 11:34:23.238006	\N
1269	45	\N	\N	\N	\N	\N		\N	20.3		f	2	15	7	\N	\N	\N	0	11	2018-11-02 11:34:23.252882	2018-11-02 11:34:23.252882	\N
1270	21	\N	\N	\N	\N	\N		\N	\N		f	2	15	7	\N	\N	\N	0	11	2018-11-02 11:34:23.268482	2018-11-02 11:34:23.268482	\N
1271	31	\N	\N	\N	\N	\N		\N	\N		f	2	15	1	\N	Point	\N	0	11	2018-11-02 11:34:23.283933	2018-11-02 11:34:23.283933	\N
1272	6	\N	\N	\N	\N	\N		\N	131.1		f	2	15	7	\N	\N	\N	0	11	2018-11-02 11:34:23.299919	2018-11-02 11:34:23.299919	\N
1273	 135	\N	\N	\N	\N	\N		\N	\N		f	2	15	1	\N	\N	\N	0	11	2018-11-02 11:34:23.315168	2018-11-02 11:34:23.315168	\N
1274	1	\N	\N	\N	\N	\N		\N	\N		f	2	15	7	\N	\N	\N	0	11	2018-11-02 11:34:23.33225	2018-11-02 11:34:23.33225	\N
1275	1	\N	\N	\N	\N	\N		\N	9.0		f	2	15	7	\N	\N	\N	0	11	2018-11-02 11:34:23.34719	2018-11-02 11:34:23.34719	\N
1276	11	\N	\N	\N	\N	\N		\N	\N		f	2	15	7	\N	\N	\N	0	11	2018-11-02 11:34:23.362401	2018-11-02 11:34:23.362401	\N
1277	11	\N	\N	\N	\N	\N		\N	\N		f	2	15	7	\N	Point	\N	0	11	2018-11-02 11:34:23.381578	2018-11-02 11:34:23.381578	\N
1278	7	\N	\N	\N	\N	\N		\N	\N		f	2	15	7	\N	\N	\N	0	11	2018-11-02 11:34:23.399371	2018-11-02 11:34:23.399371	\N
1279	\N	\N	\N	\N	\N	\N		\N	259.0		f	2	15	5	\N	\N	\N	0	11	2018-11-02 11:34:23.414644	2018-11-02 11:34:23.414644	\N
1280	26-26	\N	\N	\N	\N	\N		\N	1532.7		f	2	15	5	\N	\N	\N	0	11	2018-11-02 11:34:23.430763	2018-11-02 11:34:23.430763	\N
1281	3	\N	\N	\N	\N	\N		\N	202.5		f	2	15	5	\N	\N	\N	0	11	2018-11-02 11:34:23.44775	2018-11-02 11:34:23.44775	\N
1282	85	2008-08-27	\N	\N	\N	\N		5	5204.8		f	2	15	7	\N	Point	\N	0	11	2018-11-02 11:34:23.469777	2018-11-02 11:34:23.469777	\N
1283	48	\N	\N	\N	\N	\N		\N	\N		f	2	15	7	\N	\N	\N	0	11	2018-11-02 11:34:23.48697	2018-11-02 11:34:23.48697	\N
1284	34	\N	\N	\N	\N	\N		\N	\N		f	2	15	7	\N	\N	\N	0	11	2018-11-02 11:34:23.502097	2018-11-02 11:34:23.502097	\N
1285	3	\N	\N	\N	\N	\N		\N	\N		f	2	15	7	\N	\N	\N	0	11	2018-11-02 11:34:23.517492	2018-11-02 11:34:23.517492	\N
1286	52	\N	\N	\N	\N	\N		\N	\N		f	2	15	7	\N	\N	\N	0	11	2018-11-02 11:34:23.533355	2018-11-02 11:34:23.533355	\N
1287	35	\N	\N	\N	\N	\N		\N	\N		f	2	15	7	\N	\N	\N	0	11	2018-11-02 11:34:23.548845	2018-11-02 11:34:23.548845	\N
1288	33	\N	\N	\N	\N	\N		\N	\N		f	2	15	7	\N	\N	\N	0	11	2018-11-02 11:34:23.569285	2018-11-02 11:34:23.569285	\N
1289	32	\N	\N	\N	\N	\N		\N	\N		f	2	15	7	\N	\N	\N	0	11	2018-11-02 11:34:23.587612	2018-11-02 11:34:23.587612	\N
1290	31	\N	\N	\N	\N	\N		\N	\N		f	2	15	7	\N	\N	\N	0	11	2018-11-02 11:34:23.602976	2018-11-02 11:34:23.602976	\N
1291	29	\N	\N	\N	\N	\N		\N	\N		f	2	15	7	\N	\N	\N	0	11	2018-11-02 11:34:23.617751	2018-11-02 11:34:23.617751	\N
1292	6	\N	\N	\N	\N	\N		\N	\N		f	2	15	7	\N	\N	\N	0	11	2018-11-02 11:34:23.643975	2018-11-02 11:34:23.643975	\N
1293	77	\N	\N	\N	\N	\N		\N	\N		f	2	15	7	\N	\N	\N	0	11	2018-11-02 11:34:23.660976	2018-11-02 11:34:23.660976	\N
1294	75	\N	\N	\N	\N	\N		\N	\N		f	2	15	7	\N	\N	\N	0	11	2018-11-02 11:34:23.679741	2018-11-02 11:34:23.679741	\N
1295	74	\N	\N	\N	\N	\N		\N	\N		f	2	15	7	\N	Point	\N	0	11	2018-11-02 11:34:23.694857	2018-11-02 11:34:23.694857	\N
1296	72	\N	\N	\N	\N	\N		\N	\N		f	2	15	7	\N	\N	\N	0	11	2018-11-02 11:34:23.710401	2018-11-02 11:34:23.710401	\N
1297	70	\N	\N	\N	\N	\N		\N	\N		f	2	15	7	\N	\N	\N	0	11	2018-11-02 11:34:23.724677	2018-11-02 11:34:23.724677	\N
1298	69	\N	\N	\N	\N	\N		\N	\N		f	2	15	7	\N	\N	\N	0	11	2018-11-02 11:34:23.749508	2018-11-02 11:34:23.749508	\N
1299	67	\N	\N	\N	\N	\N		\N	\N		f	2	15	7	\N	\N	\N	0	11	2018-11-02 11:34:23.766482	2018-11-02 11:34:23.766482	\N
1300	66	\N	\N	\N	\N	\N		\N	\N		f	2	15	7	\N	\N	\N	0	11	2018-11-02 11:34:23.781597	2018-11-02 11:34:23.781597	\N
1301	65	\N	\N	\N	\N	\N		\N	\N		f	2	15	7	\N	\N	\N	0	11	2018-11-02 11:34:23.796388	2018-11-02 11:34:23.796388	\N
1302	63	\N	\N	\N	\N	\N		\N	\N		f	2	15	7	\N	\N	\N	0	11	2018-11-02 11:34:23.814393	2018-11-02 11:34:23.814393	\N
1303	60	\N	\N	\N	\N	\N		\N	\N		f	2	15	7	\N	\N	\N	0	11	2018-11-02 11:34:23.829562	2018-11-02 11:34:23.829562	\N
1304	59	\N	\N	\N	\N	\N		\N	\N		f	2	15	7	\N	\N	\N	0	11	2018-11-02 11:34:23.844396	2018-11-02 11:34:23.844396	\N
1305	55	\N	\N	\N	\N	\N		\N	\N		f	2	15	7	\N	\N	\N	0	11	2018-11-02 11:34:23.860107	2018-11-02 11:34:23.860107	\N
1306	53	\N	\N	\N	\N	\N		\N	\N		f	2	15	7	\N	\N	\N	0	11	2018-11-02 11:34:23.877547	2018-11-02 11:34:23.877547	\N
1307	52	\N	\N	\N	\N	\N		\N	\N		f	2	15	7	\N	\N	\N	0	11	2018-11-02 11:34:23.903653	2018-11-02 11:34:23.903653	\N
1308	51	\N	\N	\N	\N	\N		\N	\N		f	2	15	7	\N	\N	\N	0	11	2018-11-02 11:34:23.922742	2018-11-02 11:34:23.922742	\N
1309	50	\N	\N	\N	\N	\N		\N	\N		f	2	15	7	\N	\N	\N	0	11	2018-11-02 11:34:23.937918	2018-11-02 11:34:23.937918	\N
1310	47	\N	\N	\N	\N	\N		\N	\N		f	2	15	7	\N	\N	\N	0	11	2018-11-02 11:34:23.953062	2018-11-02 11:34:23.953062	\N
1311	46	\N	\N	\N	\N	\N		\N	\N		f	2	15	7	\N	\N	\N	0	11	2018-11-02 11:34:23.969532	2018-11-02 11:34:23.969532	\N
1312	45	\N	\N	\N	\N	\N		\N	\N		f	2	15	7	\N	\N	\N	0	11	2018-11-02 11:34:23.995013	2018-11-02 11:34:23.995013	\N
1313	44	\N	\N	\N	\N	\N		\N	\N		f	2	15	7	\N	\N	\N	0	11	2018-11-02 11:34:24.023674	2018-11-02 11:34:24.023674	\N
1314	42	\N	\N	\N	\N	\N		\N	\N		f	2	15	7	\N	\N	\N	0	11	2018-11-02 11:34:24.040664	2018-11-02 11:34:24.040664	\N
1315	39	\N	\N	\N	\N	\N		\N	921.7		f	2	15	7	\N	\N	\N	0	11	2018-11-02 11:34:24.062026	2018-11-02 11:34:24.062026	\N
1316	36	\N	\N	\N	\N	\N		\N	12.4		f	2	15	7	\N	\N	\N	0	11	2018-11-02 11:34:24.084088	2018-11-02 11:34:24.084088	\N
1317	35	\N	\N	\N	\N	\N		\N	\N		f	2	15	7	\N	\N	\N	0	11	2018-11-02 11:34:24.107335	2018-11-02 11:34:24.107335	\N
1318	7	\N	\N	\N	\N	\N		\N	\N		f	2	15	7	\N	\N	\N	0	11	2018-11-02 11:34:24.12235	2018-11-02 11:34:24.12235	\N
1319	6	\N	\N	\N	\N	\N		\N	\N		f	2	15	7	\N	\N	\N	0	11	2018-11-02 11:34:24.136776	2018-11-02 11:34:24.136776	\N
1320	4	\N	\N	\N	\N	\N		\N	\N		f	2	15	7	\N	\N	\N	0	11	2018-11-02 11:34:24.155159	2018-11-02 11:34:24.155159	\N
1321	130	\N	\N	\N	\N	\N		\N	\N		f	2	15	7	\N	\N	\N	0	11	2018-11-02 11:34:24.171626	2018-11-02 11:34:24.171626	\N
1322	128	\N	\N	\N	\N	\N		\N	\N		f	2	15	7	\N	\N	\N	0	11	2018-11-02 11:34:24.186797	2018-11-02 11:34:24.186797	\N
1323	126	\N	\N	\N	\N	\N		\N	\N		f	2	15	7	\N	\N	\N	0	11	2018-11-02 11:34:24.203113	2018-11-02 11:34:24.203113	\N
1324	79	\N	\N	\N	\N	\N		\N	\N		f	2	15	7	\N	\N	\N	0	11	2018-11-02 11:34:24.217641	2018-11-02 11:34:24.217641	\N
1325	28	\N	\N	\N	\N	\N		\N	\N		f	2	15	7	\N	\N	\N	0	11	2018-11-02 11:34:24.231959	2018-11-02 11:34:24.231959	\N
1326	29	\N	\N	\N	\N	\N		\N	\N		f	2	15	7	\N	\N	\N	0	11	2018-11-02 11:34:24.247037	2018-11-02 11:34:24.247037	\N
1327	27	\N	\N	\N	\N	\N		\N	\N		f	2	15	7	\N	\N	\N	0	11	2018-11-02 11:34:24.265085	2018-11-02 11:34:24.265085	\N
1328	23	\N	\N	\N	\N	\N		\N	267.0		f	2	15	7	\N	\N	\N	0	11	2018-11-02 11:34:24.281725	2018-11-02 11:34:24.281725	\N
1329	20	\N	\N	\N	\N	\N		\N	\N		f	2	15	7	\N	\N	\N	0	11	2018-11-02 11:34:24.298733	2018-11-02 11:34:24.298733	\N
1330	17	\N	\N	\N	\N	\N		\N	\N		f	2	15	7	\N	\N	\N	0	11	2018-11-02 11:34:24.315079	2018-11-02 11:34:24.315079	\N
1331	15	\N	\N	\N	\N	\N		\N	\N		f	2	15	7	\N	\N	\N	0	11	2018-11-02 11:34:24.343302	2018-11-02 11:34:24.343302	\N
1332	14	\N	\N	\N	\N	\N		\N	\N		f	2	15	7	\N	\N	\N	0	11	2018-11-02 11:34:24.363463	2018-11-02 11:34:24.363463	\N
1333	9	\N	\N	\N	\N	\N		\N	\N		f	2	15	7	\N	\N	\N	0	11	2018-11-02 11:34:24.384348	2018-11-02 11:34:24.384348	\N
1334	8	\N	\N	\N	\N	\N		\N	\N		f	2	15	7	\N	\N	\N	0	11	2018-11-02 11:34:24.406684	2018-11-02 11:34:24.406684	\N
1335	5	\N	\N	\N	\N	\N		\N	\N		f	2	15	7	\N	\N	\N	0	11	2018-11-02 11:34:24.42855	2018-11-02 11:34:24.42855	\N
1336	4	\N	\N	\N	\N	\N		\N	\N		f	2	15	7	\N	\N	\N	0	11	2018-11-02 11:34:24.454119	2018-11-02 11:34:24.454119	\N
1337	3	\N	\N	\N	\N	\N		\N	\N		f	2	15	7	\N	\N	\N	0	11	2018-11-02 11:34:24.469813	2018-11-02 11:34:24.469813	\N
1338	40	\N	\N	\N	\N	\N		\N	\N		f	2	15	7	\N	\N	\N	0	11	2018-11-02 11:34:24.485161	2018-11-02 11:34:24.485161	\N
1339	39	\N	\N	\N	\N	\N		\N	\N		f	2	15	7	\N	\N	\N	0	11	2018-11-02 11:34:24.505631	2018-11-02 11:34:24.505631	\N
1340	35	\N	\N	\N	\N	\N		\N	\N		f	2	15	7	\N	\N	\N	0	11	2018-11-02 11:34:24.523734	2018-11-02 11:34:24.523734	\N
1341	31	\N	\N	\N	\N	\N		\N	\N		f	2	15	7	\N	\N	\N	0	11	2018-11-02 11:34:24.53905	2018-11-02 11:34:24.53905	\N
1342	16	\N	\N	\N	\N	\N		\N	\N		f	2	15	7	\N	\N	\N	0	11	2018-11-02 11:34:24.557623	2018-11-02 11:34:24.557623	\N
1343	1	\N	\N	\N	\N	\N		\N	\N		f	2	15	7	\N	\N	\N	0	11	2018-11-02 11:34:24.574073	2018-11-02 11:34:24.574073	\N
1344	55	\N	\N	\N	\N	\N		\N	\N		f	2	15	7	\N	\N	\N	0	11	2018-11-02 11:34:24.590915	2018-11-02 11:34:24.590915	\N
1345	6	\N	\N	\N	\N	\N		\N	\N		f	2	15	7	\N	\N	\N	0	11	2018-11-02 11:34:24.61113	2018-11-02 11:34:24.61113	\N
1346	3	\N	\N	\N	\N	\N		\N	\N		f	2	15	7	\N	\N	\N	0	11	2018-11-02 11:34:24.627533	2018-11-02 11:34:24.627533	\N
1347	91	\N	\N	\N	\N	\N		\N	\N		f	2	15	7	\N	\N	\N	0	11	2018-11-02 11:34:24.642126	2018-11-02 11:34:24.642126	\N
1348	89	\N	\N	\N	\N	\N		\N	\N		f	2	15	7	\N	\N	\N	0	11	2018-11-02 11:34:24.657248	2018-11-02 11:34:24.657248	\N
1349	83	\N	\N	\N	\N	\N		\N	\N		f	2	15	7	\N	\N	\N	0	11	2018-11-02 11:34:24.671517	2018-11-02 11:34:24.671517	\N
1350	26	\N	\N	\N	\N	\N		\N	\N		f	2	15	7	\N	\N	\N	0	11	2018-11-02 11:34:24.685636	2018-11-02 11:34:24.685636	\N
1351	24	\N	\N	\N	\N	\N		\N	\N		f	2	15	7	\N	\N	\N	0	11	2018-11-02 11:34:24.70105	2018-11-02 11:34:24.70105	\N
1352	22	\N	\N	\N	\N	\N		\N	\N		f	2	15	7	\N	\N	\N	0	11	2018-11-02 11:34:24.719028	2018-11-02 11:34:24.719028	\N
1353	20	\N	\N	\N	\N	\N		\N	\N		f	2	15	7	\N	\N	\N	0	11	2018-11-02 11:34:24.737654	2018-11-02 11:34:24.737654	\N
1354	20	\N	\N	\N	\N	\N		\N	\N		f	2	15	7	\N	\N	\N	0	11	2018-11-02 11:34:24.758343	2018-11-02 11:34:24.758343	\N
1355	8	\N	\N	\N	\N	\N		\N	\N		f	2	15	7	\N	\N	\N	0	11	2018-11-02 11:34:24.777583	2018-11-02 11:34:24.777583	\N
1356	34	\N	\N	\N	\N	\N		\N	\N		f	2	15	2	\N	\N	\N	0	11	2018-11-02 11:34:24.799038	2018-11-02 11:34:24.799038	\N
1357	81	\N	\N	\N	\N	\N		\N	\N		f	2	15	7	\N	\N	\N	0	11	2018-11-02 11:34:24.816537	2018-11-02 11:34:24.816537	\N
1358	60	\N	\N	\N	\N	\N		\N	\N		f	2	15	7	\N	\N	\N	0	11	2018-11-02 11:34:24.831679	2018-11-02 11:34:24.831679	\N
1359	56	\N	\N	\N	\N	\N		\N	\N		f	2	15	7	\N	\N	\N	0	11	2018-11-02 11:34:24.847898	2018-11-02 11:34:24.847898	\N
1360	9	\N	\N	\N	\N	\N		\N	\N		f	2	15	7	\N	\N	\N	0	11	2018-11-02 11:34:24.871867	2018-11-02 11:34:24.871867	\N
1361	8	\N	\N	\N	\N	\N		\N	\N		f	2	15	7	\N	\N	\N	0	11	2018-11-02 11:34:24.88863	2018-11-02 11:34:24.88863	\N
1362	4	\N	\N	\N	\N	\N		\N	\N		f	2	15	7	\N	\N	\N	0	11	2018-11-02 11:34:24.903906	2018-11-02 11:34:24.903906	\N
1363	4	\N	\N	\N	\N	\N		\N	\N		f	2	15	7	\N	\N	\N	0	11	2018-11-02 11:34:24.91902	2018-11-02 11:34:24.91902	\N
1364	3	\N	\N	\N	\N	\N		\N	\N		f	2	15	7	\N	\N	\N	0	11	2018-11-02 11:34:24.936418	2018-11-02 11:34:24.936418	\N
1365	1	\N	\N	\N	\N	\N		\N	\N		f	2	15	7	\N	\N	\N	0	11	2018-11-02 11:34:24.950899	2018-11-02 11:34:24.950899	\N
1366	162	\N	\N	\N	\N	\N		\N	\N		f	2	15	7	\N	\N	\N	0	11	2018-11-02 11:34:24.965459	2018-11-02 11:34:24.965459	\N
1367	160	\N	\N	\N	\N	\N		\N	\N		f	2	15	7	\N	Point	\N	0	11	2018-11-02 11:34:24.982563	2018-11-02 11:34:24.982563	\N
1368	156	\N	\N	\N	\N	\N		\N	\N		f	2	15	7	\N	Point	\N	0	11	2018-11-02 11:34:24.998447	2018-11-02 11:34:24.998447	\N
1369	154	\N	\N	\N	\N	\N		\N	\N		f	2	15	7	\N	Point	\N	0	11	2018-11-02 11:34:25.024526	2018-11-02 11:34:25.024526	\N
1370	148	\N	\N	\N	\N	\N		\N	\N		f	2	15	7	\N	Point	\N	0	11	2018-11-02 11:34:25.046421	2018-11-02 11:34:25.046421	\N
1371	140	\N	\N	\N	\N	\N		\N	\N		f	2	15	7	\N	\N	\N	0	11	2018-11-02 11:34:25.064089	2018-11-02 11:34:25.064089	\N
1372	136	\N	\N	\N	\N	\N		\N	\N		f	2	15	7	\N	\N	\N	0	11	2018-11-02 11:34:25.080316	2018-11-02 11:34:25.080316	\N
1373	134	\N	\N	\N	\N	\N		\N	\N		f	2	15	7	\N	\N	\N	0	11	2018-11-02 11:34:25.104432	2018-11-02 11:34:25.104432	\N
1374	128	\N	\N	\N	\N	\N		\N	\N		f	2	15	7	\N	\N	\N	0	11	2018-11-02 11:34:25.124484	2018-11-02 11:34:25.124484	\N
1375	122	\N	\N	\N	\N	\N		\N	\N		f	2	15	7	\N	\N	\N	0	11	2018-11-02 11:34:25.142592	2018-11-02 11:34:25.142592	\N
1376	120	\N	\N	\N	\N	\N		\N	\N		f	2	15	7	\N	\N	\N	0	11	2018-11-02 11:34:25.161977	2018-11-02 11:34:25.161977	\N
1377	112	\N	\N	\N	\N	\N		\N	\N		f	2	15	7	\N	\N	\N	0	11	2018-11-02 11:34:25.177414	2018-11-02 11:34:25.177414	\N
1378	110	\N	\N	\N	\N	\N		\N	\N		f	2	15	7	\N	\N	\N	0	11	2018-11-02 11:34:25.202865	2018-11-02 11:34:25.202865	\N
1379	106	\N	\N	\N	\N	\N		\N	\N		f	2	15	7	\N	\N	\N	0	11	2018-11-02 11:34:25.219123	2018-11-02 11:34:25.219123	\N
1380	104	\N	\N	\N	\N	\N		\N	\N		f	2	15	7	\N	\N	\N	0	11	2018-11-02 11:34:25.245385	2018-11-02 11:34:25.245385	\N
1381	74	\N	\N	\N	\N	\N		\N	\N		f	2	15	7	\N	\N	\N	0	11	2018-11-02 11:34:25.270135	2018-11-02 11:34:25.270135	\N
1382	66	\N	\N	\N	\N	\N		\N	\N		f	2	15	7	\N	\N	\N	0	11	2018-11-02 11:34:25.295167	2018-11-02 11:34:25.295167	\N
1383	64	\N	\N	\N	\N	\N		\N	\N		f	2	15	7	\N	\N	\N	0	11	2018-11-02 11:34:25.320854	2018-11-02 11:34:25.320854	\N
1384	62	\N	\N	\N	\N	\N		\N	\N		f	2	15	7	\N	\N	\N	0	11	2018-11-02 11:34:25.349002	2018-11-02 11:34:25.349002	\N
1385	60	\N	\N	\N	\N	\N		\N	\N		f	2	15	7	\N	\N	\N	0	11	2018-11-02 11:34:25.373338	2018-11-02 11:34:25.373338	\N
1386	58	\N	\N	\N	\N	\N		\N	\N		f	2	15	7	\N	\N	\N	0	11	2018-11-02 11:34:25.397627	2018-11-02 11:34:25.397627	\N
1387	54	\N	\N	\N	\N	\N		\N	\N		f	2	15	7	\N	\N	\N	0	11	2018-11-02 11:34:25.413375	2018-11-02 11:34:25.413375	\N
1388	53	\N	\N	\N	\N	\N		\N	\N		f	2	15	7	\N	\N	\N	0	11	2018-11-02 11:34:25.431359	2018-11-02 11:34:25.431359	\N
1389	52	\N	\N	\N	\N	\N		\N	\N		f	2	15	7	\N	\N	\N	0	11	2018-11-02 11:34:25.456248	2018-11-02 11:34:25.456248	\N
1390	51	\N	\N	\N	\N	\N		\N	\N		f	2	15	7	\N	\N	\N	0	11	2018-11-02 11:34:25.473858	2018-11-02 11:34:25.473858	\N
1391	49	\N	\N	\N	\N	\N		\N	\N		f	2	15	7	\N	\N	\N	0	11	2018-11-02 11:34:25.49956	2018-11-02 11:34:25.49956	\N
1392	47	\N	\N	\N	\N	\N		\N	\N		f	2	15	7	\N	\N	\N	0	11	2018-11-02 11:34:25.519615	2018-11-02 11:34:25.519615	\N
1393	45	\N	\N	\N	\N	\N		\N	\N		f	2	15	7	\N	\N	\N	0	11	2018-11-02 11:34:25.53707	2018-11-02 11:34:25.53707	\N
1394	44	\N	\N	\N	\N	\N		\N	\N		f	2	15	7	\N	\N	\N	0	11	2018-11-02 11:34:25.553348	2018-11-02 11:34:25.553348	\N
1395	43	\N	\N	\N	\N	\N		\N	\N		f	2	15	7	\N	\N	\N	0	11	2018-11-02 11:34:25.567855	2018-11-02 11:34:25.567855	\N
1396	25	\N	\N	\N	\N	\N		\N	\N		f	2	15	7	\N	\N	\N	0	11	2018-11-02 11:34:25.582418	2018-11-02 11:34:25.582418	\N
1397	12	\N	\N	\N	\N	\N		\N	\N		f	2	15	7	\N	\N	\N	0	11	2018-11-02 11:34:25.597607	2018-11-02 11:34:25.597607	\N
1398	2	\N	\N	\N	\N	\N		\N	\N		f	2	15	7	\N	\N	\N	0	11	2018-11-02 11:34:25.613223	2018-11-02 11:34:25.613223	\N
1399	136	\N	\N	\N	\N	\N		\N	\N		f	2	15	7	\N	\N	\N	0	11	2018-11-02 11:34:25.628483	2018-11-02 11:34:25.628483	\N
1400	134	\N	\N	\N	\N	\N		\N	\N		f	2	15	7	\N	\N	\N	0	11	2018-11-02 11:34:25.643315	2018-11-02 11:34:25.643315	\N
1401	132	\N	\N	\N	\N	\N		\N	\N		f	2	15	7	\N	\N	\N	0	11	2018-11-02 11:34:25.657977	2018-11-02 11:34:25.657977	\N
1402	130	\N	\N	\N	\N	\N		\N	\N		f	2	15	7	\N	\N	\N	0	11	2018-11-02 11:34:25.679568	2018-11-02 11:34:25.679568	\N
1403	126	\N	\N	\N	\N	\N		\N	\N		f	2	15	7	\N	\N	\N	0	11	2018-11-02 11:34:25.695017	2018-11-02 11:34:25.695017	\N
1404	124	\N	\N	\N	\N	\N		\N	\N		f	2	15	7	\N	\N	\N	0	11	2018-11-02 11:34:25.711119	2018-11-02 11:34:25.711119	\N
1405	122	\N	\N	\N	\N	\N		\N	\N		f	2	15	7	\N	\N	\N	0	11	2018-11-02 11:34:25.738153	2018-11-02 11:34:25.738153	\N
1406	120	\N	\N	\N	\N	\N		\N	\N		f	2	15	7	\N	\N	\N	0	11	2018-11-02 11:34:25.754696	2018-11-02 11:34:25.754696	\N
1407	115	\N	\N	\N	\N	\N		\N	\N		f	2	15	7	\N	\N	\N	0	11	2018-11-02 11:34:25.781716	2018-11-02 11:34:25.781716	\N
1408	118	\N	\N	\N	\N	\N		\N	\N		f	2	15	7	\N	\N	\N	0	11	2018-11-02 11:34:25.797644	2018-11-02 11:34:25.797644	\N
1409	113	\N	\N	\N	\N	\N		\N	\N		f	2	15	7	\N	\N	\N	0	11	2018-11-02 11:34:25.813869	2018-11-02 11:34:25.813869	\N
1410	112	\N	\N	\N	\N	\N		\N	\N		f	2	15	7	\N	\N	\N	0	11	2018-11-02 11:34:25.830113	2018-11-02 11:34:25.830113	\N
1411	111	\N	\N	\N	\N	\N		\N	10.4		f	2	15	7	\N	\N	\N	0	11	2018-11-02 11:34:25.845058	2018-11-02 11:34:25.845058	\N
1412	110	\N	\N	\N	\N	\N		\N	\N		f	2	15	7	\N	\N	\N	0	11	2018-11-02 11:34:25.863001	2018-11-02 11:34:25.863001	\N
1413	109	\N	\N	\N	\N	\N		\N	\N		f	2	15	7	\N	\N	\N	0	11	2018-11-02 11:34:25.880954	2018-11-02 11:34:25.880954	\N
1414	108	\N	\N	\N	\N	\N		\N	\N		f	2	15	7	\N	\N	\N	0	11	2018-11-02 11:34:25.903917	2018-11-02 11:34:25.903917	\N
1415	105	\N	\N	\N	\N	\N		\N	12.0		f	2	15	7	\N	\N	\N	0	11	2018-11-02 11:34:25.920242	2018-11-02 11:34:25.920242	\N
1416	104	\N	\N	\N	\N	\N		\N	\N		f	2	15	7	\N	\N	\N	0	11	2018-11-02 11:34:25.935752	2018-11-02 11:34:25.935752	\N
1417	99	\N	\N	\N	\N	\N		\N	\N		f	2	15	7	\N	\N	\N	0	11	2018-11-02 11:34:25.951541	2018-11-02 11:34:25.951541	\N
1418	94	\N	\N	\N	\N	\N		\N	\N		f	2	15	7	\N	\N	\N	0	11	2018-11-02 11:34:25.966562	2018-11-02 11:34:25.966562	\N
1419	92	\N	\N	\N	\N	\N		\N	12.2		f	2	15	7	\N	\N	\N	0	11	2018-11-02 11:34:25.982202	2018-11-02 11:34:25.982202	\N
1420	90	\N	\N	\N	\N	\N		\N	\N		f	2	15	7	\N	\N	\N	0	11	2018-11-02 11:34:26.006956	2018-11-02 11:34:26.006956	\N
1421	87	\N	\N	\N	\N	\N		\N	\N		f	2	15	7	\N	\N	\N	0	11	2018-11-02 11:34:26.022528	2018-11-02 11:34:26.022528	\N
1422	86	\N	\N	\N	\N	\N		\N	\N		f	2	15	7	\N	\N	\N	0	11	2018-11-02 11:34:26.038246	2018-11-02 11:34:26.038246	\N
1423	85	\N	\N	\N	\N	\N		\N	\N		f	2	15	7	\N	\N	\N	0	11	2018-11-02 11:34:26.052757	2018-11-02 11:34:26.052757	\N
1424	84	\N	\N	\N	\N	\N		\N	\N		f	2	15	7	\N	\N	\N	0	11	2018-11-02 11:34:26.079607	2018-11-02 11:34:26.079607	\N
1425	78	\N	\N	\N	\N	\N		\N	\N		f	2	15	7	\N	\N	\N	0	11	2018-11-02 11:34:26.09628	2018-11-02 11:34:26.09628	\N
1426	75	\N	\N	\N	\N	\N		\N	\N		f	2	15	7	\N	\N	\N	0	11	2018-11-02 11:34:26.111485	2018-11-02 11:34:26.111485	\N
1427	72	\N	\N	\N	\N	\N		\N	\N		f	2	15	7	\N	\N	\N	0	11	2018-11-02 11:34:26.126226	2018-11-02 11:34:26.126226	\N
1428	71	\N	\N	\N	\N	\N		\N	\N		f	2	15	7	\N	\N	\N	0	11	2018-11-02 11:34:26.1409	2018-11-02 11:34:26.1409	\N
1429	67	\N	\N	\N	\N	\N		\N	10.3		f	2	15	7	\N	Point	\N	0	11	2018-11-02 11:34:26.161721	2018-11-02 11:34:26.161721	\N
1430	64	\N	\N	\N	\N	\N		\N	\N		f	2	15	7	\N	\N	\N	0	11	2018-11-02 11:34:26.180858	2018-11-02 11:34:26.180858	\N
1431	61	\N	\N	\N	\N	\N		\N	\N		f	2	15	7	\N	\N	\N	0	11	2018-11-02 11:34:26.198461	2018-11-02 11:34:26.198461	\N
1432	60	\N	\N	\N	\N	\N		\N	\N		f	2	15	7	\N	\N	\N	0	11	2018-11-02 11:34:26.221857	2018-11-02 11:34:26.221857	\N
1433	52	\N	\N	\N	\N	\N		\N	\N		f	2	15	7	\N	\N	\N	0	11	2018-11-02 11:34:26.240994	2018-11-02 11:34:26.240994	\N
1434	41	\N	\N	\N	\N	\N		\N	\N		f	2	15	7	\N	\N	\N	0	11	2018-11-02 11:34:26.260167	2018-11-02 11:34:26.260167	\N
1435	39	\N	\N	\N	\N	\N		\N	\N		f	2	15	7	\N	\N	\N	0	11	2018-11-02 11:34:26.279566	2018-11-02 11:34:26.279566	\N
1436	12	\N	\N	\N	\N	\N		\N	\N		f	2	15	7	\N	\N	\N	0	11	2018-11-02 11:34:26.298844	2018-11-02 11:34:26.298844	\N
1437	1	\N	\N	\N	\N	\N		\N	\N		f	2	15	7	\N	Point	\N	0	11	2018-11-02 11:34:26.327839	2018-11-02 11:34:26.327839	\N
1438	43	\N	\N	\N	\N	\N		\N	\N		f	2	15	7	\N	\N	\N	0	11	2018-11-02 11:34:26.360264	2018-11-02 11:34:26.360264	\N
1439	39	\N	\N	\N	\N	\N		\N	\N		f	2	15	7	\N	\N	\N	0	11	2018-11-02 11:34:26.378094	2018-11-02 11:34:26.378094	\N
1440	35	\N	\N	\N	\N	\N		\N	\N		f	2	15	7	\N	\N	\N	0	11	2018-11-02 11:34:26.397749	2018-11-02 11:34:26.397749	\N
1441	33	\N	\N	\N	\N	\N		\N	\N		f	2	15	7	\N	\N	\N	0	11	2018-11-02 11:34:26.415063	2018-11-02 11:34:26.415063	\N
1442	27	\N	\N	\N	\N	\N		\N	\N		f	2	15	7	\N	\N	\N	0	11	2018-11-02 11:34:26.435855	2018-11-02 11:34:26.435855	\N
1443	25	\N	\N	\N	\N	\N		\N	\N		f	2	15	7	\N	\N	\N	0	11	2018-11-02 11:34:26.456369	2018-11-02 11:34:26.456369	\N
1444	25	\N	\N	\N	\N	\N		\N	\N		f	2	15	7	\N	\N	\N	0	11	2018-11-02 11:34:26.471805	2018-11-02 11:34:26.471805	\N
1445	24	\N	\N	\N	\N	\N		\N	\N		f	2	15	7	\N	\N	\N	0	11	2018-11-02 11:34:26.48752	2018-11-02 11:34:26.48752	\N
1446	23	\N	\N	\N	\N	\N		\N	\N		f	2	15	7	\N	\N	\N	0	11	2018-11-02 11:34:26.503322	2018-11-02 11:34:26.503322	\N
1447	21	\N	\N	\N	\N	\N		\N	\N		f	2	15	7	\N	\N	\N	0	11	2018-11-02 11:34:26.519928	2018-11-02 11:34:26.519928	\N
1448	18	\N	\N	\N	\N	\N		\N	\N		f	2	15	7	\N	\N	\N	0	11	2018-11-02 11:34:26.537294	2018-11-02 11:34:26.537294	\N
1449	13	\N	\N	\N	\N	\N		\N	85.0		f	2	15	7	\N	\N	\N	0	11	2018-11-02 11:34:26.552848	2018-11-02 11:34:26.552848	\N
1450	12	\N	\N	\N	\N	\N		\N	\N		f	2	15	7	\N	\N	\N	0	11	2018-11-02 11:34:26.568813	2018-11-02 11:34:26.568813	\N
1451	6	\N	\N	\N	\N	\N		\N	\N		f	2	15	7	\N	\N	\N	0	11	2018-11-02 11:34:26.584594	2018-11-02 11:34:26.584594	\N
1452	23	\N	\N	\N	\N	\N		\N	\N		f	2	15	7	\N	\N	\N	0	11	2018-11-02 11:34:26.599546	2018-11-02 11:34:26.599546	\N
1453	18	\N	\N	\N	\N	\N		\N	\N		f	2	15	7	\N	\N	\N	0	11	2018-11-02 11:34:26.617272	2018-11-02 11:34:26.617272	\N
1454	17	\N	\N	\N	\N	\N		\N	\N		f	2	15	7	\N	\N	\N	0	11	2018-11-02 11:34:26.632889	2018-11-02 11:34:26.632889	\N
1455	16	\N	\N	\N	\N	\N		\N	\N		f	2	15	7	\N	\N	\N	0	11	2018-11-02 11:34:26.652894	2018-11-02 11:34:26.652894	\N
1456	15	\N	\N	\N	\N	\N		\N	\N		f	2	15	7	\N	\N	\N	0	11	2018-11-02 11:34:26.668737	2018-11-02 11:34:26.668737	\N
1457	14	\N	\N	\N	\N	\N		\N	\N		f	2	15	7	\N	\N	\N	0	11	2018-11-02 11:34:26.683625	2018-11-02 11:34:26.683625	\N
1458	13	\N	\N	\N	\N	\N		\N	\N		f	2	15	7	\N	\N	\N	0	11	2018-11-02 11:34:26.709467	2018-11-02 11:34:26.709467	\N
1459	13	\N	\N	\N	\N	\N		\N	\N		f	2	15	7	\N	\N	\N	0	11	2018-11-02 11:34:26.728775	2018-11-02 11:34:26.728775	\N
1460	11	\N	\N	\N	\N	\N		\N	\N		f	2	15	7	\N	\N	\N	0	11	2018-11-02 11:34:26.745504	2018-11-02 11:34:26.745504	\N
1461	9	\N	\N	\N	\N	\N		\N	\N		f	2	15	7	\N	\N	\N	0	11	2018-11-02 11:34:26.773061	2018-11-02 11:34:26.773061	\N
1462	8	\N	\N	\N	\N	\N		\N	\N		f	2	15	7	\N	\N	\N	0	11	2018-11-02 11:34:26.795728	2018-11-02 11:34:26.795728	\N
1463	6	\N	\N	\N	\N	\N		\N	\N		f	2	15	7	\N	\N	\N	0	11	2018-11-02 11:34:26.811728	2018-11-02 11:34:26.811728	\N
1464	5	\N	\N	\N	\N	\N		\N	\N		f	2	15	7	\N	Point	\N	0	11	2018-11-02 11:34:26.835773	2018-11-02 11:34:26.835773	\N
1465	4	\N	\N	\N	\N	\N		\N	\N		f	2	15	7	\N	\N	\N	0	11	2018-11-02 11:34:26.852439	2018-11-02 11:34:26.852439	\N
1466	3	\N	\N	\N	\N	\N		\N	\N		f	2	15	7	\N	\N	\N	0	11	2018-11-02 11:34:26.86772	2018-11-02 11:34:26.86772	\N
1467	2	\N	\N	\N	\N	\N		\N	\N		f	2	15	7	\N	\N	\N	0	11	2018-11-02 11:34:26.884519	2018-11-02 11:34:26.884519	\N
1468	57	\N	\N	\N	\N	\N		\N	\N		f	2	15	7	\N	\N	\N	0	11	2018-11-02 11:34:26.900149	2018-11-02 11:34:26.900149	\N
1469	83	2008-08-27	\N	\N	\N	\N		5	5204.8		f	2	15	7	\N	Point	\N	0	11	2018-11-02 11:34:26.917677	2018-11-02 11:34:26.917677	\N
1470	81	2008-08-27	\N	\N	\N	\N		5	5204.8		f	2	15	7	\N	Point	\N	0	11	2018-11-02 11:34:26.936736	2018-11-02 11:34:26.936736	\N
1471	 49	\N	\N	\N	\N	\N		\N	\N		f	2	15	1	\N	\N	\N	0	11	2018-11-02 11:34:26.951912	2018-11-02 11:34:26.951912	\N
1472	 25	\N	\N	\N	\N	\N		\N	\N		f	2	15	1	\N	\N	\N	0	11	2018-11-02 11:34:26.967552	2018-11-02 11:34:26.967552	\N
1473	 54	\N	\N	\N	\N	\N		\N	\N		f	2	15	1	\N	\N	\N	0	11	2018-11-02 11:34:26.983742	2018-11-02 11:34:26.983742	\N
1474	 58	\N	\N	\N	\N	\N		\N	\N		f	2	15	1	\N	\N	\N	0	11	2018-11-02 11:34:27.000223	2018-11-02 11:34:27.000223	\N
1475	 61	\N	\N	\N	\N	\N		\N	\N		f	2	15	1	\N	\N	\N	0	11	2018-11-02 11:34:27.016761	2018-11-02 11:34:27.016761	\N
1476	40	\N	\N	\N	\N	\N		\N	\N		f	2	15	7	\N	\N	\N	0	11	2018-11-02 11:34:27.033008	2018-11-02 11:34:27.033008	\N
1477	37	\N	\N	\N	\N	\N		\N	\N		f	2	15	7	\N	\N	\N	0	11	2018-11-02 11:34:27.050008	2018-11-02 11:34:27.050008	\N
1478	34	\N	\N	\N	\N	\N		\N	\N		f	2	15	7	\N	\N	\N	0	11	2018-11-02 11:34:27.064102	2018-11-02 11:34:27.064102	\N
1479	32	\N	\N	\N	\N	\N		\N	\N		f	2	15	7	\N	\N	\N	0	11	2018-11-02 11:34:27.078691	2018-11-02 11:34:27.078691	\N
1480	30	\N	\N	\N	\N	\N		\N	\N		f	2	15	7	\N	\N	\N	0	11	2018-11-02 11:34:27.093523	2018-11-02 11:34:27.093523	\N
1481	28	\N	\N	\N	\N	\N		\N	\N		f	2	15	7	\N	\N	\N	0	11	2018-11-02 11:34:27.108379	2018-11-02 11:34:27.108379	\N
1482	26	\N	\N	\N	\N	\N		\N	\N		f	2	15	7	\N	\N	\N	0	11	2018-11-02 11:34:27.122934	2018-11-02 11:34:27.122934	\N
1483	24	\N	\N	\N	\N	\N		\N	\N		f	2	15	7	\N	\N	\N	0	11	2018-11-02 11:34:27.137384	2018-11-02 11:34:27.137384	\N
1484	22	\N	\N	\N	\N	\N		\N	\N		f	2	15	7	\N	\N	\N	0	11	2018-11-02 11:34:27.15194	2018-11-02 11:34:27.15194	\N
1485	20	\N	\N	\N	\N	\N		\N	\N		f	2	15	7	\N	\N	\N	0	11	2018-11-02 11:34:27.166701	2018-11-02 11:34:27.166701	\N
1486	18	\N	\N	\N	\N	\N		\N	\N		f	2	15	7	\N	\N	\N	0	11	2018-11-02 11:34:27.182279	2018-11-02 11:34:27.182279	\N
1487	18	\N	\N	\N	\N	\N		\N	\N		f	2	15	7	\N	\N	\N	0	11	2018-11-02 11:34:27.19754	2018-11-02 11:34:27.19754	\N
1488	16	\N	\N	\N	\N	\N		\N	\N		f	2	15	7	\N	\N	\N	0	11	2018-11-02 11:34:27.212115	2018-11-02 11:34:27.212115	\N
1489	11	\N	\N	\N	\N	\N		\N	\N		f	2	15	7	\N	\N	\N	0	11	2018-11-02 11:34:27.227901	2018-11-02 11:34:27.227901	\N
1490	10	\N	\N	\N	\N	\N		\N	\N		f	2	15	7	\N	\N	\N	0	11	2018-11-02 11:34:27.242793	2018-11-02 11:34:27.242793	\N
1491	5	\N	\N	\N	\N	\N		\N	\N		f	2	15	7	\N	\N	\N	0	11	2018-11-02 11:34:27.258749	2018-11-02 11:34:27.258749	\N
1492	4	\N	\N	\N	\N	\N		\N	\N		f	2	15	7	\N	\N	\N	0	11	2018-11-02 11:34:27.275188	2018-11-02 11:34:27.275188	\N
1493	13	\N	\N	\N	\N	\N		\N	\N		f	2	15	7	\N	\N	\N	0	11	2018-11-02 11:34:27.290486	2018-11-02 11:34:27.290486	\N
1494	8	\N	\N	\N	\N	\N		\N	\N		f	2	15	7	\N	\N	\N	0	11	2018-11-02 11:34:27.304785	2018-11-02 11:34:27.304785	\N
1495	6	\N	\N	\N	\N	\N		\N	\N		f	2	15	7	\N	\N	\N	0	11	2018-11-02 11:34:27.319043	2018-11-02 11:34:27.319043	\N
1496	5	\N	\N	\N	\N	\N		\N	\N		f	2	15	7	\N	\N	\N	0	11	2018-11-02 11:34:27.333509	2018-11-02 11:34:27.333509	\N
1497	4	\N	\N	\N	\N	\N		\N	\N		f	2	15	7	\N	\N	\N	0	11	2018-11-02 11:34:27.349464	2018-11-02 11:34:27.349464	\N
1498	3	\N	\N	\N	\N	\N		\N	\N		f	2	15	7	\N	\N	\N	0	11	2018-11-02 11:34:27.364468	2018-11-02 11:34:27.364468	\N
1499	151	\N	\N	\N	\N	\N		\N	\N		f	2	15	7	\N	\N	\N	0	11	2018-11-02 11:34:27.379092	2018-11-02 11:34:27.379092	\N
1500	46	\N	\N	\N	\N	\N		\N	\N		f	2	15	7	\N	\N	\N	0	11	2018-11-02 11:34:27.394242	2018-11-02 11:34:27.394242	\N
1501	25	\N	\N	\N	\N	\N		\N	\N		f	2	15	7	\N	\N	\N	0	11	2018-11-02 11:34:27.411731	2018-11-02 11:34:27.411731	\N
1502	7	\N	\N	\N	\N	\N		\N	\N		f	2	15	7	\N	\N	\N	0	11	2018-11-02 11:34:27.426546	2018-11-02 11:34:27.426546	\N
1503	3	\N	\N	\N	\N	\N		\N	\N		f	2	15	7	\N	\N	\N	0	11	2018-11-02 11:34:27.440918	2018-11-02 11:34:27.440918	\N
1504	1	\N	\N	\N	\N	\N		\N	54.1		f	2	15	7	\N	\N	\N	0	11	2018-11-02 11:34:27.455571	2018-11-02 11:34:27.455571	\N
1505	32	\N	\N	\N	\N	\N		\N	\N		f	2	15	7	\N	\N	\N	0	11	2018-11-02 11:34:27.474034	2018-11-02 11:34:27.474034	\N
1506	30	\N	\N	\N	\N	\N		\N	\N		f	2	15	7	\N	\N	\N	0	11	2018-11-02 11:34:27.491391	2018-11-02 11:34:27.491391	\N
1507	22	\N	\N	\N	\N	\N		\N	\N		f	2	15	7	\N	\N	\N	0	11	2018-11-02 11:34:27.508561	2018-11-02 11:34:27.508561	\N
1508	14	\N	\N	\N	\N	\N		\N	\N		f	2	15	7	\N	\N	\N	0	11	2018-11-02 11:34:27.523798	2018-11-02 11:34:27.523798	\N
1509	12	\N	\N	\N	\N	\N		\N	\N		f	2	15	7	\N	\N	\N	0	11	2018-11-02 11:34:27.538974	2018-11-02 11:34:27.538974	\N
1510	11	\N	\N	\N	\N	\N		\N	69.2		f	2	15	7	\N	\N	\N	0	11	2018-11-02 11:34:27.553753	2018-11-02 11:34:27.553753	\N
1511	7	\N	\N	\N	\N	\N		\N	\N		f	2	15	7	\N	\N	\N	0	11	2018-11-02 11:34:27.569801	2018-11-02 11:34:27.569801	\N
1512	5	\N	\N	\N	\N	\N		\N	\N		f	2	15	7	\N	\N	\N	0	11	2018-11-02 11:34:27.584247	2018-11-02 11:34:27.584247	\N
1513	44	\N	\N	\N	\N	\N		\N	\N		f	2	15	7	\N	\N	\N	0	11	2018-11-02 11:34:27.599856	2018-11-02 11:34:27.599856	\N
1514	42	\N	\N	\N	\N	\N		\N	\N		f	2	15	7	\N	\N	\N	0	11	2018-11-02 11:34:27.615341	2018-11-02 11:34:27.615341	\N
1515	17	\N	\N	\N	\N	\N		\N	\N		f	2	15	7	\N	\N	\N	0	11	2018-11-02 11:34:27.629824	2018-11-02 11:34:27.629824	\N
1516	9	\N	\N	\N	\N	\N		\N	\N		f	2	15	7	\N	\N	\N	0	11	2018-11-02 11:34:27.644593	2018-11-02 11:34:27.644593	\N
1517	5	\N	\N	\N	\N	\N		\N	\N		f	2	15	7	\N	Point	\N	0	11	2018-11-02 11:34:27.659808	2018-11-02 11:34:27.659808	\N
1518	20	\N	\N	\N	\N	\N		\N	\N		f	2	15	7	\N	Point	\N	0	11	2018-11-02 11:34:27.677433	2018-11-02 11:34:27.677433	\N
1519	32	\N	\N	\N	\N	\N		\N	\N		f	2	15	7	\N	\N	\N	0	11	2018-11-02 11:34:27.692842	2018-11-02 11:34:27.692842	\N
1520	31	\N	\N	\N	\N	\N		\N	\N		f	2	15	7	\N	\N	\N	0	11	2018-11-02 11:34:27.707547	2018-11-02 11:34:27.707547	\N
1521	11	\N	\N	\N	\N	\N		\N	\N		f	2	15	7	\N	\N	\N	0	11	2018-11-02 11:34:27.723604	2018-11-02 11:34:27.723604	\N
1522	9	\N	\N	\N	\N	\N		\N	\N		f	2	15	7	\N	\N	\N	0	11	2018-11-02 11:34:27.739346	2018-11-02 11:34:27.739346	\N
1523	7	\N	\N	\N	\N	\N		\N	\N		f	2	15	7	\N	\N	\N	0	11	2018-11-02 11:34:27.753691	2018-11-02 11:34:27.753691	\N
1524	6	\N	\N	\N	\N	\N		\N	\N		f	2	15	7	\N	\N	\N	0	11	2018-11-02 11:34:27.770843	2018-11-02 11:34:27.770843	\N
1525	5	\N	\N	\N	\N	\N		\N	\N		f	2	15	7	\N	\N	\N	0	11	2018-11-02 11:34:27.785607	2018-11-02 11:34:27.785607	\N
1526	21	\N	\N	\N	\N	\N		\N	\N		f	2	15	7	\N	\N	\N	0	11	2018-11-02 11:34:27.800481	2018-11-02 11:34:27.800481	\N
1527	20	\N	\N	\N	\N	\N		\N	\N		f	2	15	7	\N	\N	\N	0	11	2018-11-02 11:34:27.817178	2018-11-02 11:34:27.817178	\N
1528	19	\N	\N	\N	\N	\N		\N	\N		f	2	15	7	\N	\N	\N	0	11	2018-11-02 11:34:27.831955	2018-11-02 11:34:27.831955	\N
1529	17	\N	\N	\N	\N	\N		\N	\N		f	2	15	7	\N	\N	\N	0	11	2018-11-02 11:34:27.845882	2018-11-02 11:34:27.845882	\N
1530	16	\N	\N	\N	\N	\N		\N	\N		f	2	15	7	\N	\N	\N	0	11	2018-11-02 11:34:27.860383	2018-11-02 11:34:27.860383	\N
1531	14	\N	\N	\N	\N	\N		\N	\N		f	2	15	7	\N	\N	\N	0	11	2018-11-02 11:34:27.875791	2018-11-02 11:34:27.875791	\N
1532	8	\N	\N	\N	\N	\N		\N	\N		f	2	15	7	\N	\N	\N	0	11	2018-11-02 11:34:27.891686	2018-11-02 11:34:27.891686	\N
1533	4	\N	\N	\N	\N	\N		\N	\N		f	2	15	7	\N	\N	\N	0	11	2018-11-02 11:34:27.907609	2018-11-02 11:34:27.907609	\N
1534	3	\N	\N	\N	\N	\N		\N	\N		f	2	15	7	\N	\N	\N	0	11	2018-11-02 11:34:27.923622	2018-11-02 11:34:27.923622	\N
1535	14	\N	\N	\N	\N	\N		\N	\N		f	2	15	7	\N	\N	\N	0	11	2018-11-02 11:34:27.940703	2018-11-02 11:34:27.940703	\N
1536	12	\N	\N	\N	\N	\N		\N	\N		f	2	15	7	\N	\N	\N	0	11	2018-11-02 11:34:27.955432	2018-11-02 11:34:27.955432	\N
1537	10	\N	\N	\N	\N	\N		\N	\N		f	2	15	7	\N	\N	\N	0	11	2018-11-02 11:34:27.970437	2018-11-02 11:34:27.970437	\N
1538	11	\N	\N	\N	\N	\N		\N	\N		f	2	15	7	\N	\N	\N	0	11	2018-11-02 11:34:27.985456	2018-11-02 11:34:27.985456	\N
1539	55	\N	\N	\N	\N	\N		\N	\N		f	2	15	7	\N	\N	\N	0	11	2018-11-02 11:34:28.001505	2018-11-02 11:34:28.001505	\N
1540	43	\N	\N	\N	\N	\N		\N	\N		f	2	15	7	\N	\N	\N	0	11	2018-11-02 11:34:28.016487	2018-11-02 11:34:28.016487	\N
1541	41	\N	\N	\N	\N	\N		\N	\N		f	2	15	7	\N	\N	\N	0	11	2018-11-02 11:34:28.031771	2018-11-02 11:34:28.031771	\N
1542	35	\N	\N	\N	\N	\N		\N	\N		f	2	15	7	\N	\N	\N	0	11	2018-11-02 11:34:28.046505	2018-11-02 11:34:28.046505	\N
1543	32	\N	\N	\N	\N	\N		\N	\N		f	2	15	7	\N	\N	\N	0	11	2018-11-02 11:34:28.062476	2018-11-02 11:34:28.062476	\N
1544	28	\N	\N	\N	\N	\N		\N	\N		f	2	15	7	\N	\N	\N	0	11	2018-11-02 11:34:28.079113	2018-11-02 11:34:28.079113	\N
1545	2	\N	\N	\N	\N	\N		\N	\N		f	2	15	7	\N	\N	\N	0	11	2018-11-02 11:34:28.095119	2018-11-02 11:34:28.095119	\N
1546	74	\N	\N	\N	\N	\N		\N	\N		f	2	15	7	\N	Point	\N	0	11	2018-11-02 11:34:28.112451	2018-11-02 11:34:28.112451	\N
1547	70	\N	\N	\N	\N	\N		\N	\N		f	2	15	7	\N	Point	\N	0	11	2018-11-02 11:34:28.131266	2018-11-02 11:34:28.131266	\N
1548	29	\N	\N	\N	\N	\N		\N	\N		f	2	15	7	\N	Point	\N	0	11	2018-11-02 11:34:28.151781	2018-11-02 11:34:28.151781	\N
1549	16	\N	\N	\N	\N	\N		\N	\N		f	2	15	7	\N	\N	\N	0	11	2018-11-02 11:34:28.167662	2018-11-02 11:34:28.167662	\N
1550	12	\N	\N	\N	\N	\N		\N	\N		f	2	15	7	\N	\N	\N	0	11	2018-11-02 11:34:28.181972	2018-11-02 11:34:28.181972	\N
1551	10	\N	\N	\N	\N	\N		\N	154.1		f	2	15	7	\N	\N	\N	0	11	2018-11-02 11:34:28.196756	2018-11-02 11:34:28.196756	\N
1552	9	\N	\N	\N	\N	\N		\N	\N		f	2	15	7	\N	\N	\N	0	11	2018-11-02 11:34:28.212703	2018-11-02 11:34:28.212703	\N
1553	2	\N	\N	\N	\N	\N		\N	\N		f	2	15	7	\N	\N	\N	0	11	2018-11-02 11:34:28.22763	2018-11-02 11:34:28.22763	\N
1554	9	\N	\N	\N	\N	\N		\N	\N		f	2	15	7	\N	\N	\N	0	11	2018-11-02 11:34:28.242972	2018-11-02 11:34:28.242972	\N
1555	9	\N	\N	\N	\N	\N		\N	\N		f	2	15	7	\N	\N	\N	0	11	2018-11-02 11:34:28.263982	2018-11-02 11:34:28.263982	\N
1556	8	\N	\N	\N	\N	\N		\N	\N		f	2	15	7	\N	\N	\N	0	11	2018-11-02 11:34:28.285112	2018-11-02 11:34:28.285112	\N
1557	6	\N	\N	\N	\N	\N		\N	\N		f	2	15	7	\N	\N	\N	0	11	2018-11-02 11:34:28.304069	2018-11-02 11:34:28.304069	\N
1558	5	\N	\N	\N	\N	\N		\N	\N		f	2	15	7	\N	\N	\N	0	11	2018-11-02 11:34:28.322725	2018-11-02 11:34:28.322725	\N
1559	61	\N	\N	\N	\N	\N		\N	\N		f	2	15	7	\N	\N	\N	0	11	2018-11-02 11:34:28.345456	2018-11-02 11:34:28.345456	\N
1560	45	\N	\N	\N	\N	\N		\N	\N		f	2	15	7	\N	\N	\N	0	11	2018-11-02 11:34:28.360769	2018-11-02 11:34:28.360769	\N
1561	22	\N	\N	\N	\N	\N		\N	\N		f	2	15	7	\N	\N	\N	0	11	2018-11-02 11:34:28.38587	2018-11-02 11:34:28.38587	\N
1562	5	\N	\N	\N	\N	\N		\N	\N		f	2	15	7	\N	\N	\N	0	11	2018-11-02 11:34:28.40765	2018-11-02 11:34:28.40765	\N
1563	70	\N	\N	\N	\N	\N		\N	\N		f	2	15	7	\N	\N	\N	0	11	2018-11-02 11:34:28.430954	2018-11-02 11:34:28.430954	\N
1564	66	\N	\N	\N	\N	\N		\N	\N		f	2	15	7	\N	\N	\N	0	11	2018-11-02 11:34:28.447695	2018-11-02 11:34:28.447695	\N
1565	60	\N	\N	\N	\N	\N		\N	\N		f	2	15	7	\N	\N	\N	0	11	2018-11-02 11:34:28.462405	2018-11-02 11:34:28.462405	\N
1566	56	\N	\N	\N	\N	\N		\N	\N		f	2	15	7	\N	\N	\N	0	11	2018-11-02 11:34:28.476734	2018-11-02 11:34:28.476734	\N
1567	50	\N	\N	\N	\N	\N		\N	\N		f	2	15	7	\N	\N	\N	0	11	2018-11-02 11:34:28.49141	2018-11-02 11:34:28.49141	\N
1568	21	\N	\N	\N	\N	\N		\N	\N		f	2	15	7	\N	\N	\N	0	11	2018-11-02 11:34:28.505916	2018-11-02 11:34:28.505916	\N
1569	19	\N	\N	\N	\N	\N		\N	\N		f	2	15	7	\N	\N	\N	0	11	2018-11-02 11:34:28.520518	2018-11-02 11:34:28.520518	\N
1570	11	\N	\N	\N	\N	\N		\N	\N		f	2	15	7	\N	\N	\N	0	11	2018-11-02 11:34:28.535044	2018-11-02 11:34:28.535044	\N
1571	10	\N	\N	\N	\N	\N		\N	\N		f	2	15	7	\N	\N	\N	0	11	2018-11-02 11:34:28.553008	2018-11-02 11:34:28.553008	\N
1572	7	\N	\N	\N	\N	\N		\N	68.4		f	2	15	7	\N	\N	\N	0	11	2018-11-02 11:34:28.568701	2018-11-02 11:34:28.568701	\N
1573	6	\N	\N	\N	\N	\N		\N	\N		f	2	15	7	\N	\N	\N	0	11	2018-11-02 11:34:28.584465	2018-11-02 11:34:28.584465	\N
1574	12	\N	\N	\N	\N	\N		\N	\N		f	2	15	7	\N	\N	\N	0	11	2018-11-02 11:34:28.600338	2018-11-02 11:34:28.600338	\N
1575	10	\N	\N	\N	\N	\N		\N	\N		f	2	15	7	\N	\N	\N	0	11	2018-11-02 11:34:28.616044	2018-11-02 11:34:28.616044	\N
1576	8	\N	\N	\N	\N	\N		\N	\N		f	2	15	7	\N	\N	\N	0	11	2018-11-02 11:34:28.631566	2018-11-02 11:34:28.631566	\N
1577	6	\N	\N	\N	\N	\N		\N	\N		f	2	15	7	\N	\N	\N	0	11	2018-11-02 11:34:28.646398	2018-11-02 11:34:28.646398	\N
1578	4	\N	\N	\N	\N	\N		\N	\N		f	2	15	7	\N	\N	\N	0	11	2018-11-02 11:34:28.661503	2018-11-02 11:34:28.661503	\N
1579	3	\N	\N	\N	\N	\N		\N	\N		f	2	15	7	\N	\N	\N	0	11	2018-11-02 11:34:28.675938	2018-11-02 11:34:28.675938	\N
1580	2	\N	\N	\N	\N	\N		\N	\N		f	2	15	7	\N	\N	\N	0	11	2018-11-02 11:34:28.69039	2018-11-02 11:34:28.69039	\N
1581	43	\N	\N	\N	\N	\N		\N	\N		f	2	15	7	\N	\N	\N	0	11	2018-11-02 11:34:28.706632	2018-11-02 11:34:28.706632	\N
1582	21	\N	\N	\N	\N	\N		\N	\N		f	2	15	7	\N	\N	\N	0	11	2018-11-02 11:34:28.722954	2018-11-02 11:34:28.722954	\N
1583	26	\N	\N	\N	\N	\N		\N	\N		f	2	15	7	\N	\N	\N	0	11	2018-11-02 11:34:28.744659	2018-11-02 11:34:28.744659	\N
1584	22	\N	\N	\N	\N	\N		\N	\N		f	2	15	7	\N	\N	\N	0	11	2018-11-02 11:34:28.786564	2018-11-02 11:34:28.786564	\N
1585	21	\N	\N	\N	\N	\N		\N	\N		f	2	15	7	\N	\N	\N	0	11	2018-11-02 11:34:28.814458	2018-11-02 11:34:28.814458	\N
1586	20	\N	\N	\N	\N	\N		\N	103.7		f	2	15	7	\N	\N	\N	0	11	2018-11-02 11:34:28.83016	2018-11-02 11:34:28.83016	\N
1587	17	\N	\N	\N	\N	\N		\N	\N		f	2	15	7	\N	\N	\N	0	11	2018-11-02 11:34:28.854834	2018-11-02 11:34:28.854834	\N
1588	16	\N	\N	\N	\N	\N		\N	\N		f	2	15	7	\N	\N	\N	0	11	2018-11-02 11:34:28.879727	2018-11-02 11:34:28.879727	\N
1589	15	\N	\N	\N	\N	\N		\N	\N		f	2	15	7	\N	\N	\N	0	11	2018-11-02 11:34:28.896172	2018-11-02 11:34:28.896172	\N
1590	13	\N	\N	\N	\N	\N		\N	\N		f	2	15	7	\N	\N	\N	0	11	2018-11-02 11:34:28.910963	2018-11-02 11:34:28.910963	\N
1591	11	\N	\N	\N	\N	\N		\N	\N		f	2	15	7	\N	\N	\N	0	11	2018-11-02 11:34:28.926419	2018-11-02 11:34:28.926419	\N
1592	9	\N	\N	\N	\N	\N		\N	\N		f	2	15	7	\N	\N	\N	0	11	2018-11-02 11:34:28.941354	2018-11-02 11:34:28.941354	\N
1593	6	\N	\N	\N	\N	\N		\N	\N		f	2	15	7	\N	\N	\N	0	11	2018-11-02 11:34:28.955764	2018-11-02 11:34:28.955764	\N
1594	6	\N	\N	\N	\N	\N		\N	\N		f	2	15	7	\N	\N	\N	0	11	2018-11-02 11:34:28.970385	2018-11-02 11:34:28.970385	\N
1595	5	\N	\N	\N	\N	\N		\N	\N		f	2	15	7	\N	\N	\N	0	11	2018-11-02 11:34:28.987609	2018-11-02 11:34:28.987609	\N
1596	2	\N	\N	\N	\N	\N		\N	73.5		f	2	15	7	\N	\N	\N	0	11	2018-11-02 11:34:29.002411	2018-11-02 11:34:29.002411	\N
1597	72	\N	\N	\N	\N	\N		\N	\N		f	2	15	7	\N	\N	\N	0	11	2018-11-02 11:34:29.017537	2018-11-02 11:34:29.017537	\N
1598	65	\N	\N	\N	\N	\N		\N	\N		f	2	15	7	\N	\N	\N	0	11	2018-11-02 11:34:29.032159	2018-11-02 11:34:29.032159	\N
1599	64	\N	\N	\N	\N	\N		\N	\N		f	2	15	7	\N	\N	\N	0	11	2018-11-02 11:34:29.046873	2018-11-02 11:34:29.046873	\N
1600	59	\N	\N	\N	\N	\N		\N	\N		f	2	15	7	\N	\N	\N	0	11	2018-11-02 11:34:29.06249	2018-11-02 11:34:29.06249	\N
1601	57	\N	\N	\N	\N	\N		\N	158.3		f	2	15	7	\N	\N	\N	0	11	2018-11-02 11:34:29.095622	2018-11-02 11:34:29.095622	\N
1602	56	\N	\N	\N	\N	\N		\N	\N		f	2	15	7	\N	\N	\N	0	11	2018-11-02 11:34:29.114243	2018-11-02 11:34:29.114243	\N
1603	54	\N	\N	\N	\N	\N		\N	\N		f	2	15	7	\N	\N	\N	0	11	2018-11-02 11:34:29.129028	2018-11-02 11:34:29.129028	\N
1604	53	\N	\N	\N	\N	\N		\N	\N		f	2	15	7	\N	\N	\N	0	11	2018-11-02 11:34:29.14356	2018-11-02 11:34:29.14356	\N
1605	34	\N	\N	\N	\N	\N		\N	\N		f	2	15	7	\N	\N	\N	0	11	2018-11-02 11:34:29.157976	2018-11-02 11:34:29.157976	\N
1606	32	\N	\N	\N	\N	\N		\N	\N		f	2	15	7	\N	\N	\N	0	11	2018-11-02 11:34:29.176426	2018-11-02 11:34:29.176426	\N
1607	28	\N	\N	\N	\N	\N		\N	\N		f	2	15	7	\N	\N	\N	0	11	2018-11-02 11:34:29.195736	2018-11-02 11:34:29.195736	\N
1608	27	\N	\N	\N	\N	\N		\N	\N		f	2	15	7	\N	\N	\N	0	11	2018-11-02 11:34:29.214847	2018-11-02 11:34:29.214847	\N
1609	22	\N	\N	\N	\N	\N		\N	\N		f	2	15	7	\N	\N	\N	0	11	2018-11-02 11:34:29.233999	2018-11-02 11:34:29.233999	\N
1610	18	\N	\N	\N	\N	\N		\N	\N		f	2	15	7	\N	\N	\N	0	11	2018-11-02 11:34:29.252702	2018-11-02 11:34:29.252702	\N
1611	15	\N	\N	\N	\N	\N		\N	\N		f	2	15	7	\N	\N	\N	0	11	2018-11-02 11:34:29.267914	2018-11-02 11:34:29.267914	\N
1612	14	\N	\N	\N	\N	\N		\N	\N		f	2	15	7	\N	\N	\N	0	11	2018-11-02 11:34:29.283331	2018-11-02 11:34:29.283331	\N
1613	11	\N	\N	\N	\N	\N		\N	\N		f	2	15	7	\N	\N	\N	0	11	2018-11-02 11:34:29.297932	2018-11-02 11:34:29.297932	\N
1614	10	\N	\N	\N	\N	\N		\N	\N		f	2	15	7	\N	\N	\N	0	11	2018-11-02 11:34:29.312469	2018-11-02 11:34:29.312469	\N
1615	8/24	\N	\N	\N	\N	\N		\N	52.6		f	2	15	7	\N	\N	\N	0	11	2018-11-02 11:34:29.327155	2018-11-02 11:34:29.327155	\N
1616	/	\N	\N	\N	\N	\N		\N	\N		f	2	15	1	\N	\N	\N	0	11	2018-11-02 11:34:29.342374	2018-11-02 11:34:29.342374	\N
1617	6	\N	\N	\N	\N	\N		\N	\N		f	2	15	7	\N	\N	\N	0	11	2018-11-02 11:34:29.357393	2018-11-02 11:34:29.357393	\N
1618	4	\N	\N	\N	\N	\N		\N	58.1		f	2	15	7	\N	\N	\N	0	11	2018-11-02 11:34:29.374752	2018-11-02 11:34:29.374752	\N
1619	12-	\N	\N	\N	\N	\N		\N	\N		f	2	15	1	\N	Point	\N	0	11	2018-11-02 11:34:29.390347	2018-11-02 11:34:29.390347	\N
1620	49	2017-08-17	0510137000:03:005:0120	\N	\N	\N	1960	1	307.8	1960	f	2	15	5	\N	Point	\N	0	11	2018-11-02 11:34:29.409463	2018-11-02 11:34:29.409463	\N
1621	1-	\N	\N	\N	\N	\N		\N	\N		f	2	15	1	\N	Point	\N	0	11	2018-11-02 11:34:29.425825	2018-11-02 11:34:29.425825	\N
1622	 74	\N	\N	\N	\N	\N		\N	\N		f	2	15	7	\N	\N	\N	0	11	2018-11-02 11:34:29.44383	2018-11-02 11:34:29.44383	\N
1623	78	\N	\N	\N	\N	\N		\N	\N		f	2	15	7	\N	\N	\N	0	11	2018-11-02 11:34:29.460718	2018-11-02 11:34:29.460718	\N
1624	78	\N	\N	\N	\N	\N		\N	\N		f	2	15	7	\N	\N	\N	0	11	2018-11-02 11:34:29.478452	2018-11-02 11:34:29.478452	\N
1625	 18	\N	\N	\N	\N	\N		\N	\N		f	2	15	7	\N	\N	\N	0	11	2018-11-02 11:34:29.496609	2018-11-02 11:34:29.496609	\N
1626	 15-17	\N	\N	\N	\N	\N		\N	\N		f	2	15	7	\N	\N	\N	0	11	2018-11-02 11:34:29.512579	2018-11-02 11:34:29.512579	\N
1627	 41	\N	\N	\N	\N	\N		\N	\N		f	2	15	7	\N	\N	\N	0	11	2018-11-02 11:34:29.529774	2018-11-02 11:34:29.529774	\N
1628	35	\N	\N	\N	\N	\N		\N	\N		f	2	15	7	\N	\N	\N	0	11	2018-11-02 11:34:29.55513	2018-11-02 11:34:29.55513	\N
1629	22	\N	\N	\N	\N	\N		\N	\N		f	2	15	7	\N	Point	\N	0	11	2018-11-02 11:34:29.576769	2018-11-02 11:34:29.576769	\N
1630	13	\N	\N	\N	\N	\N		\N	\N		f	2	15	2	\N	\N	\N	0	11	2018-11-02 11:34:29.593447	2018-11-02 11:34:29.593447	\N
1631	114	\N	\N	\N	\N	\N		\N	\N		f	2	15	7	\N	\N	\N	0	11	2018-11-02 11:34:29.609933	2018-11-02 11:34:29.609933	\N
1632	 29	\N	\N	\N	\N	\N		\N	\N		f	2	15	7	\N	\N	\N	0	11	2018-11-02 11:34:29.634287	2018-11-02 11:34:29.634287	\N
1633	170	\N	\N	\N	\N	\N		\N	2407.0		f	2	15	7	\N	\N	\N	0	11	2018-11-02 11:34:29.650441	2018-11-02 11:34:29.650441	\N
1634	99	2006-07-18	0510100000:01:019:0030	0.79	\N	\N	1965	\N	1077.2	1965	f	1	15	2	\N	Point	\N	0	11	2018-11-02 11:34:29.669729	2018-11-02 11:34:29.669729	\N
1635	9  19	2016-05-12	0510100000:01:051:0034	1087.0	\N	\N		\N	373.2		f	1	15	1	\N	Point	\N	0	11	2018-11-02 11:34:29.693679	2018-11-02 11:34:29.693679	\N
1636	28-	2015-11-10	0510100000:02:037:0048	1475.0	\N	\N		\N	2541.2		f	1	15	2	\N	Point	\N	0	11	2018-11-02 11:34:29.712773	2018-11-02 11:34:29.712773	\N
1637	35	2015-09-13	\N	\N	\N	\N		\N	289.0		f	1	15	7	\N	Point	\N	0	11	2018-11-02 11:34:29.731972	2018-11-02 11:34:29.731972	\N
1638	51	\N	\N	\N	\N	\N		\N	95.6		f	1	15	7	\N	Point	\N	0	11	2018-11-02 11:34:29.752002	2018-11-02 11:34:29.752002	\N
1640	6	2015-07-22	\N	\N	\N	\N		\N	357.0		f	1	15	7	\N	Point	\N	0	11	2018-11-02 11:34:29.794833	2018-11-02 11:34:29.794833	\N
1641	 45	\N	\N	\N	\N	\N		\N	\N		f	1	15	7	\N	Point	\N	0	11	2018-11-02 11:34:29.825096	2018-11-02 11:34:29.825096	\N
1642	 103	\N	\N	\N	\N	\N		\N	\N		f	1	15	7	\N	Point	\N	0	11	2018-11-02 11:34:29.850435	2018-11-02 11:34:29.850435	\N
1643	 53	\N	\N	\N	\N	\N		\N	\N		f	1	15	7	\N	Point	\N	0	11	2018-11-02 11:34:29.871774	2018-11-02 11:34:29.871774	\N
1644	 19	\N	\N	\N	\N	\N		\N	\N		f	1	15	7	\N	Point	\N	0	11	2018-11-02 11:34:29.895141	2018-11-02 11:34:29.895141	\N
1645	 72	\N	\N	\N	\N	\N		\N	\N		f	1	15	7	\N	Point	\N	0	11	2018-11-02 11:34:29.917062	2018-11-02 11:34:29.917062	\N
1646	  . 	\N	\N	\N	\N	\N		\N	\N		f	1	15	7	\N	Point	\N	0	11	2018-11-02 11:34:29.944997	2018-11-02 11:34:29.944997	\N
1647	10	2015-04-19	\N	\N	\N	\N		\N	51.9		f	1	15	7	\N	Point	\N	0	11	2018-11-02 11:34:29.965897	2018-11-02 11:34:29.965897	\N
1648	 82	\N	\N	\N	\N	\N		\N	\N		f	1	15	7	\N	Point	\N	0	11	2018-11-02 11:34:29.987547	2018-11-02 11:34:29.987547	\N
1649	 31	\N	\N	\N	\N	\N		\N	\N		f	1	15	7	\N	Point	\N	0	11	2018-11-02 11:34:30.008763	2018-11-02 11:34:30.008763	\N
1650	 31	\N	\N	\N	\N	\N		\N	\N		f	1	15	7	\N	Point	\N	0	11	2018-11-02 11:34:30.027693	2018-11-02 11:34:30.027693	\N
1651	4	2014-12-10	\N	\N	\N	\N	2017	1	11.5	2017	f	1	15	5	\N	Point	\N	0	11	2018-11-02 11:34:30.050962	2018-11-02 11:34:30.050962	\N
1652	5	2014-06-09	\N	\N	\N	\N		\N	137.9		f	1	15	7	\N	Point	\N	0	11	2018-11-02 11:34:30.07373	2018-11-02 11:34:30.07373	\N
1653	5	\N	\N	\N	\N	\N		\N	23.1		f	1	15	7	\N	Point	\N	0	11	2018-11-02 11:34:30.101856	2018-11-02 11:34:30.101856	\N
1654	 5	\N	\N	\N	\N	\N		\N	\N		f	1	15	7	\N	Point	\N	0	11	2018-11-02 11:34:30.121097	2018-11-02 11:34:30.121097	\N
1655	 30, 32	\N	\N	\N	\N	\N		\N	\N		f	1	15	7	\N	Point	\N	0	11	2018-11-02 11:34:30.141204	2018-11-02 11:34:30.141204	\N
1656	 51	\N	\N	\N	\N	\N		\N	\N		f	1	15	7	\N	Point	\N	0	11	2018-11-02 11:34:30.159253	2018-11-02 11:34:30.159253	\N
1657	 10	\N	\N	\N	\N	\N		\N	\N		f	1	15	7	\N	Point	\N	0	11	2018-11-02 11:34:30.181045	2018-11-02 11:34:30.181045	\N
1658	 73	\N	\N	\N	\N	\N		\N	\N		f	1	15	7	\N	Point	\N	0	11	2018-11-02 11:34:30.20091	2018-11-02 11:34:30.20091	\N
1659	  45	\N	\N	\N	\N	\N		\N	\N		f	1	15	7	\N	Point	\N	0	11	2018-11-02 11:34:30.220794	2018-11-02 11:34:30.220794	\N
1660	 114, 116	\N	\N	\N	\N	\N		\N	\N		f	1	15	7	\N	Point	\N	0	11	2018-11-02 11:34:30.240116	2018-11-02 11:34:30.240116	\N
1661	 49, 35	\N	\N	\N	\N	\N		\N	\N		f	1	15	7	\N	Point	\N	0	11	2018-11-02 11:34:30.258762	2018-11-02 11:34:30.258762	\N
1662	 9, 15	\N	\N	\N	\N	\N		\N	\N		f	1	15	7	\N	Point	\N	0	11	2018-11-02 11:34:30.277396	2018-11-02 11:34:30.277396	\N
1663	  4,10	\N	\N	\N	\N	\N		\N	\N		f	1	15	7	\N	Point	\N	0	11	2018-11-02 11:34:30.295378	2018-11-02 11:34:30.295378	\N
1664	 20	\N	\N	\N	\N	\N		\N	\N		f	1	15	7	\N	Point	\N	0	11	2018-11-02 11:34:30.31349	2018-11-02 11:34:30.31349	\N
1665	4	\N	\N	\N	\N	\N		\N	65.2	2013	f	1	15	7	\N	Point	\N	0	11	2018-11-02 11:34:30.331359	2018-11-02 11:34:30.331359	\N
1666	4	\N	\N	\N	\N	\N		\N	46.8	2013	f	1	15	7	\N	Point	\N	0	11	2018-11-02 11:34:30.349147	2018-11-02 11:34:30.349147	\N
1667	4	\N	\N	\N	\N	\N		\N	63.2	2013	f	1	15	7	\N	Point	\N	0	11	2018-11-02 11:34:30.373932	2018-11-02 11:34:30.373932	\N
1668	 41	\N	\N	\N	\N	\N		\N	\N		f	1	15	7	\N	Point	\N	0	11	2018-11-02 11:34:30.392199	2018-11-02 11:34:30.392199	\N
1669	 28	\N	\N	\N	\N	\N		\N	\N		f	1	15	1	\N	Point	\N	0	11	2018-11-02 11:34:30.410781	2018-11-02 11:34:30.410781	\N
1670	 88	\N	\N	\N	\N	\N		\N	\N	2012	f	1	15	1	\N	Point	\N	0	11	2018-11-02 11:34:30.437145	2018-11-02 11:34:30.437145	\N
1671	69	\N	\N	\N	\N	\N		\N	50.8		f	1	15	7	\N	Point	\N	0	11	2018-11-02 11:34:30.458681	2018-11-02 11:34:30.458681	\N
1672	1	\N	\N	\N	\N	\N		\N	61.2		f	1	15	7	\N	Point	\N	0	11	2018-11-02 11:34:30.481871	2018-11-02 11:34:30.481871	\N
1673	201	\N	\N	\N	\N	\N		\N	\N	1952	f	1	15	7	\N	Point	\N	0	11	2018-11-02 11:34:30.504602	2018-11-02 11:34:30.504602	\N
1674	22	\N	\N	\N	\N	\N		\N	\N		f	1	15	11	\N	Point	\N	0	11	2018-11-02 11:34:30.527271	2018-11-02 11:34:30.527271	\N
1675	69	\N	\N	\N	\N	\N		\N	79.5	2009	f	1	15	7	\N	Point	\N	0	11	2018-11-02 11:34:30.553266	2018-11-02 11:34:30.553266	\N
1676	69	\N	\N	\N	\N	\N		\N	101.7	2009	f	1	15	7	\N	Point	\N	0	11	2018-11-02 11:34:30.582916	2018-11-02 11:34:30.582916	\N
1677	69	\N	\N	\N	\N	\N		\N	51.6	2009	f	1	15	7	\N	Point	\N	0	11	2018-11-02 11:34:30.600969	2018-11-02 11:34:30.600969	\N
1678	1	\N	\N	\N	\N	\N		\N	104.6	2009	f	1	15	7	\N	Point	\N	0	11	2018-11-02 11:34:30.619352	2018-11-02 11:34:30.619352	\N
1679	1	\N	\N	\N	\N	\N		\N	81.0	2009	f	1	15	7	\N	Point	\N	0	11	2018-11-02 11:34:30.63787	2018-11-02 11:34:30.63787	\N
1680	1	\N	\N	\N	\N	\N		\N	61.2	2009	f	1	15	7	\N	Point	\N	0	11	2018-11-02 11:34:30.656619	2018-11-02 11:34:30.656619	\N
1681	91	\N	\N	\N	\N	\N		\N	155.32		f	1	15	7	\N	Point	\N	0	11	2018-11-02 11:34:30.674691	2018-11-02 11:34:30.674691	\N
1682	12	1997-02-11	\N	\N	\N	\N		\N	376.7	1996	f	1	15	7	\N	Point	\N	0	11	2018-11-02 11:34:30.693893	2018-11-02 11:34:30.693893	\N
1683	 2	\N	\N	\N	\N	\N		\N	\N	2000	f	1	15	1	\N	Point	\N	0	11	2018-11-02 11:34:30.71186	2018-11-02 11:34:30.71186	\N
1684	21	2011-12-08	0510137000:03:029:0252	0.0146	\N	\N		1	63.9	2003	f	1	15	13	\N	Point	\N	0	11	2018-11-02 11:34:30.730568	2018-11-02 11:34:30.730568	\N
1685	111	\N	\N	\N	\N	\N		\N	\N		f	1	15	1	\N	Point	\N	0	11	2018-11-02 11:34:30.749573	2018-11-02 11:34:30.749573	\N
1686	3	\N	\N	\N	\N	\N		\N	\N		f	1	15	1	\N	Point	\N	0	11	2018-11-02 11:34:30.769477	2018-11-02 11:34:30.769477	\N
1687	18	\N	\N	\N	\N	\N		\N	\N		f	1	15	1	\N	Point	\N	0	11	2018-11-02 11:34:30.79235	2018-11-02 11:34:30.79235	\N
1688	26	\N	\N	\N	\N	\N		\N	\N	2004	f	1	15	1	\N	Point	\N	0	11	2018-11-02 11:34:30.809898	2018-11-02 11:34:30.809898	\N
1689	/	\N	\N	\N	\N	\N		\N	\N		f	1	15	1	\N	Point	\N	0	11	2018-11-02 11:34:30.828096	2018-11-02 11:34:30.828096	\N
1690	/	\N	\N	\N	\N	\N		\N	\N		f	1	15	1	\N	Point	\N	0	11	2018-11-02 11:34:30.854525	2018-11-02 11:34:30.854525	\N
1691	128	\N	\N	\N	\N	\N		\N	104.7		f	1	15	7	\N	Point	\N	0	11	2018-11-02 11:34:30.882225	2018-11-02 11:34:30.882225	\N
1692	 108	\N	\N	\N	\N	\N		\N	\N	2013	f	1	15	7	\N	Point	\N	0	11	2018-11-02 11:34:30.900995	2018-11-02 11:34:30.900995	\N
1693	 9	\N	\N	\N	\N	\N		\N	\N	2013	f	1	15	7	\N	Point	\N	0	11	2018-11-02 11:34:30.923737	2018-11-02 11:34:30.923737	\N
1694	 6	\N	\N	\N	\N	\N		\N	\N	2013	f	1	15	7	\N	Point	\N	0	11	2018-11-02 11:34:30.950896	2018-11-02 11:34:30.950896	\N
1695	 113	\N	\N	\N	\N	\N		\N	\N	2013	f	1	15	7	\N	Point	\N	0	11	2018-11-02 11:34:30.969262	2018-11-02 11:34:30.969262	\N
1696	20	\N	\N	\N	\N	\N		\N	568.6		f	1	15	1	\N	Point	\N	0	11	2018-11-02 11:34:30.991623	2018-11-02 11:34:30.991623	\N
1697	 20	\N	\N	\N	\N	\N		\N	\N	2009	f	1	15	7	\N	Point	\N	0	11	2018-11-02 11:34:31.0146	2018-11-02 11:34:31.0146	\N
1698	 23	\N	\N	\N	\N	\N		\N	\N	2009	f	1	15	7	\N	Point	\N	0	11	2018-11-02 11:34:31.034837	2018-11-02 11:34:31.034837	\N
1699	 287	\N	\N	\N	\N	\N		\N	\N	2008	f	1	15	7	\N	Point	\N	0	11	2018-11-02 11:34:31.053015	2018-11-02 11:34:31.053015	\N
1700	 161, 161	\N	\N	\N	\N	\N		\N	\N	2008	f	1	15	7	\N	Point	\N	0	11	2018-11-02 11:34:31.071352	2018-11-02 11:34:31.071352	\N
1701	47	\N	\N	\N	\N	\N		\N	\N	2008	f	1	15	7	\N	Point	\N	0	11	2018-11-02 11:34:31.089438	2018-11-02 11:34:31.089438	\N
1702	 39	\N	\N	\N	\N	\N		\N	\N	2008	f	1	15	7	\N	Point	\N	0	11	2018-11-02 11:34:31.113806	2018-11-02 11:34:31.113806	\N
1703	 8	\N	\N	\N	\N	\N		\N	\N	2008	f	1	15	7	\N	Point	\N	0	11	2018-11-02 11:34:31.132375	2018-11-02 11:34:31.132375	\N
1704	 32	\N	\N	\N	\N	\N		\N	\N	2008	f	1	15	7	\N	Point	\N	0	11	2018-11-02 11:34:31.149954	2018-11-02 11:34:31.149954	\N
1705	 55	\N	\N	\N	\N	\N		\N	\N	2008	f	1	15	7	\N	Point	\N	0	11	2018-11-02 11:34:31.167722	2018-11-02 11:34:31.167722	\N
1706	 18	\N	\N	\N	\N	\N		\N	\N	2008	f	1	15	7	\N	Point	\N	0	11	2018-11-02 11:34:31.192024	2018-11-02 11:34:31.192024	\N
1707	 30	\N	\N	\N	\N	\N		\N	\N	2008	f	1	15	7	\N	Point	\N	0	11	2018-11-02 11:34:31.213422	2018-11-02 11:34:31.213422	\N
1708	 8	\N	\N	\N	\N	\N		\N	\N	2008	f	1	15	7	\N	Point	\N	0	11	2018-11-02 11:34:31.237625	2018-11-02 11:34:31.237625	\N
1709	 7	\N	\N	\N	\N	\N		\N	\N	2008	f	1	15	7	\N	Point	\N	0	11	2018-11-02 11:34:31.258551	2018-11-02 11:34:31.258551	\N
1710	 3	\N	\N	\N	\N	\N		\N	\N	2008	f	1	15	7	\N	Point	\N	0	11	2018-11-02 11:34:31.27711	2018-11-02 11:34:31.27711	\N
1711	 20	\N	\N	\N	\N	\N		\N	\N	2008	f	1	15	7	\N	Point	\N	0	11	2018-11-02 11:34:31.297824	2018-11-02 11:34:31.297824	\N
1712	 33	\N	\N	\N	\N	\N		\N	\N		f	1	15	7	\N	Point	\N	0	11	2018-11-02 11:34:31.317282	2018-11-02 11:34:31.317282	\N
1713	50	2017-10-26	\N	0.015299999999999998	\N	\N	1974	1	112.7	1973	f	1	2	9	\N	Point	\N	0	11	2018-11-02 11:34:31.339591	2018-11-02 11:34:31.339591	\N
1714	8	\N	\N	\N	\N	\N		\N	363.7		f	1	2	7	\N	Point	\N	0	11	2018-11-02 11:34:31.369468	2018-11-02 11:34:31.369468	\N
1715	 33	\N	\N	\N	\N	\N		\N	\N	2008	f	1	2	7	\N	Point	\N	0	11	2018-11-02 11:34:31.39765	2018-11-02 11:34:31.39765	\N
1716	 79	\N	\N	\N	\N	\N		\N	\N	2008	f	1	2	7	\N	Point	\N	0	11	2018-11-02 11:34:31.423164	2018-11-02 11:34:31.423164	\N
1717	 14	\N	\N	\N	\N	\N		\N	\N	2008	f	1	2	7	\N	Point	\N	0	11	2018-11-02 11:34:31.444345	2018-11-02 11:34:31.444345	\N
1718	 23	\N	\N	\N	\N	\N		\N	\N		f	1	2	7	\N	Point	\N	0	11	2018-11-02 11:34:31.464366	2018-11-02 11:34:31.464366	\N
1719	 5	\N	\N	\N	\N	\N		\N	\N	2008	f	1	2	7	\N	Point	\N	0	11	2018-11-02 11:34:31.490606	2018-11-02 11:34:31.490606	\N
1720	 85	\N	\N	\N	\N	\N		\N	\N	2008	f	1	2	7	\N	Point	\N	0	11	2018-11-02 11:34:31.513217	2018-11-02 11:34:31.513217	\N
1721	 77	\N	\N	\N	\N	\N		\N	\N	2008	f	1	2	7	\N	Point	\N	0	11	2018-11-02 11:34:31.531138	2018-11-02 11:34:31.531138	\N
1722	 62	\N	\N	\N	\N	\N		\N	\N	2008	f	1	2	7	\N	Point	\N	0	11	2018-11-02 11:34:31.551938	2018-11-02 11:34:31.551938	\N
1723	 1	\N	\N	\N	\N	\N		\N	\N		f	1	2	7	\N	Point	\N	0	11	2018-11-02 11:34:31.577497	2018-11-02 11:34:31.577497	\N
1724	 58	\N	\N	\N	\N	\N		\N	\N		f	1	2	7	\N	Point	\N	0	11	2018-11-02 11:34:31.602592	2018-11-02 11:34:31.602592	\N
1725	 22	\N	\N	\N	\N	\N		\N	\N		f	1	2	7	\N	Point	\N	0	11	2018-11-02 11:34:31.627726	2018-11-02 11:34:31.627726	\N
1726	 22	\N	\N	\N	\N	\N		\N	\N		f	1	2	7	\N	Point	\N	0	11	2018-11-02 11:34:31.65733	2018-11-02 11:34:31.65733	\N
1727	 33	\N	\N	\N	\N	\N		\N	\N		f	1	2	7	\N	Point	\N	0	11	2018-11-02 11:34:31.681152	2018-11-02 11:34:31.681152	\N
1728	 40	\N	\N	\N	\N	\N		\N	\N		f	1	2	7	\N	Point	\N	0	11	2018-11-02 11:34:31.702149	2018-11-02 11:34:31.702149	\N
1729	 14	\N	\N	\N	\N	\N		\N	\N		f	1	2	7	\N	Point	\N	0	11	2018-11-02 11:34:31.721576	2018-11-02 11:34:31.721576	\N
1730	 28	\N	\N	\N	\N	\N		\N	\N		f	1	2	7	\N	Point	\N	0	11	2018-11-02 11:34:31.740114	2018-11-02 11:34:31.740114	\N
1731	 94	\N	\N	\N	\N	\N		\N	\N		f	1	2	7	\N	Point	\N	0	11	2018-11-02 11:34:31.758111	2018-11-02 11:34:31.758111	\N
1732	42-50, 52	\N	\N	\N	\N	\N		\N	\N		f	1	2	7	\N	Point	\N	0	11	2018-11-02 11:34:31.77686	2018-11-02 11:34:31.77686	\N
1733	 117, 117	\N	\N	\N	\N	\N		\N	\N		f	1	2	7	\N	Point	\N	0	11	2018-11-02 11:34:31.795187	2018-11-02 11:34:31.795187	\N
1734	 10	\N	\N	\N	\N	\N		\N	\N	2007	f	1	2	7	\N	Point	\N	0	11	2018-11-02 11:34:31.812951	2018-11-02 11:34:31.812951	\N
1735	 46	\N	\N	\N	\N	\N		\N	\N		f	1	2	7	\N	Point	\N	0	11	2018-11-02 11:34:31.834607	2018-11-02 11:34:31.834607	\N
1736	 22	\N	\N	\N	\N	\N		\N	\N		f	1	2	7	\N	Point	\N	0	11	2018-11-02 11:34:31.860289	2018-11-02 11:34:31.860289	\N
1737	 59	\N	\N	\N	\N	\N		\N	\N		f	1	2	7	\N	Point	\N	0	11	2018-11-02 11:34:31.879418	2018-11-02 11:34:31.879418	\N
1738	 109	\N	\N	\N	\N	\N		\N	\N		f	1	2	7	\N	Point	\N	0	11	2018-11-02 11:34:31.897816	2018-11-02 11:34:31.897816	\N
1739	 103	\N	\N	\N	\N	\N		\N	\N		f	1	2	7	\N	Point	\N	0	11	2018-11-02 11:34:31.915856	2018-11-02 11:34:31.915856	\N
1740	 89	\N	\N	\N	\N	\N		\N	\N		f	1	2	7	\N	Point	\N	0	11	2018-11-02 11:34:31.934455	2018-11-02 11:34:31.934455	\N
1741	 39	\N	\N	\N	\N	\N		\N	\N		f	1	2	7	\N	Point	\N	0	11	2018-11-02 11:34:31.953492	2018-11-02 11:34:31.953492	\N
1742	 30	\N	\N	\N	\N	\N		\N	\N		f	1	2	7	\N	Point	\N	0	11	2018-11-02 11:34:31.974704	2018-11-02 11:34:31.974704	\N
1743	 51	\N	\N	\N	\N	\N		\N	\N		f	1	2	7	\N	Point	\N	0	11	2018-11-02 11:34:31.999041	2018-11-02 11:34:31.999041	\N
1744	 111	\N	\N	\N	\N	\N		\N	\N		f	1	2	7	\N	Point	\N	0	11	2018-11-02 11:34:32.017771	2018-11-02 11:34:32.017771	\N
1745	 14	\N	\N	\N	\N	\N		\N	\N		f	1	2	7	\N	Point	\N	0	11	2018-11-02 11:34:32.038723	2018-11-02 11:34:32.038723	\N
1746	 122	\N	\N	\N	\N	\N		\N	\N		f	1	2	7	\N	Point	\N	0	11	2018-11-02 11:34:32.064899	2018-11-02 11:34:32.064899	\N
1747	 54	\N	\N	\N	\N	\N		\N	\N		f	1	2	7	\N	Point	\N	0	11	2018-11-02 11:34:32.083497	2018-11-02 11:34:32.083497	\N
1748	 7, 7	\N	\N	\N	\N	\N		\N	\N		f	1	2	7	\N	Point	\N	0	11	2018-11-02 11:34:32.101684	2018-11-02 11:34:32.101684	\N
1749	 27	\N	\N	\N	\N	\N		\N	\N		f	1	2	7	\N	Point	\N	0	11	2018-11-02 11:34:32.119628	2018-11-02 11:34:32.119628	\N
1750	36	\N	\N	\N	\N	\N		\N	189.5		f	1	2	7	\N	Point	\N	0	11	2018-11-02 11:34:32.139233	2018-11-02 11:34:32.139233	\N
1751	 46	\N	\N	\N	\N	\N		\N	\N		f	1	2	7	\N	Point	\N	0	11	2018-11-02 11:34:32.158647	2018-11-02 11:34:32.158647	\N
1752	 40	\N	\N	\N	\N	\N		\N	\N		f	1	2	7	\N	Point	\N	0	11	2018-11-02 11:34:32.189433	2018-11-02 11:34:32.189433	\N
1753	 56	\N	\N	\N	\N	\N		\N	\N		f	1	2	7	\N	Point	\N	0	11	2018-11-02 11:34:32.207141	2018-11-02 11:34:32.207141	\N
1754	 18-20	\N	\N	\N	\N	\N		\N	\N		f	1	2	7	\N	Point	\N	0	11	2018-11-02 11:34:32.225693	2018-11-02 11:34:32.225693	\N
1755	 50	\N	\N	\N	\N	\N		\N	\N		f	1	2	7	\N	Point	\N	0	11	2018-11-02 11:34:32.243608	2018-11-02 11:34:32.243608	\N
1756	 31	\N	\N	\N	\N	\N		\N	\N		f	1	2	7	\N	Point	\N	0	11	2018-11-02 11:34:32.26404	2018-11-02 11:34:32.26404	\N
1757	 18	\N	\N	\N	\N	\N		\N	\N		f	1	2	7	\N	Point	\N	0	11	2018-11-02 11:34:32.28771	2018-11-02 11:34:32.28771	\N
1758	 162	\N	\N	\N	\N	\N		\N	\N		f	1	2	7	\N	Point	\N	0	11	2018-11-02 11:34:32.305948	2018-11-02 11:34:32.305948	\N
1759	 23	\N	\N	\N	\N	\N		\N	\N		f	1	2	7	\N	Point	\N	0	11	2018-11-02 11:34:32.324121	2018-11-02 11:34:32.324121	\N
1760	 83	\N	\N	\N	\N	\N		\N	\N		f	1	2	7	\N	Point	\N	0	11	2018-11-02 11:34:32.344017	2018-11-02 11:34:32.344017	\N
1761	 4	\N	\N	\N	\N	\N		\N	\N		f	1	2	7	\N	Point	\N	0	11	2018-11-02 11:34:32.363785	2018-11-02 11:34:32.363785	\N
1762	 18	\N	\N	\N	\N	\N		\N	\N		f	1	2	7	\N	Point	\N	0	11	2018-11-02 11:34:32.385805	2018-11-02 11:34:32.385805	\N
1763	77	\N	\N	\N	\N	\N		\N	133.4		f	1	2	7	\N	Point	\N	0	11	2018-11-02 11:34:32.408766	2018-11-02 11:34:32.408766	\N
1764	 32	\N	\N	\N	\N	\N		\N	\N		f	1	2	7	\N	Point	\N	0	11	2018-11-02 11:34:32.44239	2018-11-02 11:34:32.44239	\N
1765	 18	\N	\N	\N	\N	\N		\N	\N		f	1	2	7	\N	Point	\N	0	11	2018-11-02 11:34:32.464893	2018-11-02 11:34:32.464893	\N
1766	 83	\N	\N	\N	\N	\N		\N	\N		f	1	2	7	\N	Point	\N	0	11	2018-11-02 11:34:32.487711	2018-11-02 11:34:32.487711	\N
1767	 20	\N	\N	\N	\N	\N		\N	\N		f	1	2	7	\N	Point	\N	0	11	2018-11-02 11:34:32.506585	2018-11-02 11:34:32.506585	\N
1768	 72	\N	\N	\N	\N	\N		\N	\N		f	1	2	7	\N	Point	\N	0	11	2018-11-02 11:34:32.524702	2018-11-02 11:34:32.524702	\N
1769	 30	\N	\N	\N	\N	\N		\N	\N		f	1	2	7	\N	Point	\N	0	11	2018-11-02 11:34:32.542921	2018-11-02 11:34:32.542921	\N
1770	 21	\N	\N	\N	\N	\N		\N	\N		f	1	2	7	\N	Point	\N	0	11	2018-11-02 11:34:32.561911	2018-11-02 11:34:32.561911	\N
1771	 42	\N	\N	\N	\N	\N		\N	\N		f	1	2	7	\N	Point	\N	0	11	2018-11-02 11:34:32.580948	2018-11-02 11:34:32.580948	\N
1772	14	\N	\N	\N	\N	\N		\N	4564.69		f	1	2	7	\N	Point	\N	0	11	2018-11-02 11:34:32.599844	2018-11-02 11:34:32.599844	\N
1773	12	\N	\N	\N	\N	\N		\N	4716.6		f	1	2	7	\N	Point	\N	0	11	2018-11-02 11:34:32.620222	2018-11-02 11:34:32.620222	\N
1774	 14	\N	\N	\N	\N	\N		\N	\N		f	1	2	7	\N	Point	\N	0	11	2018-11-02 11:34:32.640464	2018-11-02 11:34:32.640464	\N
1775	 36	\N	\N	\N	\N	\N		\N	\N		f	1	2	7	\N	Point	\N	0	11	2018-11-02 11:34:32.660708	2018-11-02 11:34:32.660708	\N
1776	 	\N	\N	\N	\N	\N		\N	\N		f	1	2	7	\N	Point	\N	0	11	2018-11-02 11:34:32.679219	2018-11-02 11:34:32.679219	\N
1777	 15	\N	\N	\N	\N	\N		\N	\N		f	1	2	7	\N	Point	\N	0	11	2018-11-02 11:34:32.697708	2018-11-02 11:34:32.697708	\N
1778	 75	\N	\N	\N	\N	\N		\N	\N		f	1	2	7	\N	Point	\N	0	11	2018-11-02 11:34:32.716217	2018-11-02 11:34:32.716217	\N
1779	 21	\N	\N	\N	\N	\N		\N	\N		f	1	2	7	\N	Point	\N	0	11	2018-11-02 11:34:32.736568	2018-11-02 11:34:32.736568	\N
1780	 11	\N	\N	\N	\N	\N		\N	\N		f	1	2	7	\N	Point	\N	0	11	2018-11-02 11:34:32.754908	2018-11-02 11:34:32.754908	\N
1781	 33	\N	\N	\N	\N	\N		\N	\N		f	1	2	7	\N	Point	\N	0	11	2018-11-02 11:34:32.775532	2018-11-02 11:34:32.775532	\N
1782	 31	\N	\N	\N	\N	\N		\N	\N		f	1	2	7	\N	Point	\N	0	11	2018-11-02 11:34:32.793343	2018-11-02 11:34:32.793343	\N
1783	 124	\N	\N	\N	\N	\N		\N	\N		f	1	2	7	\N	Point	\N	0	11	2018-11-02 11:34:32.811708	2018-11-02 11:34:32.811708	\N
1784	 67	\N	\N	\N	\N	\N		\N	\N		f	1	2	7	\N	Point	\N	0	11	2018-11-02 11:34:32.834652	2018-11-02 11:34:32.834652	\N
1785	 53	\N	\N	\N	\N	\N		\N	\N		f	1	2	7	\N	Point	\N	0	11	2018-11-02 11:34:32.865478	2018-11-02 11:34:32.865478	\N
1786	 25	\N	\N	\N	\N	\N		\N	\N		f	1	2	7	\N	Point	\N	0	11	2018-11-02 11:34:32.892946	2018-11-02 11:34:32.892946	\N
1787	 78	\N	\N	\N	\N	\N		\N	\N		f	1	2	7	\N	Point	\N	0	11	2018-11-02 11:34:32.913497	2018-11-02 11:34:32.913497	\N
1788	 28-30	\N	\N	\N	\N	\N		\N	\N		f	1	2	7	\N	Point	\N	0	11	2018-11-02 11:34:32.933938	2018-11-02 11:34:32.933938	\N
1789	 6	\N	\N	\N	\N	\N		\N	\N		f	1	2	7	\N	Point	\N	0	11	2018-11-02 11:34:32.953931	2018-11-02 11:34:32.953931	\N
1790	 1	\N	\N	\N	\N	\N		\N	\N		f	1	2	7	\N	Point	\N	0	11	2018-11-02 11:34:32.973292	2018-11-02 11:34:32.973292	\N
1791	 4,6,8	\N	\N	\N	\N	\N		\N	\N		f	1	2	7	\N	Point	\N	0	11	2018-11-02 11:34:32.993644	2018-11-02 11:34:32.993644	\N
1792	 25	\N	\N	\N	\N	\N		\N	\N		f	1	2	7	\N	Point	\N	0	11	2018-11-02 11:34:33.012061	2018-11-02 11:34:33.012061	\N
1793	 3-5	\N	\N	\N	\N	\N		\N	\N		f	1	2	7	\N	Point	\N	0	11	2018-11-02 11:34:33.033794	2018-11-02 11:34:33.033794	\N
1794	 42	\N	\N	\N	\N	\N		\N	\N		f	1	2	7	\N	Point	\N	0	11	2018-11-02 11:34:33.060536	2018-11-02 11:34:33.060536	\N
1795	 42	\N	\N	\N	\N	\N		\N	\N		f	1	2	7	\N	Point	\N	0	11	2018-11-02 11:34:33.084864	2018-11-02 11:34:33.084864	\N
1796	11	\N	\N	\N	\N	\N		\N	\N		f	1	2	7	\N	Point	\N	0	11	2018-11-02 11:34:33.105321	2018-11-02 11:34:33.105321	\N
1797	109 	2012-07-13	\N	\N	\N	\N		1	76.0	1961	f	1	2	1	\N	Point	\N	0	11	2018-11-02 11:34:33.128743	2018-11-02 11:34:33.128743	\N
1798	 27	\N	\N	\N	\N	\N		\N	\N		f	1	2	7	\N	Point	\N	0	11	2018-11-02 11:34:33.159233	2018-11-02 11:34:33.159233	\N
1799	 28	\N	\N	\N	\N	\N		\N	\N		f	1	2	7	\N	Point	\N	0	11	2018-11-02 11:34:33.182039	2018-11-02 11:34:33.182039	\N
1800	 23	\N	\N	\N	\N	\N		\N	\N		f	1	2	7	\N	Point	\N	0	11	2018-11-02 11:34:33.200399	2018-11-02 11:34:33.200399	\N
1801	 74	\N	\N	\N	\N	\N		\N	\N		f	1	2	7	\N	Point	\N	0	11	2018-11-02 11:34:33.218607	2018-11-02 11:34:33.218607	\N
1802	 48, 50	\N	\N	\N	\N	\N		\N	\N		f	1	2	7	\N	Point	\N	0	11	2018-11-02 11:34:33.236372	2018-11-02 11:34:33.236372	\N
1803	 43, 45	\N	\N	\N	\N	\N		\N	\N		f	1	2	7	\N	Point	\N	0	11	2018-11-02 11:34:33.2544	2018-11-02 11:34:33.2544	\N
1804	 9	\N	\N	\N	\N	\N		\N	\N		f	1	2	7	\N	Point	\N	0	11	2018-11-02 11:34:33.273145	2018-11-02 11:34:33.273145	\N
1805	 11, 13	\N	\N	\N	\N	\N		\N	\N		f	1	2	7	\N	Point	\N	0	11	2018-11-02 11:34:33.295367	2018-11-02 11:34:33.295367	\N
1806	 126	\N	\N	\N	\N	\N		\N	\N		f	1	2	7	\N	Point	\N	0	11	2018-11-02 11:34:33.315754	2018-11-02 11:34:33.315754	\N
1807	 33	\N	\N	\N	\N	\N		\N	\N		f	1	2	7	\N	Point	\N	0	11	2018-11-02 11:34:33.338759	2018-11-02 11:34:33.338759	\N
1808	 19, 21	\N	\N	\N	\N	\N		\N	\N		f	1	2	7	\N	Point	\N	0	11	2018-11-02 11:34:33.35776	2018-11-02 11:34:33.35776	\N
1809	 93, 95	\N	\N	\N	\N	\N		\N	\N		f	1	2	7	\N	Point	\N	0	11	2018-11-02 11:34:33.377983	2018-11-02 11:34:33.377983	\N
1810	 14	\N	\N	\N	\N	\N		\N	\N		f	1	2	7	\N	Point	\N	0	11	2018-11-02 11:34:33.403079	2018-11-02 11:34:33.403079	\N
1811	 64	\N	\N	\N	\N	\N		\N	\N		f	1	2	7	\N	Point	\N	0	11	2018-11-02 11:34:33.422294	2018-11-02 11:34:33.422294	\N
1812	15	\N	\N	\N	\N	\N		\N	\N		f	1	2	7	\N	Point	\N	0	11	2018-11-02 11:34:33.44081	2018-11-02 11:34:33.44081	\N
1813	 62	\N	\N	\N	\N	\N		\N	\N		f	1	2	7	\N	Point	\N	0	11	2018-11-02 11:34:33.45972	2018-11-02 11:34:33.45972	\N
1814	 4	\N	\N	\N	\N	\N		\N	\N		f	1	2	7	\N	Point	\N	0	11	2018-11-02 11:34:33.479747	2018-11-02 11:34:33.479747	\N
1815	/	2011-08-19	0510136300:01:065:0027	3.66	1.0	\N	1991	1	347.2	1991	f	2	2	8	\N	Point	\N	0	11	2018-11-02 11:34:33.502742	2018-11-02 11:34:33.502742	\N
1816	3	\N	\N	\N	\N	\N		\N	72.0		f	2	2	7	\N	Point	\N	0	11	2018-11-02 11:34:33.522487	2018-11-02 11:34:33.522487	\N
1817	3	2017-10-30	0510100000:02:080:0201	1.04	\N	\N	2012	3	6536.1	2012	f	2	2	2	\N	Point	\N	0	11	2018-11-02 11:34:33.542456	2018-11-02 11:34:33.542456	\N
1818	3	\N	\N	\N	\N	\N		\N	219.5		f	2	2	7	\N	Point	\N	0	11	2018-11-02 11:34:33.568644	2018-11-02 11:34:33.568644	\N
1819	 51, 53	\N	\N	\N	\N	\N		\N	\N		f	2	2	7	\N	Point	\N	0	11	2018-11-02 11:34:33.587215	2018-11-02 11:34:33.587215	\N
1820	3	\N	\N	\N	\N	\N		\N	\N	1991	f	2	2	1	\N	Point	\N	0	11	2018-11-02 11:34:33.608057	2018-11-02 11:34:33.608057	\N
1821	13	\N	\N	\N	\N	\N		\N	\N	1986	f	2	2	1	\N	Point	\N	0	11	2018-11-02 11:34:33.625696	2018-11-02 11:34:33.625696	\N
1822	12	\N	\N	\N	\N	\N		\N	\N	1980	f	2	2	1	\N	Point	\N	0	11	2018-11-02 11:34:33.646779	2018-11-02 11:34:33.646779	\N
1823	13 	2012-03-15	0510136300:01:047:0013	0.0039	\N	\N		1	38.7		f	2	2	1	\N	Point	\N	0	11	2018-11-02 11:34:33.668703	2018-11-02 11:34:33.668703	\N
1824	 46	\N	\N	\N	\N	\N		\N	\N		f	2	2	1	\N	Point	\N	0	11	2018-11-02 11:34:33.696685	2018-11-02 11:34:33.696685	\N
1825	9/13	\N	\N	\N	\N	\N		\N	\N		f	2	2	1	\N	Point	\N	0	11	2018-11-02 11:34:33.722209	2018-11-02 11:34:33.722209	\N
1826	9	\N	\N	\N	\N	\N		\N	\N		f	2	2	1	\N	Point	\N	0	11	2018-11-02 11:34:33.74707	2018-11-02 11:34:33.74707	\N
1827	26	\N	\N	\N	\N	\N		\N	\N		f	2	2	1	\N	Point	\N	0	11	2018-11-02 11:34:33.769582	2018-11-02 11:34:33.769582	\N
1828	45	\N	\N	\N	\N	\N		\N	\N		f	2	2	1	\N	Point	\N	0	11	2018-11-02 11:34:33.794533	2018-11-02 11:34:33.794533	\N
1829	20	\N	\N	\N	\N	\N		\N	\N		f	2	2	1	\N	Point	\N	0	11	2018-11-02 11:34:33.822924	2018-11-02 11:34:33.822924	\N
1830	48	\N	\N	\N	\N	\N		\N	\N		f	2	2	1	\N	Point	\N	0	11	2018-11-02 11:34:33.848248	2018-11-02 11:34:33.848248	\N
1831	13	\N	\N	\N	\N	\N		\N	\N		f	2	2	1	\N	Point	\N	0	11	2018-11-02 11:34:33.875959	2018-11-02 11:34:33.875959	\N
1832	89	\N	\N	\N	\N	\N		\N	\N	1980	f	2	2	1	\N	Point	\N	0	11	2018-11-02 11:34:33.899211	2018-11-02 11:34:33.899211	\N
1833	103	\N	\N	\N	\N	\N		\N	\N		f	2	2	1	\N	Point	\N	0	11	2018-11-02 11:34:33.922605	2018-11-02 11:34:33.922605	\N
1834	79	\N	\N	\N	\N	\N		\N	\N	1985	f	2	2	1	\N	Point	\N	0	11	2018-11-02 11:34:33.946082	2018-11-02 11:34:33.946082	\N
1835	 6	\N	\N	\N	\N	\N		\N	\N		f	2	2	1	\N	Point	\N	0	11	2018-11-02 11:34:33.964696	2018-11-02 11:34:33.964696	\N
1836	17(13)	\N	\N	\N	\N	\N		\N	\N		f	2	2	1	\N	Point	\N	0	11	2018-11-02 11:34:33.983017	2018-11-02 11:34:33.983017	\N
1837	4	\N	\N	\N	\N	\N		\N	\N		f	2	2	1	\N	Point	\N	0	11	2018-11-02 11:34:34.008172	2018-11-02 11:34:34.008172	\N
1838	24	\N	\N	\N	\N	\N		\N	\N		f	2	2	1	\N	Point	\N	0	11	2018-11-02 11:34:34.027627	2018-11-02 11:34:34.027627	\N
1839	41	\N	\N	\N	\N	\N		\N	6714.0		f	2	2	7	\N	Point	\N	0	11	2018-11-02 11:34:34.046183	2018-11-02 11:34:34.046183	\N
1840	6	\N	\N	\N	\N	\N		\N	1640.5		f	2	2	7	\N	Point	\N	0	11	2018-11-02 11:34:34.064521	2018-11-02 11:34:34.064521	\N
1841	146	\N	\N	\N	\N	\N		\N	3285.8		f	2	2	7	\N	Point	\N	0	11	2018-11-02 11:34:34.084829	2018-11-02 11:34:34.084829	\N
1842	17	\N	\N	\N	\N	\N		\N	\N		f	2	2	3	\N	Point	\N	0	11	2018-11-02 11:34:34.104991	2018-11-02 11:34:34.104991	\N
1843	120	\N	\N	\N	\N	\N		\N	610.9		f	2	2	1	\N	Point	\N	0	11	2018-11-02 11:34:34.13128	2018-11-02 11:34:34.13128	\N
1844	18	2015-10-21	0510100000:01:059:0080	7.07	1.0	\N	1971	\N	\N	1971	f	2	2	8	\N	Point	\N	0	11	2018-11-02 11:34:34.151195	2018-11-02 11:34:34.151195	\N
1845	7	\N	\N	\N	\N	\N		\N	164.6		f	2	2	7	\N	Point	\N	0	11	2018-11-02 11:34:34.169997	2018-11-02 11:34:34.169997	\N
1846	20	\N	\N	\N	\N	\N		\N	549.0		f	2	2	7	\N	Point	\N	0	11	2018-11-02 11:34:34.190747	2018-11-02 11:34:34.190747	\N
1847	18	\N	\N	\N	\N	\N		\N	207.8		f	2	2	7	\N	Point	\N	0	11	2018-11-02 11:34:34.214449	2018-11-02 11:34:34.214449	\N
1848	16	\N	\N	\N	\N	\N		\N	973.0		f	2	2	7	\N	Point	\N	0	11	2018-11-02 11:34:34.2398	2018-11-02 11:34:34.2398	\N
1849	7	\N	\N	\N	\N	\N		\N	549.0		f	2	2	7	\N	Point	\N	0	11	2018-11-02 11:34:34.261382	2018-11-02 11:34:34.261382	\N
1850	13	\N	\N	\N	\N	\N		\N	312.0		f	2	2	7	\N	Point	\N	0	11	2018-11-02 11:34:34.289444	2018-11-02 11:34:34.289444	\N
1851	25	\N	\N	\N	\N	\N		\N	5709.9		f	2	2	7	\N	Point	\N	0	11	2018-11-02 11:34:34.312726	2018-11-02 11:34:34.312726	\N
1852	23	\N	\N	\N	\N	\N		\N	3775.0		f	2	2	7	\N	Point	\N	0	11	2018-11-02 11:34:34.346196	2018-11-02 11:34:34.346196	\N
1853	66	\N	\N	\N	\N	\N		\N	2288.13		f	2	2	7	\N	Point	\N	0	11	2018-11-02 11:34:34.379938	2018-11-02 11:34:34.379938	\N
1854	64	\N	\N	\N	\N	\N		\N	2605.9		f	2	2	7	\N	Point	\N	0	11	2018-11-02 11:34:34.400448	2018-11-02 11:34:34.400448	\N
1855	60	\N	\N	\N	\N	\N		\N	2397.16		f	2	2	7	\N	Point	\N	0	11	2018-11-02 11:34:34.423481	2018-11-02 11:34:34.423481	\N
1856	54	\N	\N	\N	\N	\N		\N	1312.34		f	2	2	7	\N	Point	\N	0	11	2018-11-02 11:34:34.447905	2018-11-02 11:34:34.447905	\N
1857	44	\N	\N	\N	\N	\N		\N	4160.0		f	2	2	7	\N	Point	\N	0	11	2018-11-02 11:34:34.472177	2018-11-02 11:34:34.472177	\N
1858	42	\N	\N	\N	\N	\N		\N	4140.0		f	2	2	7	\N	Point	\N	0	11	2018-11-02 11:34:34.497133	2018-11-02 11:34:34.497133	\N
1859	23	\N	\N	\N	\N	\N		\N	3563.5		f	2	2	7	\N	Point	\N	0	11	2018-11-02 11:34:34.521968	2018-11-02 11:34:34.521968	\N
1860	19	\N	\N	\N	\N	\N		\N	1591.9		f	2	2	7	\N	Point	\N	0	11	2018-11-02 11:34:34.545777	2018-11-02 11:34:34.545777	\N
1861	17	\N	\N	\N	\N	\N		\N	1131.15		f	2	2	7	\N	Point	\N	0	11	2018-11-02 11:34:34.574263	2018-11-02 11:34:34.574263	\N
1862	15	\N	\N	\N	\N	\N		\N	1123.1		f	2	2	7	\N	Point	\N	0	11	2018-11-02 11:34:34.595014	2018-11-02 11:34:34.595014	\N
1863	13	\N	\N	\N	\N	\N		\N	1811.5		f	2	2	7	\N	Point	\N	0	11	2018-11-02 11:34:34.622795	2018-11-02 11:34:34.622795	\N
1864	13	\N	\N	\N	\N	\N		\N	1070.4		f	2	2	7	\N	Point	\N	0	11	2018-11-02 11:34:34.64329	2018-11-02 11:34:34.64329	\N
1865	9	\N	\N	\N	\N	\N		\N	1022.98		f	2	2	7	\N	Point	\N	0	11	2018-11-02 11:34:34.689516	2018-11-02 11:34:34.689516	\N
1866	6	\N	\N	\N	\N	\N		\N	1226.7		f	2	2	7	\N	Point	\N	0	11	2018-11-02 11:34:34.716793	2018-11-02 11:34:34.716793	\N
1867	5	\N	\N	\N	\N	\N		\N	1060.31		f	2	2	7	\N	Point	\N	0	11	2018-11-02 11:34:34.743331	2018-11-02 11:34:34.743331	\N
1868	3	\N	\N	\N	\N	\N		\N	1263.2		f	2	2	7	\N	Point	\N	0	11	2018-11-02 11:34:34.768134	2018-11-02 11:34:34.768134	\N
1869	33	\N	\N	\N	\N	\N		\N	2087.52		f	2	2	7	\N	Point	\N	0	11	2018-11-02 11:34:34.793822	2018-11-02 11:34:34.793822	\N
1870	5	\N	\N	\N	\N	\N		\N	1391.4		f	2	2	7	\N	Point	\N	0	11	2018-11-02 11:34:34.827511	2018-11-02 11:34:34.827511	\N
1871	 33	\N	\N	\N	\N	\N		\N	1253.5		f	2	2	7	\N	Point	\N	0	11	2018-11-02 11:34:34.850767	2018-11-02 11:34:34.850767	\N
1872	70	\N	\N	\N	\N	\N		\N	2607.0		f	2	2	7	\N	Point	\N	0	11	2018-11-02 11:34:34.873236	2018-11-02 11:34:34.873236	\N
1873	 43	\N	\N	\N	\N	\N		\N	\N	2011	f	2	2	7	\N	Point	\N	0	11	2018-11-02 11:34:34.891782	2018-11-02 11:34:34.891782	\N
1874	 39	\N	\N	\N	\N	\N		\N	\N	2011	f	2	2	7	\N	Point	\N	0	11	2018-11-02 11:34:34.910603	2018-11-02 11:34:34.910603	\N
1875	 3,10	\N	\N	\N	\N	\N		\N	\N	2011	f	2	2	7	\N	Point	\N	0	11	2018-11-02 11:34:34.93008	2018-11-02 11:34:34.93008	\N
1876	 16, 16	\N	\N	\N	\N	\N		\N	\N	2011	f	2	2	7	\N	Point	\N	0	11	2018-11-02 11:34:34.94874	2018-11-02 11:34:34.94874	\N
1877	 34	\N	\N	\N	\N	\N		\N	\N	2011	f	2	2	7	\N	Point	\N	0	11	2018-11-02 11:34:34.967573	2018-11-02 11:34:34.967573	\N
1878	 24,30	\N	\N	\N	\N	\N		\N	\N	2011	f	2	2	7	\N	Point	\N	0	11	2018-11-02 11:34:34.988155	2018-11-02 11:34:34.988155	\N
1879	56	\N	\N	\N	\N	\N		\N	\N	2012	f	2	2	7	\N	Point	\N	0	11	2018-11-02 11:34:35.009443	2018-11-02 11:34:35.009443	\N
1880	 16	\N	\N	\N	\N	\N		\N	\N	2012	f	2	2	7	\N	Point	\N	0	11	2018-11-02 11:34:35.030535	2018-11-02 11:34:35.030535	\N
1881	118	\N	\N	\N	\N	\N		\N	\N	2012	f	2	2	7	\N	Point	\N	0	11	2018-11-02 11:34:35.052741	2018-11-02 11:34:35.052741	\N
1882	22	\N	\N	\N	\N	\N		\N	\N	2012	f	2	2	1	\N	Point	\N	0	11	2018-11-02 11:34:35.076347	2018-11-02 11:34:35.076347	\N
1883	6-18	\N	\N	\N	\N	\N		\N	\N		f	2	2	1	\N	Point	\N	0	11	2018-11-02 11:34:35.100457	2018-11-02 11:34:35.100457	\N
1884	34,36,40,42	\N	\N	\N	\N	\N		\N	\N	2007	f	2	2	1	\N	Point	\N	0	11	2018-11-02 11:34:35.123219	2018-11-02 11:34:35.123219	\N
1885	\\	\N	\N	\N	\N	\N		\N	\N		f	2	2	1	\N	Point	\N	0	11	2018-11-02 11:34:35.144317	2018-11-02 11:34:35.144317	\N
1886	39 	2012-03-15	0510136300:01:040:0062	0.0066	\N	\N		1	66.0		f	2	2	1	\N	Point	\N	0	11	2018-11-02 11:34:35.163247	2018-11-02 11:34:35.163247	\N
1887	58	\N	\N	\N	\N	\N		\N	3836.5		f	2	2	7	\N	Point	\N	0	11	2018-11-02 11:34:35.182127	2018-11-02 11:34:35.182127	\N
1888	10	\N	\N	\N	\N	\N		5	3845.4	1973	f	2	2	7	\N	Point	\N	0	11	2018-11-02 11:34:35.200293	2018-11-02 11:34:35.200293	\N
1889	26	\N	\N	\N	\N	\N		\N	4823.0	2002	f	2	2	7	\N	Point	\N	0	11	2018-11-02 11:34:35.219378	2018-11-02 11:34:35.219378	\N
1890	16	\N	\N	\N	\N	\N		\N	\N		f	2	2	7	\N	Point	\N	0	11	2018-11-02 11:34:35.237533	2018-11-02 11:34:35.237533	\N
1891	51	\N	\N	\N	\N	\N		6	4932.6	2003	f	2	2	7	\N	Point	\N	0	11	2018-11-02 11:34:35.255893	2018-11-02 11:34:35.255893	\N
1892	8	\N	\N	\N	\N	\N		\N	\N		f	2	2	1	\N	Point	\N	0	11	2018-11-02 11:34:35.274054	2018-11-02 11:34:35.274054	\N
1893	18	\N	\N	\N	\N	\N		\N	5931.0		f	2	2	7	\N	Point	\N	0	11	2018-11-02 11:34:35.293834	2018-11-02 11:34:35.293834	\N
1894	3	\N	\N	\N	\N	\N		\N	\N		f	2	2	1	\N	Point	\N	0	11	2018-11-02 11:34:35.314011	2018-11-02 11:34:35.314011	\N
1895	/	\N	\N	\N	\N	\N		\N	\N		f	2	2	1	\N	Point	\N	0	11	2018-11-02 11:34:35.333866	2018-11-02 11:34:35.333866	\N
1896	14	\N	\N	\N	\N	\N		\N	512.9		f	2	2	7	\N	Point	\N	0	11	2018-11-02 11:34:35.353697	2018-11-02 11:34:35.353697	\N
1897	14	\N	\N	\N	\N	\N		\N	5063.1		f	2	2	7	\N	Point	\N	0	11	2018-11-02 11:34:35.374571	2018-11-02 11:34:35.374571	\N
1898	17	\N	\N	\N	\N	\N		\N	626.8		f	2	2	7	\N	Point	\N	0	11	2018-11-02 11:34:35.395477	2018-11-02 11:34:35.395477	\N
1899	3	\N	\N	\N	\N	\N		\N	3242.1		f	2	2	7	\N	Point	\N	0	11	2018-11-02 11:34:35.417402	2018-11-02 11:34:35.417402	\N
1900	23	\N	\N	\N	\N	\N		\N	7544.05		f	2	2	7	\N	Point	\N	0	11	2018-11-02 11:34:35.437644	2018-11-02 11:34:35.437644	\N
1901	19	\N	\N	\N	\N	\N		\N	8631.7		f	2	2	7	\N	Point	\N	0	11	2018-11-02 11:34:35.45773	2018-11-02 11:34:35.45773	\N
1902	2	\N	\N	\N	\N	\N		\N	2445.4		f	2	2	7	\N	Point	\N	0	11	2018-11-02 11:34:35.47726	2018-11-02 11:34:35.47726	\N
1903	15	\N	\N	\N	\N	\N		\N	260.5		f	2	2	7	\N	Point	\N	0	11	2018-11-02 11:34:35.497512	2018-11-02 11:34:35.497512	\N
1904	3	\N	\N	\N	\N	\N		\N	1796.6		f	2	2	7	\N	Point	\N	0	11	2018-11-02 11:34:35.51809	2018-11-02 11:34:35.51809	\N
1905	24	\N	\N	\N	\N	\N		5	4998.0	1980	f	2	2	7	\N	Point	\N	0	11	2018-11-02 11:34:35.53809	2018-11-02 11:34:35.53809	\N
1906	17	\N	\N	\N	\N	\N		\N	4109.8		f	2	2	7	\N	Point	\N	0	11	2018-11-02 11:34:35.558133	2018-11-02 11:34:35.558133	\N
1907	71	\N	\N	\N	\N	\N		\N	2927.4		f	2	2	7	\N	Point	\N	0	11	2018-11-02 11:34:35.578064	2018-11-02 11:34:35.578064	\N
1908	11	\N	\N	\N	\N	\N		\N	240.0	1978	f	2	2	1	\N	Point	\N	0	11	2018-11-02 11:34:35.597787	2018-11-02 11:34:35.597787	\N
1909	47	\N	\N	\N	\N	\N		\N	144.0	2004	f	2	2	1	\N	Point	\N	0	11	2018-11-02 11:34:35.61801	2018-11-02 11:34:35.61801	\N
1910	 9 (3)	\N	\N	\N	\N	\N		\N	504.0	1979	f	2	2	1	\N	Point	\N	0	11	2018-11-02 11:34:35.637117	2018-11-02 11:34:35.637117	\N
1911	 172	\N	\N	\N	\N	\N		\N	130.0	1968	f	2	2	1	\N	Point	\N	0	11	2018-11-02 11:34:35.656692	2018-11-02 11:34:35.656692	\N
1912	57	\N	\N	\N	\N	\N		\N	93.0	1982	f	2	2	1	\N	Point	\N	0	11	2018-11-02 11:34:35.675768	2018-11-02 11:34:35.675768	\N
1913	 5	\N	\N	\N	\N	\N		\N	224.0	1987	f	2	2	1	\N	Point	\N	0	11	2018-11-02 11:34:35.695674	2018-11-02 11:34:35.695674	\N
1914	 34	\N	\N	\N	\N	\N		\N	135.0	1990	f	2	2	1	\N	Point	\N	0	11	2018-11-02 11:34:35.716657	2018-11-02 11:34:35.716657	\N
1915	 2	\N	\N	\N	\N	\N		\N	82.0	1989	f	2	2	1	\N	Point	\N	0	11	2018-11-02 11:34:35.73483	2018-11-02 11:34:35.73483	\N
1916	 3	\N	\N	\N	\N	\N		\N	98.0	1990	f	2	2	1	\N	Point	\N	0	11	2018-11-02 11:34:35.754804	2018-11-02 11:34:35.754804	\N
1917	30	\N	\N	\N	\N	\N		\N	110.0	1971	f	2	2	1	\N	Point	\N	0	11	2018-11-02 11:34:35.772721	2018-11-02 11:34:35.772721	\N
1918	 70	\N	\N	\N	\N	\N		\N	99.0	1973	f	2	2	1	\N	Point	\N	0	11	2018-11-02 11:34:35.791207	2018-11-02 11:34:35.791207	\N
1919	 1	\N	\N	\N	\N	\N		\N	655.0	1993	f	2	2	1	\N	Point	\N	0	11	2018-11-02 11:34:35.808822	2018-11-02 11:34:35.808822	\N
1920	 19	\N	\N	\N	\N	\N		\N	500.0	1977	f	2	2	1	\N	Point	\N	0	11	2018-11-02 11:34:35.827688	2018-11-02 11:34:35.827688	\N
1921	 78	\N	\N	\N	\N	\N		\N	600.0	1979	f	2	2	1	\N	Point	\N	0	11	2018-11-02 11:34:35.846345	2018-11-02 11:34:35.846345	\N
1922	 44	\N	\N	\N	\N	\N		\N	290.0	1996	f	2	2	1	\N	Point	\N	0	11	2018-11-02 11:34:35.869314	2018-11-02 11:34:35.869314	\N
1923	 82 (108)	\N	\N	\N	\N	\N		\N	147.0	1960	f	2	2	1	\N	Point	\N	0	11	2018-11-02 11:34:35.888589	2018-11-02 11:34:35.888589	\N
1924	 128(126)	\N	\N	\N	\N	\N		\N	284.0	1965	f	2	2	1	\N	Point	\N	0	11	2018-11-02 11:34:35.906507	2018-11-02 11:34:35.906507	\N
1925	 122 (106)	\N	\N	\N	\N	\N		\N	284.0	1970	f	2	2	1	\N	Point	\N	0	11	2018-11-02 11:34:35.924115	2018-11-02 11:34:35.924115	\N
1926	 50	\N	\N	\N	\N	\N		\N	98.0	1982	f	2	2	1	\N	Point	\N	0	11	2018-11-02 11:34:35.950514	2018-11-02 11:34:35.950514	\N
1927	/	\N	\N	\N	\N	\N		\N	360.0	1986	f	2	2	1	\N	Point	\N	0	11	2018-11-02 11:34:35.969035	2018-11-02 11:34:35.969035	\N
1928	 18	\N	\N	\N	\N	\N		\N	135.0	1973	f	2	2	1	\N	Point	\N	0	11	2018-11-02 11:34:35.990717	2018-11-02 11:34:35.990717	\N
1929	57	\N	\N	\N	\N	\N		\N	133.0	1973	f	2	2	1	\N	Point	\N	0	11	2018-11-02 11:34:36.009902	2018-11-02 11:34:36.009902	\N
1930	65	\N	\N	\N	\N	\N		\N	248.0	1989	f	2	2	1	\N	Point	\N	0	11	2018-11-02 11:34:36.03109	2018-11-02 11:34:36.03109	\N
1931	14 (32)	\N	\N	\N	\N	\N		\N	148.0	1985	f	2	2	1	\N	Point	\N	0	11	2018-11-02 11:34:36.049583	2018-11-02 11:34:36.049583	\N
1932	 17	\N	\N	\N	\N	\N		\N	62.0	1977	f	2	2	1	\N	Point	\N	0	11	2018-11-02 11:34:36.070931	2018-11-02 11:34:36.070931	\N
1933	 54	\N	\N	\N	\N	\N		\N	325.0	1995	f	2	2	1	\N	Point	\N	0	11	2018-11-02 11:34:36.089618	2018-11-02 11:34:36.089618	\N
1934	15	\N	\N	\N	\N	\N		\N	75.0	1986	f	2	2	1	\N	Point	\N	0	11	2018-11-02 11:34:36.109036	2018-11-02 11:34:36.109036	\N
1935	20	\N	\N	\N	\N	\N		\N	325.0	1991	f	2	2	1	\N	Point	\N	0	11	2018-11-02 11:34:36.129172	2018-11-02 11:34:36.129172	\N
1936	143	\N	\N	\N	\N	\N		\N	61.0	1963	f	2	2	1	\N	Point	\N	0	11	2018-11-02 11:34:36.147156	2018-11-02 11:34:36.147156	\N
1937	39	\N	\N	\N	\N	\N		\N	93.3	1990	f	2	2	1	\N	Point	\N	0	11	2018-11-02 11:34:36.165129	2018-11-02 11:34:36.165129	\N
1938	31	\N	\N	\N	\N	\N		\N	220.0	1988	f	2	2	1	\N	Point	\N	0	11	2018-11-02 11:34:36.182957	2018-11-02 11:34:36.182957	\N
1939	62	2013-08-28	\N	\N	\N	\N		\N	154.9	2004	f	2	2	1	\N	Point	\N	0	11	2018-11-02 11:34:36.20191	2018-11-02 11:34:36.20191	\N
1940	 6	\N	\N	\N	\N	\N		\N	70.0	1964	f	2	2	1	\N	Point	\N	0	11	2018-11-02 11:34:36.219976	2018-11-02 11:34:36.219976	\N
1941	17	\N	\N	\N	\N	\N		\N	72.0	1974	f	2	2	1	\N	Point	\N	0	11	2018-11-02 11:34:36.237557	2018-11-02 11:34:36.237557	\N
1942	23	\N	\N	\N	\N	\N		\N	276.0	2005	f	2	2	1	\N	Point	\N	0	11	2018-11-02 11:34:36.257783	2018-11-02 11:34:36.257783	\N
1943	2	\N	\N	\N	\N	\N		\N	654.0	1988	f	2	2	1	\N	Point	\N	0	11	2018-11-02 11:34:36.275164	2018-11-02 11:34:36.275164	\N
1944	1	\N	\N	\N	\N	\N		\N	360.0	1979	f	2	2	1	\N	Point	\N	0	11	2018-11-02 11:34:36.301805	2018-11-02 11:34:36.301805	\N
1945	 18	\N	\N	\N	\N	\N		\N	183.0	1980	f	2	2	1	\N	Point	\N	0	11	2018-11-02 11:34:36.319894	2018-11-02 11:34:36.319894	\N
1946	 48	\N	\N	\N	\N	\N		\N	121.0	1967	f	2	2	1	\N	Point	\N	0	11	2018-11-02 11:34:36.345904	2018-11-02 11:34:36.345904	\N
1947	 189	\N	\N	\N	\N	\N		\N	84.0	1987	f	2	2	1	\N	Point	\N	0	11	2018-11-02 11:34:36.365615	2018-11-02 11:34:36.365615	\N
1948	 191	\N	\N	\N	\N	\N		\N	36.0	2006	f	2	2	1	\N	Point	\N	0	11	2018-11-02 11:34:36.386702	2018-11-02 11:34:36.386702	\N
1949	40	\N	\N	\N	\N	\N		\N	140.0	1997	f	2	2	1	\N	Point	\N	0	11	2018-11-02 11:34:36.412686	2018-11-02 11:34:36.412686	\N
1950	 22	\N	\N	\N	\N	\N		\N	195.0	1988	f	2	2	1	\N	Point	\N	0	11	2018-11-02 11:34:36.431118	2018-11-02 11:34:36.431118	\N
1951	20	\N	\N	\N	\N	\N		\N	156.0	1984	f	2	2	1	\N	Point	\N	0	11	2018-11-02 11:34:36.456104	2018-11-02 11:34:36.456104	\N
1952	 42	\N	\N	\N	\N	\N		\N	92.0	1977	f	2	2	1	\N	Point	\N	0	11	2018-11-02 11:34:36.474264	2018-11-02 11:34:36.474264	\N
1953	64	2017-11-30	0510100000:02:066:00052	0.015299999999999998	\N	\N		1	130.8		f	2	16	1	\N	Point	\N	0	11	2018-11-02 11:34:36.498013	2018-11-02 11:34:36.498013	\N
1954	 14, 16	\N	\N	\N	\N	\N		\N	162.0	1985	f	2	16	1	\N	Point	\N	0	11	2018-11-02 11:34:36.517392	2018-11-02 11:34:36.517392	\N
1955	84	\N	\N	\N	\N	\N		\N	106.9	1977	f	2	16	1	\N	Point	\N	0	11	2018-11-02 11:34:36.536686	2018-11-02 11:34:36.536686	\N
1956	94	2012-12-27	\N	\N	\N	\N	2014	2	119.3	2012	f	2	16	8	\N	Point	\N	0	11	2018-11-02 11:34:36.55425	2018-11-02 11:34:36.55425	\N
1957	66	\N	\N	\N	\N	\N		\N	182.0	1992	f	2	16	1	\N	Point	\N	0	11	2018-11-02 11:34:36.572621	2018-11-02 11:34:36.572621	\N
1958	 32	\N	\N	\N	\N	\N		\N	23.0	1989	f	2	16	1	\N	Point	\N	0	11	2018-11-02 11:34:36.594174	2018-11-02 11:34:36.594174	\N
1959	 19, 27	\N	\N	\N	\N	\N		\N	\N	1982	f	2	16	1	\N	Point	\N	0	11	2018-11-02 11:34:36.612788	2018-11-02 11:34:36.612788	\N
1960	2	\N	0510100000:02:012:0087	612.0	\N	\N		\N	\N		f	2	16	1	\N	Point	\N	0	11	2018-11-02 11:34:36.630397	2018-11-02 11:34:36.630397	\N
1961	 39	\N	\N	\N	\N	\N		\N	146.8	1988	f	2	16	1	\N	Point	\N	0	11	2018-11-02 11:34:36.647771	2018-11-02 11:34:36.647771	\N
1962	31	\N	\N	\N	\N	\N		\N	\N	1970	f	2	16	1	\N	Point	\N	0	11	2018-11-02 11:34:36.665759	2018-11-02 11:34:36.665759	\N
1963	19	\N	\N	\N	\N	\N		\N	\N	1987	f	2	16	1	\N	Point	\N	0	11	2018-11-02 11:34:36.683369	2018-11-02 11:34:36.683369	\N
1964	10	\N	\N	\N	\N	\N		\N	\N		f	2	16	1	\N	Point	\N	0	11	2018-11-02 11:34:36.703663	2018-11-02 11:34:36.703663	\N
1965	3	\N	\N	\N	\N	\N		\N	\N		f	2	16	1	\N	Point	\N	0	11	2018-11-02 11:34:36.721507	2018-11-02 11:34:36.721507	\N
1966	17	\N	\N	\N	\N	\N		\N	\N		f	2	16	1	\N	Point	\N	0	11	2018-11-02 11:34:36.739452	2018-11-02 11:34:36.739452	\N
1967	160	\N	\N	\N	\N	\N		\N	\N		f	2	16	1	\N	Point	\N	0	11	2018-11-02 11:34:36.757409	2018-11-02 11:34:36.757409	\N
1968	 73	\N	\N	\N	\N	\N		1	324.9	1991	f	2	16	1	\N	Point	\N	0	11	2018-11-02 11:34:36.775444	2018-11-02 11:34:36.775444	\N
1969	 161	\N	\N	264.0	\N	\N		1	51.4	1995	f	2	16	1	\N	Point	\N	0	11	2018-11-02 11:34:36.793219	2018-11-02 11:34:36.793219	\N
1970	 39	\N	\N	191.0	\N	\N		1	112.0	1999	f	2	16	1	\N	Point	\N	0	11	2018-11-02 11:34:36.811171	2018-11-02 11:34:36.811171	\N
1971	 132	\N	\N	\N	\N	\N		1	280.1	1997	f	2	16	1	\N	Point	\N	0	11	2018-11-02 11:34:36.829139	2018-11-02 11:34:36.829139	\N
1972	77	\N	\N	\N	\N	\N		\N	\N	1996	f	2	16	1	\N	Point	\N	0	11	2018-11-02 11:34:36.848696	2018-11-02 11:34:36.848696	\N
1973	 34	\N	\N	\N	\N	\N		\N	\N		f	2	16	1	\N	Point	\N	0	11	2018-11-02 11:34:36.867901	2018-11-02 11:34:36.867901	\N
1974	/	\N	\N	\N	\N	\N		\N	\N		f	2	16	1	\N	Point	\N	0	11	2018-11-02 11:34:36.88569	2018-11-02 11:34:36.88569	\N
1975	/	\N	\N	\N	\N	\N		\N	\N		f	2	16	1	\N	Point	\N	0	11	2018-11-02 11:34:36.903237	2018-11-02 11:34:36.903237	\N
1976	/	\N	\N	\N	\N	\N		\N	\N		f	2	16	1	\N	Point	\N	0	11	2018-11-02 11:34:36.920808	2018-11-02 11:34:36.920808	\N
1977	2	\N	\N	\N	\N	\N		\N	\N		f	2	16	7	\N	Point	\N	0	11	2018-11-02 11:34:36.939509	2018-11-02 11:34:36.939509	\N
1978	31 	2012-01-26	0510136600:02:068:0316	0.0067	\N	\N		\N	67.9		f	2	16	1	\N	Point	\N	0	11	2018-11-02 11:34:36.957372	2018-11-02 11:34:36.957372	\N
1979	16	\N	\N	\N	\N	\N		\N	401.2		f	2	16	7	\N	Point	\N	0	11	2018-11-02 11:34:36.975598	2018-11-02 11:34:36.975598	\N
1980	20	\N	\N	\N	\N	\N		\N	\N		f	2	16	7	\N	Point	\N	0	11	2018-11-02 11:34:36.997565	2018-11-02 11:34:36.997565	\N
1981	122	\N	\N	\N	\N	\N		\N	\N		f	2	16	7	\N	Point	\N	0	11	2018-11-02 11:34:37.01395	2018-11-02 11:34:37.01395	\N
1982	89	\N	\N	\N	\N	\N		\N	\N		f	2	16	7	\N	Point	\N	0	11	2018-11-02 11:34:37.029757	2018-11-02 11:34:37.029757	\N
1983	59	\N	\N	\N	\N	\N		\N	119.1		f	2	16	7	\N	Point	\N	0	11	2018-11-02 11:34:37.047688	2018-11-02 11:34:37.047688	\N
1984	61	\N	\N	\N	\N	\N		\N	143.2		f	2	16	7	\N	Point	\N	0	11	2018-11-02 11:34:37.065846	2018-11-02 11:34:37.065846	\N
1985	2	\N	\N	\N	\N	\N		\N	329.3		f	2	16	7	\N	Point	\N	0	11	2018-11-02 11:34:37.091327	2018-11-02 11:34:37.091327	\N
1986	31	\N	\N	\N	\N	\N		\N	31.9		f	2	16	7	\N	Point	\N	0	11	2018-11-02 11:34:37.109381	2018-11-02 11:34:37.109381	\N
1987	22	\N	\N	\N	\N	\N		\N	54.0		f	2	16	7	\N	Point	\N	0	11	2018-11-02 11:34:37.127435	2018-11-02 11:34:37.127435	\N
1988	57	\N	\N	\N	\N	\N		\N	1886.0	2004	f	2	16	1	\N	Point	\N	0	11	2018-11-02 11:34:37.146717	2018-11-02 11:34:37.146717	\N
1989	2/5	\N	\N	\N	\N	\N		\N	243.8		f	2	16	7	\N	Point	\N	0	11	2018-11-02 11:34:37.164812	2018-11-02 11:34:37.164812	\N
1990	37	\N	\N	\N	\N	\N		\N	12.6		f	2	16	7	\N	Point	\N	0	11	2018-11-02 11:34:37.181934	2018-11-02 11:34:37.181934	\N
1991	75/69	\N	\N	\N	\N	\N		\N	255.2		f	2	16	7	\N	Point	\N	0	11	2018-11-02 11:34:37.198968	2018-11-02 11:34:37.198968	\N
1992	25	\N	\N	\N	\N	\N		\N	460.0		f	2	16	7	\N	Point	\N	0	11	2018-11-02 11:34:37.218043	2018-11-02 11:34:37.218043	\N
1993	89	2011-07-27	\N	\N	\N	\N		\N	484.63		f	2	16	7	\N	Point	\N	0	11	2018-11-02 11:34:37.23621	2018-11-02 11:34:37.23621	\N
1994	81	\N	\N	\N	\N	\N		\N	175.0		f	2	16	7	\N	Point	\N	0	11	2018-11-02 11:34:37.253898	2018-11-02 11:34:37.253898	\N
1995	25	\N	\N	\N	\N	\N		\N	90.9		f	2	16	7	\N	Point	\N	0	11	2018-11-02 11:34:37.279905	2018-11-02 11:34:37.279905	\N
1996	145	\N	\N	\N	\N	\N		\N	62.5		f	2	16	7	\N	Point	\N	0	11	2018-11-02 11:34:37.306456	2018-11-02 11:34:37.306456	\N
1997	3	\N	\N	\N	\N	\N		\N	100.0	1977	f	2	16	1	\N	Point	\N	0	11	2018-11-02 11:34:37.327053	2018-11-02 11:34:37.327053	\N
1998	51	\N	\N	\N	\N	\N		\N	81.2		f	2	16	7	\N	Point	\N	0	11	2018-11-02 11:34:37.344559	2018-11-02 11:34:37.344559	\N
1999	 107	\N	\N	533.0	\N	\N		1	298.1	1998	f	2	16	1	\N	Point	\N	0	11	2018-11-02 11:34:37.361984	2018-11-02 11:34:37.361984	\N
2000	18	\N	\N	\N	\N	\N		\N	674.9	1975	f	2	16	1	\N	Point	\N	0	11	2018-11-02 11:34:37.380176	2018-11-02 11:34:37.380176	\N
2001	3	\N	\N	\N	\N	\N		\N	89.7		f	2	16	7	\N	Point	\N	0	11	2018-11-02 11:34:37.398643	2018-11-02 11:34:37.398643	\N
2002	138	\N	\N	\N	\N	\N		\N	\N		f	2	16	1	\N	Point	\N	0	11	2018-11-02 11:34:37.416464	2018-11-02 11:34:37.416464	\N
2003	132	\N	\N	\N	\N	\N		\N	288.0	1979	f	2	16	1	\N	Point	\N	0	11	2018-11-02 11:34:37.433864	2018-11-02 11:34:37.433864	\N
2004	65	2014-09-10	\N	\N	\N	\N		\N	237.9		f	2	16	7	\N	Point	\N	0	11	2018-11-02 11:34:37.452048	2018-11-02 11:34:37.452048	\N
2005	10	\N	\N	\N	\N	\N		\N	32.1		f	2	16	7	\N	Point	\N	0	11	2018-11-02 11:34:37.469912	2018-11-02 11:34:37.469912	\N
2006	26	\N	\N	\N	\N	\N		\N	296.7		f	2	16	7	\N	Point	\N	0	11	2018-11-02 11:34:37.487029	2018-11-02 11:34:37.487029	\N
2007	/  46	\N	\N	\N	\N	\N		\N	\N		f	2	16	1	\N	Point	\N	0	11	2018-11-02 11:34:37.504942	2018-11-02 11:34:37.504942	\N
2008	19	\N	\N	\N	\N	\N		\N	12.8		f	2	16	7	\N	Point	\N	0	11	2018-11-02 11:34:37.523199	2018-11-02 11:34:37.523199	\N
2009	6	\N	\N	\N	\N	\N		\N	597.8		f	2	16	7	\N	Point	\N	0	11	2018-11-02 11:34:37.540992	2018-11-02 11:34:37.540992	\N
2010	9	\N	\N	\N	\N	\N		\N	171.4		f	2	16	7	\N	Point	\N	0	11	2018-11-02 11:34:37.559005	2018-11-02 11:34:37.559005	\N
2011	27	\N	\N	\N	\N	\N		\N	670.9		f	2	16	7	\N	Point	\N	0	11	2018-11-02 11:34:37.577482	2018-11-02 11:34:37.577482	\N
2012	79	\N	\N	\N	\N	\N		\N	46.5		f	2	16	7	\N	Point	\N	0	11	2018-11-02 11:34:37.596154	2018-11-02 11:34:37.596154	\N
2013	26	\N	\N	\N	\N	\N		\N	433.9		f	2	16	7	\N	Point	\N	0	11	2018-11-02 11:34:37.617352	2018-11-02 11:34:37.617352	\N
2014	24	\N	\N	\N	\N	\N		\N	251.5		f	2	16	7	\N	Point	\N	0	11	2018-11-02 11:34:37.634606	2018-11-02 11:34:37.634606	\N
2015	40	\N	\N	\N	\N	\N		\N	188.42		f	2	16	7	\N	Point	\N	0	11	2018-11-02 11:34:37.651987	2018-11-02 11:34:37.651987	\N
2016	18	\N	\N	\N	\N	\N		\N	59.3		f	2	16	7	\N	Point	\N	0	11	2018-11-02 11:34:37.670163	2018-11-02 11:34:37.670163	\N
2017	85	\N	\N	\N	\N	\N		\N	96.9		f	2	16	7	\N	Point	\N	0	11	2018-11-02 11:34:37.688047	2018-11-02 11:34:37.688047	\N
2018	67	\N	\N	\N	\N	\N		\N	24.0		f	2	16	7	\N	Point	\N	0	11	2018-11-02 11:34:37.711667	2018-11-02 11:34:37.711667	\N
2019	27	\N	\N	\N	\N	\N		\N	41.2		f	2	16	7	\N	Point	\N	0	11	2018-11-02 11:34:37.735642	2018-11-02 11:34:37.735642	\N
2020	56	\N	\N	\N	\N	\N		\N	114.5		f	2	16	7	\N	Point	\N	0	11	2018-11-02 11:34:37.762478	2018-11-02 11:34:37.762478	\N
2021	50	\N	\N	\N	\N	\N		\N	1109.5		f	2	16	7	\N	Point	\N	0	11	2018-11-02 11:34:37.783212	2018-11-02 11:34:37.783212	\N
2022	23	\N	\N	\N	\N	\N		\N	139.1		f	2	16	7	\N	Point	\N	0	11	2018-11-02 11:34:37.807662	2018-11-02 11:34:37.807662	\N
2023	156/4	\N	\N	\N	\N	\N		\N	54.5		f	2	16	7	\N	Point	\N	0	11	2018-11-02 11:34:37.827329	2018-11-02 11:34:37.827329	\N
2024	5	\N	\N	\N	\N	\N		\N	124.7		f	2	16	7	\N	Point	\N	0	11	2018-11-02 11:34:37.84735	2018-11-02 11:34:37.84735	\N
2025	16	2014-06-18	\N	\N	\N	\N		\N	52.6		f	2	16	7	\N	Point	\N	0	11	2018-11-02 11:34:37.867376	2018-11-02 11:34:37.867376	\N
2026	3	\N	\N	\N	\N	\N		\N	237.0		f	2	16	7	\N	Point	\N	0	11	2018-11-02 11:34:37.902285	2018-11-02 11:34:37.902285	\N
2027	77	2017-08-17	\N	\N	\N	\N	2015	1	236.6	2000	f	2	16	5	\N	Point	\N	0	11	2018-11-02 11:34:37.92045	2018-11-02 11:34:37.92045	\N
2028	46	\N	\N	\N	\N	\N		\N	90.6		f	2	16	7	\N	Point	\N	0	11	2018-11-02 11:34:37.940734	2018-11-02 11:34:37.940734	\N
2029	23	\N	\N	\N	\N	\N		\N	16.8		f	2	16	7	\N	Point	\N	0	11	2018-11-02 11:34:37.968184	2018-11-02 11:34:37.968184	\N
2030	/	\N	\N	\N	\N	\N		\N	8.8		f	2	16	7	\N	Point	\N	0	11	2018-11-02 11:34:37.987545	2018-11-02 11:34:37.987545	\N
2031	28	\N	\N	\N	\N	\N		\N	60.8		f	2	16	7	\N	Point	\N	0	11	2018-11-02 11:34:38.006563	2018-11-02 11:34:38.006563	\N
2032	39	\N	\N	\N	\N	\N		\N	35.2		f	2	16	7	\N	Point	\N	0	11	2018-11-02 11:34:38.026083	2018-11-02 11:34:38.026083	\N
2033	7	\N	\N	\N	\N	\N		\N	237.9		f	2	16	7	\N	Point	\N	0	11	2018-11-02 11:34:38.044984	2018-11-02 11:34:38.044984	\N
2034	33	\N	\N	\N	\N	\N		\N	50.9		f	2	16	7	\N	Point	\N	0	11	2018-11-02 11:34:38.063224	2018-11-02 11:34:38.063224	\N
2035	 20	\N	\N	\N	\N	\N		\N	160.0	1981	f	2	16	1	\N	Point	\N	0	11	2018-11-02 11:34:38.081846	2018-11-02 11:34:38.081846	\N
2036	73	\N	\N	\N	\N	\N		\N	72.6		f	2	16	7	\N	Point	\N	0	11	2018-11-02 11:34:38.100989	2018-11-02 11:34:38.100989	\N
2037	30	\N	\N	\N	\N	\N		\N	90.3		f	2	16	7	\N	Point	\N	0	11	2018-11-02 11:34:38.120844	2018-11-02 11:34:38.120844	\N
2038	14	\N	\N	\N	\N	\N		\N	53.8		f	2	16	7	\N	Point	\N	0	11	2018-11-02 11:34:38.139094	2018-11-02 11:34:38.139094	\N
2039	3	\N	\N	\N	\N	\N		\N	102.8		f	2	16	7	\N	Point	\N	0	11	2018-11-02 11:34:38.157196	2018-11-02 11:34:38.157196	\N
2040	70	2015-09-15	\N	\N	\N	\N		\N	40.7		f	2	16	7	\N	Point	\N	0	11	2018-11-02 11:34:38.174995	2018-11-02 11:34:38.174995	\N
2041	11//8	\N	\N	\N	\N	\N		\N	22.0		f	2	16	7	\N	Point	\N	0	11	2018-11-02 11:34:38.193553	2018-11-02 11:34:38.193553	\N
2042	5	2007-09-12	\N	\N	\N	\N		\N	2478.2		f	2	16	7	\N	Point	\N	0	11	2018-11-02 11:34:38.211879	2018-11-02 11:34:38.211879	\N
2043	7	2007-09-12	\N	\N	\N	\N		5	5460.3		f	2	16	7	\N	Point	\N	0	11	2018-11-02 11:34:38.231479	2018-11-02 11:34:38.231479	\N
2044	11	2007-12-12	\N	\N	\N	\N		5	2579.5		f	2	16	7	\N	Point	\N	0	11	2018-11-02 11:34:38.254776	2018-11-02 11:34:38.254776	\N
2045	5	2007-11-07	\N	\N	\N	\N		\N	9164.2		f	2	16	7	\N	Point	\N	0	11	2018-11-02 11:34:38.273774	2018-11-02 11:34:38.273774	\N
2046	51	2007-09-12	\N	\N	\N	\N		\N	4142.8		f	2	16	7	\N	Point	\N	0	11	2018-11-02 11:34:38.292839	2018-11-02 11:34:38.292839	\N
2047	34	2007-11-07	\N	\N	\N	\N		5	2052.9		f	2	16	7	\N	Point	\N	0	11	2018-11-02 11:34:38.312867	2018-11-02 11:34:38.312867	\N
2048	37	2007-12-12	\N	\N	\N	\N		9	7548.8		f	2	16	7	\N	Point	\N	0	11	2018-11-02 11:34:38.332254	2018-11-02 11:34:38.332254	\N
2049	39	2007-12-12	\N	\N	\N	\N		9	7784.6		f	2	16	7	\N	Point	\N	0	11	2018-11-02 11:34:38.352391	2018-11-02 11:34:38.352391	\N
2050	5	\N	\N	\N	\N	\N		\N	1340.4		f	2	16	7	\N	Point	\N	0	11	2018-11-02 11:34:38.372085	2018-11-02 11:34:38.372085	\N
2051	131	2014-05-28	\N	\N	\N	\N		\N	186.9		f	2	16	7	\N	Point	\N	0	11	2018-11-02 11:34:38.392771	2018-11-02 11:34:38.392771	\N
2052	9	2007-11-07	\N	\N	\N	\N		\N	72.7	1987	f	2	16	7	\N	Point	\N	0	11	2018-11-02 11:34:38.420508	2018-11-02 11:34:38.420508	\N
2053	82	\N	\N	\N	\N	\N		\N	63.0		f	2	16	7	\N	Point	\N	0	11	2018-11-02 11:34:38.447794	2018-11-02 11:34:38.447794	\N
2054	7	2008-02-26	\N	\N	\N	\N		\N	2925.5		f	2	16	7	\N	Point	\N	0	11	2018-11-02 11:34:38.471597	2018-11-02 11:34:38.471597	\N
2055	45	2008-02-26	\N	\N	\N	\N		\N	4646.9		f	2	16	7	\N	Point	\N	0	11	2018-11-02 11:34:38.496712	2018-11-02 11:34:38.496712	\N
2056	34	2008-08-13	\N	\N	\N	\N		\N	4474.7		f	2	16	7	\N	Point	\N	0	11	2018-11-02 11:34:38.521331	2018-11-02 11:34:38.521331	\N
2057	53	\N	\N	\N	\N	\N		5	167.7		f	2	16	7	\N	Point	\N	0	11	2018-11-02 11:34:38.548135	2018-11-02 11:34:38.548135	\N
2058	33	2007-12-12	\N	\N	\N	\N		5	69.0		f	2	16	7	\N	Point	\N	0	11	2018-11-02 11:34:38.575171	2018-11-02 11:34:38.575171	\N
2059	130	2008-08-13	\N	\N	\N	\N		\N	73.0		f	2	16	7	\N	Point	\N	0	11	2018-11-02 11:34:38.616445	2018-11-02 11:34:38.616445	\N
2060	18	2008-08-13	\N	\N	\N	\N		\N	814.3		f	2	16	7	\N	Point	\N	0	11	2018-11-02 11:34:38.635418	2018-11-02 11:34:38.635418	\N
2061	14	2008-08-13	\N	\N	\N	\N		\N	3000.3		f	2	16	7	\N	Point	\N	0	11	2018-11-02 11:34:38.653662	2018-11-02 11:34:38.653662	\N
2062	2	2008-08-13	\N	\N	\N	\N		5	2489.5		f	2	16	7	\N	Point	\N	0	11	2018-11-02 11:34:38.673112	2018-11-02 11:34:38.673112	\N
2063	172	2008-08-13	\N	\N	\N	\N		5	2514.5		f	2	16	7	\N	Point	\N	0	11	2018-11-02 11:34:38.690715	2018-11-02 11:34:38.690715	\N
2064	132	2008-08-13	\N	\N	\N	\N		\N	4414.0		f	2	16	7	\N	Point	\N	0	11	2018-11-02 11:34:38.70872	2018-11-02 11:34:38.70872	\N
2065	22	2008-08-13	\N	\N	\N	\N		\N	799.9		f	2	16	7	\N	Point	\N	0	11	2018-11-02 11:34:38.727086	2018-11-02 11:34:38.727086	\N
2066	8	2008-08-27	\N	\N	\N	\N		5	2519.2		f	2	16	7	\N	Point	\N	0	11	2018-11-02 11:34:38.744895	2018-11-02 11:34:38.744895	\N
2067	31	2008-08-27	\N	\N	\N	\N		\N	807.3		f	2	16	7	\N	Point	\N	0	11	2018-11-02 11:34:38.762715	2018-11-02 11:34:38.762715	\N
2068	63	2008-08-27	\N	\N	\N	\N		\N	250.9		f	2	16	7	\N	Point	\N	0	11	2018-11-02 11:34:38.780432	2018-11-02 11:34:38.780432	\N
2069	38	2008-08-27	\N	\N	\N	\N		5	5204.8		f	2	16	7	\N	Point	\N	0	11	2018-11-02 11:34:38.798564	2018-11-02 11:34:38.798564	\N
2070	217	\N	\N	\N	\N	\N		\N	921.9		f	2	16	7	\N	Point	\N	0	11	2018-11-02 11:34:38.817114	2018-11-02 11:34:38.817114	\N
2071	36	\N	\N	\N	\N	\N		\N	95.8		f	2	16	7	\N	Point	\N	0	11	2018-11-02 11:34:38.835362	2018-11-02 11:34:38.835362	\N
2072	1	\N	\N	\N	\N	\N		\N	\N		f	2	16	5	\N	Point	\N	0	11	2018-11-02 11:34:38.853105	2018-11-02 11:34:38.853105	\N
2073	10	2015-03-19	\N	\N	\N	\N		\N	738.9	1982	f	2	16	5	\N	Point	\N	0	11	2018-11-02 11:34:38.870862	2018-11-02 11:34:38.870862	\N
2074	68	2003-06-27	0510100000:02:042:0017	0.38	\N	\N	1982	3	1671.8	1982	f	2	16	5	\N	Point	\N	0	11	2018-11-02 11:34:38.896385	2018-11-02 11:34:38.896385	\N
2075	62	2017-08-11	\N	\N	\N	\N		1	333.9	2017	f	2	16	5	\N	Point	\N	0	11	2018-11-02 11:34:38.917541	2018-11-02 11:34:38.917541	\N
2076	43	2005-06-13	\N	\N	\N	\N		\N	4108.72	1989	f	2	16	5	\N	Point	\N	0	11	2018-11-02 11:34:38.93897	2018-11-02 11:34:38.93897	\N
2077	10	\N	\N	\N	\N	\N		\N	233.5		f	2	16	5	\N	Point	\N	0	11	2018-11-02 11:34:38.96356	2018-11-02 11:34:38.96356	\N
2078	98	2004-08-06	\N	3.6	\N	\N	1971	4	6935.6	1971	f	3	16	5	\N	Point	\N	0	11	2018-11-02 11:34:38.984651	2018-11-02 11:34:38.984651	\N
2079	9	\N	\N	\N	\N	\N		\N	\N		f	3	16	11	\N	Point	\N	0	11	2018-11-02 11:34:39.00344	2018-11-02 11:34:39.00344	\N
2080	1	\N	\N	30.0	\N	\N		\N	\N		f	3	16	3	\N	Point	\N	0	11	2018-11-02 11:34:39.02287	2018-11-02 11:34:39.02287	\N
2081	4	\N	\N	\N	\N	\N		\N	\N		f	3	16	11	\N	Point	\N	0	11	2018-11-02 11:34:39.047953	2018-11-02 11:34:39.047953	\N
2082	 16	2012-05-16	\N	\N	\N	\N		\N	5169.5		f	3	16	8	\N	Point	\N	0	11	2018-11-02 11:34:39.06874	2018-11-02 11:34:39.06874	\N
2083	 76	\N	\N	\N	\N	\N		\N	\N		f	3	16	7	\N	Point	\N	0	11	2018-11-02 11:34:39.086676	2018-11-02 11:34:39.086676	\N
2084	 17	\N	\N	114.0	\N	\N		\N	\N		f	3	16	7	\N	Point	\N	0	11	2018-11-02 11:34:39.104457	2018-11-02 11:34:39.104457	\N
2085	 36	\N	\N	5440.0	\N	\N		\N	\N		f	3	16	7	\N	Point	\N	0	11	2018-11-02 11:34:39.122654	2018-11-02 11:34:39.122654	\N
2086	 33, 43	\N	\N	1250.0	\N	\N		\N	\N		f	3	16	7	\N	Point	\N	0	11	2018-11-02 11:34:39.140885	2018-11-02 11:34:39.140885	\N
2087	 24, 26	\N	\N	540.0	\N	\N		\N	\N		f	3	16	7	\N	Point	\N	0	11	2018-11-02 11:34:39.158886	2018-11-02 11:34:39.158886	\N
2088	 21	\N	\N	476.0	\N	\N		\N	\N		f	3	16	7	\N	Point	\N	0	11	2018-11-02 11:34:39.177517	2018-11-02 11:34:39.177517	\N
2089	 44, 52	\N	\N	648.0	\N	\N		\N	\N		f	3	16	7	\N	Point	\N	0	11	2018-11-02 11:34:39.196429	2018-11-02 11:34:39.196429	\N
2090	 58	\N	\N	648.0	\N	\N		\N	\N		f	3	16	7	\N	Point	\N	0	11	2018-11-02 11:34:39.214614	2018-11-02 11:34:39.214614	\N
2091	 43	\N	\N	1250.0	\N	\N		\N	\N		f	3	16	7	\N	Point	\N	0	11	2018-11-02 11:34:39.235251	2018-11-02 11:34:39.235251	\N
2092	 35	\N	\N	1560.0	\N	\N		\N	\N		f	3	16	7	\N	Point	\N	0	11	2018-11-02 11:34:39.253271	2018-11-02 11:34:39.253271	\N
2093	 16	\N	\N	300.0	\N	\N		\N	\N		f	3	16	7	\N	Point	\N	0	11	2018-11-02 11:34:39.271344	2018-11-02 11:34:39.271344	\N
2094	 12	\N	\N	300.0	\N	\N		\N	\N		f	3	16	7	\N	Point	\N	0	11	2018-11-02 11:34:39.290716	2018-11-02 11:34:39.290716	\N
2095	 65	\N	\N	880.0	\N	\N		\N	\N		f	3	16	7	\N	Point	\N	0	11	2018-11-02 11:34:39.308912	2018-11-02 11:34:39.308912	\N
2096	 44	\N	\N	1000.0	\N	\N		\N	\N		f	3	16	7	\N	Point	\N	0	11	2018-11-02 11:34:39.327355	2018-11-02 11:34:39.327355	\N
2097	 5	\N	\N	288.0	\N	\N		\N	\N		f	3	16	7	\N	Point	\N	0	11	2018-11-02 11:34:39.345556	2018-11-02 11:34:39.345556	\N
2098	 44	\N	\N	532.5	\N	\N		\N	\N		f	3	16	7	\N	Point	\N	0	11	2018-11-02 11:34:39.373247	2018-11-02 11:34:39.373247	\N
2099	 80	\N	\N	532.5	\N	\N		\N	\N		f	3	16	7	\N	Point	\N	0	11	2018-11-02 11:34:39.396518	2018-11-02 11:34:39.396518	\N
2100	 33, 35	\N	\N	238.0	\N	\N		\N	\N		f	3	16	7	\N	Point	\N	0	11	2018-11-02 11:34:39.415399	2018-11-02 11:34:39.415399	\N
2101	 19	\N	\N	363.95	\N	\N		\N	\N		f	3	16	7	\N	Point	\N	0	11	2018-11-02 11:34:39.433384	2018-11-02 11:34:39.433384	\N
2102	 77	\N	\N	936.0	\N	\N		\N	\N		f	3	16	7	\N	Point	\N	0	11	2018-11-02 11:34:39.452625	2018-11-02 11:34:39.452625	\N
2103	  5	\N	\N	936.0	\N	\N		\N	\N		f	3	16	7	\N	Point	\N	0	11	2018-11-02 11:34:39.47149	2018-11-02 11:34:39.47149	\N
2104	 75	\N	\N	518.0	\N	\N		\N	\N		f	3	16	7	\N	Point	\N	0	11	2018-11-02 11:34:39.493397	2018-11-02 11:34:39.493397	\N
2105	 62	\N	\N	1500.0	\N	\N		\N	\N		f	3	16	7	\N	Point	\N	0	11	2018-11-02 11:34:39.515127	2018-11-02 11:34:39.515127	\N
2106	 69	\N	\N	450.0	\N	\N		\N	\N		f	3	16	7	\N	Point	\N	0	11	2018-11-02 11:34:39.533851	2018-11-02 11:34:39.533851	\N
2107	 31	\N	\N	1800.0	\N	\N		\N	\N		f	3	16	7	\N	Point	\N	0	11	2018-11-02 11:34:39.559758	2018-11-02 11:34:39.559758	\N
2108	 4	\N	\N	563.0	\N	\N		\N	\N		f	3	16	7	\N	Point	\N	0	11	2018-11-02 11:34:39.583163	2018-11-02 11:34:39.583163	\N
2109	 78	\N	\N	468.0	\N	\N		\N	\N		f	3	16	7	\N	Point	\N	0	11	2018-11-02 11:34:39.601537	2018-11-02 11:34:39.601537	\N
2110	 23	\N	\N	530.0	\N	\N		\N	\N	2011	f	3	16	7	\N	Point	\N	0	11	2018-11-02 11:34:39.62055	2018-11-02 11:34:39.62055	\N
2111	 18	\N	\N	925.0	\N	\N		\N	\N		f	3	16	7	\N	Point	\N	0	11	2018-11-02 11:34:39.638238	2018-11-02 11:34:39.638238	\N
2112	 2	\N	\N	288.0	\N	\N		\N	\N		f	3	16	7	\N	Point	\N	0	11	2018-11-02 11:34:39.655734	2018-11-02 11:34:39.655734	\N
2113	 4	\N	\N	200.0	\N	\N		\N	\N		f	3	16	7	\N	Point	\N	0	11	2018-11-02 11:34:39.673212	2018-11-02 11:34:39.673212	\N
2114	80	\N	\N	\N	\N	\N		\N	71.0		f	3	16	7	\N	Point	\N	0	11	2018-11-02 11:34:39.690536	2018-11-02 11:34:39.690536	\N
2115	38	\N	\N	\N	\N	\N		\N	\N		f	3	16	16	\N	Point	\N	0	11	2018-11-02 11:34:39.719662	2018-11-02 11:34:39.719662	\N
2116	83	2007-08-27	\N	7056.0	\N	\N		\N	2392.5	1987	f	3	16	7	\N	Point	\N	0	11	2018-11-02 11:34:39.737559	2018-11-02 11:34:39.737559	\N
2117	18	\N	\N	\N	\N	\N		\N	\N		f	3	16	1	\N	Point	\N	0	11	2018-11-02 11:34:39.763918	2018-11-02 11:34:39.763918	\N
2118	4	\N	\N	\N	\N	\N		\N	28.2		f	3	16	7	\N	Point	\N	0	11	2018-11-02 11:34:39.782799	2018-11-02 11:34:39.782799	\N
2119	31	\N	\N	\N	\N	\N		5	103.2	1977	f	3	16	7	\N	Point	\N	0	11	2018-11-02 11:34:39.812702	2018-11-02 11:34:39.812702	\N
2120	36	\N	\N	\N	\N	\N		5	206.0	1985	f	3	16	7	\N	Point	\N	0	11	2018-11-02 11:34:39.834664	2018-11-02 11:34:39.834664	\N
2121	21	\N	\N	\N	\N	\N		9	46.2	1995	f	3	16	7	\N	Point	\N	0	11	2018-11-02 11:34:39.853631	2018-11-02 11:34:39.853631	\N
2122	83	\N	\N	\N	\N	\N		\N	232.9		f	3	16	7	\N	Point	\N	0	11	2018-11-02 11:34:39.871939	2018-11-02 11:34:39.871939	\N
2123	53	\N	\N	\N	\N	\N		3	93.3	1957	f	3	16	7	\N	Point	\N	0	11	2018-11-02 11:34:39.894484	2018-11-02 11:34:39.894484	\N
2124	67	\N	\N	\N	\N	\N		\N	122.4		f	3	16	7	\N	Point	\N	0	11	2018-11-02 11:34:39.919994	2018-11-02 11:34:39.919994	\N
2125	28	\N	\N	\N	\N	\N		\N	64.8		f	3	16	7	\N	Point	\N	0	11	2018-11-02 11:34:39.944213	2018-11-02 11:34:39.944213	\N
2126	46	2017-08-18	\N	\N	\N	\N		1	117.3	2017	f	3	16	8	\N	Point	\N	0	11	2018-11-02 11:34:39.96951	2018-11-02 11:34:39.96951	\N
2127	44	2017-10-26	\N	\N	\N	\N	2010	9	240.9	1983	f	3	16	5	\N	Point	\N	0	11	2018-11-02 11:34:39.999337	2018-11-02 11:34:39.999337	\N
2128	44	\N	\N	\N	\N	\N		\N	243.6		f	3	16	7	\N	Point	\N	0	11	2018-11-02 11:34:40.026722	2018-11-02 11:34:40.026722	\N
2129	80	\N	\N	\N	\N	\N		\N	63.5	1960	f	3	16	7	\N	Point	\N	0	11	2018-11-02 11:34:40.045415	2018-11-02 11:34:40.045415	\N
2130	7	\N	\N	\N	\N	\N		9	117.1	1986	f	3	16	7	\N	Point	\N	0	11	2018-11-02 11:34:40.066558	2018-11-02 11:34:40.066558	\N
2131	108	\N	\N	\N	\N	\N		\N	156.2		f	3	16	7	\N	Point	\N	0	11	2018-11-02 11:34:40.087551	2018-11-02 11:34:40.087551	\N
2132	18	\N	\N	\N	\N	\N		\N	625.9		f	3	16	7	\N	Point	\N	0	11	2018-11-02 11:34:40.115118	2018-11-02 11:34:40.115118	\N
2133	29	\N	\N	\N	\N	\N		\N	521.1		f	3	16	7	\N	Point	\N	0	11	2018-11-02 11:34:40.149395	2018-11-02 11:34:40.149395	\N
2134	25	\N	\N	\N	\N	\N		9	634.3	1984	f	3	16	7	\N	Point	\N	0	11	2018-11-02 11:34:40.171654	2018-11-02 11:34:40.171654	\N
2135	48	2017-10-27	\N	\N	\N	\N	2015	1	297.6	2017	f	3	16	2	\N	Point	\N	0	11	2018-11-02 11:34:40.19401	2018-11-02 11:34:40.19401	\N
2136	20/73	\N	\N	\N	\N	\N		\N	243.25		f	3	16	7	\N	Point	\N	0	11	2018-11-02 11:34:40.223357	2018-11-02 11:34:40.223357	\N
2137	28	\N	\N	\N	\N	\N		\N	355.6		f	3	16	7	\N	Point	\N	0	11	2018-11-02 11:34:40.243866	2018-11-02 11:34:40.243866	\N
2138	44	\N	\N	\N	\N	\N		\N	152.7		f	3	16	7	\N	Point	\N	0	11	2018-11-02 11:34:40.263933	2018-11-02 11:34:40.263933	\N
2139	67	\N	\N	\N	\N	\N		\N	118.4		f	3	16	7	\N	Point	\N	0	11	2018-11-02 11:34:40.288852	2018-11-02 11:34:40.288852	\N
2140	54	\N	\N	\N	\N	\N		\N	93.8		f	3	16	7	\N	Point	\N	0	11	2018-11-02 11:34:40.310519	2018-11-02 11:34:40.310519	\N
2141	64	\N	\N	\N	\N	\N		\N	92.2		f	3	16	7	\N	Point	\N	0	11	2018-11-02 11:34:40.334047	2018-11-02 11:34:40.334047	\N
2142	75	\N	\N	\N	\N	\N		\N	77.8		f	3	16	7	\N	Point	\N	0	11	2018-11-02 11:34:40.355379	2018-11-02 11:34:40.355379	\N
2143	7	\N	\N	\N	\N	\N		\N	140.7		f	3	16	7	\N	Point	\N	0	11	2018-11-02 11:34:40.387553	2018-11-02 11:34:40.387553	\N
2144	6	2015-09-16	\N	0.01	\N	\N	1969	1	39.8	1960	f	2	16	8	\N	Point	\N	0	11	2018-11-02 11:34:40.419931	2018-11-02 11:34:40.419931	\N
2145	/ (9)	\N	\N	\N	\N	\N		\N	278.1		f	2	16	8	\N	Point	\N	0	11	2018-11-02 11:34:40.447767	2018-11-02 11:34:40.447767	\N
2146	11	\N	\N	\N	\N	\N		\N	471.7		f	2	16	7	\N	Point	\N	0	11	2018-11-02 11:34:40.47252	2018-11-02 11:34:40.47252	\N
2147	15	\N	\N	\N	\N	\N		5	91.3	1973	f	2	16	7	\N	Point	\N	0	11	2018-11-02 11:34:40.493281	2018-11-02 11:34:40.493281	\N
2148	2	\N	\N	\N	\N	\N		\N	38.4	1970	f	2	16	7	\N	Point	\N	0	11	2018-11-02 11:34:40.511859	2018-11-02 11:34:40.511859	\N
2149	58	\N	\N	\N	\N	\N		\N	120.6	1958	f	2	16	7	\N	Point	\N	0	11	2018-11-02 11:34:40.530665	2018-11-02 11:34:40.530665	\N
2150	11	\N	\N	\N	\N	\N		\N	26.0	1917	f	2	16	7	\N	Point	\N	0	11	2018-11-02 11:34:40.552611	2018-11-02 11:34:40.552611	\N
2151	7	\N	\N	\N	\N	\N		\N	406.7	1917	f	2	16	7	\N	Point	\N	0	11	2018-11-02 11:34:40.574498	2018-11-02 11:34:40.574498	\N
2152	135	\N	\N	\N	\N	\N		\N	40.7	1959	f	2	16	7	\N	Point	\N	0	11	2018-11-02 11:34:40.595672	2018-11-02 11:34:40.595672	\N
2153	4	\N	\N	\N	\N	\N		\N	65.2	1960	f	2	16	7	\N	Point	\N	0	11	2018-11-02 11:34:40.615793	2018-11-02 11:34:40.615793	\N
2154	1	\N	\N	\N	\N	\N		\N	362.5	1917	f	2	16	7	\N	Point	\N	0	11	2018-11-02 11:34:40.633782	2018-11-02 11:34:40.633782	\N
2155	31	\N	\N	\N	\N	\N		\N	673.1	1985	f	2	16	7	\N	Point	\N	0	11	2018-11-02 11:34:40.652644	2018-11-02 11:34:40.652644	\N
2156	78	\N	\N	1.0	\N	\N		\N	209.6	1941	f	2	17	14	\N	Point	\N	0	11	2018-11-02 11:34:40.679704	2018-11-02 11:34:40.679704	\N
2157	27	2015-09-09	\N	\N	\N	\N		\N	64.3	1958	f	2	17	7	\N	Point	\N	0	11	2018-11-02 11:34:40.706086	2018-11-02 11:34:40.706086	\N
2158	101	\N	\N	\N	\N	\N		\N	112.7	1967	f	2	17	7	\N	Point	\N	0	11	2018-11-02 11:34:40.725254	2018-11-02 11:34:40.725254	\N
2159	16	\N	\N	600.0	\N	\N		1	168.0	1962	f	2	17	13	\N	Point	\N	0	11	2018-11-02 11:34:40.751276	2018-11-02 11:34:40.751276	\N
2160	54	\N	\N	370.0	\N	\N		2	231.3	1955	f	2	17	3	\N	Point	\N	0	11	2018-11-02 11:34:40.77079	2018-11-02 11:34:40.77079	\N
2161	118	\N	\N	\N	\N	\N		1	125.4	1979	f	2	17	13	\N	Point	\N	0	11	2018-11-02 11:34:40.790766	2018-11-02 11:34:40.790766	\N
2162	92	\N	\N	\N	\N	\N		2	4434.7	1973	f	2	17	3	\N	Point	\N	0	11	2018-11-02 11:34:40.808797	2018-11-02 11:34:40.808797	\N
2163	121 (127)	\N	0510100000:03:006:0016	0.49620000000000003	\N	\N		3	880.6		f	2	17	7	\N	Point	\N	0	11	2018-11-02 11:34:40.826764	2018-11-02 11:34:40.826764	\N
2164	68	\N	\N	\N	\N	\N		1	355.5	1985	f	2	17	13	\N	Point	\N	0	11	2018-11-02 11:34:40.846481	2018-11-02 11:34:40.846481	\N
2165	96	\N	\N	150.0	\N	\N		2	140.8		f	2	17	13	\N	Point	\N	0	11	2018-11-02 11:34:40.864909	2018-11-02 11:34:40.864909	\N
2166	143	\N	\N	350.0	\N	\N		\N	125.4	1976	f	2	17	13	\N	Point	\N	0	11	2018-11-02 11:34:40.883207	2018-11-02 11:34:40.883207	\N
2167	4	\N	\N	4000.0	\N	\N		\N	245.7	1989	f	2	17	13	\N	Point	\N	0	11	2018-11-02 11:34:40.901619	2018-11-02 11:34:40.901619	\N
2168	3	2012-03-15	0510127000:03:040:0336	0.012700000000000001	\N	\N		1	57.1		f	2	17	1	\N	Point	\N	0	11	2018-11-02 11:34:40.925007	2018-11-02 11:34:40.925007	\N
2169	3	2012-03-15	0510136600;02;080;0132	0.0166	\N	\N		1	85.9	2010	f	2	17	1	\N	Point	\N	0	11	2018-11-02 11:34:40.944045	2018-11-02 11:34:40.944045	\N
2170	16	2013-06-21	0510100000:02:038:0031	0.99	\N	\N	1976	2	2066.5	1976	f	4	17	2	\N	Point	\N	0	11	2018-11-02 11:34:40.973388	2018-11-02 11:34:40.973388	\N
2171	8	2004-04-12	0510100000:02:043:0029	0.81	\N	\N	1968	2	2075.5	1968	f	4	18	2	\N	Point	\N	0	11	2018-11-02 11:34:41.002645	2018-11-02 11:34:41.002645	\N
2172	14	2017-10-30	0510100000:02:080:0200	0.52	\N	\N	2006	2	2411.9	2006	f	4	18	2	\N	Point	\N	0	11	2018-11-02 11:34:41.023038	2018-11-02 11:34:41.023038	\N
2173	107	2012-12-25	0510100000:02:064:0071	1.15	\N	\N	1977	2	1709.8	1977	f	4	18	2	\N	Point	\N	0	11	2018-11-02 11:34:41.047036	2018-11-02 11:34:41.047036	\N
2174	4	2016-04-26	0510100000:02:063:0022	42.0	\N	\N	1993	3	4232.5	1912	f	2	19	2	\N	Point	\N	0	11	2018-11-02 11:34:41.082429	2018-11-02 11:34:41.082429	\N
2175	89	2011-07-06	0510100000:02:064:0072	17380.0	\N	\N		\N	2913.0	1977	f	2	19	2	\N	Point	\N	0	11	2018-11-02 11:34:41.104061	2018-11-02 11:34:41.104061	\N
2176	21	\N	0510100000:03:023:0121	\N	\N	\N		\N	4852.3	1938	f	2	19	2	\N	Point	\N	0	11	2018-11-02 11:34:41.130865	2018-11-02 11:34:41.130865	\N
2177	62	2013-10-18	0510100000:02:044:0033	2.16	1.0	160859.9	1971	4	2561.0	1971	f	2	19	2	\N	Point	\N	0	11	2018-11-02 11:34:41.159722	2018-11-02 11:34:41.159722	\N
2178	1	2014-06-17	0510100000:01:045:0063	1.81	\N	\N	1936	3	1927.1	1936	f	2	13	2	\N	Point	\N	0	11	2018-11-02 11:34:41.187656	2018-11-02 11:34:41.187656	\N
2179	18	2004-10-22	0510100000:02:052:0215	0.84	\N	\N	1945	4	3202.0	1939	f	2	13	2	\N	Point	\N	0	11	2018-11-02 11:34:41.212722	2018-11-02 11:34:41.212722	\N
2180	41	\N	\N	\N	\N	\N		\N	170.2	1989	f	2	13	7	\N	Point	\N	0	11	2018-11-02 11:34:41.239923	2018-11-02 11:34:41.239923	\N
2181	21	\N	\N	\N	\N	\N		\N	75.3		f	2	13	7	\N	Point	\N	0	11	2018-11-02 11:34:41.273853	2018-11-02 11:34:41.273853	\N
2182	25	\N	\N	\N	\N	\N		\N	403.0		f	2	13	7	\N	Point	\N	0	11	2018-11-02 11:34:41.311108	2018-11-02 11:34:41.311108	\N
2183	14	2011-11-30	\N	1597.0	\N	\N		1	1107.5		f	2	13	7	\N	Point	\N	0	11	2018-11-02 11:34:41.332187	2018-11-02 11:34:41.332187	\N
2184	44	\N	0510100000:02:029:0059	0.36	1.0	\N	1966	3	2102.8	1966	f	2	13	5	\N	Point	\N	0	11	2018-11-02 11:34:41.354605	2018-11-02 11:34:41.354605	\N
2185	80	2009-06-11	\N	\N	\N	\N		\N	318.8	1976	f	2	13	7	\N	Point	\N	0	11	2018-11-02 11:34:41.385558	2018-11-02 11:34:41.385558	\N
2186	13	2017-07-21	0510100000:01:047:0015	\N	\N	\N	2012	2	702.4	1967	f	4	13	5	\N	Point	\N	0	11	2018-11-02 11:34:41.416906	2018-11-02 11:34:41.416906	\N
2187	2	\N	\N	\N	\N	\N		9	232.4	1981	f	4	13	7	\N	Point	\N	0	11	2018-11-02 11:34:41.439554	2018-11-02 11:34:41.439554	\N
2188	127(109)	\N	\N	\N	\N	\N		\N	78.6		f	4	13	7	\N	Point	\N	0	11	2018-11-02 11:34:41.460032	2018-11-02 11:34:41.460032	\N
2189	76-	2009-04-26	\N	\N	\N	\N		1	300.5	1991	f	4	13	1	\N	Point	\N	0	11	2018-11-02 11:34:41.481526	2018-11-02 11:34:41.481526	\N
2190	45	2006-11-22	\N	774.0	\N	\N		3	621.6	1954	f	4	13	3	\N	Point	\N	0	11	2018-11-02 11:34:41.514572	2018-11-02 11:34:41.514572	\N
2191	74	\N	\N	\N	\N	\N		\N	93.3	1964	f	4	13	7	\N	Point	\N	0	11	2018-11-02 11:34:41.536016	2018-11-02 11:34:41.536016	\N
2192	 25	2008-08-13	\N	404.0	\N	\N		\N	303.5	1960	f	4	13	1	\N	Point	\N	0	11	2018-11-02 11:34:41.558059	2018-11-02 11:34:41.558059	\N
2193	/	2008-10-15	\N	\N	\N	\N		\N	822.8	2002	f	4	13	7	\N	Point	\N	0	11	2018-11-02 11:34:41.586619	2018-11-02 11:34:41.586619	\N
2194	6	2009-07-22	\N	\N	\N	\N		1	66.2	1965	f	4	13	1	\N	Point	\N	0	11	2018-11-02 11:34:41.61398	2018-11-02 11:34:41.61398	\N
2195	34	\N	\N	1040.0	\N	\N		1	221.4		f	4	13	7	\N	Point	\N	0	11	2018-11-02 11:34:41.634757	2018-11-02 11:34:41.634757	\N
2196	 131	2008-08-13	\N	276.0	\N	\N		1	684.0	1965	f	4	13	1	\N	Point	\N	0	11	2018-11-02 11:34:41.654796	2018-11-02 11:34:41.654796	\N
2197	161	\N	\N	\N	\N	\N		\N	\N		f	4	13	5	\N	Point	\N	0	11	2018-11-02 11:34:41.675604	2018-11-02 11:34:41.675604	\N
2198	157	2011-11-02	\N	\N	\N	\N		\N	11.2	1989	f	4	13	7	\N	Point	\N	0	11	2018-11-02 11:34:41.694166	2018-11-02 11:34:41.694166	\N
2199	20	\N	0510100000:02:041:0024	2.4487	\N	\N	1973	3	55582.29	1973	f	2	20	2	\N	Point	\N	0	11	2018-11-02 11:34:41.722561	2018-11-02 11:34:41.722561	\N
2200	47	2008-02-26	\N	\N	\N	\N		\N	25.0		f	2	20	7	\N	Point	\N	0	11	2018-11-02 11:34:41.740958	2018-11-02 11:34:41.740958	\N
2201	6	2012-01-25	\N	\N	\N	\N		\N	157.3	1963	f	2	20	7	\N	Point	\N	0	11	2018-11-02 11:34:41.758784	2018-11-02 11:34:41.758784	\N
2202	1	1999-06-03	\N	6447.0	\N	\N		\N	4140.0	1977	f	2	20	5	\N	Point	\N	0	11	2018-11-02 11:34:41.785585	2018-11-02 11:34:41.785585	\N
2203	8	2017-10-30	\N	0.29000000000000004	\N	\N	1960	2	741.2	1967	f	2	20	2	\N	Point	\N	0	11	2018-11-02 11:34:41.815425	2018-11-02 11:34:41.815425	\N
2204	25	\N	\N	\N	\N	\N		\N	284.5	1938	f	2	20	7	\N	Point	\N	0	11	2018-11-02 11:34:41.833794	2018-11-02 11:34:41.833794	\N
2205	2/6	2008-08-13	\N	\N	\N	\N		\N	49.1	1963	f	2	20	7	\N	Point	\N	0	11	2018-11-02 11:34:41.853325	2018-11-02 11:34:41.853325	\N
2206	27	2014-10-23	\N	1.0	\N	\N		\N	85.0	1	f	2	21	7	\N	Point	\N	0	11	2018-11-02 11:34:41.878063	2018-11-02 11:34:41.878063	\N
2207	33	2017-09-05	0510100000:01:040:0068	0.75	\N	\N	1964	2	2713.0	1964	f	4	21	2	\N	Point	\N	0	11	2018-11-02 11:34:41.908684	2018-11-02 11:34:41.908684	\N
2208	70	2011-09-14	\N	\N	\N	\N		\N	69.6	1968	f	4	21	1	\N	Point	\N	0	11	2018-11-02 11:34:41.928402	2018-11-02 11:34:41.928402	\N
2209	62	\N	\N	\N	\N	\N		\N	249.2	1987	f	4	21	7	\N	Point	\N	0	11	2018-11-02 11:34:41.946501	2018-11-02 11:34:41.946501	\N
2210	63	2007-02-07	\N	\N	\N	\N		\N	420.9	1987	f	4	21	6	\N	Point	\N	0	11	2018-11-02 11:34:41.964766	2018-11-02 11:34:41.964766	\N
2211	9	\N	\N	\N	\N	\N		\N	86.0	1964	f	4	21	7	\N	Point	\N	0	11	2018-11-02 11:34:41.983362	2018-11-02 11:34:41.983362	\N
2212	22	\N	\N	596.0	\N	\N		1	383.6	1988	f	4	21	1	\N	Point	\N	0	11	2018-11-02 11:34:42.002365	2018-11-02 11:34:42.002365	\N
2213	132	2008-06-09	\N	\N	\N	\N		\N	97.5	1976	f	4	21	7	\N	Point	\N	0	11	2018-11-02 11:34:42.023218	2018-11-02 11:34:42.023218	\N
2214	77	2009-04-26	\N	\N	\N	\N		\N	78.4	1987	f	4	21	7	\N	Point	\N	0	11	2018-11-02 11:34:42.042013	2018-11-02 11:34:42.042013	\N
2215	2	2014-10-23	\N	\N	\N	\N		\N	80.2	1965	f	4	21	7	\N	Point	\N	0	11	2018-11-02 11:34:42.061466	2018-11-02 11:34:42.061466	\N
2216	22	\N	\N	\N	\N	\N		1	53.0	1963	f	4	21	5	\N	Point	\N	0	11	2018-11-02 11:34:42.07979	2018-11-02 11:34:42.07979	\N
2217	46	2015-01-15	\N	\N	\N	\N		3	1155.4	1990	f	4	21	5	\N	Point	\N	0	11	2018-11-02 11:34:42.097669	2018-11-02 11:34:42.097669	\N
2218	96	1999-01-04	\N	40408.0	\N	\N		\N	18765.5		f	4	21	5	\N	Point	\N	0	11	2018-11-02 11:34:42.116049	2018-11-02 11:34:42.116049	\N
2219	138	2004-11-16	\N	\N	\N	\N		\N	10567.7		f	4	21	5	\N	Point	\N	0	11	2018-11-02 11:34:42.139885	2018-11-02 11:34:42.139885	\N
2220	163	2004-11-16	\N	279.8	\N	\N		1	388.3	1960	f	4	21	5	\N	Point	\N	0	11	2018-11-02 11:34:42.161441	2018-11-02 11:34:42.161441	\N
2221	138	2017-07-14	0510137000:03:039:0361	2.27	\N	\N	2017	4	\N		f	4	21	5	\N	Point	\N	0	11	2018-11-02 11:34:42.183052	2018-11-02 11:34:42.183052	\N
2222	5	\N	\N	\N	\N	\N		1	34.3		f	4	21	7	\N	Point	\N	0	11	2018-11-02 11:34:42.202252	2018-11-02 11:34:42.202252	\N
2223	1	2011-12-14	\N	\N	\N	\N		\N	315.8		f	4	21	7	\N	Point	\N	0	11	2018-11-02 11:34:42.229633	2018-11-02 11:34:42.229633	\N
2224	49	\N	\N	\N	\N	\N		\N	113.9	1954	f	4	21	7	\N	Point	\N	0	11	2018-11-02 11:34:42.248058	2018-11-02 11:34:42.248058	\N
2225	48	2014-11-13	0510100000:01:035:0163	0.54	\N	\N	1972	3	1836.1	1972	f	2	21	8	\N	Point	\N	0	11	2018-11-02 11:34:42.274243	2018-11-02 11:34:42.274243	\N
2226	24	2005-07-27	\N	\N	\N	\N		\N	470.0	1982	f	2	21	7	\N	Point	\N	0	11	2018-11-02 11:34:42.293064	2018-11-02 11:34:42.293064	\N
2227	4	2007-07-19	\N	44251.0	\N	\N		2	639.7	2007	f	2	21	7	\N	Point	\N	0	11	2018-11-02 11:34:42.308955	2018-11-02 11:34:42.308955	\N
2228	 9	2008-11-24	\N	\N	\N	\N		\N	541.2	1974	f	2	21	1	\N	Point	\N	0	11	2018-11-02 11:34:42.327842	2018-11-02 11:34:42.327842	\N
2229	37	2011-08-17	\N	\N	\N	\N		\N	184.0	1978	f	2	21	5	\N	Point	\N	0	11	2018-11-02 11:34:42.345972	2018-11-02 11:34:42.345972	\N
2230	21	2009-06-10	\N	\N	\N	\N		\N	18.9	1980	f	2	21	7	\N	Point	\N	0	11	2018-11-02 11:34:42.365443	2018-11-02 11:34:42.365443	\N
2231	13	2008-03-17	\N	\N	\N	\N		\N	57.4	1985	f	2	21	7	\N	Point	\N	0	11	2018-11-02 11:34:42.383987	2018-11-02 11:34:42.383987	\N
2232	1	2011-11-16	\N	1176.0	\N	\N		\N	109.6		f	2	21	7	\N	Point	\N	0	11	2018-11-02 11:34:42.402774	2018-11-02 11:34:42.402774	\N
2233	50	\N	\N	\N	\N	\N		\N	121.1	1901	f	2	21	7	\N	Point	\N	0	11	2018-11-02 11:34:42.421511	2018-11-02 11:34:42.421511	\N
2234	24	2006-07-18	0510100000:01:039:0171	0.34	\N	\N	1964	2	949.6	2017	f	2	21	2	\N	Point	\N	0	11	2018-11-02 11:34:42.441661	2018-11-02 11:34:42.441661	\N
2235	49	2009-01-15	\N	\N	\N	\N		\N	280.9	1917	f	2	21	7	\N	Point	\N	0	11	2018-11-02 11:34:42.463452	2018-11-02 11:34:42.463452	\N
2236	47	\N	\N	\N	\N	\N		\N	151.62	1941	f	2	21	7	\N	Point	\N	0	11	2018-11-02 11:34:42.481943	2018-11-02 11:34:42.481943	\N
2237	24	2015-09-14	\N	1.0	\N	\N		2	837.9	1	f	2	7	11	\N	Point	\N	0	11	2018-11-02 11:34:42.502548	2018-11-02 11:34:42.502548	\N
2238	39	2007-12-12	\N	\N	\N	\N		\N	184.7	1983	f	2	7	7	\N	Point	\N	0	11	2018-11-02 11:34:42.522375	2018-11-02 11:34:42.522375	\N
2239	53	\N	\N	\N	\N	\N		\N	288.8		f	2	7	7	\N	Point	\N	0	11	2018-11-02 11:34:42.543748	2018-11-02 11:34:42.543748	\N
2240	16	2017-10-30	0510100000:02:025:0195	6349.0	\N	\N	1965	2	1658.74	1964	f	2	7	2	\N	Point	\N	0	11	2018-11-02 11:34:42.564712	2018-11-02 11:34:42.564712	\N
2241	4	2008-03-17	\N	\N	\N	\N		\N	322.96	1974	f	2	7	7	\N	Point	\N	0	11	2018-11-02 11:34:42.593574	2018-11-02 11:34:42.593574	\N
2242	85	2009-01-15	\N	\N	\N	\N		\N	234.2	1968	f	2	7	7	\N	Point	\N	0	11	2018-11-02 11:34:42.613895	2018-11-02 11:34:42.613895	\N
2243	96	\N	\N	\N	\N	\N		\N	529.6	1975	f	2	7	5	\N	Point	\N	0	11	2018-11-02 11:34:42.634047	2018-11-02 11:34:42.634047	\N
2244	3	2009-04-08	\N	\N	\N	\N		\N	53.91	1917	f	2	7	7	\N	Point	\N	0	11	2018-11-02 11:34:42.653248	2018-11-02 11:34:42.653248	\N
2245	5	2009-09-23	\N	\N	\N	\N		\N	481.0	1978	f	2	7	1	\N	Point	\N	0	11	2018-11-02 11:34:42.674124	2018-11-02 11:34:42.674124	\N
2246	1	2009-05-13	\N	1781.0	\N	\N		2	529.4	1978	f	2	7	1	\N	Point	\N	0	11	2018-11-02 11:34:42.695048	2018-11-02 11:34:42.695048	\N
2247	9	\N	\N	\N	\N	\N		\N	322.34	1985	f	2	7	7	\N	Point	\N	0	11	2018-11-02 11:34:42.713375	2018-11-02 11:34:42.713375	\N
2248	8	\N	\N	\N	\N	\N		\N	168.4		f	2	7	11	\N	Point	\N	0	11	2018-11-02 11:34:42.744359	2018-11-02 11:34:42.744359	\N
2249	77	\N	\N	\N	\N	\N		\N	209.0		f	2	7	7	\N	Point	\N	0	11	2018-11-02 11:34:42.765361	2018-11-02 11:34:42.765361	\N
2250	15	\N	\N	\N	\N	\N		\N	75.0		f	2	7	11	\N	Point	\N	0	11	2018-11-02 11:34:42.787115	2018-11-02 11:34:42.787115	\N
2251	102	\N	\N	\N	\N	\N		1	\N		f	2	7	5	\N	Point	\N	0	11	2018-11-02 11:34:42.809195	2018-11-02 11:34:42.809195	\N
2252	6	\N	\N	\N	\N	\N		2	22.1	1958	f	2	7	7	\N	Point	\N	0	11	2018-11-02 11:34:42.830031	2018-11-02 11:34:42.830031	\N
2253	8	2009-08-26	\N	\N	\N	\N		1	134.6	1976	f	2	7	1	\N	Point	\N	0	11	2018-11-02 11:34:42.849521	2018-11-02 11:34:42.849521	\N
2254	12	\N	\N	\N	\N	\N		\N	99.4	1975	f	2	7	7	\N	Point	\N	0	11	2018-11-02 11:34:42.871943	2018-11-02 11:34:42.871943	\N
2255	99	2009-05-13	\N	\N	\N	\N		1	181.5		f	2	7	1	\N	Point	\N	0	11	2018-11-02 11:34:42.903241	2018-11-02 11:34:42.903241	\N
2256	3	\N	\N	\N	\N	\N		\N	26.6		f	2	7	7	\N	Point	\N	0	11	2018-11-02 11:34:42.926025	2018-11-02 11:34:42.926025	\N
2257	78	\N	\N	\N	\N	\N		\N	725.7	1980	f	2	7	7	\N	Point	\N	0	11	2018-11-02 11:34:42.954742	2018-11-02 11:34:42.954742	\N
2258	30	\N	\N	\N	\N	\N		\N	348.3		f	2	7	7	\N	Point	\N	0	11	2018-11-02 11:34:42.976064	2018-11-02 11:34:42.976064	\N
2259	70	2014-02-11	0510100000:01:037:0180	\N	\N	\N		2	220.4	2009	f	2	7	7	\N	Point	\N	0	11	2018-11-02 11:34:42.99399	2018-11-02 11:34:42.99399	\N
2260	69	2009-05-27	\N	\N	\N	\N		\N	382.7	1984	f	2	7	7	\N	Point	\N	0	11	2018-11-02 11:34:43.018096	2018-11-02 11:34:43.018096	\N
2261	36	\N	\N	\N	\N	\N		\N	148.3	1992	f	2	7	7	\N	Point	\N	0	11	2018-11-02 11:34:43.039694	2018-11-02 11:34:43.039694	\N
2262	 79	2007-08-27	\N	\N	\N	\N		2	306.5	1984	f	2	7	1	\N	Point	\N	0	11	2018-11-02 11:34:43.059365	2018-11-02 11:34:43.059365	\N
2263	58	\N	\N	\N	\N	\N		\N	179.8	1974	f	2	7	7	\N	Point	\N	0	11	2018-11-02 11:34:43.079223	2018-11-02 11:34:43.079223	\N
2264	39	\N	\N	\N	\N	\N		\N	7.54	1984	f	2	7	7	\N	Point	\N	0	11	2018-11-02 11:34:43.098522	2018-11-02 11:34:43.098522	\N
2265	68	2005-05-16	\N	42523.0	\N	\N		3	9796.0	1963	f	2	7	5	\N	Point	\N	0	11	2018-11-02 11:34:43.126576	2018-11-02 11:34:43.126576	\N
2266	114	2009-06-11	\N	\N	\N	\N		\N	447.4	1986	f	2	7	7	\N	Point	\N	0	11	2018-11-02 11:34:43.153151	2018-11-02 11:34:43.153151	\N
2267	105	\N	\N	1500.0	\N	\N		1	209.8	1955	f	2	7	7	\N	Point	\N	0	11	2018-11-02 11:34:43.171903	2018-11-02 11:34:43.171903	\N
2268	15	2011-06-21	\N	\N	\N	\N		3	472.9	1955	f	2	7	13	\N	Point	\N	0	11	2018-11-02 11:34:43.190879	2018-11-02 11:34:43.190879	\N
2269	7	2005-12-08	0510100000:02:033:0073	0.1	\N	\N	1940	1	294.0	1940	f	2	7	5	\N	Point	\N	0	11	2018-11-02 11:34:43.213352	2018-11-02 11:34:43.213352	\N
2270	16	\N	\N	\N	\N	\N		\N	522.32	1989	f	2	7	7	\N	Point	\N	0	11	2018-11-02 11:34:43.239954	2018-11-02 11:34:43.239954	\N
2271	41	\N	\N	\N	\N	\N		\N	417.4	1989	f	2	7	7	\N	Point	\N	0	11	2018-11-02 11:34:43.258822	2018-11-02 11:34:43.258822	\N
2272	 53	2009-04-26	\N	\N	\N	\N		1	76.5	1988	f	2	7	1	\N	Point	\N	0	11	2018-11-02 11:34:43.276995	2018-11-02 11:34:43.276995	\N
2273	61	\N	\N	\N	\N	\N		\N	7.7	1983	f	2	7	7	\N	Point	\N	0	11	2018-11-02 11:34:43.298565	2018-11-02 11:34:43.298565	\N
2274	66	\N	\N	\N	\N	\N		\N	10.3		f	2	7	7	\N	Point	\N	0	11	2018-11-02 11:34:43.316953	2018-11-02 11:34:43.316953	\N
2275	81	\N	\N	\N	\N	\N		\N	17.3	1979	f	2	7	7	\N	Point	\N	0	11	2018-11-02 11:34:43.336082	2018-11-02 11:34:43.336082	\N
2276	83	\N	\N	\N	\N	\N		\N	25.0	1985	f	2	7	7	\N	Point	\N	0	11	2018-11-02 11:34:43.355475	2018-11-02 11:34:43.355475	\N
2277	113	2009-04-26	\N	\N	\N	\N		2	444.8		f	2	7	1	\N	Point	\N	0	11	2018-11-02 11:34:43.376993	2018-11-02 11:34:43.376993	\N
2278	126	2009-04-26	\N	\N	\N	\N		2	361.6	1987	f	2	7	1	\N	Point	\N	0	11	2018-11-02 11:34:43.398864	2018-11-02 11:34:43.398864	\N
2279	65	\N	\N	1371.0	\N	\N		2	776.5	1988	f	2	7	7	\N	Point	\N	0	11	2018-11-02 11:34:43.417265	2018-11-02 11:34:43.417265	\N
2280	57	2009-05-27	\N	\N	\N	\N		2	207.1	1989	f	2	7	1	\N	Point	\N	0	11	2018-11-02 11:34:43.435869	2018-11-02 11:34:43.435869	\N
2281	30	2017-09-06	\N	\N	\N	\N		\N	\N	2017	f	2	7	2	\N	Point	\N	0	11	2018-11-02 11:34:43.455726	2018-11-02 11:34:43.455726	\N
2282	6	\N	\N	\N	\N	\N		\N	82.0		f	2	7	7	\N	Point	\N	0	11	2018-11-02 11:34:43.478184	2018-11-02 11:34:43.478184	\N
2283	/	2006-04-12	\N	5970.0	\N	\N		\N	62.2		f	2	7	7	\N	Point	\N	0	11	2018-11-02 11:34:43.507109	2018-11-02 11:34:43.507109	\N
2284	68	2017-07-20	\N	\N	\N	\N	1980	1	675.4	1980	f	2	7	5	\N	Point	\N	0	11	2018-11-02 11:34:43.527803	2018-11-02 11:34:43.527803	\N
2285	3	2017-09-03	0510100000:01:039:0169	1.24	\N	\N	1973	2	676.1	1973	f	2	7	2	\N	Point	\N	0	11	2018-11-02 11:34:43.551093	2018-11-02 11:34:43.551093	\N
2286	28	2009-07-22	\N	2831.0	\N	\N		1	767.1	1900	f	2	7	7	\N	Point	\N	0	11	2018-11-02 11:34:43.569997	2018-11-02 11:34:43.569997	\N
2287	 36	2008-09-29	\N	\N	\N	\N		1	103.7	1958	f	2	7	1	\N	Point	\N	0	11	2018-11-02 11:34:43.589444	2018-11-02 11:34:43.589444	\N
2288	18	2009-10-07	\N	\N	\N	\N		2	273.9	1982	f	2	7	1	\N	Point	\N	0	11	2018-11-02 11:34:43.607606	2018-11-02 11:34:43.607606	\N
2289	29	\N	\N	\N	\N	\N		\N	33.6		f	2	7	7	\N	Point	\N	0	11	2018-11-02 11:34:43.626011	2018-11-02 11:34:43.626011	\N
2290	32	2008-10-15	\N	\N	\N	\N		\N	408.5	1980	f	2	7	7	\N	Point	\N	0	11	2018-11-02 11:34:43.644719	2018-11-02 11:34:43.644719	\N
2291	38 (48)	2009-02-24	\N	914.0	\N	\N		\N	452.5	1980	f	2	7	1	\N	Point	\N	0	11	2018-11-02 11:34:43.663005	2018-11-02 11:34:43.663005	\N
2292	2	2006-07-17	\N	1601.0	\N	\N		2	222.2	1911	f	2	7	7	\N	Point	\N	0	11	2018-11-02 11:34:43.681706	2018-11-02 11:34:43.681706	\N
2293	 14	2008-11-24	\N	\N	\N	\N		1	269.1	1984	f	2	7	1	\N	Point	\N	0	11	2018-11-02 11:34:43.700004	2018-11-02 11:34:43.700004	\N
2294	 53	2009-05-27	\N	\N	\N	\N		1	165.9	1975	f	2	7	1	\N	Point	\N	0	11	2018-11-02 11:34:43.718413	2018-11-02 11:34:43.718413	\N
2295	41	2008-11-24	\N	\N	\N	\N		2	285.0	1981	f	2	7	6	\N	Point	\N	0	11	2018-11-02 11:34:43.737216	2018-11-02 11:34:43.737216	\N
2296	44	\N	\N	\N	\N	\N		\N	152.7	1979	f	2	7	7	\N	Point	\N	0	11	2018-11-02 11:34:43.756886	2018-11-02 11:34:43.756886	\N
2297	75	2009-04-26	\N	\N	\N	\N		1	132.5	1974	f	2	7	1	\N	Point	\N	0	11	2018-11-02 11:34:43.777985	2018-11-02 11:34:43.777985	\N
2298	48	2004-11-16	\N	583.0	\N	\N		1	59.0	1965	f	2	7	5	\N	Point	\N	0	11	2018-11-02 11:34:43.796708	2018-11-02 11:34:43.796708	\N
2299	20	2007-08-27	\N	\N	\N	\N		2	528.3		f	2	7	3	\N	Point	\N	0	11	2018-11-02 11:34:43.818099	2018-11-02 11:34:43.818099	\N
2300	31	2009-01-15	\N	\N	\N	\N		\N	294.9	1889	f	2	7	7	\N	Point	\N	0	11	2018-11-02 11:34:43.837101	2018-11-02 11:34:43.837101	\N
2301	53	\N	\N	\N	\N	\N		\N	230.6		f	2	7	7	\N	Point	\N	0	11	2018-11-02 11:34:43.855688	2018-11-02 11:34:43.855688	\N
2302	62	2010-06-09	0510136300:01:042:0017	1.9663	\N	\N	1961	4	3911.1	1961	f	3	22	2	\N	Point	\N	0	11	2018-11-02 11:34:43.88254	2018-11-02 11:34:43.88254	\N
2303	7	2009-04-26	\N	422.0	\N	\N		1	183.7	1959	f	3	22	2	\N	Point	\N	0	11	2018-11-02 11:34:43.899492	2018-11-02 11:34:43.899492	\N
2304	14	\N	\N	0.0001	\N	\N	2006	2	412.32	1962	f	3	2	9	\N	Point	\N	0	11	2018-11-02 11:34:43.919495	2018-11-02 11:34:43.919495	\N
2305	5	2014-06-09	\N	\N	\N	\N		\N	60.4	1985	f	3	2	7	\N	Point	\N	0	11	2018-11-02 11:34:43.941899	2018-11-02 11:34:43.941899	\N
2306	7	2009-08-26	\N	\N	\N	\N		\N	136.5	1917	f	3	2	7	\N	Point	\N	0	11	2018-11-02 11:34:43.968027	2018-11-02 11:34:43.968027	\N
2307	53	2008-01-23	\N	\N	\N	\N		\N	\N		f	3	2	5	\N	Point	\N	0	11	2018-11-02 11:34:43.986996	2018-11-02 11:34:43.986996	\N
2308	29	2011-11-23	\N	\N	\N	\N		\N	1040.0		f	3	2	7	\N	Point	\N	0	11	2018-11-02 11:34:44.005129	2018-11-02 11:34:44.005129	\N
2309	64	2012-11-01	\N	0.0025	\N	\N		\N	1037.33	1980	f	3	11	7	\N	Point	\N	0	11	2018-11-02 11:34:44.025209	2018-11-02 11:34:44.025209	\N
2310	33	2005-12-08	\N	\N	\N	\N	1999	1	439.5	1993	f	3	11	5	\N	Point	\N	0	11	2018-11-02 11:34:44.046127	2018-11-02 11:34:44.046127	\N
2311	23	2004-11-16	\N	\N	\N	\N		5	6759.8	1985	f	3	11	7	\N	Point	\N	0	11	2018-11-02 11:34:44.073086	2018-11-02 11:34:44.073086	\N
2312	7	2013-11-25	0510100000:02:078:0044	29827.0	\N	\N	2010	2	473.6	1965	f	1	11	3	\N	Point	\N	0	11	2018-11-02 11:34:44.094497	2018-11-02 11:34:44.094497	\N
2313	24	2010-01-27	\N	\N	\N	\N		2	297.5		f	1	11	7	\N	Point	\N	0	11	2018-11-02 11:34:44.113639	2018-11-02 11:34:44.113639	\N
2314	5	\N	\N	\N	\N	\N		5	497.0	1973	f	1	11	7	\N	Point	\N	0	11	2018-11-02 11:34:44.132692	2018-11-02 11:34:44.132692	\N
2315	91	\N	\N	\N	\N	\N		\N	\N	1946	f	1	11	7	\N	Point	\N	0	11	2018-11-02 11:34:44.151132	2018-11-02 11:34:44.151132	\N
2316	5	2009-04-26	\N	\N	\N	\N		\N	214.6	1985	f	1	11	1	\N	Point	\N	0	11	2018-11-02 11:34:44.169742	2018-11-02 11:34:44.169742	\N
2317	54	2010-10-27	\N	\N	\N	\N		\N	358.6	1978	f	1	11	7	\N	Point	\N	0	11	2018-11-02 11:34:44.188664	2018-11-02 11:34:44.188664	\N
2318	1	\N	\N	551700.0	\N	\N		\N	299.9		f	1	11	3	\N	Point	\N	0	11	2018-11-02 11:34:44.207607	2018-11-02 11:34:44.207607	\N
2319	25	\N	\N	\N	\N	\N		\N	133.9	1967	f	1	11	7	\N	Point	\N	0	11	2018-11-02 11:34:44.239781	2018-11-02 11:34:44.239781	\N
2320	48	2017-08-11	\N	\N	\N	\N		1	659.4	1988	f	1	11	5	\N	Point	\N	0	11	2018-11-02 11:34:44.267316	2018-11-02 11:34:44.267316	\N
2321	51	2009-04-26	\N	\N	\N	\N		\N	214.4	1989	f	1	11	1	\N	Point	\N	0	11	2018-11-02 11:34:44.286603	2018-11-02 11:34:44.286603	\N
2322	43	\N	\N	\N	\N	\N		\N	390.8	1987	f	1	11	7	\N	Point	\N	0	11	2018-11-02 11:34:44.307446	2018-11-02 11:34:44.307446	\N
2323	17	\N	\N	\N	\N	\N		\N	\N		f	1	11	7	\N	Point	\N	0	11	2018-11-02 11:34:44.327889	2018-11-02 11:34:44.327889	\N
2324	40	\N	\N	\N	\N	\N		\N	\N		f	1	11	7	\N	Point	\N	0	11	2018-11-02 11:34:44.348753	2018-11-02 11:34:44.348753	\N
2325	26	\N	\N	\N	\N	\N		\N	19.6		f	1	11	7	\N	Point	\N	0	11	2018-11-02 11:34:44.371618	2018-11-02 11:34:44.371618	\N
2326	34	2011-04-13	\N	\N	\N	\N		\N	136.3	1956	f	1	11	7	\N	Point	\N	0	11	2018-11-02 11:34:44.398411	2018-11-02 11:34:44.398411	\N
2327	35	2007-08-27	\N	\N	\N	\N		\N	241.9		f	1	11	7	\N	Point	\N	0	11	2018-11-02 11:34:44.430196	2018-11-02 11:34:44.430196	\N
2328	46	2008-06-09	\N	\N	\N	\N		9	500.01	1990	f	1	11	7	\N	Point	\N	0	11	2018-11-02 11:34:44.454601	2018-11-02 11:34:44.454601	\N
2329	44	2007-09-26	\N	\N	\N	\N		2	70.0	1956	f	1	11	7	\N	Point	\N	0	11	2018-11-02 11:34:44.477581	2018-11-02 11:34:44.477581	\N
2330	11	\N	\N	\N	\N	\N		\N	51.2		f	1	11	7	\N	Point	\N	0	11	2018-11-02 11:34:44.500412	2018-11-02 11:34:44.500412	\N
2331	26	2017-10-26	\N	0.27280000000000004	\N	\N	1982	\N	2760.2	1982	f	1	2	9	\N	Point	\N	0	11	2018-11-02 11:34:44.540597	2018-11-02 11:34:44.540597	\N
2332	19	2004-02-26	0510100000:03:003:0215	0.82	\N	\N	1982	2	2085.3	1982	f	2	2	2	\N	Point	\N	0	11	2018-11-02 11:34:44.57586	2018-11-02 11:34:44.57586	\N
2333	62	2004-02-26	0510100000:02:066:0055	1.01	\N	\N	1980	2	3701.0	1980	f	2	2	2	\N	Point	\N	0	11	2018-11-02 11:34:44.611143	2018-11-02 11:34:44.611143	\N
2334	64	2017-10-30	0510100000:02:065:0043	1.88	\N	\N	1979	2	2441.4	1979	f	2	2	2	\N	Point	\N	0	11	2018-11-02 11:34:44.637263	2018-11-02 11:34:44.637263	\N
2335	19	2004-09-16	0510100000:02:044:0032	1.02	\N	\N	1979	2	2000.4	1978	f	5	2	2	\N	Point	\N	0	11	2018-11-02 11:34:44.667354	2018-11-02 11:34:44.667354	\N
2336	45	2004-04-13	0510100000:02:102:0052	1.05	\N	\N	1988	2	1410.0	1988	f	2	2	2	\N	Point	\N	0	11	2018-11-02 11:34:44.692786	2018-11-02 11:34:44.692786	\N
2337	127	\N	\N	\N	\N	\N		1	546.1	1937	f	2	2	7	\N	Point	\N	0	11	2018-11-02 11:34:44.719339	2018-11-02 11:34:44.719339	\N
2338	30	2017-10-30	0510100000:02:064:0075	1.2	\N	\N	1977	2	1602.0	1977	f	2	2	2	\N	Point	\N	0	11	2018-11-02 11:34:44.73965	2018-11-02 11:34:44.73965	\N
2339	48	2006-07-18	0510100000:02:065:0044	1.22	\N	\N	1976	2	1683.0	1977	f	2	2	2	\N	Point	\N	0	11	2018-11-02 11:34:44.759976	2018-11-02 11:34:44.759976	\N
2340	74	2007-12-24	0510100000:02:042:0057	1.02	\N	\N	1976	2	1751.2	1976	f	2	2	2	\N	Point	\N	0	11	2018-11-02 11:34:44.783057	2018-11-02 11:34:44.783057	\N
2341	72	2017-10-30	0510100000:02:098:0125	0.13	\N	\N	1977	1	285.8	1977	f	2	2	2	\N	Point	\N	0	11	2018-11-02 11:34:44.803318	2018-11-02 11:34:44.803318	\N
2342	17	2017-09-05	0510100000:02:042:0056	0.98	\N	\N	1974	\N	\N	2017	f	2	2	2	\N	Point	\N	0	11	2018-11-02 11:34:44.82348	2018-11-02 11:34:44.82348	\N
2343	32	2004-03-25	\N	0.66	\N	\N	1973	2	984.4	1973	f	2	2	2	\N	Point	\N	0	11	2018-11-02 11:34:44.84339	2018-11-02 11:34:44.84339	\N
2344	12	2007-12-13	0510100000:01:034:0092	0.47	\N	\N	1973	2	729.5	1973	f	2	2	2	\N	Point	\N	0	11	2018-11-02 11:34:44.865718	2018-11-02 11:34:44.865718	\N
2345	15	2017-10-30	0510100000:02:041:0026	1.22	\N	\N	1972	2	2003.0	1965	f	2	2	2	\N	Point	\N	0	11	2018-11-02 11:34:44.888766	2018-11-02 11:34:44.888766	\N
2346	56	2004-03-09	0510100000:02:066:0054	1.11	\N	\N	1972	2	1720.4	1972	f	2	2	2	\N	Point	\N	0	11	2018-11-02 11:34:44.923782	2018-11-02 11:34:44.923782	\N
2347	9	\N	0510100000:02:041:0025	11632.0	\N	\N		2	3080.0	1971	f	2	2	2	\N	Point	\N	0	11	2018-11-02 11:34:44.942362	2018-11-02 11:34:44.942362	\N
2348	12	2004-03-25	0510100000:01:053:0041	1.24	\N	\N	1980	2	1548.0	1975	f	2	2	2	\N	Point	\N	0	11	2018-11-02 11:34:44.963273	2018-11-02 11:34:44.963273	\N
2349	6 (21)	2004-02-26	0510100000:03:039:0416	1.32	\N	\N	1969	2	2890.0	1969	f	2	2	2	\N	Point	\N	0	11	2018-11-02 11:34:44.983917	2018-11-02 11:34:44.983917	\N
2350	47 (41)	2006-07-17	0510100000:01:041:0080	7519.0	\N	\N		2	2006.9	1968	f	2	2	2	\N	Point	\N	0	11	2018-11-02 11:34:45.003425	2018-11-02 11:34:45.003425	\N
2351	124	2004-02-26	0510100000:01:006:0045	1.08	\N	\N	1968	2	2324.0	1966	f	2	2	2	\N	Point	\N	0	11	2018-11-02 11:34:45.023623	2018-11-02 11:34:45.023623	\N
2352	23	2006-07-27	0510100000:02:081:0106	15325.0	\N	\N		2	3370.0	1964	f	2	2	2	\N	Point	\N	0	11	2018-11-02 11:34:45.049789	2018-11-02 11:34:45.049789	\N
2353	7	2005-07-28	0510100000:01:042:0019	0.54	\N	\N	1964	2	1056.1	1964	f	2	2	2	\N	Point	\N	0	11	2018-11-02 11:34:45.071605	2018-11-02 11:34:45.071605	\N
2354	144	2004-02-10	0510100000:01:004:0100	1.17	\N	\N	1963	2	2141.0	1963	f	2	2	2	\N	Point	\N	0	11	2018-11-02 11:34:45.089878	2018-11-02 11:34:45.089878	\N
2355	147	\N	0510100000:02:085:0045	9485.0	\N	\N		2	977.1	1963	f	2	2	2	\N	Point	\N	0	11	2018-11-02 11:34:45.109073	2018-11-02 11:34:45.109073	\N
2356	8	2017-10-30	0510100000:02:056:0099	1.14	\N	\N	1946	2	1542.0	1938	f	2	2	2	\N	Point	\N	0	11	2018-11-02 11:34:45.135916	2018-11-02 11:34:45.135916	\N
2357	(268)	2004-08-06	0510100000:03:038:0090	1.25	\N	\N	1984	2	1767.0	1984	f	4	2	2	\N	Point	\N	0	11	2018-11-02 11:34:45.161199	2018-11-02 11:34:45.161199	\N
2358	12	\N	\N	7600.0	\N	\N		2	2364.0	1937	f	4	2	2	\N	Point	\N	0	11	2018-11-02 11:34:45.184432	2018-11-02 11:34:45.184432	\N
2359	42	2004-08-05	0510100000:01:062:0018	1.04	\N	\N	1962	2	1150.0	1962	f	2	2	2	\N	Point	\N	0	11	2018-11-02 11:34:45.209743	2018-11-02 11:34:45.209743	\N
2360	58	2017-10-30	0510100000:02:029:0051	0.75	\N	\N	1962	2	1262.2	1962	f	2	2	2	\N	Point	\N	0	11	2018-11-02 11:34:45.231315	2018-11-02 11:34:45.231315	\N
2361	30	2004-05-11	0510100000:01:057:0101	0.37	\N	\N	1985	2	1913.0	1985	f	2	2	2	\N	Point	\N	0	11	2018-11-02 11:34:45.250996	2018-11-02 11:34:45.250996	\N
2362	37	2017-09-04	\N	0.11	\N	\N	1990	2	2599.5	1990	f	2	2	2	\N	Point	\N	0	11	2018-11-02 11:34:45.269198	2018-11-02 11:34:45.269198	\N
2363	159	2006-07-18	0510100000:02:092:0035	0.36	\N	\N	1966	1	263.3	1966	f	4	2	2	\N	Point	\N	0	11	2018-11-02 11:34:45.289108	2018-11-02 11:34:45.289108	\N
2364	5	2017-10-30	0510100000:02:044:0034	0.61	\N	\N	1996	2	\N	1996	f	2	23	2	\N	Point	\N	0	11	2018-11-02 11:34:45.330722	2018-11-02 11:34:45.330722	\N
2365	4	2004-04-13	0510100000:02:060:0015	0.05	\N	\N	1901	3	1235.9	2017	t	4	23	2	\N	Point	\N	0	11	2018-11-02 11:34:45.351733	2018-11-02 11:34:45.351733	\N
2366	44	2005-02-10	0510136600:02:064:0040	11164.0	\N	\N		2	2563.6	1981	f	4	23	2	\N	Point	\N	0	11	2018-11-02 11:34:45.370159	2018-11-02 11:34:45.370159	\N
2367	2	\N	0510100000:03:001:0100	3770.0	\N	\N		2	\N	1917	f	4	23	2	\N	Point	\N	0	11	2018-11-02 11:34:45.388809	2018-11-02 11:34:45.388809	\N
2368	191	2014-05-06	0510100000:02:089:0161	2.85	1.0	473.25	2007	2	2848.5	2007	f	4	23	2	\N	Point	\N	0	11	2018-11-02 11:34:45.40766	2018-11-02 11:34:45.40766	\N
2369	10	2013-09-19	0510100000:02:102:0050	2.23	1.0	567.2	1986	3	2007.11	1986	f	4	23	2	\N	Point	\N	0	11	2018-11-02 11:34:45.425924	2018-11-02 11:34:45.425924	\N
2370	12	2017-09-14	0510100000:02:102:0051	1.18	\N	\N	1990	3	9634.5	1990	f	2	23	2	\N	Point	\N	0	11	2018-11-02 11:34:45.445924	2018-11-02 11:34:45.445924	\N
2371	40 (48)	2013-11-22	0510100000:01:040:0067	2.29	\N	\N	1973	3	5097.6	1973	f	4	23	2	\N	Point	\N	0	11	2018-11-02 11:34:45.466745	2018-11-02 11:34:45.466745	\N
2372	13	2004-03-18	0510100000:01:012:0144	1.53	1.0	5455.43	1985	2	3370.0	1966	f	4	23	2	\N	Point	\N	0	11	2018-11-02 11:34:45.492386	2018-11-02 11:34:45.492386	\N
2373	27	2013-12-25	0510100000:02:049:0060	1.2	1.0	604.04	1917	3	9255.5	1917	f	3	24	2	\N	Point	\N	0	11	2018-11-02 11:34:45.518603	2018-11-02 11:34:45.518603	\N
2374	36	2017-09-14	\N	1.24	\N	\N	1939	2	768.9	1939	f	3	25	2	\N	Point	\N	0	11	2018-11-02 11:34:45.550721	2018-11-02 11:34:45.550721	\N
2375	18	2014-02-10	0510100000:01:012:0141	1.09	\N	\N	1964	3	3568.42	1964	f	3	26	2	\N	Point	\N	0	11	2018-11-02 11:34:45.573789	2018-11-02 11:34:45.573789	\N
2376	94	2014-10-01	\N	0.88	\N	\N	1900	3	1957.6	1900	t	3	26	2	\N	Point	\N	0	11	2018-11-02 11:34:45.600578	2018-11-02 11:34:45.600578	\N
2377	42	2017-07-21	\N	\N	\N	\N	2007	2	490.3	1970	f	3	26	5	\N	Point	\N	0	11	2018-11-02 11:34:45.619265	2018-11-02 11:34:45.619265	\N
2378	48	2017-06-09	0510100000:02:050:0164	1.06	\N	\N		2	2413.4	1981	f	2	26	2	\N	Point	\N	0	11	2018-11-02 11:34:45.641849	2018-11-02 11:34:45.641849	\N
2379	3	2011-12-01	0510100000:01:043:0062	0.49	\N	\N	1972	1	1335.5	1973	f	2	26	2	\N	Point	\N	0	11	2018-11-02 11:34:45.662047	2018-11-02 11:34:45.662047	\N
2380	85	2011-11-16	0510100000:01:019:0032	0.55	\N	\N	1981	2	1694.2	1987	f	2	26	2	\N	Point	\N	0	11	2018-11-02 11:34:45.68011	2018-11-02 11:34:45.68011	\N
2381	22	2004-11-16	0510100000:02:024:0009	33943.0	\N	\N		4	6214.4	1969	f	2	27	2	\N	Point	\N	0	11	2018-11-02 11:34:45.703247	2018-11-02 11:34:45.703247	\N
2382	68	\N	\N	24942.0	\N	\N		2	2651.7	1961	f	2	27	6	\N	Point	\N	0	11	2018-11-02 11:34:45.722004	2018-11-02 11:34:45.722004	\N
2383	4	\N	\N	\N	\N	\N		2	3600.8	1971	f	2	27	6	\N	Point	\N	0	11	2018-11-02 11:34:45.73998	2018-11-02 11:34:45.73998	\N
2384	12	\N	\N	\N	\N	\N		1	39.1	1920	f	2	27	7	\N	Point	\N	0	11	2018-11-02 11:34:45.75806	2018-11-02 11:34:45.75806	\N
2385	13	\N	\N	2784.0	\N	\N		1	164.5		f	2	27	7	\N	Point	\N	0	11	2018-11-02 11:34:45.780271	2018-11-02 11:34:45.780271	\N
2386	7	2006-07-18	0510100000:03:012:0186	0.43	\N	\N	1974	2	880.32	1973	f	2	27	2	\N	Point	\N	0	11	2018-11-02 11:34:45.803113	2018-11-02 11:34:45.803113	\N
2387	17	\N	\N	\N	\N	\N		1	59.6	1975	f	2	27	7	\N	Point	\N	0	11	2018-11-02 11:34:45.823762	2018-11-02 11:34:45.823762	\N
2388	3 (17)	2008-09-29	\N	\N	\N	\N		1	266.2	1982	f	2	27	1	\N	Point	\N	0	11	2018-11-02 11:34:45.843932	2018-11-02 11:34:45.843932	\N
2389	12	\N	\N	\N	\N	\N		\N	12.6	1960	f	2	27	7	\N	Point	\N	0	11	2018-11-02 11:34:45.865287	2018-11-02 11:34:45.865287	\N
2390	3	2011-05-25	0510100000:03:012:0211	0.03	\N	\N	2008	1	186.2	2013	f	2	27	8	\N	Point	\N	0	11	2018-11-02 11:34:45.888674	2018-11-02 11:34:45.888674	\N
2391	1	2011-06-08	\N	\N	\N	\N		1	25.2	1959	f	2	27	7	\N	Point	\N	0	11	2018-11-02 11:34:45.915786	2018-11-02 11:34:45.915786	\N
2392	13	2010-12-22	\N	\N	\N	\N		1	62.5		f	2	27	7	\N	Point	\N	0	11	2018-11-02 11:34:45.934463	2018-11-02 11:34:45.934463	\N
2393	 17	2009-04-26	\N	151.5	\N	\N		1	130.2	1972	f	2	27	1	\N	Point	\N	0	11	2018-11-02 11:34:45.952695	2018-11-02 11:34:45.952695	\N
2394	17	2009-09-09	\N	2416.0	\N	\N		3	4171.11	1909	t	2	27	1	\N	Point	\N	0	11	2018-11-02 11:34:45.968333	2018-11-02 11:34:45.968333	\N
2395	8	\N	\N	192.0	\N	\N		\N	490.8	1973	f	2	27	1	\N	Point	\N	0	11	2018-11-02 11:34:45.985359	2018-11-02 11:34:45.985359	\N
2396	49	2017-08-17	0510137000:03:005:0120	1.06	\N	\N	1957	2	2038.0	1957	f	2	27	5	\N	Point	\N	0	11	2018-11-02 11:34:46.005668	2018-11-02 11:34:46.005668	\N
2397	20	2006-09-07	\N	\N	\N	\N	2005	1	277.7	2017	f	2	27	5	\N	Point	\N	0	11	2018-11-02 11:34:46.023934	2018-11-02 11:34:46.023934	\N
2398	20	2006-09-06	\N	3395.0	\N	\N		2	1476.6	1917	f	2	27	5	\N	Point	\N	0	11	2018-11-02 11:34:46.053215	2018-11-02 11:34:46.053215	\N
2399	18	2004-08-05	0510136300:01:038:0045	3600.0	\N	\N	1952	3	1601.4	1952	f	4	27	5	\N	Point	\N	0	11	2018-11-02 11:34:46.081112	2018-11-02 11:34:46.081112	\N
2400	24	2011-07-27	\N	\N	\N	\N		1	56.0	1973	f	4	27	7	\N	Point	\N	0	11	2018-11-02 11:34:46.100102	2018-11-02 11:34:46.100102	\N
2401	34	2010-09-22	\N	\N	\N	\N		\N	294.8	1947	f	4	27	7	\N	Point	\N	0	11	2018-11-02 11:34:46.118243	2018-11-02 11:34:46.118243	\N
2402	51	\N	\N	\N	\N	\N		9	320.39	1978	f	4	27	7	\N	Point	\N	0	11	2018-11-02 11:34:46.136343	2018-11-02 11:34:46.136343	\N
2403	80	2011-11-09	\N	\N	\N	\N		1	599.9	1986	f	4	27	7	\N	Point	\N	0	11	2018-11-02 11:34:46.162931	2018-11-02 11:34:46.162931	\N
2404	32	2004-10-12	0510100000:03:019:0046	0.97	\N	\N	1979	2	3011.2	1979	f	2	27	2	\N	Point	\N	0	11	2018-11-02 11:34:46.182718	2018-11-02 11:34:46.182718	\N
2405	13	2008-09-29	\N	\N	\N	\N		3	2270.0	1990	f	2	27	1	\N	Point	\N	0	11	2018-11-02 11:34:46.200453	2018-11-02 11:34:46.200453	\N
2406	13	2009-01-15	\N	\N	\N	\N		1	502.4	1917	t	2	27	7	\N	Point	\N	0	11	2018-11-02 11:34:46.228418	2018-11-02 11:34:46.228418	\N
2407	24	2005-05-15	\N	800.0	\N	\N		2	430.4	1927	f	2	27	5	\N	Point	\N	0	11	2018-11-02 11:34:46.246601	2018-11-02 11:34:46.246601	\N
2408	40	\N	\N	\N	\N	\N		\N	91.2	1975	f	2	27	7	\N	Point	\N	0	11	2018-11-02 11:34:46.265031	2018-11-02 11:34:46.265031	\N
2409	15 (19)	2009-05-27	0510100000:01:057:0077	8693.0	\N	\N		2	1517.2	1986	f	2	27	1	\N	Point	\N	0	11	2018-11-02 11:34:46.28299	2018-11-02 11:34:46.28299	\N
2410	32	2006-06-21	\N	\N	\N	\N		1	872.1		f	2	27	6	\N	Point	\N	0	11	2018-11-02 11:34:46.301066	2018-11-02 11:34:46.301066	\N
2411	34	2008-08-14	\N	0.05	\N	8004.05	2011	1	150.1	2011	f	2	27	8	\N	Point	\N	0	11	2018-11-02 11:34:46.320633	2018-11-02 11:34:46.320633	\N
2412	4	2008-11-24	\N	459.0	\N	\N		1	662.0	1984	f	2	27	1	\N	Point	\N	0	11	2018-11-02 11:34:46.338901	2018-11-02 11:34:46.338901	\N
2413	13-15	2006-01-12	0510136300:01:037:0130	0.59	\N	\N		1	337.7	2017	f	2	27	6	\N	Point	\N	0	11	2018-11-02 11:34:46.358825	2018-11-02 11:34:46.358825	\N
2414	63	2007-06-24	\N	\N	\N	\N		\N	802.6		f	2	27	1	\N	Point	\N	0	11	2018-11-02 11:34:46.377234	2018-11-02 11:34:46.377234	\N
2415	115	2007-06-24	\N	\N	\N	\N		\N	89.6	1967	f	2	27	6	\N	Point	\N	0	11	2018-11-02 11:34:46.404142	2018-11-02 11:34:46.404142	\N
2416	39	2006-06-07	\N	631.0	\N	\N		1	127.8	1976	f	2	27	6	\N	Point	\N	0	11	2018-11-02 11:34:46.423919	2018-11-02 11:34:46.423919	\N
2417	74	2005-12-14	\N	1071.0	\N	\N		1	344.9		f	2	27	6	\N	Point	\N	0	11	2018-11-02 11:34:46.443333	2018-11-02 11:34:46.443333	\N
2418	39	2007-06-24	\N	\N	\N	\N		\N	497.3	1984	f	2	27	6	\N	Point	\N	0	11	2018-11-02 11:34:46.463207	2018-11-02 11:34:46.463207	\N
2419	126	\N	\N	\N	\N	\N		\N	531.4	1965	f	2	27	6	\N	Point	\N	0	11	2018-11-02 11:34:46.485116	2018-11-02 11:34:46.485116	\N
2420	189	\N	\N	\N	\N	\N		\N	357.3	1989	f	2	27	6	\N	Point	\N	0	11	2018-11-02 11:34:46.513475	2018-11-02 11:34:46.513475	\N
2421	30	\N	\N	\N	\N	\N		\N	135.9	1969	f	2	27	6	\N	Point	\N	0	11	2018-11-02 11:34:46.533331	2018-11-02 11:34:46.533331	\N
2422	184	2006-04-12	\N	240.0	\N	\N		1	91.1	1974	f	2	27	6	\N	Point	\N	0	11	2018-11-02 11:34:46.554498	2018-11-02 11:34:46.554498	\N
2423	39	2007-09-26	\N	\N	\N	\N		\N	273.4	1962	f	2	27	6	\N	Point	\N	0	11	2018-11-02 11:34:46.574964	2018-11-02 11:34:46.574964	\N
2424	96	2006-04-12	\N	607.0	\N	\N		1	89.3	1973	f	2	27	6	\N	Point	\N	0	11	2018-11-02 11:34:46.602418	2018-11-02 11:34:46.602418	\N
2425	32	2006-06-21	\N	\N	\N	\N		\N	350.4	2006	f	2	27	6	\N	Point	\N	0	11	2018-11-02 11:34:46.620717	2018-11-02 11:34:46.620717	\N
2426	50	2005-07-27	\N	\N	\N	\N		\N	336.3	1991	f	2	27	6	\N	Point	\N	0	11	2018-11-02 11:34:46.638668	2018-11-02 11:34:46.638668	\N
2427	59	2009-07-22	\N	\N	\N	\N		1	110.7	1939	f	2	27	6	\N	Point	\N	0	11	2018-11-02 11:34:46.656272	2018-11-02 11:34:46.656272	\N
2428	63	2007-06-24	\N	\N	\N	\N		\N	802.6	1982	f	2	27	6	\N	Point	\N	0	11	2018-11-02 11:34:46.682653	2018-11-02 11:34:46.682653	\N
2429	59	2006-06-07	\N	\N	\N	\N		\N	231.1	1978	f	2	27	6	\N	Point	\N	0	11	2018-11-02 11:34:46.700765	2018-11-02 11:34:46.700765	\N
2430	122	2006-04-12	\N	\N	\N	\N		1	286.0	1947	f	2	27	6	\N	Point	\N	0	11	2018-11-02 11:34:46.719212	2018-11-02 11:34:46.719212	\N
2431	49	\N	\N	406.0	\N	\N		2	373.1	1950	f	2	27	6	\N	Point	\N	0	11	2018-11-02 11:34:46.737884	2018-11-02 11:34:46.737884	\N
2432	4	\N	\N	\N	\N	\N		\N	1075.7	1974	f	2	27	6	\N	Point	\N	0	11	2018-11-02 11:34:46.755967	2018-11-02 11:34:46.755967	\N
2433	33	2009-01-19	0510100000:03:028:0246	0.47	\N	\N	1958	1	521.9		f	4	27	8	\N	Point	\N	0	11	2018-11-02 11:34:46.776164	2018-11-02 11:34:46.776164	\N
2434	36	2012-08-30	\N	\N	\N	\N	1992	1	192.5	1992	f	4	27	5	\N	Point	\N	0	11	2018-11-02 11:34:46.795517	2018-11-02 11:34:46.795517	\N
2435	248	2000-05-31	\N	\N	\N	\N		1	53.1	1964	f	4	27	7	\N	Point	\N	0	11	2018-11-02 11:34:46.814149	2018-11-02 11:34:46.814149	\N
2436	16	2005-07-27	\N	4016.0	\N	\N		\N	3077.1	1975	f	4	27	6	\N	Point	\N	0	11	2018-11-02 11:34:46.832726	2018-11-02 11:34:46.832726	\N
2437	66	2006-03-08	\N	1185.0	\N	\N		\N	437.7	1917	t	4	27	6	\N	Point	\N	0	11	2018-11-02 11:34:46.851249	2018-11-02 11:34:46.851249	\N
2438	201 	2012-02-02	0510136300:01:059:0050	0.0149	\N	\N		1	10.6		f	4	27	1	\N	Point	\N	0	11	2018-11-02 11:34:46.869976	2018-11-02 11:34:46.869976	\N
2439	10 	2012-02-02	0510136600:02:080:0127	0.0081	\N	\N		1	10.7		f	4	27	1	\N	Point	\N	0	11	2018-11-02 11:34:46.890806	2018-11-02 11:34:46.890806	\N
2440	27	2012-02-02	0510137000:03:008:0273	0.0067	\N	\N		1	10.5		f	4	27	1	\N	Point	\N	0	11	2018-11-02 11:34:46.909051	2018-11-02 11:34:46.909051	\N
2441	49 	2012-02-02	0510136300:01:065:0028	0.01	\N	\N		1	10.6		f	4	27	1	\N	Point	\N	0	11	2018-11-02 11:34:46.926949	2018-11-02 11:34:46.926949	\N
2442	14 	2012-02-02	0510136600:02:007:0160	0.0124	\N	\N		1	50.4		f	4	27	1	\N	Point	\N	0	11	2018-11-02 11:34:46.94545	2018-11-02 11:34:46.94545	\N
2443	37 	2012-01-26	0510136600:02:050:0141	0.0178	\N	\N		1	55.8		f	4	27	1	\N	Point	\N	0	11	2018-11-02 11:34:46.964272	2018-11-02 11:34:46.964272	\N
2444	1 	2012-03-13	0510137000:03:039:0385	0.0082	\N	\N		1	21.9		f	4	27	1	\N	Point	\N	0	11	2018-11-02 11:34:46.985455	2018-11-02 11:34:46.985455	\N
2445	59 	2012-02-02	0510136600:02:080:01126	0.0121	\N	\N		1	48.8		f	4	27	1	\N	Point	\N	0	11	2018-11-02 11:34:47.01582	2018-11-02 11:34:47.01582	\N
2446	74	2012-02-02	0510137000:03:048:0137	0.0115	\N	\N		1	49.5		f	4	27	1	\N	Point	\N	0	11	2018-11-02 11:34:47.038858	2018-11-02 11:34:47.038858	\N
2447	6	2012-02-02	0510136300:01:057:0086	0.0136	\N	\N		1	50.0		f	4	27	1	\N	Point	\N	0	11	2018-11-02 11:34:47.062707	2018-11-02 11:34:47.062707	\N
2448	24	\N	0510137000:03:012:0167	121.0	\N	\N		1	49.0		f	4	27	1	\N	Point	\N	0	11	2018-11-02 11:34:47.090468	2018-11-02 11:34:47.090468	\N
2449	30 	2012-02-02	0510137000:03:013:0102	0.0103	\N	\N		1	37.4		f	4	27	1	\N	Point	\N	0	11	2018-11-02 11:34:47.109352	2018-11-02 11:34:47.109352	\N
2450	123 	2012-01-26	0510137000:03:033:0393	0.109	\N	\N		1	41.2		f	4	27	1	\N	Point	\N	0	11	2018-11-02 11:34:47.128184	2018-11-02 11:34:47.128184	\N
2451	51 	2012-01-26	0510136600:02:102:0039	0.013999999999999999	\N	\N		1	69.1		f	4	14	1	\N	Point	\N	0	11	2018-11-02 11:34:47.148115	2018-11-02 11:34:47.148115	\N
2452	22 	2012-01-26	0510136300:01:010:0253	0.011400000000000002	\N	\N		1	51.0		f	4	14	1	\N	Point	\N	0	11	2018-11-02 11:34:47.177443	2018-11-02 11:34:47.177443	\N
2453	25	\N	0510137000:03:061:0229	116.0	\N	\N		1	50.0		f	4	14	1	\N	Point	\N	0	11	2018-11-02 11:34:47.196048	2018-11-02 11:34:47.196048	\N
2454	53 	2012-01-26	0510137000:03:023:0115	0.0128	\N	\N		1	52.3		f	4	14	1	\N	Point	\N	0	11	2018-11-02 11:34:47.217318	2018-11-02 11:34:47.217318	\N
2455	44 	2012-01-26	0510136600:02:047:0056	0.0125	\N	\N		1	51.4		f	4	14	1	\N	Point	\N	0	11	2018-11-02 11:34:47.238082	2018-11-02 11:34:47.238082	\N
2456	16 	2012-01-26	0510136600:02:052:0179	0.012200000000000003	\N	\N		1	48.9		f	4	14	1	\N	Point	\N	0	11	2018-11-02 11:34:47.257635	2018-11-02 11:34:47.257635	\N
2457	250 	2012-02-02	0510137000:03:038:0341	0.012700000000000001	\N	\N		1	52.6		f	4	14	1	\N	Point	\N	0	11	2018-11-02 11:34:47.275949	2018-11-02 11:34:47.275949	\N
2458	4	2012-02-02	0510136300:01:063:0016	0.0047	\N	\N		1	10.7		f	4	14	1	\N	Point	\N	0	11	2018-11-02 11:34:47.295444	2018-11-02 11:34:47.295444	\N
2459	47 	2012-02-02	0510137000:03:045:0441	0.013700000000000002	\N	\N		1	39.3		f	4	14	1	\N	Point	\N	0	11	2018-11-02 11:34:47.318331	2018-11-02 11:34:47.318331	\N
2460	18 	2012-01-26	0510137000:03:034:0257	0.012	\N	\N		1	50.0		f	4	14	1	\N	Point	\N	0	11	2018-11-02 11:34:47.336866	2018-11-02 11:34:47.336866	\N
2461	23 	2012-01-26	0510136600:02:102:0040	0.0076	\N	\N		1	22.0		f	4	14	1	\N	Point	\N	0	11	2018-11-02 11:34:47.355004	2018-11-02 11:34:47.355004	\N
2462	24 	2012-01-26	0510137000:03:031:0108	0.012700000000000001	\N	\N		1	39.4		f	4	14	1	\N	Point	\N	0	11	2018-11-02 11:34:47.383005	2018-11-02 11:34:47.383005	\N
2463	7 	2012-02-02	0510136300:01:0590046	0.0123	\N	\N		1	50.2		f	4	14	1	\N	Point	\N	0	11	2018-11-02 11:34:47.413472	2018-11-02 11:34:47.413472	\N
2464	44 	2012-02-02	010136300:01:062:0016	0.0079	\N	\N		1	24.1		f	4	14	1	\N	Point	\N	0	11	2018-11-02 11:34:47.431942	2018-11-02 11:34:47.431942	\N
2465	1 	2012-02-02	0510136300:01:020:0112	0.0116	\N	\N		1	45.3		f	4	14	1	\N	Point	\N	0	11	2018-11-02 11:34:47.45006	2018-11-02 11:34:47.45006	\N
2466	3 	2012-02-02	0510137000:03:012:0168	0.0081	\N	\N		1	25.3		f	4	14	1	\N	Point	\N	0	11	2018-11-02 11:34:47.468499	2018-11-02 11:34:47.468499	\N
2467	87 	2012-01-26	0510136600:02:064:0068	0.015299999999999998	\N	\N		1	69.2		f	4	14	1	\N	Point	\N	0	11	2018-11-02 11:34:47.490923	2018-11-02 11:34:47.490923	\N
2468	48	2012-02-02	0510137000:03:043:0290	0.0099	\N	\N		1	46.9		f	4	14	1	\N	Point	\N	0	11	2018-11-02 11:34:47.513801	2018-11-02 11:34:47.513801	\N
2469	63 	2012-02-02	0510136600:02:065:0037	0.007200000000000001	\N	\N		1	24.5		f	4	14	1	\N	Point	\N	0	11	2018-11-02 11:34:47.536636	2018-11-02 11:34:47.536636	\N
2470	39 	2012-01-26	0510136600:02:042:0053	0.0098	\N	\N		1	34.5		f	4	14	1	\N	Point	\N	0	11	2018-11-02 11:34:47.558859	2018-11-02 11:34:47.558859	\N
2471	17 	2012-01-25	0510136600:02:018:0013	0.009700000000000002	\N	\N		1	34.1		f	4	14	1	\N	Point	\N	0	11	2018-11-02 11:34:47.582518	2018-11-02 11:34:47.582518	\N
2472	11 	2012-02-02	05101136600:02:021:0127	0.011	\N	\N		1	24.1		f	4	14	1	\N	Point	\N	0	11	2018-11-02 11:34:47.603265	2018-11-02 11:34:47.603265	\N
2473	66 	2012-02-02	0510136300:01:034:0081	0.008	\N	\N		1	34.8		f	4	14	1	\N	Point	\N	0	11	2018-11-02 11:34:47.632403	2018-11-02 11:34:47.632403	\N
2474	25 	2012-02-02	0510137000:03:017:0031	0.0098	\N	\N		1	34.7		f	4	14	1	\N	Point	\N	0	11	2018-11-02 11:34:47.651558	2018-11-02 11:34:47.651558	\N
2475	14	\N	05110136300:01:004:0095	357.0	\N	\N		1	52.0		f	4	14	1	\N	Point	\N	0	11	2018-11-02 11:34:47.670656	2018-11-02 11:34:47.670656	\N
2476	3 	2012-01-26	0510136300:01:014:0016	0.0093	\N	\N		1	51.7		f	4	14	1	\N	Point	\N	0	11	2018-11-02 11:34:47.696416	2018-11-02 11:34:47.696416	\N
2477	65-	2012-01-26	0510137000:03:005:0184	0.06	\N	\N		1	24.7	1979	f	4	14	1	\N	Point	\N	0	11	2018-11-02 11:34:47.717079	2018-11-02 11:34:47.717079	\N
2478	96 	2012-02-02	0510136600:02:099:0011	0.0079	\N	\N		1	35.7		f	4	14	1	\N	Point	\N	0	11	2018-11-02 11:34:47.743581	2018-11-02 11:34:47.743581	\N
2479	12 	2012-01-26	0510137000:03:009:0025	0.0051	\N	\N		1	27.6		f	4	14	1	\N	Point	\N	0	11	2018-11-02 11:34:47.769101	2018-11-02 11:34:47.769101	\N
2480	95 	2012-02-02	0510136600:02:039:0020	0.0096	\N	\N		1	32.7		f	4	14	1	\N	Point	\N	0	11	2018-11-02 11:34:47.792112	2018-11-02 11:34:47.792112	\N
2481	60 	2012-01-26	0510136600:02:066:0046	0.0082	\N	\N		1	24.5		f	4	14	1	\N	Point	\N	0	11	2018-11-02 11:34:47.814205	2018-11-02 11:34:47.814205	\N
2482	45 	2012-01-26	0510136300:01:010:0254	0.0091	\N	\N		1	51.0		f	4	14	1	\N	Point	\N	0	11	2018-11-02 11:34:47.835722	2018-11-02 11:34:47.835722	\N
2483	2 	2012-02-02	0510136300:01:039:0142	0.006500000000000001	\N	\N		1	16.5		f	4	14	1	\N	Point	\N	0	11	2018-11-02 11:34:47.862398	2018-11-02 11:34:47.862398	\N
2484	42 	2012-01-26	0510136600:02:044:0032	0.0064	\N	\N		1	15.8		f	4	14	1	\N	Point	\N	0	11	2018-11-02 11:34:47.885216	2018-11-02 11:34:47.885216	\N
2485	126 	2012-02-02	0510136300:01:006:0041	0.014100000000000001	\N	\N		1	75.0		f	4	14	1	\N	Point	\N	0	11	2018-11-02 11:34:47.914025	2018-11-02 11:34:47.914025	\N
2486	 8,10,12	\N	\N	\N	\N	\N		\N	\N		f	4	14	7	\N	Point	\N	0	11	2018-11-02 11:34:47.933581	2018-11-02 11:34:47.933581	\N
2487	31	\N	\N	\N	\N	\N		\N	3806.0		f	4	14	7	\N	\N	\N	0	11	2018-11-02 11:34:47.955536	2018-11-02 11:34:47.955536	\N
2488	5 	2012-02-02	0510136600:02:017:0076	0.008	\N	\N		1	34.8		f	4	14	1	\N	Point	\N	0	11	2018-11-02 11:34:47.982286	2018-11-02 11:34:47.982286	\N
2489	33 	2012-01-26	0510136600:02:038:0030	0.0096	\N	\N		1	34.5		f	4	14	1	\N	Point	\N	0	11	2018-11-02 11:34:48.014146	2018-11-02 11:34:48.014146	\N
2490	32	\N	\N	\N	\N	\N		\N	\N		f	4	14	2	\N	Point	\N	0	11	2018-11-02 11:34:48.035933	2018-11-02 11:34:48.035933	\N
2491	29	\N	\N	\N	\N	\N		\N	88.0		f	4	14	1	\N	Point	\N	0	11	2018-11-02 11:34:48.052984	2018-11-02 11:34:48.052984	\N
2492	3 	2012-02-02	0510136300:01:011:0074	0.029699999999999997	\N	\N		1	17.0		f	4	14	1	\N	Point	\N	0	11	2018-11-02 11:34:48.073227	2018-11-02 11:34:48.073227	\N
2493	30 	2012-02-02	0510136300:01:053:0030	0.0106	\N	\N		1	35.7		f	4	14	1	\N	Point	\N	0	11	2018-11-02 11:34:48.092392	2018-11-02 11:34:48.092392	\N
2494	5	2012-02-02	0510136600:02:014:0313	0.0058	\N	\N		1	25.4		f	4	14	1	\N	Point	\N	0	11	2018-11-02 11:34:48.111283	2018-11-02 11:34:48.111283	\N
2495	28 	2012-01-26	0510136600:02:043:0028	0.0064	\N	\N		1	16.0		f	4	14	1	\N	Point	\N	0	11	2018-11-02 11:34:48.12992	2018-11-02 11:34:48.12992	\N
2496	4 	2012-01-26	0510136600:02:047:0057	0.0081	\N	\N		1	24.2		f	4	14	1	\N	Point	\N	0	11	2018-11-02 11:34:48.148708	2018-11-02 11:34:48.148708	\N
2497	166 	2012-02-02	0510136600:02:082:0165	0.0079	\N	\N		1	22.9		f	4	14	1	\N	Point	\N	0	11	2018-11-02 11:34:48.168328	2018-11-02 11:34:48.168328	\N
2498	17 	2012-02-02	0510136600:02:031:0035	0.0337	\N	\N		1	49.0		f	4	14	1	\N	Point	\N	0	11	2018-11-02 11:34:48.189458	2018-11-02 11:34:48.189458	\N
2499	36 	2012-02-02	0510136300:01:036:0138	0.0064	\N	\N		1	21.5		f	4	14	1	\N	Point	\N	0	11	2018-11-02 11:34:48.207735	2018-11-02 11:34:48.207735	\N
2500	11 	2012-02-02	0510137000:03:003:0181	0.0096	\N	\N		1	33.7		f	4	14	1	\N	Point	\N	0	11	2018-11-02 11:34:48.227712	2018-11-02 11:34:48.227712	\N
2501	16	2012-02-02	0510136300:01:038:0086	0.078	\N	\N		1	22.6		f	4	14	1	\N	Point	\N	0	11	2018-11-02 11:34:48.246757	2018-11-02 11:34:48.246757	\N
2502	23 	2012-02-02	05101363300:01:052:0009	0.127	\N	\N		1	51.1		f	4	14	1	\N	Point	\N	0	11	2018-11-02 11:34:48.266463	2018-11-02 11:34:48.266463	\N
2503	48 	2012-01-26	0510137000:03:009:0024	0.0106	\N	\N		1	68.2		f	4	14	1	\N	Point	\N	0	11	2018-11-02 11:34:48.286848	2018-11-02 11:34:48.286848	\N
2504	25	2011-11-30	\N	\N	\N	\N		\N	43.7	1970	f	4	14	7	\N	Point	\N	0	11	2018-11-02 11:34:48.316929	2018-11-02 11:34:48.316929	\N
2505	70	\N	\N	\N	\N	\N		\N	69.6		f	4	14	7	\N	Point	\N	0	11	2018-11-02 11:34:48.347931	2018-11-02 11:34:48.347931	\N
2506	148	2015-08-11	0510100000:01:004:0103	80.0	\N	\N		1	34.4	1979	f	4	14	7	\N	Point	\N	0	11	2018-11-02 11:34:48.371895	2018-11-02 11:34:48.371895	\N
2507	1	\N	\N	\N	\N	\N		\N	\N		f	4	14	7	\N	\N	\N	0	11	2018-11-02 11:34:48.390649	2018-11-02 11:34:48.390649	\N
2508	30	\N	\N	\N	\N	\N		\N	\N		f	4	14	7	\N	\N	\N	0	11	2018-11-02 11:34:48.406897	2018-11-02 11:34:48.406897	\N
2509	28	\N	\N	\N	\N	\N		\N	\N		f	4	14	7	\N	\N	\N	0	11	2018-11-02 11:34:48.430196	2018-11-02 11:34:48.430196	\N
2510	18	\N	\N	\N	\N	\N		\N	\N		f	4	14	7	\N	\N	\N	0	11	2018-11-02 11:34:48.465835	2018-11-02 11:34:48.465835	\N
2511	14	\N	\N	\N	\N	\N		\N	\N		f	4	14	7	\N	\N	\N	0	11	2018-11-02 11:34:48.483244	2018-11-02 11:34:48.483244	\N
2512	12	\N	\N	\N	\N	\N		\N	\N		f	4	14	7	\N	\N	\N	0	11	2018-11-02 11:34:48.500008	2018-11-02 11:34:48.500008	\N
2513	10	\N	\N	\N	\N	\N		\N	\N		f	4	14	7	\N	\N	\N	0	11	2018-11-02 11:34:48.516522	2018-11-02 11:34:48.516522	\N
2514	8	\N	\N	\N	\N	\N		\N	\N		f	4	14	7	\N	\N	\N	0	11	2018-11-02 11:34:48.532852	2018-11-02 11:34:48.532852	\N
2515	7	\N	\N	\N	\N	\N		\N	\N		f	4	14	7	\N	\N	\N	0	11	2018-11-02 11:34:48.549253	2018-11-02 11:34:48.549253	\N
2516	5	\N	\N	\N	\N	\N		\N	\N		f	4	14	7	\N	\N	\N	0	11	2018-11-02 11:34:48.571035	2018-11-02 11:34:48.571035	\N
2517	2	\N	\N	\N	\N	\N		\N	\N		f	4	14	7	\N	\N	\N	0	11	2018-11-02 11:34:48.588017	2018-11-02 11:34:48.588017	\N
2518	22	\N	\N	\N	\N	\N		\N	\N		f	4	14	7	\N	\N	\N	0	11	2018-11-02 11:34:48.604896	2018-11-02 11:34:48.604896	\N
2519	2	\N	\N	\N	\N	\N		\N	\N		f	4	14	7	\N	\N	\N	0	11	2018-11-02 11:34:48.621862	2018-11-02 11:34:48.621862	\N
2520	89	\N	\N	\N	\N	\N		\N	\N		f	4	14	7	\N	\N	\N	0	11	2018-11-02 11:34:48.638251	2018-11-02 11:34:48.638251	\N
2521	79	\N	\N	\N	\N	\N		\N	\N		f	4	14	7	\N	\N	\N	0	11	2018-11-02 11:34:48.655416	2018-11-02 11:34:48.655416	\N
2522	65	\N	\N	\N	\N	\N		\N	\N		f	4	14	7	\N	\N	\N	0	11	2018-11-02 11:34:48.674288	2018-11-02 11:34:48.674288	\N
2523	63	\N	\N	\N	\N	\N		\N	\N		f	4	14	7	\N	\N	\N	0	11	2018-11-02 11:34:48.690365	2018-11-02 11:34:48.690365	\N
2524	25	\N	\N	\N	\N	\N		\N	\N		f	4	14	7	\N	\N	\N	0	11	2018-11-02 11:34:48.712055	2018-11-02 11:34:48.712055	\N
2525	17	\N	\N	\N	\N	\N		\N	\N		f	4	14	7	\N	\N	\N	0	11	2018-11-02 11:34:48.727989	2018-11-02 11:34:48.727989	\N
2526	4	\N	\N	\N	\N	\N		\N	\N		f	4	14	7	\N	\N	\N	0	11	2018-11-02 11:34:48.742106	2018-11-02 11:34:48.742106	\N
2527	39	\N	\N	\N	\N	\N		\N	\N		f	4	14	7	\N	\N	\N	0	11	2018-11-02 11:34:48.756494	2018-11-02 11:34:48.756494	\N
2528	37	\N	\N	\N	\N	\N		\N	\N		f	4	14	7	\N	\N	\N	0	11	2018-11-02 11:34:48.770905	2018-11-02 11:34:48.770905	\N
2529	35	\N	\N	\N	\N	\N		\N	\N		f	4	14	7	\N	\N	\N	0	11	2018-11-02 11:34:48.785788	2018-11-02 11:34:48.785788	\N
2530	29	\N	\N	\N	\N	\N		\N	\N		f	4	14	7	\N	\N	\N	0	11	2018-11-02 11:34:48.80041	2018-11-02 11:34:48.80041	\N
2531	24	\N	\N	\N	\N	\N		\N	\N		f	4	14	7	\N	\N	\N	0	11	2018-11-02 11:34:48.81607	2018-11-02 11:34:48.81607	\N
2532	11	\N	\N	\N	\N	\N		\N	\N		f	4	14	7	\N	\N	\N	0	11	2018-11-02 11:34:48.833075	2018-11-02 11:34:48.833075	\N
2533	5	\N	\N	\N	\N	\N		\N	\N		f	4	14	7	\N	\N	\N	0	11	2018-11-02 11:34:48.856048	2018-11-02 11:34:48.856048	\N
2534	35	\N	\N	\N	\N	\N		\N	\N		f	4	14	7	\N	\N	\N	0	11	2018-11-02 11:34:48.872694	2018-11-02 11:34:48.872694	\N
2535	34	\N	\N	\N	\N	\N		\N	\N		f	4	14	7	\N	\N	\N	0	11	2018-11-02 11:34:48.887702	2018-11-02 11:34:48.887702	\N
2536	33	\N	\N	\N	\N	\N		\N	\N		f	4	14	7	\N	\N	\N	0	11	2018-11-02 11:34:48.902923	2018-11-02 11:34:48.902923	\N
2537	16	\N	\N	\N	\N	\N		\N	\N		f	4	14	7	\N	\N	\N	0	11	2018-11-02 11:34:48.917427	2018-11-02 11:34:48.917427	\N
2538	9	\N	\N	\N	\N	\N		\N	\N		f	4	14	7	\N	\N	\N	0	11	2018-11-02 11:34:48.931906	2018-11-02 11:34:48.931906	\N
2539	4	\N	\N	\N	\N	\N		\N	\N		f	4	14	7	\N	\N	\N	0	11	2018-11-02 11:34:48.946966	2018-11-02 11:34:48.946966	\N
2540	2	\N	\N	\N	\N	\N		\N	\N		f	4	14	7	\N	\N	\N	0	11	2018-11-02 11:34:48.961684	2018-11-02 11:34:48.961684	\N
2541	4	2015-04-19	\N	\N	\N	\N		\N	40.0		f	4	14	7	\N	Point	\N	0	11	2018-11-02 11:34:48.979366	2018-11-02 11:34:48.979366	\N
2542	14	\N	\N	\N	\N	\N		\N	\N		f	4	14	7	\N	\N	\N	0	11	2018-11-02 11:34:48.995096	2018-11-02 11:34:48.995096	\N
2543	10	\N	\N	\N	\N	\N		\N	\N		f	4	14	7	\N	\N	\N	0	11	2018-11-02 11:34:49.010462	2018-11-02 11:34:49.010462	\N
2544	58	\N	\N	\N	\N	\N		\N	\N		f	4	14	7	\N	\N	\N	0	11	2018-11-02 11:34:49.025201	2018-11-02 11:34:49.025201	\N
2545	56	\N	\N	\N	\N	\N		\N	\N		f	4	14	7	\N	\N	\N	0	11	2018-11-02 11:34:49.039475	2018-11-02 11:34:49.039475	\N
2546	54	\N	\N	\N	\N	\N		\N	\N		f	4	14	7	\N	\N	\N	0	11	2018-11-02 11:34:49.053736	2018-11-02 11:34:49.053736	\N
2547	52	\N	\N	\N	\N	\N		\N	\N		f	4	14	7	\N	\N	\N	0	11	2018-11-02 11:34:49.068419	2018-11-02 11:34:49.068419	\N
2548	50	\N	\N	\N	\N	\N		\N	\N		f	4	14	7	\N	\N	\N	0	11	2018-11-02 11:34:49.096863	2018-11-02 11:34:49.096863	\N
2549	41	\N	\N	\N	\N	\N		\N	\N		f	4	14	7	\N	\N	\N	0	11	2018-11-02 11:34:49.113881	2018-11-02 11:34:49.113881	\N
2550	39	\N	\N	\N	\N	\N		\N	\N		f	4	14	7	\N	\N	\N	0	11	2018-11-02 11:34:49.129732	2018-11-02 11:34:49.129732	\N
2551	38	\N	\N	\N	\N	\N		\N	\N		f	4	14	7	\N	\N	\N	0	11	2018-11-02 11:34:49.154189	2018-11-02 11:34:49.154189	\N
2552	36	\N	\N	\N	\N	\N		\N	\N		f	4	14	7	\N	\N	\N	0	11	2018-11-02 11:34:49.170867	2018-11-02 11:34:49.170867	\N
2553	32	\N	\N	\N	\N	\N		\N	\N		f	4	14	7	\N	\N	\N	0	11	2018-11-02 11:34:49.186917	2018-11-02 11:34:49.186917	\N
2554	30	\N	\N	\N	\N	\N		\N	\N		f	4	14	7	\N	\N	\N	0	11	2018-11-02 11:34:49.201279	2018-11-02 11:34:49.201279	\N
2555	26	\N	\N	\N	\N	\N		\N	\N		f	4	14	7	\N	\N	\N	0	11	2018-11-02 11:34:49.215495	2018-11-02 11:34:49.215495	\N
2556	22	\N	\N	\N	\N	\N		\N	\N		f	4	14	7	\N	\N	\N	0	11	2018-11-02 11:34:49.22984	2018-11-02 11:34:49.22984	\N
2557	8	\N	\N	\N	\N	\N		\N	\N		f	4	14	7	\N	\N	\N	0	11	2018-11-02 11:34:49.24399	2018-11-02 11:34:49.24399	\N
2558	34	\N	\N	\N	\N	\N		\N	\N		f	4	14	7	\N	\N	\N	0	11	2018-11-02 11:34:49.258734	2018-11-02 11:34:49.258734	\N
2559	22	\N	\N	\N	\N	\N		\N	\N		f	4	14	7	\N	\N	\N	0	11	2018-11-02 11:34:49.273239	2018-11-02 11:34:49.273239	\N
2560	18	\N	\N	\N	\N	\N		\N	\N		f	4	14	7	\N	\N	\N	0	11	2018-11-02 11:34:49.288102	2018-11-02 11:34:49.288102	\N
2561	16	\N	\N	\N	\N	\N		\N	\N		f	4	14	7	\N	\N	\N	0	11	2018-11-02 11:34:49.304186	2018-11-02 11:34:49.304186	\N
2562	10	\N	\N	\N	\N	\N		\N	\N		f	4	14	7	\N	\N	\N	0	11	2018-11-02 11:34:49.324081	2018-11-02 11:34:49.324081	\N
2563	9	\N	\N	\N	\N	\N		\N	60.6		f	4	14	7	\N	\N	\N	0	11	2018-11-02 11:34:49.344686	2018-11-02 11:34:49.344686	\N
2564	1	\N	\N	\N	\N	\N		\N	\N		f	4	14	7	\N	\N	\N	0	11	2018-11-02 11:34:49.366282	2018-11-02 11:34:49.366282	\N
2565	39	\N	\N	\N	\N	\N		\N	\N		f	4	14	7	\N	\N	\N	0	11	2018-11-02 11:34:49.388031	2018-11-02 11:34:49.388031	\N
2566	37	\N	\N	\N	\N	\N		\N	\N		f	4	14	7	\N	\N	\N	0	11	2018-11-02 11:34:49.410143	2018-11-02 11:34:49.410143	\N
2567	35	\N	\N	\N	\N	\N		\N	\N		f	4	14	7	\N	\N	\N	0	11	2018-11-02 11:34:49.437287	2018-11-02 11:34:49.437287	\N
2568	33	\N	\N	\N	\N	\N		\N	\N		f	4	14	7	\N	\N	\N	0	11	2018-11-02 11:34:49.451752	2018-11-02 11:34:49.451752	\N
2569	18	\N	\N	\N	\N	\N		\N	\N		f	4	14	7	\N	\N	\N	0	11	2018-11-02 11:34:49.466254	2018-11-02 11:34:49.466254	\N
2570	16	\N	\N	\N	\N	\N		\N	\N		f	4	14	7	\N	\N	\N	0	11	2018-11-02 11:34:49.480679	2018-11-02 11:34:49.480679	\N
2571	12	\N	\N	\N	\N	\N		\N	\N		f	4	14	7	\N	\N	\N	0	11	2018-11-02 11:34:49.495843	2018-11-02 11:34:49.495843	\N
2572	19	\N	\N	\N	\N	\N		\N	160.8		f	4	14	7	\N	\N	\N	0	11	2018-11-02 11:34:49.511102	2018-11-02 11:34:49.511102	\N
2573	15	\N	\N	\N	\N	\N		\N	\N		f	4	14	7	\N	\N	\N	0	11	2018-11-02 11:34:49.52696	2018-11-02 11:34:49.52696	\N
2574	13	\N	\N	\N	\N	\N		\N	\N		f	4	14	7	\N	\N	\N	0	11	2018-11-02 11:34:49.549628	2018-11-02 11:34:49.549628	\N
2575	11	\N	\N	\N	\N	\N		\N	\N		f	4	14	7	\N	\N	\N	0	11	2018-11-02 11:34:49.563572	2018-11-02 11:34:49.563572	\N
2576	5	\N	\N	\N	\N	\N		\N	\N		f	4	14	7	\N	\N	\N	0	11	2018-11-02 11:34:49.577874	2018-11-02 11:34:49.577874	\N
2577	3	\N	\N	\N	\N	\N		\N	\N		f	4	14	7	\N	\N	\N	0	11	2018-11-02 11:34:49.59237	2018-11-02 11:34:49.59237	\N
2578	1	\N	\N	\N	\N	\N		\N	\N		f	4	14	7	\N	\N	\N	0	11	2018-11-02 11:34:49.60678	2018-11-02 11:34:49.60678	\N
2579	14	\N	\N	\N	\N	\N		2	53.8	1958	f	4	14	7	\N	Point	\N	0	11	2018-11-02 11:34:49.624106	2018-11-02 11:34:49.624106	\N
2580	10	\N	\N	\N	\N	\N		2	22.1	1958	f	4	14	7	\N	Point	\N	0	11	2018-11-02 11:34:49.642629	2018-11-02 11:34:49.642629	\N
2581	8	\N	\N	\N	\N	\N		2	22.1	1958	f	4	14	7	\N	Point	\N	0	11	2018-11-02 11:34:49.660094	2018-11-02 11:34:49.660094	\N
2582	4	\N	\N	\N	\N	\N		\N	\N		f	4	14	7	\N	\N	\N	0	11	2018-11-02 11:34:49.67568	2018-11-02 11:34:49.67568	\N
2583	7	\N	\N	\N	\N	\N		\N	\N		f	4	14	7	\N	\N	\N	0	11	2018-11-02 11:34:49.690084	2018-11-02 11:34:49.690084	\N
2584	250	\N	\N	\N	\N	\N		\N	\N		f	4	14	7	\N	\N	\N	0	11	2018-11-02 11:34:49.704753	2018-11-02 11:34:49.704753	\N
2585	32	\N	\N	\N	\N	\N		\N	\N		f	4	14	7	\N	\N	\N	0	11	2018-11-02 11:34:49.722706	2018-11-02 11:34:49.722706	\N
2586	28	\N	\N	\N	\N	\N		\N	\N		f	4	14	7	\N	\N	\N	0	11	2018-11-02 11:34:49.738503	2018-11-02 11:34:49.738503	\N
2587	26	\N	\N	\N	\N	\N		\N	\N		f	4	14	7	\N	\N	\N	0	11	2018-11-02 11:34:49.75346	2018-11-02 11:34:49.75346	\N
2588	24	\N	\N	\N	\N	\N		\N	\N		f	4	14	7	\N	\N	\N	0	11	2018-11-02 11:34:49.76776	2018-11-02 11:34:49.76776	\N
2589	21	\N	\N	\N	\N	\N		\N	\N		f	4	14	7	\N	\N	\N	0	11	2018-11-02 11:34:49.782338	2018-11-02 11:34:49.782338	\N
2590	20	\N	\N	\N	\N	\N		\N	\N		f	4	14	7	\N	\N	\N	0	11	2018-11-02 11:34:49.798767	2018-11-02 11:34:49.798767	\N
2591	19	\N	\N	\N	\N	\N		\N	\N		f	4	14	7	\N	\N	\N	0	11	2018-11-02 11:34:49.814729	2018-11-02 11:34:49.814729	\N
2592	18	\N	\N	\N	\N	\N		\N	\N		f	4	14	7	\N	\N	\N	0	11	2018-11-02 11:34:49.837569	2018-11-02 11:34:49.837569	\N
2593	16	\N	\N	\N	\N	\N		\N	\N		f	4	14	7	\N	\N	\N	0	11	2018-11-02 11:34:49.853149	2018-11-02 11:34:49.853149	\N
2594	52	\N	\N	\N	\N	\N		\N	\N		f	4	14	7	\N	\N	\N	0	11	2018-11-02 11:34:49.869849	2018-11-02 11:34:49.869849	\N
2595	28	\N	\N	\N	\N	\N		\N	\N		f	4	14	7	\N	\N	\N	0	11	2018-11-02 11:34:49.893907	2018-11-02 11:34:49.893907	\N
2596	26	\N	\N	\N	\N	\N		\N	\N		f	4	14	7	\N	\N	\N	0	11	2018-11-02 11:34:49.909604	2018-11-02 11:34:49.909604	\N
2597	20	\N	\N	\N	\N	\N		\N	\N		f	4	14	7	\N	\N	\N	0	11	2018-11-02 11:34:49.923951	2018-11-02 11:34:49.923951	\N
2598	16	\N	\N	\N	\N	\N		\N	\N		f	4	14	7	\N	\N	\N	0	11	2018-11-02 11:34:49.938076	2018-11-02 11:34:49.938076	\N
2599	14	\N	\N	\N	\N	\N		\N	\N		f	4	14	7	\N	\N	\N	0	11	2018-11-02 11:34:49.955351	2018-11-02 11:34:49.955351	\N
2600	12	\N	\N	\N	\N	\N		\N	\N		f	4	14	7	\N	\N	\N	0	11	2018-11-02 11:34:49.970402	2018-11-02 11:34:49.970402	\N
2601	10	\N	\N	\N	\N	\N		\N	\N		f	4	14	7	\N	\N	\N	0	11	2018-11-02 11:34:49.986341	2018-11-02 11:34:49.986341	\N
2602	5	\N	\N	\N	\N	\N		\N	\N		f	4	14	7	\N	\N	\N	0	11	2018-11-02 11:34:50.001428	2018-11-02 11:34:50.001428	\N
2603	65	\N	\N	\N	\N	\N		\N	\N		f	4	14	7	\N	\N	\N	0	11	2018-11-02 11:34:50.01752	2018-11-02 11:34:50.01752	\N
2604	57	\N	\N	\N	\N	\N		\N	24.1		f	4	14	7	\N	\N	\N	0	11	2018-11-02 11:34:50.033624	2018-11-02 11:34:50.033624	\N
2605	49	\N	\N	\N	\N	\N		\N	\N		f	4	14	7	\N	\N	\N	0	11	2018-11-02 11:34:50.056482	2018-11-02 11:34:50.056482	\N
2606	43	\N	\N	\N	\N	\N		\N	\N		f	4	14	7	\N	\N	\N	0	11	2018-11-02 11:34:50.080085	2018-11-02 11:34:50.080085	\N
2607	42	\N	\N	\N	\N	\N		\N	\N		f	4	14	7	\N	\N	\N	0	11	2018-11-02 11:34:50.095191	2018-11-02 11:34:50.095191	\N
2608	41	\N	\N	\N	\N	\N		\N	\N		f	4	14	7	\N	\N	\N	0	11	2018-11-02 11:34:50.110712	2018-11-02 11:34:50.110712	\N
2609	39	\N	\N	\N	\N	\N		\N	\N		f	4	14	7	\N	\N	\N	0	11	2018-11-02 11:34:50.126463	2018-11-02 11:34:50.126463	\N
2610	38	\N	\N	\N	\N	\N		\N	\N		f	4	14	7	\N	\N	\N	0	11	2018-11-02 11:34:50.150014	2018-11-02 11:34:50.150014	\N
2611	34	\N	\N	\N	\N	\N		\N	\N		f	4	14	7	\N	\N	\N	0	11	2018-11-02 11:34:50.165024	2018-11-02 11:34:50.165024	\N
2612	29	\N	\N	\N	\N	\N		\N	\N		f	4	14	7	\N	\N	\N	0	11	2018-11-02 11:34:50.17936	2018-11-02 11:34:50.17936	\N
2613	23	\N	\N	\N	\N	\N		\N	\N		f	4	14	7	\N	\N	\N	0	11	2018-11-02 11:34:50.19408	2018-11-02 11:34:50.19408	\N
2614	22	\N	\N	\N	\N	\N		\N	\N		f	4	14	7	\N	\N	\N	0	11	2018-11-02 11:34:50.20835	2018-11-02 11:34:50.20835	\N
2615	17	\N	\N	\N	\N	\N		\N	\N		f	4	14	7	\N	\N	\N	0	11	2018-11-02 11:34:50.225256	2018-11-02 11:34:50.225256	\N
2616	12	\N	\N	\N	\N	\N		\N	\N		f	4	14	7	\N	\N	\N	0	11	2018-11-02 11:34:50.240536	2018-11-02 11:34:50.240536	\N
2617	10	\N	\N	\N	\N	\N		\N	\N		f	4	14	7	\N	\N	\N	0	11	2018-11-02 11:34:50.254845	2018-11-02 11:34:50.254845	\N
2618	6	\N	\N	\N	\N	\N		\N	\N		f	4	14	7	\N	\N	\N	0	11	2018-11-02 11:34:50.271578	2018-11-02 11:34:50.271578	\N
2619	4	\N	\N	\N	\N	\N		\N	\N		f	4	14	7	\N	\N	\N	0	11	2018-11-02 11:34:50.293219	2018-11-02 11:34:50.293219	\N
2620	2	\N	\N	\N	\N	\N		\N	\N		f	4	14	7	\N	\N	\N	0	11	2018-11-02 11:34:50.315386	2018-11-02 11:34:50.315386	\N
2621	37	\N	\N	\N	\N	\N		\N	\N		f	4	14	7	\N	\N	\N	0	11	2018-11-02 11:34:50.342643	2018-11-02 11:34:50.342643	\N
2622	35	\N	\N	\N	\N	\N		\N	\N		f	4	14	7	\N	\N	\N	0	11	2018-11-02 11:34:50.364694	2018-11-02 11:34:50.364694	\N
2623	10	\N	\N	\N	\N	\N		\N	\N		f	4	14	7	\N	\N	\N	0	11	2018-11-02 11:34:50.386221	2018-11-02 11:34:50.386221	\N
2624	8	\N	\N	\N	\N	\N		\N	\N		f	4	14	7	\N	\N	\N	0	11	2018-11-02 11:34:50.407812	2018-11-02 11:34:50.407812	\N
2625	6	\N	\N	\N	\N	\N		\N	\N		f	4	14	7	\N	\N	\N	0	11	2018-11-02 11:34:50.432056	2018-11-02 11:34:50.432056	\N
2626	2	\N	\N	\N	\N	\N		\N	\N		f	4	14	7	\N	\N	\N	0	11	2018-11-02 11:34:50.453882	2018-11-02 11:34:50.453882	\N
2627	10	\N	\N	\N	\N	\N		\N	\N		f	4	14	7	\N	\N	\N	0	11	2018-11-02 11:34:50.475175	2018-11-02 11:34:50.475175	\N
2628	25	\N	\N	\N	\N	\N		\N	88.0		f	4	14	7	\N	\N	\N	0	11	2018-11-02 11:34:50.493898	2018-11-02 11:34:50.493898	\N
2629	5	\N	\N	\N	\N	\N		\N	\N		f	4	14	7	\N	\N	\N	0	11	2018-11-02 11:34:50.515518	2018-11-02 11:34:50.515518	\N
2630	14	\N	\N	\N	\N	\N		\N	\N		f	4	14	7	\N	\N	\N	0	11	2018-11-02 11:34:50.537318	2018-11-02 11:34:50.537318	\N
2631	12	\N	\N	\N	\N	\N		\N	\N		f	4	14	7	\N	\N	\N	0	11	2018-11-02 11:34:50.552013	2018-11-02 11:34:50.552013	\N
2632	9	\N	\N	\N	\N	\N		\N	\N		f	4	14	7	\N	\N	\N	0	11	2018-11-02 11:34:50.567382	2018-11-02 11:34:50.567382	\N
2633	6	\N	\N	\N	\N	\N		\N	\N		f	4	14	7	\N	\N	\N	0	11	2018-11-02 11:34:50.582356	2018-11-02 11:34:50.582356	\N
2634	4	\N	\N	\N	\N	\N		\N	\N		f	4	14	7	\N	\N	\N	0	11	2018-11-02 11:34:50.597606	2018-11-02 11:34:50.597606	\N
2635	1	\N	\N	\N	\N	\N		\N	\N		f	4	14	7	\N	\N	\N	0	11	2018-11-02 11:34:50.619529	2018-11-02 11:34:50.619529	\N
2636	74	\N	\N	\N	\N	\N		\N	\N		f	4	14	7	\N	\N	\N	0	11	2018-11-02 11:34:50.639612	2018-11-02 11:34:50.639612	\N
2637	72	\N	\N	\N	\N	\N		\N	\N		f	4	14	7	\N	\N	\N	0	11	2018-11-02 11:34:50.655612	2018-11-02 11:34:50.655612	\N
2638	70	\N	\N	\N	\N	\N		\N	\N		f	4	14	7	\N	\N	\N	0	11	2018-11-02 11:34:50.670168	2018-11-02 11:34:50.670168	\N
2639	68	\N	\N	\N	\N	\N		\N	\N		f	4	14	7	\N	\N	\N	0	11	2018-11-02 11:34:50.684114	2018-11-02 11:34:50.684114	\N
2640	60	\N	\N	\N	\N	\N		\N	\N		f	4	14	7	\N	\N	\N	0	11	2018-11-02 11:34:50.698481	2018-11-02 11:34:50.698481	\N
2641	54	\N	\N	\N	\N	\N		\N	\N		f	4	14	7	\N	\N	\N	0	11	2018-11-02 11:34:50.718641	2018-11-02 11:34:50.718641	\N
2642	54	\N	\N	\N	\N	\N		\N	\N		f	4	14	7	\N	\N	\N	0	11	2018-11-02 11:34:50.733721	2018-11-02 11:34:50.733721	\N
2643	52	\N	\N	\N	\N	\N		\N	\N		f	4	14	7	\N	\N	\N	0	11	2018-11-02 11:34:50.748427	2018-11-02 11:34:50.748427	\N
2644	50	\N	\N	\N	\N	\N		\N	199.4		f	4	14	7	\N	\N	\N	0	11	2018-11-02 11:34:50.763214	2018-11-02 11:34:50.763214	\N
2645	48	\N	\N	\N	\N	\N		\N	\N		f	4	14	7	\N	\N	\N	0	11	2018-11-02 11:34:50.777566	2018-11-02 11:34:50.777566	\N
2646	46/58	\N	\N	\N	\N	\N		\N	\N		f	4	14	7	\N	\N	\N	0	11	2018-11-02 11:34:50.792345	2018-11-02 11:34:50.792345	\N
2647	44	\N	\N	\N	\N	\N		\N	\N		f	4	14	7	\N	\N	\N	0	11	2018-11-02 11:34:50.807082	2018-11-02 11:34:50.807082	\N
2648	42	\N	\N	\N	\N	\N		\N	\N		f	4	14	7	\N	\N	\N	0	11	2018-11-02 11:34:50.821404	2018-11-02 11:34:50.821404	\N
2649	40	\N	\N	\N	\N	\N		\N	\N		f	4	14	7	\N	\N	\N	0	11	2018-11-02 11:34:50.835818	2018-11-02 11:34:50.835818	\N
2650	36	\N	\N	\N	\N	\N		\N	\N		f	4	14	7	\N	\N	\N	0	11	2018-11-02 11:34:50.850119	2018-11-02 11:34:50.850119	\N
2651	32	\N	\N	\N	\N	\N		\N	\N		f	4	14	7	\N	\N	\N	0	11	2018-11-02 11:34:50.866665	2018-11-02 11:34:50.866665	\N
2652	18	\N	\N	\N	\N	\N		\N	\N		f	4	14	7	\N	\N	\N	0	11	2018-11-02 11:34:50.88126	2018-11-02 11:34:50.88126	\N
2653	14	\N	\N	\N	\N	\N		\N	\N		f	4	14	7	\N	\N	\N	0	11	2018-11-02 11:34:50.910139	2018-11-02 11:34:50.910139	\N
2654	12	\N	\N	\N	\N	\N		\N	\N		f	4	14	7	\N	\N	\N	0	11	2018-11-02 11:34:50.928264	2018-11-02 11:34:50.928264	\N
2655	10	\N	\N	\N	\N	\N		\N	109.0		f	4	14	7	\N	\N	\N	0	11	2018-11-02 11:34:50.947107	2018-11-02 11:34:50.947107	\N
2656	4	\N	\N	\N	\N	\N		\N	\N		f	4	14	7	\N	\N	\N	0	11	2018-11-02 11:34:50.961352	2018-11-02 11:34:50.961352	\N
2657	51	\N	\N	\N	\N	\N		\N	\N		f	4	14	7	\N	\N	\N	0	11	2018-11-02 11:34:50.975556	2018-11-02 11:34:50.975556	\N
2658	44	\N	\N	\N	\N	\N		\N	\N		f	4	14	7	\N	\N	\N	0	11	2018-11-02 11:34:50.997087	2018-11-02 11:34:50.997087	\N
2659	42	\N	\N	\N	\N	\N		\N	\N		f	4	14	7	\N	\N	\N	0	11	2018-11-02 11:34:51.01194	2018-11-02 11:34:51.01194	\N
2660	41	\N	\N	\N	\N	\N		\N	\N		f	4	14	7	\N	\N	\N	0	11	2018-11-02 11:34:51.034565	2018-11-02 11:34:51.034565	\N
2661	39	\N	\N	\N	\N	\N		\N	\N		f	4	14	7	\N	\N	\N	0	11	2018-11-02 11:34:51.049597	2018-11-02 11:34:51.049597	\N
2662	37	\N	\N	\N	\N	\N		\N	\N		f	4	14	7	\N	\N	\N	0	11	2018-11-02 11:34:51.063398	2018-11-02 11:34:51.063398	\N
2663	36	\N	\N	\N	\N	\N		\N	\N		f	4	14	7	\N	\N	\N	0	11	2018-11-02 11:34:51.077715	2018-11-02 11:34:51.077715	\N
2664	31	\N	\N	\N	\N	\N		\N	\N		f	4	14	7	\N	\N	\N	0	11	2018-11-02 11:34:51.091932	2018-11-02 11:34:51.091932	\N
2665	30	\N	\N	\N	\N	\N		\N	\N		f	4	14	7	\N	\N	\N	0	11	2018-11-02 11:34:51.106587	2018-11-02 11:34:51.106587	\N
2666	27	\N	\N	\N	\N	\N		\N	\N		f	4	14	7	\N	\N	\N	0	11	2018-11-02 11:34:51.120958	2018-11-02 11:34:51.120958	\N
2667	25	\N	\N	\N	\N	\N		\N	\N		f	4	14	7	\N	\N	\N	0	11	2018-11-02 11:34:51.135723	2018-11-02 11:34:51.135723	\N
2668	17	\N	\N	\N	\N	\N		\N	\N		f	4	14	7	\N	\N	\N	0	11	2018-11-02 11:34:51.150714	2018-11-02 11:34:51.150714	\N
2669	13	\N	\N	\N	\N	\N		\N	\N		f	4	14	7	\N	\N	\N	0	11	2018-11-02 11:34:51.165119	2018-11-02 11:34:51.165119	\N
2670	26	\N	\N	\N	\N	\N		\N	\N		f	4	14	7	\N	\N	\N	0	11	2018-11-02 11:34:51.17958	2018-11-02 11:34:51.17958	\N
2671	24	\N	\N	\N	\N	\N		\N	\N		f	4	14	7	\N	\N	\N	0	11	2018-11-02 11:34:51.206878	2018-11-02 11:34:51.206878	\N
2672	23	\N	\N	\N	\N	\N		\N	\N		f	4	14	7	\N	\N	\N	0	11	2018-11-02 11:34:51.221923	2018-11-02 11:34:51.221923	\N
2673	21	\N	\N	\N	\N	\N		\N	\N		f	4	14	7	\N	\N	\N	0	11	2018-11-02 11:34:51.240615	2018-11-02 11:34:51.240615	\N
2674	17	\N	\N	\N	\N	\N		\N	\N		f	4	14	7	\N	\N	\N	0	11	2018-11-02 11:34:51.256499	2018-11-02 11:34:51.256499	\N
2675	15	\N	\N	\N	\N	\N		\N	\N		f	4	14	7	\N	\N	\N	0	11	2018-11-02 11:34:51.271486	2018-11-02 11:34:51.271486	\N
2676	13	\N	\N	\N	\N	\N		\N	\N		f	4	14	7	\N	\N	\N	0	11	2018-11-02 11:34:51.285784	2018-11-02 11:34:51.285784	\N
2677	11	\N	\N	\N	\N	\N		\N	\N		f	4	14	7	\N	\N	\N	0	11	2018-11-02 11:34:51.302483	2018-11-02 11:34:51.302483	\N
2678	9	\N	\N	\N	\N	\N		\N	\N		f	4	14	7	\N	\N	\N	0	11	2018-11-02 11:34:51.319065	2018-11-02 11:34:51.319065	\N
2679	6	\N	\N	\N	\N	\N		\N	122.6		f	4	14	7	\N	\N	\N	0	11	2018-11-02 11:34:51.335722	2018-11-02 11:34:51.335722	\N
2680	8	\N	\N	\N	\N	\N		\N	\N		f	4	14	7	\N	\N	\N	0	11	2018-11-02 11:34:51.351369	2018-11-02 11:34:51.351369	\N
2681	4	\N	\N	\N	\N	\N		\N	\N		f	4	14	7	\N	\N	\N	0	11	2018-11-02 11:34:51.365373	2018-11-02 11:34:51.365373	\N
2682	5	\N	\N	\N	\N	\N		\N	\N		f	4	14	7	\N	\N	\N	0	11	2018-11-02 11:34:51.382286	2018-11-02 11:34:51.382286	\N
2683	3	\N	\N	\N	\N	\N		\N	\N		f	4	14	7	\N	\N	\N	0	11	2018-11-02 11:34:51.398408	2018-11-02 11:34:51.398408	\N
2684	1	\N	\N	\N	\N	\N		\N	\N		f	4	14	7	\N	\N	\N	0	11	2018-11-02 11:34:51.425375	2018-11-02 11:34:51.425375	\N
2685	50	\N	\N	\N	\N	\N		\N	\N		f	4	14	7	\N	\N	\N	0	11	2018-11-02 11:34:51.446706	2018-11-02 11:34:51.446706	\N
2686	16	\N	\N	\N	\N	\N		\N	\N		f	4	14	7	\N	\N	\N	0	11	2018-11-02 11:34:51.465567	2018-11-02 11:34:51.465567	\N
2687	4	\N	\N	\N	\N	\N		\N	\N		f	4	14	7	\N	\N	\N	0	11	2018-11-02 11:34:51.483068	2018-11-02 11:34:51.483068	\N
2688	5	\N	\N	\N	\N	\N		\N	\N		f	4	14	7	\N	\N	\N	0	11	2018-11-02 11:34:51.507187	2018-11-02 11:34:51.507187	\N
2689	15	\N	\N	\N	\N	\N		\N	\N		f	4	14	7	\N	\N	\N	0	11	2018-11-02 11:34:51.522836	2018-11-02 11:34:51.522836	\N
2690	26	\N	\N	\N	\N	\N		\N	\N		f	4	14	7	\N	\N	\N	0	11	2018-11-02 11:34:51.53924	2018-11-02 11:34:51.53924	\N
2691	66	\N	\N	\N	\N	\N		\N	\N		f	4	14	7	\N	\N	\N	0	11	2018-11-02 11:34:51.554584	2018-11-02 11:34:51.554584	\N
2692	64	\N	\N	\N	\N	\N		\N	\N		f	4	14	7	\N	\N	\N	0	11	2018-11-02 11:34:51.570493	2018-11-02 11:34:51.570493	\N
2693	55	\N	\N	\N	\N	\N		\N	\N		f	4	14	7	\N	\N	\N	0	11	2018-11-02 11:34:51.586968	2018-11-02 11:34:51.586968	\N
2694	166	\N	\N	\N	\N	\N		\N	\N		f	4	14	7	\N	\N	\N	0	11	2018-11-02 11:34:51.614551	2018-11-02 11:34:51.614551	\N
2695	154	\N	\N	\N	\N	\N		\N	\N		f	4	14	7	\N	\N	\N	0	11	2018-11-02 11:34:51.632912	2018-11-02 11:34:51.632912	\N
2696	152	\N	\N	\N	\N	\N		\N	\N		f	4	14	7	\N	\N	\N	0	11	2018-11-02 11:34:51.660873	2018-11-02 11:34:51.660873	\N
2697	150	\N	\N	\N	\N	\N		\N	\N		f	4	14	7	\N	\N	\N	0	11	2018-11-02 11:34:51.685846	2018-11-02 11:34:51.685846	\N
2698	148	\N	\N	\N	\N	\N		\N	\N		f	4	14	7	\N	\N	\N	0	11	2018-11-02 11:34:51.702426	2018-11-02 11:34:51.702426	\N
2699	146	\N	\N	\N	\N	\N		\N	\N		f	4	14	7	\N	\N	\N	0	11	2018-11-02 11:34:51.723189	2018-11-02 11:34:51.723189	\N
2700	138	\N	\N	\N	\N	\N		\N	\N		f	4	14	7	\N	Point	\N	0	11	2018-11-02 11:34:51.748369	2018-11-02 11:34:51.748369	\N
2701	120	\N	\N	\N	\N	\N		\N	\N		f	4	14	7	\N	\N	\N	0	11	2018-11-02 11:34:51.765669	2018-11-02 11:34:51.765669	\N
2702	110	\N	\N	\N	\N	\N		\N	\N		f	4	14	7	\N	\N	\N	0	11	2018-11-02 11:34:51.784119	2018-11-02 11:34:51.784119	\N
2703	108	\N	\N	\N	\N	\N		\N	\N		f	4	14	7	\N	\N	\N	0	11	2018-11-02 11:34:51.798945	2018-11-02 11:34:51.798945	\N
2704	104	\N	\N	\N	\N	\N		\N	\N		f	4	14	7	\N	\N	\N	0	11	2018-11-02 11:34:51.81587	2018-11-02 11:34:51.81587	\N
2705	102	\N	\N	\N	\N	\N		\N	\N		f	4	14	7	\N	\N	\N	0	11	2018-11-02 11:34:51.832952	2018-11-02 11:34:51.832952	\N
2706	100	\N	\N	\N	\N	\N		\N	\N		f	4	14	7	\N	\N	\N	0	11	2018-11-02 11:34:51.84726	2018-11-02 11:34:51.84726	\N
2707	98	\N	\N	\N	\N	\N		\N	214.0		f	4	14	7	\N	\N	\N	0	11	2018-11-02 11:34:51.861012	2018-11-02 11:34:51.861012	\N
2708	96	\N	\N	\N	\N	\N		\N	\N		f	4	14	7	\N	\N	\N	0	11	2018-11-02 11:34:51.884083	2018-11-02 11:34:51.884083	\N
2709	94	\N	\N	\N	\N	\N		\N	\N		f	4	14	7	\N	\N	\N	0	11	2018-11-02 11:34:51.900856	2018-11-02 11:34:51.900856	\N
2710	90	\N	\N	\N	\N	\N		\N	\N		f	4	14	7	\N	\N	\N	0	11	2018-11-02 11:34:51.916548	2018-11-02 11:34:51.916548	\N
2711	76	\N	\N	\N	\N	\N		\N	48.1		f	4	14	7	\N	\N	\N	0	11	2018-11-02 11:34:51.931042	2018-11-02 11:34:51.931042	\N
2712	6	\N	\N	\N	\N	\N		\N	2469.2		f	4	14	7	\N	Point	\N	0	11	2018-11-02 11:34:51.948344	2018-11-02 11:34:51.948344	\N
2713	21	2004-11-16	\N	730.0	\N	\N		3	384.0	1917	t	4	14	6	\N	Point	\N	0	11	2018-11-02 11:34:51.966691	2018-11-02 11:34:51.966691	\N
2714	39	2017-07-26	\N	0.30000000000000004	\N	\N	2017	1	458.9	2017	f	2	14	6	\N	Point	\N	0	11	2018-11-02 11:34:51.995474	2018-11-02 11:34:51.995474	\N
2715	47	2014-05-26	\N	\N	\N	\N		\N	\N	2017	f	2	14	6	\N	Point	\N	0	11	2018-11-02 11:34:52.014207	2018-11-02 11:34:52.014207	\N
2716	 25	\N	\N	\N	\N	\N		\N	\N	1978	f	2	14	1	\N	Point	\N	0	11	2018-11-02 11:34:52.032486	2018-11-02 11:34:52.032486	\N
2717	38	\N	\N	\N	\N	\N		\N	\N		f	2	14	1	\N	Point	\N	0	11	2018-11-02 11:34:52.050597	2018-11-02 11:34:52.050597	\N
2718	38	\N	\N	\N	\N	\N		\N	\N	2007	f	2	14	1	\N	Point	\N	0	11	2018-11-02 11:34:52.068671	2018-11-02 11:34:52.068671	\N
2719	38	\N	\N	\N	\N	\N		\N	\N	2005	f	2	14	1	\N	Point	\N	0	11	2018-11-02 11:34:52.088262	2018-11-02 11:34:52.088262	\N
2720	51	\N	\N	\N	\N	\N		\N	\N		f	2	14	1	\N	Point	\N	0	11	2018-11-02 11:34:52.106694	2018-11-02 11:34:52.106694	\N
2721	\N	\N	\N	2.0308	\N	\N	2006	2	1617.0	2006	f	2	6	8	\N	\N	\N	0	11	2018-11-02 11:34:52.126175	2018-11-02 11:34:52.126175	\N
2722	19	2004-09-16	0510100000:02:0380032	1.02	\N	\N	1978	2	2000.4	1978	f	3	28	2	\N	\N	\N	0	11	2018-11-02 11:34:52.149649	2018-11-02 11:34:52.149649	\N
2723	5	\N	\N	\N	\N	\N		\N	\N		t	2	1	6	\N	Point	\N	0	11	2018-11-02 11:34:52.180794	2018-11-02 11:34:52.180794	\N
2724	\N	2015-09-09	-	2.0308	\N	\N	2006	2	1281.1	2006	f	2	6	8	\N	\N	\N	0	11	2018-11-02 11:34:52.212641	2018-11-02 11:34:52.212641	\N
2725	\N	2015-09-16	-	2.0308	\N	\N	2006	2	1281.1	2006	f	2	6	8	\N	\N	\N	0	11	2018-11-02 11:34:52.240161	2018-11-02 11:34:52.240161	\N
2726	89	\N	0510100000:02:064:0072	1.738	\N	\N	1977	3	6471.7	1977	f	3	29	2	\N	\N	\N	0	11	2018-11-02 11:34:52.26394	2018-11-02 11:34:52.26394	\N
2727	40000000000000000 (48)	2013-11-22	0510100000:01:040:0067	2.29	\N	\N	1973	3	5097.6	1973	f	4	30	2	\N	Point	\N	0	11	2018-11-02 11:34:52.289857	2018-11-02 11:34:52.289857	\N
2728	29	2018-07-13	0510100000:02:081:0125	0.1398	\N	\N	1949	1	549.6	1948	f	4	31	15	\N	Point	\N	0	11	2018-11-02 11:34:52.317933	2018-11-02 11:34:52.317933	\N
2729	247	\N	\N	0.0001	\N	\N	2017	1	239.7	1929	f	4	1	2	\N	Point	\N	0	11	2018-11-02 11:34:52.336358	2018-11-02 11:34:52.336358	\N
2730	247	\N	\N	0.0001	\N	\N	2017	1	297.4	1929	f	4	1	2	\N	Point	\N	0	11	2018-11-02 11:34:52.357543	2018-11-02 11:34:52.357543	\N
2731	247	\N	\N	0.0001	\N	\N	2017	1	50.6	1929	f	4	1	2	\N	Point	\N	0	11	2018-11-02 11:34:52.376287	2018-11-02 11:34:52.376287	\N
2732	247	\N	\N	0.0001	\N	\N	2017	1	279.5	1965	f	4	1	2	\N	Point	\N	0	11	2018-11-02 11:34:52.395608	2018-11-02 11:34:52.395608	\N
2733	247	\N	\N	0.0001	\N	\N	2017	1	161.8	1967	f	4	1	2	\N	Point	\N	0	11	2018-11-02 11:34:52.4137	2018-11-02 11:34:52.4137	\N
2734	247	\N	\N	0.0001	\N	\N	2017	1	161.2	1967	f	4	1	2	\N	Point	\N	0	11	2018-11-02 11:34:52.43967	2018-11-02 11:34:52.43967	\N
2735	1	2014-06-17	0510100000:01:045:0063	1.81	\N	\N	1968	1	552.0	1968	f	4	13	2	\N	Point	\N	0	11	2018-11-02 11:34:52.458325	2018-11-02 11:34:52.458325	\N
2736	1	2014-06-17	0510100000:01:045:0063	1.81	\N	\N	1968	1	80.2	1968	f	4	13	2	\N	Point	\N	0	11	2018-11-02 11:34:52.480597	2018-11-02 11:34:52.480597	\N
2737	1	2014-06-17	0510100000:01:045:0063	1.81	\N	\N	1967	1	58.8	1967	f	4	13	2	\N	Point	\N	0	11	2018-11-02 11:34:52.500269	2018-11-02 11:34:52.500269	\N
2738	1	2014-06-17	0510100000:01:045:0063	1.81	\N	\N	1967	1	78.1	1967	f	4	13	2	\N	Point	\N	0	11	2018-11-02 11:34:52.527819	2018-11-02 11:34:52.527819	\N
2739	1	2014-06-17	0510100000:01:045:0063	1.81	\N	\N	1968	1	552.0	1968	f	4	13	2	\N	Point	\N	0	11	2018-11-02 11:34:52.548506	2018-11-02 11:34:52.548506	\N
2740	247	\N	\N	0.0001	\N	\N	2017	1	73.7	1964	f	4	1	2	\N	Point	\N	0	11	2018-11-02 11:34:52.572254	2018-11-02 11:34:52.572254	\N
2741	247	\N	\N	0.0001	\N	\N	2017	1	70.2	1964	f	4	1	2	\N	Point	\N	0	11	2018-11-02 11:34:52.591154	2018-11-02 11:34:52.591154	\N
2742	247	\N	\N	0.001	\N	\N	2017	1	297.7	1952	f	4	1	2	\N	Point	\N	0	11	2018-11-02 11:34:52.614574	2018-11-02 11:34:52.614574	\N
2743	247	\N	\N	0.0001	\N	\N	2017	1	161.4	1967	f	4	1	2	\N	Point	\N	0	11	2018-11-02 11:34:52.634186	2018-11-02 11:34:52.634186	\N
2744	247	\N	\N	0.0001	\N	\N	2017	1	161.2	1968	f	4	1	2	\N	Point	\N	0	11	2018-11-02 11:34:52.653175	2018-11-02 11:34:52.653175	\N
2745	247	\N	\N	0.0001	\N	\N	2017	1	159.3	1968	f	4	1	2	\N	Point	\N	0	11	2018-11-02 11:34:52.67459	2018-11-02 11:34:52.67459	\N
2746	247	\N	\N	0.0001	\N	\N	2017	1	158.4	1968	f	4	1	2	\N	Point	\N	0	11	2018-11-02 11:34:52.693314	2018-11-02 11:34:52.693314	\N
2747	247	\N	\N	0.0001	\N	\N	2017	1	14.4	1968	f	4	1	2	\N	Point	\N	0	11	2018-11-02 11:34:52.711761	2018-11-02 11:34:52.711761	\N
2748	247	\N	\N	0.0001	\N	\N	2017	1	135.1	1898	f	4	1	2	\N	Point	\N	0	11	2018-11-02 11:34:52.729926	2018-11-02 11:34:52.729926	\N
2749	247	\N	\N	0.0001	\N	\N	2017	1	67.9	1987	f	4	1	2	\N	Point	\N	0	11	2018-11-02 11:34:52.747631	2018-11-02 11:34:52.747631	\N
2750	247	\N	\N	0.0001	\N	\N	2017	1	141.4	1986	f	4	1	2	\N	Point	\N	0	11	2018-11-02 11:34:52.766394	2018-11-02 11:34:52.766394	\N
2751	247	\N	\N	0.0001	\N	\N	2017	1	\N	1898	f	4	1	2	\N	Point	\N	0	11	2018-11-02 11:34:52.784931	2018-11-02 11:34:52.784931	\N
2752	247	\N	\N	0.0001	\N	\N	2017	1	\N	1929	f	4	1	2	\N	Point	\N	0	11	2018-11-02 11:34:52.816154	2018-11-02 11:34:52.816154	\N
2753	247	\N	\N	0.0001	\N	\N	2017	1	\N	1968	f	4	1	2	\N	Point	\N	0	11	2018-11-02 11:34:52.835614	2018-11-02 11:34:52.835614	\N
2754	247	\N	\N	0.0001	\N	\N	2017	1	\N	1968	f	4	1	2	\N	Point	\N	0	11	2018-11-02 11:34:52.854002	2018-11-02 11:34:52.854002	\N
2755	48 	\N	\N	0.0001	\N	\N	2015	1	297.6	2015	f	4	1	2	\N	Point	\N	0	11	2018-11-02 11:34:52.874903	2018-11-02 11:34:52.874903	\N
2756	36	2017-09-14	\N	1.24	\N	\N	1945	\N	33.48	1945	f	4	25	2	\N	Point	\N	0	11	2018-11-02 11:34:52.89592	2018-11-02 11:34:52.89592	\N
2757	36	2017-09-14	\N	1.24	\N	\N	1961	\N	93.3	1961	f	4	25	2	\N	Point	\N	0	11	2018-11-02 11:34:52.929495	2018-11-02 11:34:52.929495	\N
2758	12333111233	2015-09-09	-	2.0308	\N	\N	2006	2	1281.1	2006	f	2	6	8	\N	\N	\N	0	11	2018-11-02 11:34:52.957579	2018-11-02 11:34:52.957579	\N
2759	4	2014-12-11	\N	\N	\N	\N	1963	2	819.7	1963	f	2	6	5	\N	Point	\N	0	11	2018-11-02 11:34:52.973091	2018-11-02 11:34:52.973091	\N
2760	21	2017-09-18	228100	213.0	2.0	1.0	1995	7	707.0	2000	f	4	6	17	\N	Point	\N	0	11	2018-11-02 11:34:52.994503	2018-11-02 11:34:52.994503	\N
2761	2	\N	\N	\N	\N	\N		\N	1591.2		f	4	6	7	\N	Point	\N	0	11	2018-11-02 11:34:53.015229	2018-11-02 11:34:53.015229	\N
2762	2	\N	\N	\N	\N	\N		\N	1645.4		f	4	6	7	\N	Point	\N	0	11	2018-11-02 11:34:53.03327	2018-11-02 11:34:53.03327	\N
2763	33	\N	\N	\N	\N	\N		\N	158.6		f	4	6	8	\N	Point	\N	0	11	2018-11-02 11:34:53.051515	2018-11-02 11:34:53.051515	\N
2764	 23, 25	\N	\N	\N	\N	\N		\N	\N		f	4	6	8	\N	Point	\N	0	11	2018-11-02 11:34:53.079607	2018-11-02 11:34:53.079607	\N
2765	149	\N	0510100000:01:005:0135	2.188	\N	\N	1975	3	7507.8	1975	f	3	32	2	\N	Point	\N	0	11	2018-11-02 11:34:53.105763	2018-11-02 11:34:53.105763	\N
2766	16	2004-01-15	0510100000:02:043:0031	\N	1.0	\N	1965	3	5356.32	2017	f	4	32	2	\N	Point	\N	0	11	2018-11-02 11:34:53.127457	2018-11-02 11:34:53.127457	\N
2767	2	2016-04-26	0510136600:02:059:0034	0.49	\N	\N		3	1600.3	1960	t	2	32	2	\N	Point	\N	0	11	2018-11-02 11:34:53.149729	2018-11-02 11:34:53.149729	\N
2768	50	2009-10-30	0510136300:01:040:0047	0.21	\N	\N	2015	3	3148.7	1989	f	2	32	5	\N	Point	\N	0	11	2018-11-02 11:34:53.169844	2018-11-02 11:34:53.169844	\N
2769	21	2002-06-21	0510100000:02:051:0175	0.75	\N	\N	1961	2	1760.1	1961	f	4	32	2	\N	Point	\N	0	11	2018-11-02 11:34:53.207905	2018-11-02 11:34:53.207905	\N
2770	30	2014-03-19	0510100000:02:081:0108	\N	1.0	2808.33	1988	1	100.3	1988	f	4	32	2	\N	Point	\N	0	11	2018-11-02 11:34:53.232653	2018-11-02 11:34:53.232653	\N
2771	22	2017-08-10	0510136300:01:039:0078	\N	4.0	\N	2015	2	540.0	1967	f	4	32	5	\N	Point	\N	0	11	2018-11-02 11:34:53.252742	2018-11-02 11:34:53.252742	\N
2772	22	2017-10-30	0510100000:02:065:0042	3.3715	\N	\N	1975	3	7650.2	1979	f	4	33	2	\N	Point	\N	0	11	2018-11-02 11:34:53.286999	2018-11-02 11:34:53.286999	\N
2773	50	2010-10-28	\N	\N	\N	\N		\N	231.1	1985	f	4	33	8	\N	Point	\N	0	11	2018-11-02 11:34:53.305046	2018-11-02 11:34:53.305046	\N
2774	5	2008-01-24	\N	1.0	\N	\N	2016	2	793.5	1975	f	4	34	12	\N	Point	\N	0	11	2018-11-02 11:34:53.330094	2018-11-02 11:34:53.330094	\N
2775	68	2004-03-09	0510100000:02:064:0077	1.15	\N	\N	1980	2	3654.3	1980	f	2	34	2	\N	Point	\N	0	11	2018-11-02 11:34:53.350294	2018-11-02 11:34:53.350294	\N
2776	30	2004-09-29	0510100000:03:009:0027	0.63	\N	\N	1926	1	853.6	1926	f	2	35	2	\N	Point	\N	0	11	2018-11-02 11:34:53.375109	2018-11-02 11:34:53.375109	\N
2777	17	\N	\N	1.506	\N	\N	1914	1	958.0	1914	f	2	36	2	\N	Point	\N	0	11	2018-11-02 11:34:53.399321	2018-11-02 11:34:53.399321	\N
2778	97	2017-09-07	0510100000:02:064:0078	2.32	\N	\N	1984	3	1884.5	1984	f	2	36	2	\N	Point	\N	0	11	2018-11-02 11:34:53.420796	2018-11-02 11:34:53.420796	\N
2779	2	2013-12-02	0510100000:02:011:0270	0.21	\N	\N	1965	1	1047.0	1954	f	2	36	2	\N	Point	\N	0	11	2018-11-02 11:34:53.440173	2018-11-02 11:34:53.440173	\N
2780	38	2013-10-18	0510100000:03:043:0296	2.0	\N	\N	1967	3	3987.5	1967	f	2	36	2	\N	Point	\N	0	11	2018-11-02 11:34:53.507085	2018-11-02 11:34:53.507085	\N
2781	98	2014-04-09	0510100000:03:001:0100	0.38	\N	\N	1906	3	2930.2	1906	f	2	37	2	\N	Point	\N	0	11	2018-11-02 11:34:53.532017	2018-11-02 11:34:53.532017	\N
2782	28	2017-09-06	\N	1.24	\N	\N	1936	2	956.47	1936	f	2	25	2	\N	Point	\N	0	11	2018-11-02 11:34:53.557736	2018-11-02 11:34:53.557736	\N
2783	21	2001-04-26	0510100000:02:055:0097	0.84	\N	\N	1963	3	4240.1	1917	f	2	25	2	\N	Point	\N	0	11	2018-11-02 11:34:53.578445	2018-11-02 11:34:53.578445	\N
2784	12	2013-10-29	0510100000:01:035:0162	1.72	1.0	480.0	1998	3	9351.1	1998	f	2	25	2	\N	Point	\N	0	11	2018-11-02 11:34:53.599262	2018-11-02 11:34:53.599262	\N
2785	2	2014-03-25	0510100000:02:029:0056	1.03	\N	\N	1937	4	3149.0	1937	t	2	25	2	\N	Point	\N	0	11	2018-11-02 11:34:53.617604	2018-11-02 11:34:53.617604	\N
2786	217	2017-08-17	\N	\N	\N	\N	2009	1	205.3	1978	f	2	25	5	\N	Point	\N	0	11	2018-11-02 11:34:53.634849	2018-11-02 11:34:53.634849	\N
2787	250	2014-03-27	0510100000:03:038:0127	2.42	1.0	4054.55	1982	3	7228.8	1982	f	2	25	2	\N	Point	\N	0	11	2018-11-02 11:34:53.655777	2018-11-02 11:34:53.655777	\N
2788	44	2012-12-28	0510100000:01:038:0097	0.5362	\N	\N		3	2899.3	1971	f	3	38	6	\N	Point	\N	0	11	2018-11-02 11:34:53.684396	2018-11-02 11:34:53.684396	\N
2789	1	2010-11-15	378/3-2012-	0.0795	\N	\N	1948	1	449.2	1948	f	2	39	8	\N	Point	\N	0	11	2018-11-02 11:34:53.708888	2018-11-02 11:34:53.708888	\N
2790	30	2014-03-14	0510100000:02:081:0108	1.8758	1.0	2808.33	1988	4	10120.0	1988	f	2	40	2	\N	\N	\N	0	11	2018-11-02 11:34:53.730879	2018-11-02 11:34:53.730879	\N
2791	30/1	2014-03-14	0510100000:02:081:0108	1.8758	1.0	2808.33	1988	1	132.9	1988	f	2	40	2	\N	\N	\N	0	11	2018-11-02 11:34:53.748579	2018-11-02 11:34:53.748579	\N
2792	94	2014-10-01	0110100000:02:027:0042	0.88	\N	\N	1900	3	1957.6	1900	t	4	41	2	\N	\N	\N	0	11	2018-11-02 11:34:53.779229	2018-11-02 11:34:53.779229	\N
2793	94	2014-10-01	0510100000:02:027:0042	0.03	\N	\N	1963	1	291.4	1963	f	4	41	2	\N	\N	\N	0	11	2018-11-02 11:34:53.799185	2018-11-02 11:34:53.799185	\N
2794	94	2014-10-01	0510100000:02:027:0042	0.02	\N	\N	1960	1	19.8	1960	f	4	41	2	\N	\N	\N	0	11	2018-11-02 11:34:53.818062	2018-11-02 11:34:53.818062	\N
2795	94	2014-10-01	0510100000:02:027:0042	0.16	\N	\N	1950	1	155.8	1950	f	4	41	2	\N	\N	\N	0	11	2018-11-02 11:34:53.836707	2018-11-02 11:34:53.836707	\N
2796	94	2014-10-01	0510100000:02:027:0042	0.01	\N	\N	1950	1	90.9	1950	f	4	41	2	\N	\N	\N	0	11	2018-11-02 11:34:53.858	2018-11-02 11:34:53.858	\N
2797	16	2014-01-15	0510100000:02:043:0031	2.1568	\N	\N	1965	4	3396.0	1965	f	3	42	2	\N	\N	\N	0	11	2018-11-02 11:34:53.880952	2018-11-02 11:34:53.880952	\N
2798	38	2013-10-18	0510100000:03:043:0296	2.0033	\N	\N	1967	3	3987.5	1967	f	4	43	2	\N	\N	\N	0	11	2018-11-02 11:34:53.903572	2018-11-02 11:34:53.903572	\N
2799	97	2018-09-07	\N	2.32	\N	\N	1984	3	7066.5	1984	f	4	44	2	\N	\N	\N	0	11	2018-11-02 11:34:53.924957	2018-11-02 11:34:53.924957	\N
2800	62	\N	0510100000:02:044:0033	2.1694	\N	\N	1971	4	2561.0	1971	f	3	30	2	\N	\N	\N	0	11	2018-11-02 11:34:53.949519	2018-11-02 11:34:53.949519	\N
2801	13	2016-11-22	0510100000:01:012:0144	1.33	1.0	5455.43	1985	3	2810.0	1985	f	3	45	2	\N	\N	\N	0	11	2018-11-02 11:34:53.974041	2018-11-02 11:34:53.974041	\N
2802	44	2005-02-11	0510136600:02:064:0040	1.1164	\N	\N	1981	2	2563.6	1981	f	3	46	2	\N	\N	\N	0	11	2018-11-02 11:34:54.002048	2018-11-02 11:34:54.002048	\N
2803	10	2013-09-19	0510100000:02:102:0050	2.23	1.0	567.2	1986	3	6021.3	1986	f	3	47	2	\N	\N	\N	0	11	2018-11-02 11:34:54.027346	2018-11-02 11:34:54.027346	\N
2804	10	2013-09-19	0510100000:02:102:0050	2.23	1.0	567.2	1986	1	214.0	1986	f	3	47	2	\N	\N	\N	0	11	2018-11-02 11:34:54.052021	2018-11-02 11:34:54.052021	\N
2805	12	2017-09-14	0510100000:02:102:0051	1.18	\N	\N	1990	3	9634.5	1990	f	3	48	2	\N	\N	\N	0	11	2018-11-02 11:34:54.082416	2018-11-02 11:34:54.082416	\N
2806	40	2005-03-28	0510100000:01:040:0067	0.9762000000000001	\N	\N	1936	3	6745.2	1936	f	3	49	2	\N	Point	\N	0	11	2018-11-02 11:34:54.113486	2018-11-02 11:34:54.113486	\N
2807	40	2005-03-28	0510100000:01:040:0067	0.9762000000000001	\N	\N	1936	3	6745.2	1936	f	3	49	2	\N	Point	\N	0	11	2018-11-02 11:34:54.13523	2018-11-02 11:34:54.13523	\N
2808	2	2013-12-02	051010000.02.011.0270	0.21	\N	\N	1865	1	1047.0	1954	f	3	50	2	\N	\N	\N	0	11	2018-11-02 11:34:54.160279	2018-11-02 11:34:54.160279	\N
2809	2	2017-09-05	051010000.02.011.0270	0.02	\N	\N	1954	1	156.1	1954	f	3	50	2	\N	\N	\N	0	11	2018-11-02 11:34:54.178114	2018-11-02 11:34:54.178114	\N
2810	32	\N	0510100000:02:042:0055	2.2921	\N	\N	1974	3	2931.0	1974	f	3	51	2	\N	\N	\N	0	11	2018-11-02 11:34:54.200946	2018-11-02 11:34:54.200946	\N
2811	2	2014-03-25	0510100000:02:029:0056	1.03	\N	\N	1936	4	3149.0	1936	f	4	52	2	\N	\N	\N	0	11	2018-11-02 11:34:54.222424	2018-11-02 11:34:54.222424	\N
2812	2	2014-03-25	0510100000:02:029:0056	1.03	\N	\N	1947	1	77.7	1947	f	4	52	2	\N	\N	\N	0	11	2018-11-02 11:34:54.24104	2018-11-02 11:34:54.24104	\N
2813	2	2014-03-25	0510100000:02:029:0056	1.03	\N	\N	1963	1	116.5	1963	f	4	52	2	\N	\N	\N	0	11	2018-11-02 11:34:54.26051	2018-11-02 11:34:54.26051	\N
2814	2	2014-03-25	0510100000:02:029:0056	1.03	\N	\N	1974	1	32.6	1974	f	4	52	2	\N	\N	\N	0	11	2018-11-02 11:34:54.281905	2018-11-02 11:34:54.281905	\N
2815	2	2014-03-25	0510100000:02:029:0056	1.03	\N	\N	1947	1	158.9	1947	f	4	52	2	\N	\N	\N	0	11	2018-11-02 11:34:54.300183	2018-11-02 11:34:54.300183	\N
2816	\N	2001-12-04	\N	0.68418	\N	\N	1985	2	6841.8	1985	f	4	53	13	\N	\N	\N	0	11	2018-11-02 11:34:54.323529	2018-11-02 11:34:54.323529	\N
2817	\N	2001-12-04	\N	0.15393	\N	\N	1982	2	1539.3	1982	f	4	53	13	\N	\N	\N	0	11	2018-11-02 11:34:54.341778	2018-11-02 11:34:54.341778	\N
2818	27	2013-12-25	0510100000:02:049:0060	1.2	1.0	604.04	1959	1	194.1	1959	f	4	24	2	\N	\N	\N	0	11	2018-11-02 11:34:54.359989	2018-11-02 11:34:54.359989	\N
2819	17	\N	\N	1.506	\N	\N	1964	2	1076.0	1964	f	4	36	2	\N	\N	\N	0	11	2018-11-02 11:34:54.376609	2018-11-02 11:34:54.376609	\N
2820	17	\N	\N	1.506	\N	\N	1964	1	306.7	1967	f	4	36	2	\N	\N	\N	0	11	2018-11-02 11:34:54.397252	2018-11-02 11:34:54.397252	\N
2821	17	\N	\N	1.506	\N	\N	1975	2	129.5	1975	f	4	36	2	\N	\N	\N	0	11	2018-11-02 11:34:54.414984	2018-11-02 11:34:54.414984	\N
2822	17	\N	\N	1.506	\N	\N	1964	1	36.8	1964	f	4	36	2	\N	\N	\N	0	11	2018-11-02 11:34:54.431426	2018-11-02 11:34:54.431426	\N
2823	17	\N	\N	1.506	\N	\N	1983	2	562.3	1983	f	4	36	2	\N	\N	\N	0	11	2018-11-02 11:34:54.448189	2018-11-02 11:34:54.448189	\N
2824	27	2013-12-25	0510100000:02:049:0060	1.2	1.0	604.04	1917	3	9255.6	1936	f	4	24	2	\N	\N	\N	0	11	2018-11-02 11:34:54.475507	2018-11-02 11:34:54.475507	\N
2825	7	2015-11-24	0510100000:02:052:0223	0.8423	\N	\N	1935	1	227.1	1935	f	3	12	2	\N	\N	\N	0	11	2018-11-02 11:34:54.494348	2018-11-02 11:34:54.494348	\N
2826	\N	2001-12-04	\N	0.14382	\N	\N	1982	2	1438.2	1982	f	4	53	13	\N	\N	\N	0	11	2018-11-02 11:34:54.521414	2018-11-02 11:34:54.521414	\N
2827	\N	2001-12-04	\N	0.08026	\N	\N	1985	1	802.6	1985	f	4	53	13	\N	\N	\N	0	11	2018-11-02 11:34:54.548908	2018-11-02 11:34:54.548908	\N
2828	\N	2001-12-04	\N	0.05116	\N	\N	1984	1	511.6	1984	f	4	53	13	\N	\N	\N	0	11	2018-11-02 11:34:54.567214	2018-11-02 11:34:54.567214	\N
2829	28	2017-09-06	\N	1.24	\N	\N	1960	\N	68.6	1960	f	4	25	2	\N	Point	\N	0	11	2018-11-02 11:34:54.594538	2018-11-02 11:34:54.594538	\N
2830	28	2017-09-06	\N	1.24	\N	\N	1960	\N	186.56	1960	f	4	25	2	\N	Point	\N	0	11	2018-11-02 11:34:54.614502	2018-11-02 11:34:54.614502	\N
2831	28	2017-09-06	\N	1.24	\N	\N	1956	\N	122.4	1956	f	4	25	2	\N	Point	\N	0	11	2018-11-02 11:34:54.634657	2018-11-02 11:34:54.634657	\N
2832	40	2005-03-28	0510100000:01:040:0067	0.9762000000000001	\N	\N	1936	3	6745.2	1936	f	3	49	2	\N	Point	\N	0	11	2018-11-02 11:34:54.666066	2018-11-02 11:34:54.666066	\N
2833	\N	2001-12-04	\N	0.00631	\N	\N	1982	1	63.1	1982	f	4	53	13	\N	\N	\N	0	11	2018-11-02 11:34:54.686854	2018-11-02 11:34:54.686854	\N
2834	\N	2001-12-04	\N	0.0138	\N	\N	1982	1	138.0	1982	f	4	53	13	\N	\N	\N	0	11	2018-11-02 11:34:54.706404	2018-11-02 11:34:54.706404	\N
2835	\N	2001-12-04	\N	0.03272	\N	\N	1981	1	327.2	1981	f	4	53	13	\N	\N	\N	0	11	2018-11-02 11:34:54.726273	2018-11-02 11:34:54.726273	\N
2836	\N	2001-12-04	\N	0.03258	\N	\N	1981	1	325.8	1981	f	4	53	13	\N	\N	\N	0	11	2018-11-02 11:34:54.745483	2018-11-02 11:34:54.745483	\N
2837	\N	2001-12-04	\N	0.00625	\N	\N	1981	1	62.5	1981	f	4	53	13	\N	\N	\N	0	11	2018-11-02 11:34:54.764328	2018-11-02 11:34:54.764328	\N
2838	\N	2001-12-04	\N	0.014990000000000002	\N	\N	1985	1	149.9	1985	f	4	53	13	\N	\N	\N	0	11	2018-11-02 11:34:54.789527	2018-11-02 11:34:54.789527	\N
23	17	2017-08-17	0510136600:02:081:0045	5773.0	1.0	3585.0	1985	4	1317.7	1985	f	1	1	3	\N	Point	2	0	11	2018-11-02 11:34:00.501654	2018-11-14 09:39:06.497503	\N
371	51	2011-09-07						9	116.1	1978	f	2	4	2	\N	Point	2	1	10	2018-11-02 11:34:07.719525	2019-02-07 13:17:51.985974	
2840	. , 45	\N						\N			f	4	1	17	89ba04de12fd4816c3bb1bf802eb006f.png	Point	2	1	7	2018-11-28 15:22:03.060206	2019-01-21 14:42:09.567614	http://volodarka.com/ua/
339	1	2006-02-22						9	10920.4		f	2	3	10	\N	Point	2	1	11	2018-11-02 11:34:07.085184	2018-12-06 13:33:57.106598	\N
87	18	\N						\N			f	1	1	1	\N	Point	2	1	11	2018-11-02 11:34:01.964543	2018-12-06 13:34:19.764198	\N
2846		\N						\N			f	1	1	17	f0b95b2838e2b8eea72bcd06d79aec8b.jpeg	Point	2	1	7	2019-01-11 12:43:44.915193	2019-01-17 13:43:48.35547	https://www.agrana.com/en/
2847		\N						\N			f	1	1	17	fe9190d2983c01bcf9963922b0891d93.jpeg	Point	2	1	7	2019-01-11 13:56:57.877805	2019-01-17 13:44:21.899323	https://www.barlinek.ua/
2848		\N						\N			f	1	1	1	99b7163d30e9c104b487090f7ab22493.jpeg	Point	2	1	7	2019-01-17 14:05:11.144681	2019-01-17 14:05:11.159378	
2849		\N						\N			f	1	1	17	bdfc4e79aca7d2f04afec42e3743f08e.jpeg	Point	2	1	7	2019-01-17 14:11:04.98218	2019-01-17 14:12:31.891339	
2850		\N						\N			f	1	1	1	2c42d6f19038c2e47898bcadcd592aab.jpeg	Point	2	1	7	2019-01-21 12:54:47.177177	2019-01-21 12:54:47.197618	https://www.beer-co.com/
321	3	2004-08-05	0510100000:01:045:0058	20887.0				2	4588.2	1936	f	2	2	2	\N	Point	2	0	10	2018-11-02 11:34:06.681243	2018-12-18 14:17:28.438247	\N
9	147	2017-09-04	0510100000:02:085:0045	0.95			1963	2	1380.0	1963	f	1	1	2	\N	Point	2	0	10	2018-11-02 11:34:00.195947	2018-12-18 14:17:43.157546	\N
385	12	\N	0510100000:01:035:0162	1.7227			1998	3	9351.1	1998	f	3	7	2	\N	Point	2	0	10	2018-11-02 11:34:08.034602	2018-12-18 14:18:23.127212	\N
2841		\N						\N			f	2	1	2	ef4312f1d43568da77389420f661d9e6.jpeg	Point	2	1	10	2018-12-18 13:40:04.274539	2019-01-11 07:41:33.873146	http://vntu.edu.ua/
2851		\N						\N			f	1	1	1	cc464561e94c8cf7bcee8cec9b5d43ab.jpeg	Point	2	1	7	2019-01-21 13:08:26.518942	2019-01-21 13:08:26.529451	https://www.roshen.com/en
2852		\N						\N			f	1	1	1	13a8950fa5a2a28f5e78f2dc4f79ae36.jpeg	Point	2	1	7	2019-01-21 13:28:22.706934	2019-01-21 13:28:22.722107	http://pa.ua/ua/
2853		\N						\N			f	1	1	1	f5c0ad8a125a358c703be673b6ed2073.jpeg	Point	2	1	7	2019-01-21 13:35:00.552766	2019-01-21 13:35:00.567042	http://www.vhsvin.com.ua/ua/
1639	21	2015-05-11	0510100000:02:067:0075	22081.0				\N	16763.6		f	1	15	7	592b77fd18de47b1343228ae5eafcdf9.jpeg	Point	2	1	10	2018-11-02 11:34:29.773524	2019-01-11 08:00:36.199141	https://www.donnu.edu.ua/uk/
2842		\N						\N			f	1	1	1	24ad9d2ef46b2ab4688d440e5944959e.jpeg	Point	2	1	10	2019-01-11 08:08:07.98947	2019-01-11 08:09:32.777506	https://www.vnmu.edu.ua/
2854		\N						\N			f	1	1	1	7f83bb91c8fd99f8c1f6c3ddf6d299cd.jpeg	Point	2	1	7	2019-01-21 15:11:44.240224	2019-01-21 15:11:57.640653	https://sperco.ua/
2843		\N						\N			f	1	1	1	9fe54ddc79fefee0de1eabd23178dda6.jpeg	Point	2	1	10	2019-01-11 08:18:33.514915	2019-01-11 08:19:15.098768	http://vspu.edu.ua/index.php?p=first-test
2844		\N						\N			f	1	1	1	6cc1f948f81852ed8fafc3988af7d4d7.jpeg	Point	2	1	10	2019-01-11 08:53:23.32362	2019-01-11 08:53:23.347818	http://www.vtei.com.ua/index.php/ua/
2845		\N						\N			f	1	1	1	ef7ab76c4bd6471dbf40a808f06be917.jpeg	Point	2	1	10	2019-01-11 09:04:27.461162	2019-01-11 09:04:27.473648	http://www.vsau.org/web/vsau/vsau.nsf/WebGr_View/GrHZCSV
\.


--
-- Data for Name: communal_branch_translations; Type: TABLE DATA; Schema: public; Owner: invest
--

COPY public.communal_branch_translations (id, communal_branch_id, locale, created_at, updated_at, name) FROM stdin;
1	1	uk	2018-11-02 11:34:00.055939	2018-11-02 11:34:00.055939	 
2	2	uk	2018-11-02 11:34:00.188382	2018-11-02 11:34:00.188382	 
3	3	uk	2018-11-02 11:34:00.212578	2018-11-02 11:34:00.212578	   
4	4	uk	2018-11-02 11:34:00.268238	2018-11-02 11:34:00.268238	
5	5	uk	2018-11-02 11:34:00.346353	2018-11-02 11:34:00.346353	 '
6	6	uk	2018-11-02 11:34:00.372799	2018-11-02 11:34:00.372799	
7	7	uk	2018-11-02 11:34:00.401763	2018-11-02 11:34:00.401763	 
8	8	uk	2018-11-02 11:34:03.226388	2018-11-02 11:34:03.226388	  
9	9	uk	2018-11-02 11:34:03.753024	2018-11-02 11:34:03.753024	
10	10	uk	2018-11-02 11:34:06.958266	2018-11-02 11:34:06.958266	 
11	11	uk	2018-11-02 11:34:08.132704	2018-11-02 11:34:08.132704	 
12	12	uk	2018-11-02 11:34:08.349391	2018-11-02 11:34:08.349391	  .
13	13	uk	2018-11-02 11:34:08.576134	2018-11-02 11:34:08.576134	,   '
14	14	uk	2018-11-02 11:34:10.248127	2018-11-02 11:34:10.248127	  
15	15	uk	2018-11-02 11:34:16.912984	2018-11-02 11:34:16.912984	     
16	16	uk	2018-11-02 11:34:39.713223	2018-11-02 11:34:39.713223	
17	17	uk	2018-11-02 11:34:52.988926	2018-11-02 11:34:52.988926	,   
\.


--
-- Data for Name: communal_branches; Type: TABLE DATA; Schema: public; Owner: invest
--

COPY public.communal_branches (id, created_at, updated_at) FROM stdin;
1	2018-11-02 11:34:00.054577	2018-11-02 11:34:00.054577
2	2018-11-02 11:34:00.18754	2018-11-02 11:34:00.18754
3	2018-11-02 11:34:00.21173	2018-11-02 11:34:00.21173
4	2018-11-02 11:34:00.267348	2018-11-02 11:34:00.267348
5	2018-11-02 11:34:00.345338	2018-11-02 11:34:00.345338
6	2018-11-02 11:34:00.371883	2018-11-02 11:34:00.371883
7	2018-11-02 11:34:00.400839	2018-11-02 11:34:00.400839
8	2018-11-02 11:34:03.225292	2018-11-02 11:34:03.225292
9	2018-11-02 11:34:03.751936	2018-11-02 11:34:03.751936
10	2018-11-02 11:34:06.957244	2018-11-02 11:34:06.957244
11	2018-11-02 11:34:08.131722	2018-11-02 11:34:08.131722
12	2018-11-02 11:34:08.348463	2018-11-02 11:34:08.348463
13	2018-11-02 11:34:08.575041	2018-11-02 11:34:08.575041
14	2018-11-02 11:34:10.247217	2018-11-02 11:34:10.247217
15	2018-11-02 11:34:16.911756	2018-11-02 11:34:16.911756
16	2018-11-02 11:34:39.712187	2018-11-02 11:34:39.712187
17	2018-11-02 11:34:52.987972	2018-11-02 11:34:52.987972
\.


--
-- Data for Name: content_translations; Type: TABLE DATA; Schema: public; Owner: invest
--

COPY public.content_translations (id, content_id, locale, created_at, updated_at, title, description) FROM stdin;
5	3	uk	2018-12-05 10:16:06.866481	2018-12-07 09:08:46.59394	  	<div> &mdash;      , ,     .      ,        :  (, , -, ),   .</div>\r\n
3	2	uk	2018-08-28 13:11:58.985145	2018-12-05 15:34:45.87944	 	<p><strong>   </strong>    <strong>  </strong>       .        <strong>,        </strong>.  ,        ,            .</p>\r\n
4	2	en	2018-08-28 13:11:58.986446	2018-12-10 08:32:38.559076	About Us	<p><strong>The Department of Economics and Investments</strong> as a structural subdivision of the <strong>Vinnytsia City Council</strong> is responsible for the economic and investment spheres of the city. The purpose of the department within the investment policy is to <strong>search, establish contacts and provide comprehensive support and support to investors</strong>. In addition, the department develops and implements the principles of the investment policy of Vinnytsia, provides support for the implementation of investment projects and initiates the creation of an innovative infrastructure of the city.</p>\r\n
2	1	en	2018-08-28 13:11:58.979284	2018-12-20 11:24:23.978597	Interactive investment map	<p>Find out more about free real estate, land plots and projects offered by Vinnytsia. With just one click, you can see the options for collaboration.</p>\r\n
1	1	uk	2018-08-28 13:11:58.977928	2018-12-03 14:01:32.612928	  	<p>    &rsquo; ,      .           .</p>\r\n
23	12	uk	2018-12-27 16:26:47.299207	2018-12-27 16:26:47.299207	 	
9	5	uk	2018-12-05 10:16:06.883024	2018-12-07 08:40:54.405803	 	<table border="1" cellpadding="1" cellspacing="1">\r\n\t<tbody>\r\n\t\t<tr>\r\n\t\t\t<td><strong>$10 - 17</strong></td>\r\n\t\t\t<td>\r\n\t\t\t<div>     (  )</div>\r\n\t\t\t</td>\r\n\t\t</tr>\r\n\t\t<tr>\r\n\t\t\t<td>\r\n\t\t\t<div><strong>$0,18</strong></div>\r\n\t\t\t</td>\r\n\t\t\t<td>\r\n\t\t\t<div>     </div>\r\n\t\t\t</td>\r\n\t\t</tr>\r\n\t\t<tr>\r\n\t\t\t<td>\r\n\t\t\t<div><strong>$30</strong></div>\r\n\t\t\t</td>\r\n\t\t\t<td>\r\n\t\t\t<div>     </div>\r\n\t\t\t</td>\r\n\t\t</tr>\r\n\t</tbody>\r\n</table>\r\n\r\n<div>&nbsp;</div>\r\n
7	4	uk	2018-12-05 10:16:06.875186	2018-12-05 10:26:32.071033	 	<div>      &laquo; &raquo;,         </div>\r\n\r\n<div>      &laquo;   .  &raquo;</div>\r\n\r\n<div> &mdash;    (  )</div>\r\n\r\n<div>      Roshen &mdash;         ,      </div>\r\n\r\n<div>  ,     .  10  2016     24,545 , 2017  - 48,861 , 2018  - 51,609 .      2   </div>\r\n
6	3	en	2018-12-05 10:16:06.868448	2018-12-07 12:13:00.731201	Historical center	<div>Vinnytsia is a historical centre of Podillya with a rich history, traditions, culture and a large number of museums. Vinnitsa is an intercultural and tolerant city where the churches of all the main religious denominations of Ukraine are presented: Christian (Orthodox, Catholic, Greek Catholic, Protestant), Islamic and Jewish.</div>\r\n
11	6	uk	2018-12-27 16:26:47.265085	2018-12-27 16:26:47.265085	,   	    .    .   !
12	6	en	2018-12-27 16:26:47.266363	2018-12-27 16:26:47.266363	City that inspires everyone	Our city is open to change. Combine dreams and opportunities. Let's create the future together!
8	4	en	2018-12-05 10:16:06.87658	2018-12-05 10:40:44.03685	Interesting Facts	<div>Vinnytsya has developed a mobile tourist application &laquo;Free Map&raquo;, which will help the guests of the city to learn more about its history.</div>\r\n\r\n<div>In Vinnytsia is the only one in Ukraine &laquo;Museum of the Ukrainian Brand named after. Jacob Balaban&raquo;</div>\r\n\r\n<div>Vinnytsya is the first capital of Ukrainian People&#39;s Republic</div>\r\n\r\n<div>One of the business cards of Vinnitsa is the Roshen Fountain - the only one in Ukraine and the largest floating fountain in Europe, built in the course of the Southern Bug River</div>\r\n\r\n<div>The number of passengers who took advantage of the services of the airport of Vinnitsa has increased. During 10 months of 2016 the number of passengers was 24,545 thousand, in 2017 - 48,861 thousand, in 2018 - 51,609 thousand.</div>\r\n
10	5	en	2018-12-05 10:16:06.884347	2018-12-05 10:42:15.256183	Useful Information	<table border="1" cellpadding="1" cellspacing="1">\r\n\t<tbody>\r\n\t\t<tr>\r\n\t\t\t<td>$7-12</td>\r\n\t\t\t<td>\r\n\t\t\t<div>Average check at food establishments</div>\r\n\t\t\t</td>\r\n\t\t</tr>\r\n\t\t<tr>\r\n\t\t\t<td>\r\n\t\t\t<div>$0,18</div>\r\n\t\t\t</td>\r\n\t\t\t<td>\r\n\t\t\t<div>The cost of one-way fee by public transport</div>\r\n\t\t\t</td>\r\n\t\t</tr>\r\n\t\t<tr>\r\n\t\t\t<td>\r\n\t\t\t<div>$30</div>\r\n\t\t\t</td>\r\n\t\t\t<td>\r\n\t\t\t<div>Average cost per stay in standard room</div>\r\n\t\t\t</td>\r\n\t\t</tr>\r\n\t</tbody>\r\n</table>\r\n\r\n<div>&nbsp;</div>\r\n
24	12	en	2018-12-27 16:26:47.300195	2018-12-27 16:26:47.300195	Watch video	
13	7	uk	2018-12-27 16:26:47.271403	2018-12-27 16:26:47.271403	 	
14	7	en	2018-12-27 16:26:47.272319	2018-12-27 16:26:47.272319	Why Vinnytsia	
17	9	uk	2018-12-27 16:26:47.282423	2018-12-27 16:26:47.282423	 invA+ -   	
18	9	en	2018-12-27 16:26:47.283289	2018-12-27 16:26:47.283289	"invA +" score - "High investment attractiveness"	
19	10	uk	2018-12-27 16:26:47.287906	2018-12-27 16:26:47.287906	1    Regional Doing Business	
20	10	en	2018-12-27 16:26:47.288808	2018-12-27 16:26:47.288808	1 place in Regional Doing Business rating	
21	11	uk	2018-12-27 16:26:47.293494	2018-12-27 16:26:47.293494	1      	
22	11	en	2018-12-27 16:26:47.294408	2018-12-27 16:26:47.294408	1 place in Rating of transparency of the investment sector	
15	8	uk	2018-12-27 16:26:47.277008	2019-01-22 11:00:08.604042	1         	
16	8	en	2018-12-27 16:26:47.277846	2019-01-22 11:00:32.137275	1 place in Index of Quality Satisfaction of Spheres and Services	
\.


--
-- Data for Name: contents; Type: TABLE DATA; Schema: public; Owner: invest
--

COPY public.contents (id, alias, created_at, updated_at) FROM stdin;
4	tourism_facts	2018-12-05 10:16:06.873898	2018-12-05 10:40:44.035249
5	tourism_useful	2018-12-05 10:16:06.881619	2018-12-07 08:40:54.404378
3	tourism_historical	2018-12-05 10:16:06.864849	2018-12-07 12:13:00.728951
2	our_team	2018-08-28 13:11:58.984035	2018-12-10 08:32:38.556978
1	map	2018-08-28 13:11:58.976375	2018-12-20 11:24:23.974766
6	slogan	2018-12-27 16:26:47.263561	2018-12-27 16:26:47.263561
7	why_vin	2018-12-27 16:26:47.270472	2018-12-27 16:26:47.270472
9	benefit_rating	2018-12-27 16:26:47.28157	2018-12-27 16:26:47.28157
10	benefit_place	2018-12-27 16:26:47.286997	2018-12-27 16:26:47.286997
11	benefit_it	2018-12-27 16:26:47.292577	2018-12-27 16:26:47.292577
12	watch_video	2018-12-27 16:26:47.298279	2018-12-27 16:26:47.298279
8	benefit_index	2018-12-27 16:26:47.276026	2019-01-22 11:00:32.135743
\.


--
-- Data for Name: department_translations; Type: TABLE DATA; Schema: public; Owner: invest
--

COPY public.department_translations (id, department_id, locale, created_at, updated_at, title) FROM stdin;
1	1	uk	2018-08-30 10:05:40.431756	2018-08-30 10:05:40.431756	    
3	2	uk	2018-08-30 10:05:40.441449	2018-08-30 10:05:40.441449	  
5	3	uk	2018-08-30 10:05:40.448284	2018-08-30 10:05:40.448284	   
7	4	uk	2018-08-30 10:05:40.455339	2018-08-30 10:05:40.455339	    
6	3	en	2018-08-30 10:05:40.449387	2018-10-29 13:33:10.840751	Marketing and Promotion Office
2	1	en	2018-08-30 10:05:40.434273	2018-10-29 13:34:52.139935	Investors support Office 
4	2	en	2018-08-30 10:05:40.442645	2018-10-29 13:35:07.447837	Investment projects Office 
8	4	en	2018-08-30 10:05:40.456436	2018-10-29 13:36:07.547391	ME "Vinnytsia Municipal Center of Innovation"
\.


--
-- Data for Name: departments; Type: TABLE DATA; Schema: public; Owner: invest
--

COPY public.departments (id, "position", created_at, updated_at) FROM stdin;
3	3	2018-08-30 10:05:40.447126	2018-10-29 13:33:10.839101
1	1	2018-08-30 10:05:40.42903	2018-10-29 13:34:52.13759
2	2	2018-08-30 10:05:40.440144	2018-10-29 13:35:07.446171
4	4	2018-08-30 10:05:40.45415	2018-10-29 13:36:07.544979
\.


--
-- Data for Name: event_translations; Type: TABLE DATA; Schema: public; Owner: invest
--

COPY public.event_translations (id, event_id, locale, created_at, updated_at, title) FROM stdin;
1	1	uk	2018-12-05 10:05:14.689558	2018-12-05 10:05:14.689558	      
2	1	en	2018-12-05 10:05:14.690732	2018-12-05 10:05:14.690732	Celebrating New Year and Christmas
3	2	uk	2018-12-05 10:20:31.425356	2018-12-05 10:20:31.425356	   - 
4	2	en	2018-12-05 10:20:31.429056	2018-12-05 10:20:31.429056	International Winter Festival of Lend-Art "Mythogenesis"
5	3	uk	2018-12-05 10:21:02.238252	2018-12-05 10:21:02.238252	Contemporary Music Days in Vinnytsia
6	3	en	2018-12-05 10:21:02.239851	2018-12-05 10:21:02.239851	Contemporary Music Days in Vinnytsia
8	4	en	2018-12-05 10:21:33.750531	2018-12-05 10:21:33.750531	Artistic project "Re: vision"
9	5	uk	2018-12-05 10:21:57.222939	2018-12-05 10:21:57.222939	VinBookFest
10	5	en	2018-12-05 10:21:57.223785	2018-12-05 10:21:57.223785	VinBookFest
11	6	uk	2018-12-05 10:22:28.891282	2018-12-05 10:22:28.891282	    
12	6	en	2018-12-05 10:22:28.892336	2018-12-05 10:22:28.892336	International Literary Festival "Island of Europe"
13	7	uk	2018-12-05 10:23:17.467009	2018-12-05 10:23:17.467009	    
14	7	en	2018-12-05 10:23:17.468016	2018-12-05 10:23:17.468016	Celebration of the holiday "On Ivan Kupala"
15	8	uk	2018-12-05 10:26:18.290729	2018-12-05 10:26:18.290729	      
16	8	en	2018-12-05 10:26:18.292022	2018-12-05 10:26:18.292022	International VINITIYian Festival of Comedy and Parody Cinema
17	9	uk	2018-12-05 10:27:40.401154	2018-12-05 10:27:40.401154	  VINNYTSIA JAZZFEST
18	9	en	2018-12-05 10:27:40.402241	2018-12-05 10:27:40.402241	International Festival "VINNYTSIA JAZZFEST"
19	10	uk	2018-12-05 10:53:18.552548	2018-12-05 10:53:18.552548	  -   -   
20	10	en	2018-12-05 10:53:18.55395	2018-12-05 10:53:18.55395	All-Ukrainian Festival of Military-Historical Reconstruction "Vinnytsya - Capital of the UNR"
21	11	uk	2018-12-05 10:53:57.057268	2018-12-05 10:53:57.057268	        .  
22	11	en	2018-12-05 10:53:57.058845	2018-12-05 10:53:57.058845	All-Ukrainian Contest of Contemporary Visual Arts for Young Artists Natana Altman
25	13	uk	2018-12-05 10:54:53.901476	2018-12-05 10:54:53.901476	VinnytsiaFoodFest
26	13	en	2018-12-05 10:54:53.902512	2018-12-05 10:54:53.902512	VinnytsiaFoodFest
7	4	uk	2018-12-05 10:21:33.749074	2018-12-05 12:48:59.199604	  :
\.


--
-- Data for Name: events; Type: TABLE DATA; Schema: public; Owner: invest
--

COPY public.events (id, period_event_id) FROM stdin;
1	1
2	2
3	3
4	4
5	5
6	6
7	7
8	8
9	9
10	10
11	11
13	13
\.


--
-- Data for Name: geo_json; Type: TABLE DATA; Schema: public; Owner: invest
--

COPY public.geo_json (id, geo_type, gisable_type, gisable_id, "position") FROM stdin;
3	Polygon	LandArea	2	"{\\"type\\":\\"Polygon\\",\\"coordinates\\":[[[28.461892558691375,49.2171390745834],[28.438203288671843,49.22902323519125],[28.441979838964812,49.243594247330414],[28.479402019140593,49.254127532270715],[28.509614421484343,49.24964555803648],[28.48249192392575,49.22722958276897],[28.469445659277312,49.23664553155049],[28.457429362890593,49.236421363150555],[28.461892558691375,49.2171390745834]]],\\"style\\":{\\"fillColor\\":\\"#1E90FF\\"}}"
4	Point	LandArea	3	"{\\"type\\":\\"Point\\",\\"coordinates\\":[28.48970170175778,49.24350611942068]}"
7	Point	LandArea	7	"{\\"type\\":\\"Point\\",\\"coordinates\\":[28.5052559082294,49.261622207847566]}"
5	Point	LandArea	4	"{\\"type\\":\\"Point\\",\\"coordinates\\":[28.562571956274383,49.23224476479349]}"
2	Polygon	LandArea	1	"{\\"type\\":\\"Point\\",\\"coordinates\\":[28.562486125585906,49.22312300349571]}"
8	Point	LandArea	5	"{\\"type\\":\\"Point\\",\\"coordinates\\":[28.520154444736136,49.249375031105615]}"
6	Point	LandArea	6	"{\\"type\\":\\"Point\\",\\"coordinates\\":[28.497659536039805,49.25914468963709]}"
9	Point	LandArea	8	"{\\"type\\":\\"Point\\",\\"coordinates\\":[28.55903701383818,49.22477594401984]}"
10	Point	LandArea	10	"{\\"type\\":\\"Point\\",\\"coordinates\\":[28.515237351187125,49.24583807134101]}"
11	Point	LandArea	12	"{\\"type\\":\\"Point\\",\\"coordinates\\":[28.429282530360524,49.22442463163921]}"
12	Point	LandArea	13	"{\\"type\\":\\"Point\\",\\"coordinates\\":[28.602866969350885,49.24530324873176]}"
14	Point	CommunalArea	1	"{\\"type\\":\\"Point\\",\\"coordinates\\":[28.4754329,49.254371]}"
15	Point	CommunalArea	2	"{\\"type\\":\\"Point\\",\\"coordinates\\":[28.4679824,49.2352943]}"
16	Point	CommunalArea	3	"{\\"type\\":\\"Point\\",\\"coordinates\\":[28.3983311,49.2282906]}"
17	Point	CommunalArea	4	"{\\"type\\":\\"Point\\",\\"coordinates\\":[28.4108835,49.2204571]}"
18	Point	CommunalArea	5	"{\\"type\\":\\"Point\\",\\"coordinates\\":[28.5633691,49.25555]}"
19	Point	CommunalArea	6	"{\\"type\\":\\"Point\\",\\"coordinates\\":[28.4763781,49.2496099]}"
20	Point	CommunalArea	7	"{\\"type\\":\\"Point\\",\\"coordinates\\":[28.4763781,49.2496099]}"
21	Point	CommunalArea	9	"{\\"type\\":\\"Point\\",\\"coordinates\\":[28.460457,49.221765]}"
22	Point	CommunalArea	10	"{\\"type\\":\\"Point\\",\\"coordinates\\":[28.4286327,49.2404038]}"
23	Point	CommunalArea	11	"{\\"type\\":\\"Point\\",\\"coordinates\\":[28.4286327,49.2404038]}"
24	Point	CommunalArea	13	"{\\"type\\":\\"Point\\",\\"coordinates\\":[28.4269858,49.2242332]}"
25	Point	CommunalArea	18	"{\\"type\\":\\"Point\\",\\"coordinates\\":[28.4650454,49.237085]}"
26	Point	CommunalArea	23	"{\\"type\\":\\"Point\\",\\"coordinates\\":[28.451316,49.2222365]}"
27	Point	CommunalArea	24	"{\\"type\\":\\"Point\\",\\"coordinates\\":[28.459724,49.2232035]}"
28	Point	CommunalArea	25	"{\\"type\\":\\"Point\\",\\"coordinates\\":[28.420987,49.228605]}"
29	Point	CommunalArea	26	"{\\"type\\":\\"Point\\",\\"coordinates\\":[28.4483403,49.217944]}"
30	Point	CommunalArea	27	"{\\"type\\":\\"Point\\",\\"coordinates\\":[28.5138295,49.226318]}"
31	Point	CommunalArea	28	"{\\"type\\":\\"Point\\",\\"coordinates\\":[28.38699,49.2303968]}"
32	Point	CommunalArea	29	"{\\"type\\":\\"Point\\",\\"coordinates\\":[28.4191954,49.2251388]}"
33	Point	CommunalArea	30	"{\\"type\\":\\"Point\\",\\"coordinates\\":[28.491403,49.216982]}"
34	Point	CommunalArea	31	"{\\"type\\":\\"Point\\",\\"coordinates\\":[28.5363204,49.226566]}"
35	Point	CommunalArea	32	"{\\"type\\":\\"Point\\",\\"coordinates\\":[28.5396737,49.2492966]}"
36	Point	CommunalArea	33	"{\\"type\\":\\"Point\\",\\"coordinates\\":[28.461247,49.227785]}"
37	Point	CommunalArea	34	"{\\"type\\":\\"Point\\",\\"coordinates\\":[28.3925685,49.2158255]}"
38	Point	CommunalArea	35	"{\\"type\\":\\"Point\\",\\"coordinates\\":[28.4891796,49.2272305]}"
39	Point	CommunalArea	36	"{\\"type\\":\\"Point\\",\\"coordinates\\":[28.461086,49.2353055]}"
40	Point	CommunalArea	37	"{\\"type\\":\\"Point\\",\\"coordinates\\":[28.6361205,49.2413711]}"
41	Point	CommunalArea	38	"{\\"type\\":\\"Point\\",\\"coordinates\\":[28.5383885,49.2446075]}"
42	Point	CommunalArea	39	"{\\"type\\":\\"Point\\",\\"coordinates\\":[28.473268,49.2196195]}"
43	Point	CommunalArea	40	"{\\"type\\":\\"Point\\",\\"coordinates\\":[28.393161,49.2293546]}"
44	Point	CommunalArea	41	"{\\"type\\":\\"Point\\",\\"coordinates\\":[28.5200106,49.2296691]}"
45	Point	CommunalArea	42	"{\\"type\\":\\"Point\\",\\"coordinates\\":[28.4740136,49.267471]}"
46	Point	CommunalArea	43	"{\\"type\\":\\"Point\\",\\"coordinates\\":[28.536222,49.2272485]}"
47	Point	CommunalArea	44	"{\\"type\\":\\"Point\\",\\"coordinates\\":[28.4691899,49.2325116]}"
48	Point	CommunalArea	45	"{\\"type\\":\\"Point\\",\\"coordinates\\":[28.4704988,49.2132452]}"
49	Point	CommunalArea	46	"{\\"type\\":\\"Point\\",\\"coordinates\\":[28.5016358,49.2430105]}"
50	Point	CommunalArea	47	"{\\"type\\":\\"Point\\",\\"coordinates\\":[28.4966108,49.2062576]}"
51	Point	CommunalArea	48	"{\\"type\\":\\"Point\\",\\"coordinates\\":[28.5200106,49.2296691]}"
52	Point	CommunalArea	49	"{\\"type\\":\\"Point\\",\\"coordinates\\":[28.4639385,49.2325775]}"
53	Point	CommunalArea	50	"{\\"type\\":\\"Point\\",\\"coordinates\\":[28.4483403,49.217944]}"
54	Point	CommunalArea	51	"{\\"type\\":\\"Point\\",\\"coordinates\\":[28.6361205,49.2413711]}"
55	Point	CommunalArea	52	"{\\"type\\":\\"Point\\",\\"coordinates\\":[28.500926,49.248519]}"
56	Point	CommunalArea	53	"{\\"type\\":\\"Point\\",\\"coordinates\\":[28.5002201,49.2400691]}"
57	Point	CommunalArea	54	"{\\"type\\":\\"Point\\",\\"coordinates\\":[28.4549895,49.222177]}"
58	Point	CommunalArea	55	"{\\"type\\":\\"Point\\",\\"coordinates\\":[28.461086,49.2353055]}"
59	Point	CommunalArea	56	"{\\"type\\":\\"Point\\",\\"coordinates\\":[28.4622854,49.2247539]}"
60	Point	CommunalArea	57	"{\\"type\\":\\"Point\\",\\"coordinates\\":[28.4391216,49.22228]}"
61	Point	CommunalArea	58	"{\\"type\\":\\"Point\\",\\"coordinates\\":[28.4370751,49.219329]}"
62	Point	CommunalArea	59	"{\\"type\\":\\"Point\\",\\"coordinates\\":[28.4982706,49.2316632]}"
63	Point	CommunalArea	60	"{\\"type\\":\\"Point\\",\\"coordinates\\":[28.4014545,49.2269705]}"
64	Point	CommunalArea	61	"{\\"type\\":\\"Point\\",\\"coordinates\\":[28.39858,49.224857]}"
65	Point	CommunalArea	62	"{\\"type\\":\\"Point\\",\\"coordinates\\":[28.4863411,49.2121195]}"
66	Point	CommunalArea	63	"{\\"type\\":\\"Point\\",\\"coordinates\\":[28.4410616,49.2203685]}"
67	Point	CommunalArea	64	"{\\"type\\":\\"Point\\",\\"coordinates\\":[28.4460705,49.232244]}"
68	Point	CommunalArea	65	"{\\"type\\":\\"Point\\",\\"coordinates\\":[28.4658992,49.2100673]}"
69	Point	CommunalArea	66	"{\\"type\\":\\"Point\\",\\"coordinates\\":[28.491993,49.2042924]}"
70	Point	CommunalArea	67	"{\\"type\\":\\"Point\\",\\"coordinates\\":[28.4477663,49.2168639]}"
71	Point	CommunalArea	68	"{\\"type\\":\\"Point\\",\\"coordinates\\":[28.4691899,49.2325116]}"
72	Point	CommunalArea	69	"{\\"type\\":\\"Point\\",\\"coordinates\\":[28.4658992,49.2100673]}"
73	Point	CommunalArea	70	"{\\"type\\":\\"Point\\",\\"coordinates\\":[28.4658992,49.2100673]}"
74	Point	CommunalArea	71	"{\\"type\\":\\"Point\\",\\"coordinates\\":[28.4658992,49.2100673]}"
75	Point	CommunalArea	72	"{\\"type\\":\\"Point\\",\\"coordinates\\":[28.5003284,49.2096665]}"
76	Point	CommunalArea	73	"{\\"type\\":\\"Point\\",\\"coordinates\\":[28.5347495,49.2471901]}"
77	Point	CommunalArea	74	"{\\"type\\":\\"Point\\",\\"coordinates\\":[28.4792536,49.2470545]}"
78	Point	CommunalArea	75	"{\\"type\\":\\"Point\\",\\"coordinates\\":[28.398064,49.229763]}"
79	Point	CommunalArea	76	"{\\"type\\":\\"Point\\",\\"coordinates\\":[28.4919725,49.21796]}"
80	Point	CommunalArea	77	"{\\"type\\":\\"Point\\",\\"coordinates\\":[28.4905974,49.2151082]}"
81	Point	CommunalArea	78	"{\\"type\\":\\"Point\\",\\"coordinates\\":[28.460188,49.2290285]}"
82	Point	CommunalArea	79	"{\\"type\\":\\"Point\\",\\"coordinates\\":[28.4755897,49.2098846]}"
83	Point	CommunalArea	80	"{\\"type\\":\\"Point\\",\\"coordinates\\":[28.44126,49.2265015]}"
84	Point	CommunalArea	81	"{\\"type\\":\\"Point\\",\\"coordinates\\":[28.5249758,49.234149]}"
85	Point	CommunalArea	82	"{\\"type\\":\\"Point\\",\\"coordinates\\":[28.4407515,49.2281489]}"
86	Point	CommunalArea	83	"{\\"type\\":\\"Point\\",\\"coordinates\\":[28.5364032,49.2487791]}"
87	Point	CommunalArea	84	"{\\"type\\":\\"Point\\",\\"coordinates\\":[28.4116953,49.2243968]}"
88	Point	CommunalArea	85	"{\\"type\\":\\"Point\\",\\"coordinates\\":[28.5166084,49.2078746]}"
89	Point	CommunalArea	86	"{\\"type\\":\\"Point\\",\\"coordinates\\":[28.5222227,49.2480328]}"
90	Point	CommunalArea	87	"{\\"type\\":\\"Point\\",\\"coordinates\\":[28.4993425,49.2319579]}"
91	Point	CommunalArea	88	"{\\"type\\":\\"Point\\",\\"coordinates\\":[28.440159,49.231365]}"
92	Point	CommunalArea	89	"{\\"type\\":\\"Point\\",\\"coordinates\\":[28.4731443,49.2299038]}"
93	Point	CommunalArea	90	"{\\"type\\":\\"Point\\",\\"coordinates\\":[28.5207764,49.2593515]}"
94	Point	CommunalArea	91	"{\\"type\\":\\"Point\\",\\"coordinates\\":[28.4249225,49.219591]}"
95	Point	CommunalArea	92	"{\\"type\\":\\"Point\\",\\"coordinates\\":[28.4370066,49.22052]}"
96	Point	CommunalArea	93	"{\\"type\\":\\"Point\\",\\"coordinates\\":[28.484163,49.2518361]}"
97	Point	CommunalArea	94	"{\\"type\\":\\"Point\\",\\"coordinates\\":[28.4869264,49.2520885]}"
98	Point	CommunalArea	95	"{\\"type\\":\\"Point\\",\\"coordinates\\":[28.473325,49.2487695]}"
99	Point	CommunalArea	96	"{\\"type\\":\\"Point\\",\\"coordinates\\":[28.4869194,49.2331012]}"
100	Point	CommunalArea	97	"{\\"type\\":\\"Point\\",\\"coordinates\\":[28.4755145,49.260261]}"
101	Point	CommunalArea	98	"{\\"type\\":\\"Point\\",\\"coordinates\\":[28.4640491,49.2146945]}"
102	Point	CommunalArea	99	"{\\"type\\":\\"Point\\",\\"coordinates\\":[28.4154555,49.2327745]}"
103	Point	CommunalArea	100	"{\\"type\\":\\"Point\\",\\"coordinates\\":[28.4172065,49.233459]}"
104	Point	CommunalArea	101	"{\\"type\\":\\"Point\\",\\"coordinates\\":[28.5205435,49.2287975]}"
105	Point	CommunalArea	102	"{\\"type\\":\\"Point\\",\\"coordinates\\":[28.4102678,49.2251201]}"
106	Point	CommunalArea	103	"{\\"type\\":\\"Point\\",\\"coordinates\\":[28.4900523,49.2237671]}"
107	Point	CommunalArea	104	"{\\"type\\":\\"Point\\",\\"coordinates\\":[28.476567,49.258411]}"
108	Point	CommunalArea	105	"{\\"type\\":\\"Point\\",\\"coordinates\\":[28.413313,49.226804]}"
109	Point	CommunalArea	106	"{\\"type\\":\\"Point\\",\\"coordinates\\":[28.4038071,49.223232]}"
110	Point	CommunalArea	107	"{\\"type\\":\\"Point\\",\\"coordinates\\":[28.4408102,49.2277807]}"
111	Point	CommunalArea	108	"{\\"type\\":\\"Point\\",\\"coordinates\\":[28.5191911,49.2361696]}"
112	Point	CommunalArea	109	"{\\"type\\":\\"Point\\",\\"coordinates\\":[28.494985,49.247234]}"
113	Point	CommunalArea	110	"{\\"type\\":\\"Point\\",\\"coordinates\\":[28.5205639,49.2580944]}"
114	Point	CommunalArea	111	"{\\"type\\":\\"Point\\",\\"coordinates\\":[28.501556,49.2204835]}"
115	Point	CommunalArea	112	"{\\"type\\":\\"Point\\",\\"coordinates\\":[28.5027097,49.2103678]}"
116	Point	CommunalArea	113	"{\\"type\\":\\"Point\\",\\"coordinates\\":[28.5204227,49.2613011]}"
117	Point	CommunalArea	114	"{\\"type\\":\\"Point\\",\\"coordinates\\":[28.5012697,49.2484676]}"
118	Point	CommunalArea	115	"{\\"type\\":\\"Point\\",\\"coordinates\\":[28.4403805,49.2317958]}"
119	Point	CommunalArea	116	"{\\"type\\":\\"Point\\",\\"coordinates\\":[28.5012697,49.2484676]}"
120	Point	CommunalArea	117	"{\\"type\\":\\"Point\\",\\"coordinates\\":[28.469326,49.2239107]}"
121	Point	CommunalArea	118	"{\\"type\\":\\"Point\\",\\"coordinates\\":[28.442681,49.229478]}"
122	Point	CommunalArea	119	"{\\"type\\":\\"Point\\",\\"coordinates\\":[28.4615445,49.2224115]}"
123	Point	CommunalArea	120	"{\\"type\\":\\"Point\\",\\"coordinates\\":[28.4846384,49.2522365]}"
124	Point	CommunalArea	121	"{\\"type\\":\\"Point\\",\\"coordinates\\":[28.4411426,49.225189]}"
125	Point	CommunalArea	122	"{\\"type\\":\\"Point\\",\\"coordinates\\":[28.5012697,49.2484676]}"
126	Point	CommunalArea	123	"{\\"type\\":\\"Point\\",\\"coordinates\\":[28.4762656,49.250419]}"
127	Point	CommunalArea	124	"{\\"type\\":\\"Point\\",\\"coordinates\\":[28.5162578,49.2200769]}"
128	Point	CommunalArea	125	"{\\"type\\":\\"Point\\",\\"coordinates\\":[28.5012697,49.2484676]}"
129	Point	CommunalArea	126	"{\\"type\\":\\"Point\\",\\"coordinates\\":[28.4560876,49.2227015]}"
130	Point	CommunalArea	127	"{\\"type\\":\\"Point\\",\\"coordinates\\":[28.4774916,49.2166264]}"
131	Point	CommunalArea	128	"{\\"type\\":\\"Point\\",\\"coordinates\\":[28.460457,49.221765]}"
132	Point	CommunalArea	129	"{\\"type\\":\\"Point\\",\\"coordinates\\":[28.475373,49.250909]}"
133	Point	CommunalArea	130	"{\\"type\\":\\"Point\\",\\"coordinates\\":[28.476115,49.259626]}"
134	Point	CommunalArea	131	"{\\"type\\":\\"Point\\",\\"coordinates\\":[28.5184042,49.2330801]}"
135	Point	CommunalArea	132	"{\\"type\\":\\"Point\\",\\"coordinates\\":[28.524956,49.214601]}"
136	Point	CommunalArea	133	"{\\"type\\":\\"Point\\",\\"coordinates\\":[28.4165414,49.2296785]}"
137	Point	CommunalArea	134	"{\\"type\\":\\"Point\\",\\"coordinates\\":[28.5102665,49.2694725]}"
138	Point	CommunalArea	135	"{\\"type\\":\\"Point\\",\\"coordinates\\":[28.4104696,49.2236785]}"
139	Point	CommunalArea	136	"{\\"type\\":\\"Point\\",\\"coordinates\\":[28.4463649,49.2308055]}"
140	Point	CommunalArea	137	"{\\"type\\":\\"Point\\",\\"coordinates\\":[28.4440554,49.2183216]}"
141	Point	CommunalArea	138	"{\\"type\\":\\"Point\\",\\"coordinates\\":[28.4500605,49.2223409]}"
142	Point	CommunalArea	139	"{\\"type\\":\\"Point\\",\\"coordinates\\":[28.539549,49.2456855]}"
143	Point	CommunalArea	140	"{\\"type\\":\\"Point\\",\\"coordinates\\":[28.4549442,49.2194555]}"
144	Point	CommunalArea	141	"{\\"type\\":\\"Point\\",\\"coordinates\\":[28.4919138,49.2480955]}"
145	Point	CommunalArea	142	"{\\"type\\":\\"Point\\",\\"coordinates\\":[28.3854679,49.2109445]}"
146	Point	CommunalArea	143	"{\\"type\\":\\"Point\\",\\"coordinates\\":[28.4251261,49.2333843]}"
147	Point	CommunalArea	144	"{\\"type\\":\\"Point\\",\\"coordinates\\":[28.492361,49.2273878]}"
148	Point	CommunalArea	145	"{\\"type\\":\\"Point\\",\\"coordinates\\":[28.4132031,49.22508]}"
149	Point	CommunalArea	146	"{\\"type\\":\\"Point\\",\\"coordinates\\":[28.520496,49.2233101]}"
150	Point	CommunalArea	147	"{\\"type\\":\\"Point\\",\\"coordinates\\":[28.4108835,49.2204571]}"
151	Point	CommunalArea	148	"{\\"type\\":\\"Point\\",\\"coordinates\\":[28.4803804,49.2322385]}"
152	Point	CommunalArea	149	"{\\"type\\":\\"Point\\",\\"coordinates\\":[28.4270555,49.229402]}"
153	Point	CommunalArea	150	"{\\"type\\":\\"Point\\",\\"coordinates\\":[28.4252264,49.232541]}"
154	Point	CommunalArea	151	"{\\"type\\":\\"Point\\",\\"coordinates\\":[28.4869194,49.2331012]}"
155	Point	CommunalArea	152	"{\\"type\\":\\"Point\\",\\"coordinates\\":[28.4984452,49.231379]}"
156	Point	CommunalArea	153	"{\\"type\\":\\"Point\\",\\"coordinates\\":[28.500926,49.248519]}"
157	Point	CommunalArea	154	"{\\"type\\":\\"Point\\",\\"coordinates\\":[28.4853634,49.2433905]}"
158	Point	CommunalArea	155	"{\\"type\\":\\"Point\\",\\"coordinates\\":[28.4843084,49.2411779]}"
159	Point	CommunalArea	156	"{\\"type\\":\\"Point\\",\\"coordinates\\":[28.49693,49.233884]}"
160	Point	CommunalArea	157	"{\\"type\\":\\"Point\\",\\"coordinates\\":[28.4990304,49.2327265]}"
161	Point	CommunalArea	158	"{\\"type\\":\\"Point\\",\\"coordinates\\":[28.522472,49.229585]}"
162	Point	CommunalArea	159	"{\\"type\\":\\"Point\\",\\"coordinates\\":[28.4806925,49.2423801]}"
163	Point	CommunalArea	160	"{\\"type\\":\\"Point\\",\\"coordinates\\":[28.4961865,49.2369]}"
164	Point	CommunalArea	161	"{\\"type\\":\\"Point\\",\\"coordinates\\":[28.4931025,49.2349945]}"
165	Point	CommunalArea	162	"{\\"type\\":\\"Point\\",\\"coordinates\\":[28.5186877,49.2240513]}"
166	Point	CommunalArea	163	"{\\"type\\":\\"Point\\",\\"coordinates\\":[28.502786,49.2389655]}"
167	Point	CommunalArea	164	"{\\"type\\":\\"Point\\",\\"coordinates\\":[28.5057024,49.2389473]}"
168	Point	CommunalArea	165	"{\\"type\\":\\"Point\\",\\"coordinates\\":[28.4332995,49.2156975]}"
169	Point	CommunalArea	166	"{\\"type\\":\\"Point\\",\\"coordinates\\":[28.4724605,49.244024]}"
170	Point	CommunalArea	167	"{\\"type\\":\\"Point\\",\\"coordinates\\":[28.45496,49.2242215]}"
171	Point	CommunalArea	168	"{\\"type\\":\\"Point\\",\\"coordinates\\":[28.530742,49.234781]}"
172	Point	CommunalArea	169	"{\\"type\\":\\"Point\\",\\"coordinates\\":[28.4671615,49.2328965]}"
173	Point	CommunalArea	170	"{\\"type\\":\\"Point\\",\\"coordinates\\":[28.5091025,49.242282]}"
174	Point	CommunalArea	171	"{\\"type\\":\\"Point\\",\\"coordinates\\":[28.4963284,49.2459385]}"
175	Point	CommunalArea	172	"{\\"type\\":\\"Point\\",\\"coordinates\\":[28.4962545,49.246303]}"
176	Point	CommunalArea	173	"{\\"type\\":\\"Point\\",\\"coordinates\\":[28.4968485,49.2459615]}"
177	Point	CommunalArea	174	"{\\"type\\":\\"Point\\",\\"coordinates\\":[28.5091909,49.2477375]}"
178	Point	CommunalArea	175	"{\\"type\\":\\"Point\\",\\"coordinates\\":[28.50139,49.2465245]}"
179	Point	CommunalArea	176	"{\\"type\\":\\"Point\\",\\"coordinates\\":[28.5021565,49.2465946]}"
180	Point	CommunalArea	177	"{\\"type\\":\\"Point\\",\\"coordinates\\":[28.52622,49.232575]}"
181	Point	CommunalArea	178	"{\\"type\\":\\"Point\\",\\"coordinates\\":[28.44008,49.2321695]}"
182	Point	CommunalArea	179	"{\\"type\\":\\"Point\\",\\"coordinates\\":[28.4806925,49.2423801]}"
183	Point	CommunalArea	180	"{\\"type\\":\\"Point\\",\\"coordinates\\":[28.4191954,49.2251388]}"
184	Point	CommunalArea	181	"{\\"type\\":\\"Point\\",\\"coordinates\\":[28.5105444,49.270612]}"
185	Point	CommunalArea	182	"{\\"type\\":\\"Point\\",\\"coordinates\\":[28.4927161,49.2274274]}"
186	Point	CommunalArea	183	"{\\"type\\":\\"Point\\",\\"coordinates\\":[28.5091204,49.2707855]}"
187	Point	CommunalArea	184	"{\\"type\\":\\"Point\\",\\"coordinates\\":[28.5013189,49.2411996]}"
188	Point	CommunalArea	185	"{\\"type\\":\\"Point\\",\\"coordinates\\":[28.4511194,49.2278851]}"
189	Point	CommunalArea	186	"{\\"type\\":\\"Point\\",\\"coordinates\\":[28.4946425,49.24077]}"
190	Point	CommunalArea	187	"{\\"type\\":\\"Point\\",\\"coordinates\\":[28.531902,49.235626]}"
191	Point	CommunalArea	188	"{\\"type\\":\\"Point\\",\\"coordinates\\":[28.520328,49.2327305]}"
192	Point	CommunalArea	189	"{\\"type\\":\\"Point\\",\\"coordinates\\":[28.413313,49.226804]}"
193	Point	CommunalArea	190	"{\\"type\\":\\"Point\\",\\"coordinates\\":[28.4851985,49.2425169]}"
194	Point	CommunalArea	191	"{\\"type\\":\\"Point\\",\\"coordinates\\":[28.4851985,49.2425169]}"
195	Point	CommunalArea	192	"{\\"type\\":\\"Point\\",\\"coordinates\\":[28.414045,49.226366]}"
196	Point	CommunalArea	193	"{\\"type\\":\\"Point\\",\\"coordinates\\":[28.4946425,49.24077]}"
197	Point	CommunalArea	194	"{\\"type\\":\\"Point\\",\\"coordinates\\":[28.4124623,49.2367521]}"
198	Point	CommunalArea	195	"{\\"type\\":\\"Point\\",\\"coordinates\\":[28.476691,49.259744]}"
199	Point	CommunalArea	196	"{\\"type\\":\\"Point\\",\\"coordinates\\":[28.502785,49.2406995]}"
200	Point	CommunalArea	197	"{\\"type\\":\\"Point\\",\\"coordinates\\":[28.5017925,49.240354]}"
201	Point	CommunalArea	198	"{\\"type\\":\\"Point\\",\\"coordinates\\":[28.5028119,49.2400945]}"
202	Point	CommunalArea	199	"{\\"type\\":\\"Point\\",\\"coordinates\\":[28.4682169,49.233083]}"
203	Point	CommunalArea	200	"{\\"type\\":\\"Point\\",\\"coordinates\\":[28.4972775,49.236463]}"
204	Point	CommunalArea	201	"{\\"type\\":\\"Point\\",\\"coordinates\\":[28.4682169,49.233083]}"
205	Point	CommunalArea	202	"{\\"type\\":\\"Point\\",\\"coordinates\\":[28.4682169,49.233083]}"
206	Point	CommunalArea	203	"{\\"type\\":\\"Point\\",\\"coordinates\\":[28.510403,49.2301353]}"
207	Point	CommunalArea	204	"{\\"type\\":\\"Point\\",\\"coordinates\\":[28.47254,49.2112155]}"
208	Point	CommunalArea	205	"{\\"type\\":\\"Point\\",\\"coordinates\\":[28.5197279,49.237373]}"
209	Point	CommunalArea	206	"{\\"type\\":\\"Point\\",\\"coordinates\\":[28.5329985,49.2484965]}"
210	Point	CommunalArea	207	"{\\"type\\":\\"Point\\",\\"coordinates\\":[28.4968074,49.2307304]}"
211	Point	CommunalArea	208	"{\\"type\\":\\"Point\\",\\"coordinates\\":[28.4589461,49.246761]}"
212	Point	CommunalArea	209	"{\\"type\\":\\"Point\\",\\"coordinates\\":[28.5388423,49.248839]}"
213	Point	CommunalArea	210	"{\\"type\\":\\"Point\\",\\"coordinates\\":[28.4121456,49.2255731]}"
214	Point	CommunalArea	211	"{\\"type\\":\\"Point\\",\\"coordinates\\":[28.4187139,49.2138066]}"
215	Point	CommunalArea	212	"{\\"type\\":\\"Point\\",\\"coordinates\\":[28.4806311,49.229102]}"
216	Point	CommunalArea	213	"{\\"type\\":\\"Point\\",\\"coordinates\\":[28.503234,49.263732]}"
217	Point	CommunalArea	214	"{\\"type\\":\\"Point\\",\\"coordinates\\":[28.473268,49.2196195]}"
218	Point	CommunalArea	215	"{\\"type\\":\\"Point\\",\\"coordinates\\":[28.4714619,49.2409583]}"
219	Point	CommunalArea	216	"{\\"type\\":\\"Point\\",\\"coordinates\\":[28.4723928,49.2328697]}"
220	Point	CommunalArea	217	"{\\"type\\":\\"Point\\",\\"coordinates\\":[28.458422,49.192077]}"
221	Point	CommunalArea	218	"{\\"type\\":\\"Point\\",\\"coordinates\\":[28.3998682,49.2314244]}"
222	Point	CommunalArea	219	"{\\"type\\":\\"Point\\",\\"coordinates\\":[28.4518011,49.2061415]}"
223	Point	CommunalArea	220	"{\\"type\\":\\"Point\\",\\"coordinates\\":[28.5093228,49.2473368]}"
224	Point	CommunalArea	221	"{\\"type\\":\\"Point\\",\\"coordinates\\":[28.4237466,49.221149]}"
225	Point	CommunalArea	222	"{\\"type\\":\\"Point\\",\\"coordinates\\":[28.4905099,49.1759683]}"
226	Point	CommunalArea	223	"{\\"type\\":\\"Point\\",\\"coordinates\\":[28.446001,49.223708]}"
227	Point	CommunalArea	224	"{\\"type\\":\\"Point\\",\\"coordinates\\":[28.5012697,49.2484676]}"
228	Point	CommunalArea	225	"{\\"type\\":\\"Point\\",\\"coordinates\\":[28.5012697,49.2484676]}"
229	Point	CommunalArea	226	"{\\"type\\":\\"Point\\",\\"coordinates\\":[28.4416989,49.22768]}"
230	Point	CommunalArea	227	"{\\"type\\":\\"Point\\",\\"coordinates\\":[28.4820789,49.242853]}"
231	Point	CommunalArea	228	"{\\"type\\":\\"Point\\",\\"coordinates\\":[28.4108835,49.2204571]}"
232	Point	CommunalArea	229	"{\\"type\\":\\"Point\\",\\"coordinates\\":[28.4723928,49.2328697]}"
233	Point	CommunalArea	230	"{\\"type\\":\\"Point\\",\\"coordinates\\":[28.4615111,49.22479]}"
234	Point	CommunalArea	231	"{\\"type\\":\\"Point\\",\\"coordinates\\":[28.5106371,49.2394434]}"
235	Point	CommunalArea	232	"{\\"type\\":\\"Point\\",\\"coordinates\\":[28.5222511,49.2307167]}"
236	Point	CommunalArea	233	"{\\"type\\":\\"Point\\",\\"coordinates\\":[28.5106037,49.2361233]}"
237	Point	CommunalArea	234	"{\\"type\\":\\"Point\\",\\"coordinates\\":[28.508606,49.2442305]}"
238	Point	CommunalArea	235	"{\\"type\\":\\"Point\\",\\"coordinates\\":[28.4792536,49.2470545]}"
239	Point	CommunalArea	236	"{\\"type\\":\\"Point\\",\\"coordinates\\":[28.478114,49.2426425]}"
240	Point	CommunalArea	237	"{\\"type\\":\\"Point\\",\\"coordinates\\":[28.4053274,49.224374]}"
241	Point	CommunalArea	238	"{\\"type\\":\\"Point\\",\\"coordinates\\":[28.471873,49.231706]}"
242	Point	CommunalArea	239	"{\\"type\\":\\"Point\\",\\"coordinates\\":[28.458596,49.239351]}"
243	Point	CommunalArea	240	"{\\"type\\":\\"Point\\",\\"coordinates\\":[28.4765354,49.2575925]}"
244	Point	CommunalArea	241	"{\\"type\\":\\"Point\\",\\"coordinates\\":[28.4782935,49.2545085]}"
245	Point	CommunalArea	242	"{\\"type\\":\\"Point\\",\\"coordinates\\":[28.473826,49.2665055]}"
246	Point	CommunalArea	243	"{\\"type\\":\\"Point\\",\\"coordinates\\":[28.47781,49.2544135]}"
247	Point	CommunalArea	244	"{\\"type\\":\\"Point\\",\\"coordinates\\":[28.474949,49.262603]}"
248	Point	CommunalArea	245	"{\\"type\\":\\"Point\\",\\"coordinates\\":[28.4741591,49.2626165]}"
249	Point	CommunalArea	246	"{\\"type\\":\\"Point\\",\\"coordinates\\":[28.4755845,49.2622275]}"
250	Point	CommunalArea	247	"{\\"type\\":\\"Point\\",\\"coordinates\\":[28.476744,49.2592785]}"
251	Point	CommunalArea	248	"{\\"type\\":\\"Point\\",\\"coordinates\\":[28.4750035,49.2669445]}"
252	Point	CommunalArea	249	"{\\"type\\":\\"Point\\",\\"coordinates\\":[28.4749431,49.266462]}"
253	Point	CommunalArea	250	"{\\"type\\":\\"Point\\",\\"coordinates\\":[28.4312081,49.219835]}"
254	Point	CommunalArea	251	"{\\"type\\":\\"Point\\",\\"coordinates\\":[28.4765971,49.256927]}"
255	Point	CommunalArea	252	"{\\"type\\":\\"Point\\",\\"coordinates\\":[28.504003,49.2436005]}"
256	Point	CommunalArea	253	"{\\"type\\":\\"Point\\",\\"coordinates\\":[28.4747435,49.26856]}"
257	Point	CommunalArea	254	"{\\"type\\":\\"Point\\",\\"coordinates\\":[28.476115,49.259626]}"
258	Point	CommunalArea	255	"{\\"type\\":\\"Point\\",\\"coordinates\\":[28.4773241,49.2543045]}"
259	Point	CommunalArea	256	"{\\"type\\":\\"Point\\",\\"coordinates\\":[28.4684714,49.2322245]}"
260	Point	CommunalArea	257	"{\\"type\\":\\"Point\\",\\"coordinates\\":[28.461086,49.2353055]}"
261	Point	CommunalArea	258	"{\\"type\\":\\"Point\\",\\"coordinates\\":[28.4665424,49.2049785]}"
262	Point	CommunalArea	259	"{\\"type\\":\\"Point\\",\\"coordinates\\":[28.431354,49.2380195]}"
263	Point	CommunalArea	260	"{\\"type\\":\\"Point\\",\\"coordinates\\":[28.4443487,49.2193393]}"
264	Point	CommunalArea	261	"{\\"type\\":\\"Point\\",\\"coordinates\\":[28.467348,49.2307716]}"
265	Point	CommunalArea	262	"{\\"type\\":\\"Point\\",\\"coordinates\\":[28.4635511,49.2346504]}"
266	Point	CommunalArea	263	"{\\"type\\":\\"Point\\",\\"coordinates\\":[28.4691899,49.2325116]}"
267	Point	CommunalArea	264	"{\\"type\\":\\"Point\\",\\"coordinates\\":[28.4741426,49.2218835]}"
268	Point	CommunalArea	265	"{\\"type\\":\\"Point\\",\\"coordinates\\":[28.4434106,49.228844]}"
269	Point	CommunalArea	266	"{\\"type\\":\\"Point\\",\\"coordinates\\":[28.4991544,49.243482]}"
270	Point	CommunalArea	267	"{\\"type\\":\\"Point\\",\\"coordinates\\":[28.4869264,49.2520885]}"
271	Point	CommunalArea	268	"{\\"type\\":\\"Point\\",\\"coordinates\\":[28.406323,49.2303425]}"
272	Point	CommunalArea	269	"{\\"type\\":\\"Point\\",\\"coordinates\\":[28.4950955,49.246328]}"
273	Point	CommunalArea	270	"{\\"type\\":\\"Point\\",\\"coordinates\\":[28.4731745,49.2515901]}"
274	Point	CommunalArea	271	"{\\"type\\":\\"Point\\",\\"coordinates\\":[28.5106371,49.2394434]}"
275	Point	CommunalArea	272	"{\\"type\\":\\"Point\\",\\"coordinates\\":[28.485064,49.2359365]}"
276	Point	CommunalArea	273	"{\\"type\\":\\"Point\\",\\"coordinates\\":[28.479423,49.2460035]}"
277	Point	CommunalArea	274	"{\\"type\\":\\"Point\\",\\"coordinates\\":[28.468801,49.2309165]}"
278	Point	CommunalArea	275	"{\\"type\\":\\"Point\\",\\"coordinates\\":[28.47257,49.2376339]}"
279	Point	CommunalArea	276	"{\\"type\\":\\"Point\\",\\"coordinates\\":[28.4445445,49.231275]}"
280	Point	CommunalArea	277	"{\\"type\\":\\"Point\\",\\"coordinates\\":[28.4591814,49.2280263]}"
281	Point	CommunalArea	278	"{\\"type\\":\\"Point\\",\\"coordinates\\":[28.1261183,49.1522289]}"
282	Point	CommunalArea	279	"{\\"type\\":\\"Point\\",\\"coordinates\\":[31.1056765,46.6436401]}"
283	Point	CommunalArea	280	"{\\"type\\":\\"Point\\",\\"coordinates\\":[28.7174318,49.1977727]}"
284	Point	CommunalArea	281	"{\\"type\\":\\"Point\\",\\"coordinates\\":[28.453289,49.258146]}"
285	Point	CommunalArea	282	"{\\"type\\":\\"Point\\",\\"coordinates\\":[28.4357708,49.2355284]}"
286	Point	CommunalArea	283	"{\\"type\\":\\"Point\\",\\"coordinates\\":[28.4247347,49.2194069]}"
287	Point	CommunalArea	284	"{\\"type\\":\\"Point\\",\\"coordinates\\":[28.4696411,49.2181909]}"
288	Point	CommunalArea	285	"{\\"type\\":\\"Point\\",\\"coordinates\\":[28.4286327,49.2404038]}"
289	Point	CommunalArea	286	"{\\"type\\":\\"Point\\",\\"coordinates\\":[28.4048904,49.2216185]}"
290	Point	CommunalArea	287	"{\\"type\\":\\"Point\\",\\"coordinates\\":[28.4784081,49.2315689]}"
291	Point	CommunalArea	288	"{\\"type\\":\\"Point\\",\\"coordinates\\":[28.4896775,49.2304789]}"
292	Point	CommunalArea	289	"{\\"type\\":\\"Point\\",\\"coordinates\\":[28.4407515,49.2281489]}"
293	Point	CommunalArea	290	"{\\"type\\":\\"Point\\",\\"coordinates\\":[28.4201318,49.222453]}"
294	Point	CommunalArea	291	"{\\"type\\":\\"Point\\",\\"coordinates\\":[28.452244,49.221172]}"
295	Point	CommunalArea	292	"{\\"type\\":\\"Point\\",\\"coordinates\\":[28.4539791,49.220127]}"
296	Point	CommunalArea	293	"{\\"type\\":\\"Point\\",\\"coordinates\\":[28.4208424,49.2198595]}"
297	Point	CommunalArea	294	"{\\"type\\":\\"Point\\",\\"coordinates\\":[28.4241975,49.2331215]}"
298	Point	CommunalArea	295	"{\\"type\\":\\"Point\\",\\"coordinates\\":[28.4776474,49.243137]}"
299	Point	CommunalArea	296	"{\\"type\\":\\"Point\\",\\"coordinates\\":[28.4756379,49.2411607]}"
300	Point	CommunalArea	297	"{\\"type\\":\\"Point\\",\\"coordinates\\":[28.4060934,49.2369458]}"
301	Point	CommunalArea	298	"{\\"type\\":\\"Point\\",\\"coordinates\\":[28.4797575,49.2436785]}"
302	Point	CommunalArea	299	"{\\"type\\":\\"Point\\",\\"coordinates\\":[28.4286949,49.2186715]}"
303	Point	CommunalArea	300	"{\\"type\\":\\"Point\\",\\"coordinates\\":[28.4899271,49.246244]}"
304	Point	CommunalArea	301	"{\\"type\\":\\"Point\\",\\"coordinates\\":[28.4086008,49.2270189]}"
305	Point	CommunalArea	302	"{\\"type\\":\\"Point\\",\\"coordinates\\":[28.442167,49.2257455]}"
306	Point	CommunalArea	303	"{\\"type\\":\\"Point\\",\\"coordinates\\":[28.4974485,49.2674]}"
307	Point	CommunalArea	304	"{\\"type\\":\\"Point\\",\\"coordinates\\":[28.460931,49.2349275]}"
308	Point	CommunalArea	305	"{\\"type\\":\\"Point\\",\\"coordinates\\":[28.510403,49.2301353]}"
309	Point	CommunalArea	306	"{\\"type\\":\\"Point\\",\\"coordinates\\":[28.509182,49.241731]}"
310	Point	CommunalArea	307	"{\\"type\\":\\"Point\\",\\"coordinates\\":[28.5011457,49.2329032]}"
311	Point	CommunalArea	308	"{\\"type\\":\\"Point\\",\\"coordinates\\":[28.4285735,49.2264916]}"
312	Point	CommunalArea	309	"{\\"type\\":\\"Point\\",\\"coordinates\\":[28.4792176,49.2694358]}"
313	Point	CommunalArea	310	"{\\"type\\":\\"Point\\",\\"coordinates\\":[28.5363661,49.2461122]}"
314	Point	CommunalArea	311	"{\\"type\\":\\"Point\\",\\"coordinates\\":[28.4594505,49.2387935]}"
315	Point	CommunalArea	312	"{\\"type\\":\\"Point\\",\\"coordinates\\":[28.4752065,49.2506689]}"
316	Point	CommunalArea	313	"{\\"type\\":\\"Point\\",\\"coordinates\\":[28.4352935,49.2340005]}"
317	Point	CommunalArea	314	"{\\"type\\":\\"Point\\",\\"coordinates\\":[28.5009344,49.233148]}"
318	Point	CommunalArea	315	"{\\"type\\":\\"Point\\",\\"coordinates\\":[28.5012697,49.2484676]}"
319	Point	CommunalArea	316	"{\\"type\\":\\"Point\\",\\"coordinates\\":[28.442167,49.2257455]}"
320	Point	CommunalArea	317	"{\\"type\\":\\"Point\\",\\"coordinates\\":[28.4586791,49.237891]}"
321	Point	CommunalArea	318	"{\\"type\\":\\"Point\\",\\"coordinates\\":[28.4352935,49.2340005]}"
322	Point	CommunalArea	319	"{\\"type\\":\\"Point\\",\\"coordinates\\":[28.4352935,49.2340005]}"
323	Point	CommunalArea	320	"{\\"type\\":\\"Point\\",\\"coordinates\\":[28.4181371,49.2261678]}"
324	Point	CommunalArea	321	"{\\"type\\":\\"Point\\",\\"coordinates\\":[28.5169904,49.2344313]}"
325	Point	CommunalArea	322	"{\\"type\\":\\"Point\\",\\"coordinates\\":[28.5106371,49.2394434]}"
326	Point	CommunalArea	323	"{\\"type\\":\\"Point\\",\\"coordinates\\":[28.4586791,49.237891]}"
327	Point	CommunalArea	324	"{\\"type\\":\\"Point\\",\\"coordinates\\":[28.4793255,49.2346225]}"
328	Point	CommunalArea	325	"{\\"type\\":\\"Point\\",\\"coordinates\\":[28.4631497,49.2375698]}"
329	Point	CommunalArea	326	"{\\"type\\":\\"Point\\",\\"coordinates\\":[28.4227855,49.230098]}"
330	Point	CommunalArea	327	"{\\"type\\":\\"Point\\",\\"coordinates\\":[28.5072962,49.2364426]}"
331	Point	CommunalArea	328	"{\\"type\\":\\"Point\\",\\"coordinates\\":[28.4677451,49.2304787]}"
332	Point	CommunalArea	329	"{\\"type\\":\\"Point\\",\\"coordinates\\":[28.4914881,49.2409355]}"
333	Point	CommunalArea	330	"{\\"type\\":\\"Point\\",\\"coordinates\\":[28.5009348,49.2332226]}"
334	Point	CommunalArea	331	"{\\"type\\":\\"Point\\",\\"coordinates\\":[28.504502,49.2086045]}"
335	Point	CommunalArea	332	"{\\"type\\":\\"Point\\",\\"coordinates\\":[28.4820789,49.242853]}"
336	Point	CommunalArea	333	"{\\"type\\":\\"Point\\",\\"coordinates\\":[28.4092174,49.2388911]}"
337	Point	CommunalArea	334	"{\\"type\\":\\"Point\\",\\"coordinates\\":[28.4286483,49.2344512]}"
338	Point	CommunalArea	335	"{\\"type\\":\\"Point\\",\\"coordinates\\":[28.4352935,49.2340005]}"
339	Point	CommunalArea	336	"{\\"type\\":\\"Point\\",\\"coordinates\\":[28.4094233,49.2403108]}"
340	Point	CommunalArea	337	"{\\"type\\":\\"Point\\",\\"coordinates\\":[28.4615636,49.2383685]}"
341	Point	CommunalArea	338	"{\\"type\\":\\"Point\\",\\"coordinates\\":[28.4379035,49.2067917]}"
342	Point	CommunalArea	339	"{\\"type\\":\\"Point\\",\\"coordinates\\":[28.4864376,49.234792]}"
343	Point	CommunalArea	340	"{\\"type\\":\\"Point\\",\\"coordinates\\":[28.522472,49.229585]}"
344	Point	CommunalArea	341	"{\\"type\\":\\"Point\\",\\"coordinates\\":[28.473054,49.232595]}"
345	Point	CommunalArea	342	"{\\"type\\":\\"Point\\",\\"coordinates\\":[28.420752,49.230207]}"
346	Point	CommunalArea	343	"{\\"type\\":\\"Point\\",\\"coordinates\\":[28.4198315,49.230188]}"
347	Point	CommunalArea	344	"{\\"type\\":\\"Point\\",\\"coordinates\\":[28.4897155,49.2315915]}"
348	Point	CommunalArea	345	"{\\"type\\":\\"Point\\",\\"coordinates\\":[28.434966,49.224958]}"
349	Point	CommunalArea	346	"{\\"type\\":\\"Point\\",\\"coordinates\\":[28.403763,49.2265451]}"
350	Point	CommunalArea	347	"{\\"type\\":\\"Point\\",\\"coordinates\\":[28.403763,49.2265451]}"
351	Point	CommunalArea	348	"{\\"type\\":\\"Point\\",\\"coordinates\\":[28.4014545,49.2269705]}"
352	Point	CommunalArea	349	"{\\"type\\":\\"Point\\",\\"coordinates\\":[28.4529445,49.2237105]}"
353	Point	CommunalArea	350	"{\\"type\\":\\"Point\\",\\"coordinates\\":[28.477141,49.2461125]}"
354	Point	CommunalArea	351	"{\\"type\\":\\"Point\\",\\"coordinates\\":[28.507235,49.2310615]}"
355	Point	CommunalArea	352	"{\\"type\\":\\"Point\\",\\"coordinates\\":[28.4975371,49.2226577]}"
356	Point	CommunalArea	353	"{\\"type\\":\\"Point\\",\\"coordinates\\":[28.461086,49.2353055]}"
357	Point	CommunalArea	354	"{\\"type\\":\\"Point\\",\\"coordinates\\":[28.5012697,49.2484676]}"
358	Point	CommunalArea	355	"{\\"type\\":\\"Point\\",\\"coordinates\\":[28.5341909,49.2303785]}"
359	Point	CommunalArea	356	"{\\"type\\":\\"Point\\",\\"coordinates\\":[28.499075,49.251085]}"
360	Point	CommunalArea	357	"{\\"type\\":\\"Point\\",\\"coordinates\\":[28.451316,49.2222365]}"
361	Point	CommunalArea	358	"{\\"type\\":\\"Point\\",\\"coordinates\\":[28.4736015,49.230102]}"
362	Point	CommunalArea	359	"{\\"type\\":\\"Point\\",\\"coordinates\\":[28.4714381,49.2327731]}"
363	Point	CommunalArea	360	"{\\"type\\":\\"Point\\",\\"coordinates\\":[28.4658992,49.2100673]}"
364	Point	CommunalArea	361	"{\\"type\\":\\"Point\\",\\"coordinates\\":[28.5024823,49.2408662]}"
365	Point	CommunalArea	362	"{\\"type\\":\\"Point\\",\\"coordinates\\":[28.4511505,49.2273859]}"
366	Point	CommunalArea	363	"{\\"type\\":\\"Point\\",\\"coordinates\\":[28.5165778,49.230632]}"
367	Point	CommunalArea	364	"{\\"type\\":\\"Point\\",\\"coordinates\\":[28.472669,49.2480496]}"
368	Point	CommunalArea	365	"{\\"type\\":\\"Point\\",\\"coordinates\\":[28.519548,49.2427019]}"
369	Point	CommunalArea	366	"{\\"type\\":\\"Point\\",\\"coordinates\\":[28.519548,49.2427019]}"
370	Point	CommunalArea	367	"{\\"type\\":\\"Point\\",\\"coordinates\\":[28.539549,49.2456855]}"
371	Point	CommunalArea	368	"{\\"type\\":\\"Point\\",\\"coordinates\\":[28.457566,49.2287725]}"
372	Point	CommunalArea	369	"{\\"type\\":\\"Point\\",\\"coordinates\\":[28.534433,49.2480255]}"
373	Point	CommunalArea	370	"{\\"type\\":\\"Point\\",\\"coordinates\\":[28.4696433,49.2349272]}"
374	Point	CommunalArea	371	"{\\"type\\":\\"Point\\",\\"coordinates\\":[28.4938002,49.23356]}"
375	Point	CommunalArea	372	"{\\"type\\":\\"Point\\",\\"coordinates\\":[28.5356029,49.246755]}"
376	Point	CommunalArea	373	"{\\"type\\":\\"Point\\",\\"coordinates\\":[28.4644195,49.250009]}"
377	Point	CommunalArea	374	"{\\"type\\":\\"Point\\",\\"coordinates\\":[28.4682169,49.233083]}"
378	Point	CommunalArea	375	"{\\"type\\":\\"Point\\",\\"coordinates\\":[28.4447907,49.2020858]}"
379	Point	CommunalArea	376	"{\\"type\\":\\"Point\\",\\"coordinates\\":[28.4913055,49.2483333]}"
380	Point	CommunalArea	377	"{\\"type\\":\\"Point\\",\\"coordinates\\":[28.4969901,49.2391473]}"
381	Point	CommunalArea	378	"{\\"type\\":\\"Point\\",\\"coordinates\\":[28.5166084,49.2078746]}"
382	Point	CommunalArea	379	"{\\"type\\":\\"Point\\",\\"coordinates\\":[28.453289,49.258146]}"
383	Point	CommunalArea	380	"{\\"type\\":\\"Point\\",\\"coordinates\\":[28.4891796,49.2272305]}"
384	Point	CommunalArea	381	"{\\"type\\":\\"Point\\",\\"coordinates\\":[28.4610764,49.2353005]}"
385	Point	CommunalArea	383	"{\\"type\\":\\"Point\\",\\"coordinates\\":[28.4227855,49.230098]}"
386	Point	CommunalArea	386	"{\\"type\\":\\"Point\\",\\"coordinates\\":[28.4610764,49.2353005]}"
387	Point	CommunalArea	388	"{\\"type\\":\\"Point\\",\\"coordinates\\":[28.5012697,49.2484676]}"
388	Point	CommunalArea	389	"{\\"type\\":\\"Point\\",\\"coordinates\\":[28.5230595,49.229017]}"
389	Point	CommunalArea	390	"{\\"type\\":\\"Point\\",\\"coordinates\\":[28.4745464,49.234542]}"
390	Point	CommunalArea	393	"{\\"type\\":\\"Point\\",\\"coordinates\\":[28.4683615,49.2321]}"
391	Point	CommunalArea	394	"{\\"type\\":\\"Point\\",\\"coordinates\\":[28.4645251,49.236442]}"
392	Point	CommunalArea	395	"{\\"type\\":\\"Point\\",\\"coordinates\\":[28.493665,49.2454355]}"
393	Point	CommunalArea	396	"{\\"type\\":\\"Point\\",\\"coordinates\\":[28.4917895,49.2328295]}"
394	Point	CommunalArea	397	"{\\"type\\":\\"Point\\",\\"coordinates\\":[28.4195213,49.2271363]}"
395	Point	CommunalArea	398	"{\\"type\\":\\"Point\\",\\"coordinates\\":[28.390617,49.2169125]}"
396	Point	CommunalArea	399	"{\\"type\\":\\"Point\\",\\"coordinates\\":[28.4685695,49.2332215]}"
397	Point	CommunalArea	400	"{\\"type\\":\\"Point\\",\\"coordinates\\":[28.5004324,49.2309925]}"
398	Point	CommunalArea	401	"{\\"type\\":\\"Point\\",\\"coordinates\\":[28.463427,49.2303786]}"
399	Point	CommunalArea	402	"{\\"type\\":\\"Point\\",\\"coordinates\\":[28.471353,49.2378996]}"
400	Point	CommunalArea	403	"{\\"type\\":\\"Point\\",\\"coordinates\\":[28.469473,49.2362705]}"
401	Point	CommunalArea	404	"{\\"type\\":\\"Point\\",\\"coordinates\\":[28.5255635,49.214643]}"
402	Point	CommunalArea	405	"{\\"type\\":\\"Point\\",\\"coordinates\\":[28.5271946,49.2345865]}"
403	Point	CommunalArea	406	"{\\"type\\":\\"Point\\",\\"coordinates\\":[28.4924215,49.24352]}"
404	Point	CommunalArea	407	"{\\"type\\":\\"Point\\",\\"coordinates\\":[28.443397,49.2185677]}"
405	Point	CommunalArea	408	"{\\"type\\":\\"Point\\",\\"coordinates\\":[28.5277195,49.232599]}"
406	Point	CommunalArea	409	"{\\"type\\":\\"Point\\",\\"coordinates\\":[28.4707423,49.2334868]}"
407	Point	CommunalArea	410	"{\\"type\\":\\"Point\\",\\"coordinates\\":[28.4919794,49.2389468]}"
408	Point	CommunalArea	411	"{\\"type\\":\\"Point\\",\\"coordinates\\":[28.425049,49.2338881]}"
409	Point	CommunalArea	412	"{\\"type\\":\\"Point\\",\\"coordinates\\":[28.5341909,49.2303785]}"
410	Point	CommunalArea	413	"{\\"type\\":\\"Point\\",\\"coordinates\\":[28.4753975,49.268676]}"
411	Point	CommunalArea	414	"{\\"type\\":\\"Point\\",\\"coordinates\\":[28.4901667,49.204154]}"
412	Point	CommunalArea	415	"{\\"type\\":\\"Point\\",\\"coordinates\\":[28.5162648,49.240568]}"
413	Point	CommunalArea	416	"{\\"type\\":\\"Point\\",\\"coordinates\\":[28.5341909,49.2303785]}"
414	Point	CommunalArea	417	"{\\"type\\":\\"Point\\",\\"coordinates\\":[28.4957835,49.235273]}"
415	Point	CommunalArea	418	"{\\"type\\":\\"Point\\",\\"coordinates\\":[28.4658379,49.2040325]}"
416	Point	CommunalArea	419	"{\\"type\\":\\"Point\\",\\"coordinates\\":[28.4987345,49.2458945]}"
417	Point	CommunalArea	420	"{\\"type\\":\\"Point\\",\\"coordinates\\":[28.4726435,49.2446055]}"
418	Point	CommunalArea	421	"{\\"type\\":\\"Point\\",\\"coordinates\\":[28.4028316,49.2147825]}"
419	Point	CommunalArea	422	"{\\"type\\":\\"Point\\",\\"coordinates\\":[28.5091204,49.2707855]}"
420	Point	CommunalArea	423	"{\\"type\\":\\"Point\\",\\"coordinates\\":[28.507521,49.269888]}"
421	Point	CommunalArea	424	"{\\"type\\":\\"Point\\",\\"coordinates\\":[28.4938002,49.23356]}"
422	Point	CommunalArea	425	"{\\"type\\":\\"Point\\",\\"coordinates\\":[28.4574991,49.1937575]}"
423	Point	CommunalArea	426	"{\\"type\\":\\"Point\\",\\"coordinates\\":[28.5105444,49.270612]}"
424	Point	CommunalArea	427	"{\\"type\\":\\"Point\\",\\"coordinates\\":[28.5352845,49.227628]}"
425	Point	CommunalArea	428	"{\\"type\\":\\"Point\\",\\"coordinates\\":[28.4820262,49.2085823]}"
426	Point	CommunalArea	429	"{\\"type\\":\\"Point\\",\\"coordinates\\":[28.4907219,49.2183868]}"
427	Point	CommunalArea	430	"{\\"type\\":\\"Point\\",\\"coordinates\\":[28.49964,49.2456335]}"
428	Point	CommunalArea	431	"{\\"type\\":\\"Point\\",\\"coordinates\\":[28.4987225,49.247926]}"
429	Point	CommunalArea	432	"{\\"type\\":\\"Point\\",\\"coordinates\\":[28.4987345,49.2458945]}"
430	Point	CommunalArea	433	"{\\"type\\":\\"Point\\",\\"coordinates\\":[28.488128,49.2426201]}"
431	Point	CommunalArea	434	"{\\"type\\":\\"Point\\",\\"coordinates\\":[28.4869014,49.246303]}"
432	Point	CommunalArea	435	"{\\"type\\":\\"Point\\",\\"coordinates\\":[28.4382126,49.2177269]}"
433	Point	CommunalArea	436	"{\\"type\\":\\"Point\\",\\"coordinates\\":[28.4581762,49.2338134]}"
434	Point	CommunalArea	437	"{\\"type\\":\\"Point\\",\\"coordinates\\":[28.4378435,49.2173793]}"
435	Point	CommunalArea	438	"{\\"type\\":\\"Point\\",\\"coordinates\\":[28.3925685,49.2158255]}"
436	Point	CommunalArea	439	"{\\"type\\":\\"Point\\",\\"coordinates\\":[28.4494817,49.2193847]}"
437	Point	CommunalArea	440	"{\\"type\\":\\"Point\\",\\"coordinates\\":[28.4640491,49.2146945]}"
438	Point	CommunalArea	441	"{\\"type\\":\\"Point\\",\\"coordinates\\":[28.5105444,49.270612]}"
439	Point	CommunalArea	442	"{\\"type\\":\\"Point\\",\\"coordinates\\":[28.5200105,49.2355365]}"
440	Point	CommunalArea	443	"{\\"type\\":\\"Point\\",\\"coordinates\\":[28.4552769,49.2288355]}"
441	Point	CommunalArea	444	"{\\"type\\":\\"Point\\",\\"coordinates\\":[28.4568915,49.2282405]}"
442	Point	CommunalArea	445	"{\\"type\\":\\"Point\\",\\"coordinates\\":[28.4712376,49.235412]}"
443	Point	CommunalArea	446	"{\\"type\\":\\"Point\\",\\"coordinates\\":[28.4763781,49.2496099]}"
444	Point	CommunalArea	447	"{\\"type\\":\\"Point\\",\\"coordinates\\":[28.4925865,49.2178226]}"
445	Point	CommunalArea	450	"{\\"type\\":\\"Point\\",\\"coordinates\\":[28.4957835,49.235273]}"
446	Point	CommunalArea	451	"{\\"type\\":\\"Point\\",\\"coordinates\\":[28.4957835,49.235273]}"
447	Point	CommunalArea	452	"{\\"type\\":\\"Point\\",\\"coordinates\\":[28.4957835,49.235273]}"
448	Point	CommunalArea	453	"{\\"type\\":\\"Point\\",\\"coordinates\\":[28.4957835,49.235273]}"
449	Point	CommunalArea	476	"{\\"type\\":\\"Point\\",\\"coordinates\\":[28.502667,49.24254]}"
450	Point	CommunalArea	477	"{\\"type\\":\\"Point\\",\\"coordinates\\":[28.4903215,49.244825]}"
451	Point	CommunalArea	478	"{\\"type\\":\\"Point\\",\\"coordinates\\":[28.449266,49.237388]}"
452	Point	CommunalArea	481	"{\\"type\\":\\"Point\\",\\"coordinates\\":[28.438411,49.242492]}"
453	Point	CommunalArea	483	"{\\"type\\":\\"Point\\",\\"coordinates\\":[28.4335306,49.236919]}"
454	Point	CommunalArea	505	"{\\"type\\":\\"Point\\",\\"coordinates\\":[28.4348719,49.215568]}"
455	Point	CommunalArea	528	"{\\"type\\":\\"Point\\",\\"coordinates\\":[28.4568915,49.2282405]}"
456	Point	CommunalArea	529	"{\\"type\\":\\"Point\\",\\"coordinates\\":[28.47051,49.2129435]}"
457	Point	CommunalArea	530	"{\\"type\\":\\"Point\\",\\"coordinates\\":[28.501679,49.242071]}"
458	Point	CommunalArea	537	"{\\"type\\":\\"Point\\",\\"coordinates\\":[28.526272,49.246269]}"
459	Point	CommunalArea	552	"{\\"type\\":\\"Point\\",\\"coordinates\\":[28.4254915,49.2303148]}"
460	Point	CommunalArea	568	"{\\"type\\":\\"Point\\",\\"coordinates\\":[28.494783,49.234081]}"
461	Point	CommunalArea	569	"{\\"type\\":\\"Point\\",\\"coordinates\\":[28.5188975,49.223993]}"
462	Point	CommunalArea	571	"{\\"type\\":\\"Point\\",\\"coordinates\\":[28.493119,49.2096075]}"
463	Point	CommunalArea	796	"{\\"type\\":\\"Point\\",\\"coordinates\\":[28.4029241,49.223585]}"
464	Point	CommunalArea	797	"{\\"type\\":\\"Point\\",\\"coordinates\\":[28.4029241,49.223585]}"
465	Point	CommunalArea	798	"{\\"type\\":\\"Point\\",\\"coordinates\\":[28.4029241,49.223585]}"
466	Point	CommunalArea	878	"{\\"type\\":\\"Point\\",\\"coordinates\\":[28.5207156,49.247045]}"
467	Point	CommunalArea	879	"{\\"type\\":\\"Point\\",\\"coordinates\\":[28.5235,49.2503945]}"
468	Point	CommunalArea	884	"{\\"type\\":\\"Point\\",\\"coordinates\\":[28.494538,49.217914]}"
469	Point	CommunalArea	885	"{\\"type\\":\\"Point\\",\\"coordinates\\":[28.4000053,49.2294045]}"
470	Point	CommunalArea	887	"{\\"type\\":\\"Point\\",\\"coordinates\\":[28.4372008,49.2072719]}"
471	Point	CommunalArea	888	"{\\"type\\":\\"Point\\",\\"coordinates\\":[28.472923,49.2572704]}"
472	Point	CommunalArea	889	"{\\"type\\":\\"Point\\",\\"coordinates\\":[28.467348,49.2307716]}"
473	Point	CommunalArea	891	"{\\"type\\":\\"Point\\",\\"coordinates\\":[28.4286483,49.2344512]}"
474	Point	CommunalArea	1179	"{\\"type\\":\\"Point\\",\\"coordinates\\":[28.500657,49.2356145]}"
475	Point	CommunalArea	1182	"{\\"type\\":\\"Point\\",\\"coordinates\\":[28.500149,49.247497]}"
476	Point	CommunalArea	1200	"{\\"type\\":\\"Point\\",\\"coordinates\\":[28.4865471,49.2531374]}"
477	Point	CommunalArea	1201	"{\\"type\\":\\"Point\\",\\"coordinates\\":[28.4866884,49.2532743]}"
478	Point	CommunalArea	1202	"{\\"type\\":\\"Point\\",\\"coordinates\\":[28.486662,49.2533171]}"
479	Point	CommunalArea	1203	"{\\"type\\":\\"Point\\",\\"coordinates\\":[28.4857649,49.253774]}"
480	Point	CommunalArea	1204	"{\\"type\\":\\"Point\\",\\"coordinates\\":[28.486028,49.2532975]}"
481	Point	CommunalArea	1205	"{\\"type\\":\\"Point\\",\\"coordinates\\":[28.4590464,49.2466505]}"
482	Point	CommunalArea	1206	"{\\"type\\":\\"Point\\",\\"coordinates\\":[28.460264,49.2473865]}"
483	Point	CommunalArea	1207	"{\\"type\\":\\"Point\\",\\"coordinates\\":[28.4630151,49.228342]}"
484	Point	CommunalArea	1208	"{\\"type\\":\\"Point\\",\\"coordinates\\":[28.4628644,49.2280425]}"
485	Point	CommunalArea	1209	"{\\"type\\":\\"Point\\",\\"coordinates\\":[28.461248,49.228414]}"
486	Point	CommunalArea	1266	"{\\"type\\":\\"Point\\",\\"coordinates\\":[28.4569329,49.2252305]}"
487	Point	CommunalArea	1271	"{\\"type\\":\\"Point\\",\\"coordinates\\":[28.4775585,49.231107]}"
488	Point	CommunalArea	1277	"{\\"type\\":\\"Point\\",\\"coordinates\\":[28.5107171,49.236671]}"
489	Point	CommunalArea	1282	"{\\"type\\":\\"Point\\",\\"coordinates\\":[28.4957835,49.235273]}"
490	Point	CommunalArea	1295	"{\\"type\\":\\"Point\\",\\"coordinates\\":[28.4189771,49.2207795]}"
491	Point	CommunalArea	1367	"{\\"type\\":\\"Point\\",\\"coordinates\\":[28.4738815,49.2658345]}"
492	Point	CommunalArea	1368	"{\\"type\\":\\"Point\\",\\"coordinates\\":[28.4738815,49.2658345]}"
493	Point	CommunalArea	1369	"{\\"type\\":\\"Point\\",\\"coordinates\\":[28.4739241,49.2652944]}"
494	Point	CommunalArea	1370	"{\\"type\\":\\"Point\\",\\"coordinates\\":[28.474711,49.2653975]}"
495	Point	CommunalArea	1429	"{\\"type\\":\\"Point\\",\\"coordinates\\":[28.4186479,49.2253967]}"
496	Point	CommunalArea	1437	"{\\"type\\":\\"Point\\",\\"coordinates\\":[28.446388,49.226083]}"
497	Point	CommunalArea	1464	"{\\"type\\":\\"Point\\",\\"coordinates\\":[28.4018156,49.230539]}"
498	Point	CommunalArea	1469	"{\\"type\\":\\"Point\\",\\"coordinates\\":[28.4957835,49.235273]}"
499	Point	CommunalArea	1470	"{\\"type\\":\\"Point\\",\\"coordinates\\":[28.4957835,49.235273]}"
500	Point	CommunalArea	1517	"{\\"type\\":\\"Point\\",\\"coordinates\\":[28.4418476,49.2329868]}"
501	Point	CommunalArea	1518	"{\\"type\\":\\"Point\\",\\"coordinates\\":[28.5207081,49.2316965]}"
502	Point	CommunalArea	1546	"{\\"type\\":\\"Point\\",\\"coordinates\\":[28.4920066,49.225406]}"
503	Point	CommunalArea	1547	"{\\"type\\":\\"Point\\",\\"coordinates\\":[28.4920066,49.225406]}"
504	Point	CommunalArea	1548	"{\\"type\\":\\"Point\\",\\"coordinates\\":[28.4920066,49.225406]}"
505	Point	CommunalArea	1619	"{\\"type\\":\\"Point\\",\\"coordinates\\":[28.3984341,49.2336536]}"
506	Point	CommunalArea	1620	"{\\"type\\":\\"Point\\",\\"coordinates\\":[28.494783,49.234081]}"
507	Point	CommunalArea	1621	"{\\"type\\":\\"Point\\",\\"coordinates\\":[28.3990986,49.2330782]}"
508	Point	CommunalArea	1629	"{\\"type\\":\\"Point\\",\\"coordinates\\":[28.4885389,49.2425555]}"
509	Point	CommunalArea	1634	"{\\"type\\":\\"Point\\",\\"coordinates\\":[28.499075,49.251085]}"
510	Point	CommunalArea	1635	"{\\"type\\":\\"Point\\",\\"coordinates\\":[28.5164558,49.2306363]}"
511	Point	CommunalArea	1636	"{\\"type\\":\\"Point\\",\\"coordinates\\":[28.4040265,49.2316125]}"
512	Point	CommunalArea	1637	"{\\"type\\":\\"Point\\",\\"coordinates\\":[28.4536547,49.2200577]}"
513	Point	CommunalArea	1638	"{\\"type\\":\\"Point\\",\\"coordinates\\":[28.4899366,49.221851]}"
514	Point	CommunalArea	1639	"{\\"type\\":\\"Point\\",\\"coordinates\\":[28.4269858,49.2242332]}"
515	Point	CommunalArea	1640	"{\\"type\\":\\"Point\\",\\"coordinates\\":[28.4335306,49.236919]}"
516	Point	CommunalArea	1641	"{\\"type\\":\\"Point\\",\\"coordinates\\":[28.4012505,49.2223755]}"
517	Point	CommunalArea	1642	"{\\"type\\":\\"Point\\",\\"coordinates\\":[28.4388715,49.2183029]}"
518	Point	CommunalArea	1643	"{\\"type\\":\\"Point\\",\\"coordinates\\":[28.3928705,49.2308]}"
519	Point	CommunalArea	1644	"{\\"type\\":\\"Point\\",\\"coordinates\\":[28.3957055,49.2325545]}"
520	Point	CommunalArea	1645	"{\\"type\\":\\"Point\\",\\"coordinates\\":[28.4255415,49.2212825]}"
521	Point	CommunalArea	1646	"{\\"type\\":\\"Point\\",\\"coordinates\\":[28.4605119,49.2437942]}"
522	Point	CommunalArea	1647	"{\\"type\\":\\"Point\\",\\"coordinates\\":[28.4755519,49.2341475]}"
523	Point	CommunalArea	1648	"{\\"type\\":\\"Point\\",\\"coordinates\\":[28.5363204,49.226566]}"
524	Point	CommunalArea	1649	"{\\"type\\":\\"Point\\",\\"coordinates\\":[28.4361645,49.221727]}"
525	Point	CommunalArea	1650	"{\\"type\\":\\"Point\\",\\"coordinates\\":[28.4598671,49.2254595]}"
526	Point	CommunalArea	1651	"{\\"type\\":\\"Point\\",\\"coordinates\\":[28.5016358,49.2430105]}"
527	Point	CommunalArea	1652	"{\\"type\\":\\"Point\\",\\"coordinates\\":[28.422788,49.2290035]}"
528	Point	CommunalArea	1653	"{\\"type\\":\\"Point\\",\\"coordinates\\":[28.5066555,49.2390895]}"
529	Point	CommunalArea	1654	"{\\"type\\":\\"Point\\",\\"coordinates\\":[28.462791,49.2546]}"
530	Point	CommunalArea	1655	"{\\"type\\":\\"Point\\",\\"coordinates\\":[28.4517611,49.1960295]}"
531	Point	CommunalArea	1656	"{\\"type\\":\\"Point\\",\\"coordinates\\":[28.4320759,49.233684]}"
532	Point	CommunalArea	1657	"{\\"type\\":\\"Point\\",\\"coordinates\\":[28.5223325,49.2270592]}"
533	Point	CommunalArea	1658	"{\\"type\\":\\"Point\\",\\"coordinates\\":[28.4441346,49.222463]}"
534	Point	CommunalArea	1659	"{\\"type\\":\\"Point\\",\\"coordinates\\":[28.413313,49.226804]}"
535	Point	CommunalArea	1660	"{\\"type\\":\\"Point\\",\\"coordinates\\":[28.4736106,49.2587315]}"
536	Point	CommunalArea	1661	"{\\"type\\":\\"Point\\",\\"coordinates\\":[28.393536,49.231809]}"
537	Point	CommunalArea	1662	"{\\"type\\":\\"Point\\",\\"coordinates\\":[28.4896779,49.208166]}"
538	Point	CommunalArea	1663	"{\\"type\\":\\"Point\\",\\"coordinates\\":[28.424727,49.233419]}"
539	Point	CommunalArea	1664	"{\\"type\\":\\"Point\\",\\"coordinates\\":[28.4853679,49.241348]}"
540	Point	CommunalArea	1665	"{\\"type\\":\\"Point\\",\\"coordinates\\":[28.5200106,49.2296691]}"
541	Point	CommunalArea	1666	"{\\"type\\":\\"Point\\",\\"coordinates\\":[28.5200106,49.2296691]}"
542	Point	CommunalArea	1667	"{\\"type\\":\\"Point\\",\\"coordinates\\":[28.5200106,49.2296691]}"
543	Point	CommunalArea	1668	"{\\"type\\":\\"Point\\",\\"coordinates\\":[28.434966,49.224958]}"
544	Point	CommunalArea	1669	"{\\"type\\":\\"Point\\",\\"coordinates\\":[28.4325274,49.2251108]}"
545	Point	CommunalArea	1670	"{\\"type\\":\\"Point\\",\\"coordinates\\":[28.464647,49.2444145]}"
546	Point	CommunalArea	1671	"{\\"type\\":\\"Point\\",\\"coordinates\\":[28.5411221,49.2476745]}"
547	Point	CommunalArea	1672	"{\\"type\\":\\"Point\\",\\"coordinates\\":[28.4817319,49.2449522]}"
548	Point	CommunalArea	1673	"{\\"type\\":\\"Point\\",\\"coordinates\\":[28.5562661,49.223867]}"
549	Point	CommunalArea	1674	"{\\"type\\":\\"Point\\",\\"coordinates\\":[28.440621,49.2347688]}"
550	Point	CommunalArea	1675	"{\\"type\\":\\"Point\\",\\"coordinates\\":[28.5411221,49.2476745]}"
551	Point	CommunalArea	1676	"{\\"type\\":\\"Point\\",\\"coordinates\\":[28.5411221,49.2476745]}"
552	Point	CommunalArea	1677	"{\\"type\\":\\"Point\\",\\"coordinates\\":[28.5411221,49.2476745]}"
553	Point	CommunalArea	1678	"{\\"type\\":\\"Point\\",\\"coordinates\\":[28.4817319,49.2449522]}"
554	Point	CommunalArea	1679	"{\\"type\\":\\"Point\\",\\"coordinates\\":[28.4817319,49.2449522]}"
555	Point	CommunalArea	1680	"{\\"type\\":\\"Point\\",\\"coordinates\\":[28.4817319,49.2449522]}"
556	Point	CommunalArea	1681	"{\\"type\\":\\"Point\\",\\"coordinates\\":[28.461059,49.233955]}"
557	Point	CommunalArea	1682	"{\\"type\\":\\"Point\\",\\"coordinates\\":[28.524403,49.2327895]}"
558	Point	CommunalArea	1683	"{\\"type\\":\\"Point\\",\\"coordinates\\":[28.4237466,49.221149]}"
559	Point	CommunalArea	1684	"{\\"type\\":\\"Point\\",\\"coordinates\\":[28.4640491,49.2146945]}"
560	Point	CommunalArea	1685	"{\\"type\\":\\"Point\\",\\"coordinates\\":[28.4383732,49.2169927]}"
561	Point	CommunalArea	1686	"{\\"type\\":\\"Point\\",\\"coordinates\\":[28.458952,49.232927]}"
562	Point	CommunalArea	1687	"{\\"type\\":\\"Point\\",\\"coordinates\\":[28.5324075,49.249315]}"
563	Point	CommunalArea	1688	"{\\"type\\":\\"Point\\",\\"coordinates\\":[28.5325559,49.2478865]}"
564	Point	CommunalArea	1689	"{\\"type\\":\\"Point\\",\\"coordinates\\":[28.4835359,49.2058726]}"
565	Point	CommunalArea	1690	"{\\"type\\":\\"Point\\",\\"coordinates\\":[28.5336227,49.2517109]}"
566	Point	CommunalArea	1691	"{\\"type\\":\\"Point\\",\\"coordinates\\":[28.433964,49.2217535]}"
567	Point	CommunalArea	1692	"{\\"type\\":\\"Point\\",\\"coordinates\\":[28.4737921,49.2568065]}"
568	Point	CommunalArea	1693	"{\\"type\\":\\"Point\\",\\"coordinates\\":[28.3980205,49.233358]}"
569	Point	CommunalArea	1694	"{\\"type\\":\\"Point\\",\\"coordinates\\":[28.4414443,49.2227494]}"
570	Point	CommunalArea	1695	"{\\"type\\":\\"Point\\",\\"coordinates\\":[28.43499,49.219745]}"
571	Point	CommunalArea	1696	"{\\"type\\":\\"Point\\",\\"coordinates\\":[28.4738921,49.2469733]}"
572	Point	CommunalArea	1697	"{\\"type\\":\\"Point\\",\\"coordinates\\":[28.431461,49.2318875]}"
573	Point	CommunalArea	1698	"{\\"type\\":\\"Point\\",\\"coordinates\\":[28.4576039,49.2238991]}"
574	Point	CommunalArea	1699	"{\\"type\\":\\"Point\\",\\"coordinates\\":[28.5232698,49.2118729]}"
575	Point	CommunalArea	1700	"{\\"type\\":\\"Point\\",\\"coordinates\\":[28.4014715,49.213941]}"
576	Point	CommunalArea	1701	"{\\"type\\":\\"Point\\",\\"coordinates\\":[28.4914881,49.2409355]}"
577	Point	CommunalArea	1702	"{\\"type\\":\\"Point\\",\\"coordinates\\":[28.511596,49.2708449]}"
578	Point	CommunalArea	1703	"{\\"type\\":\\"Point\\",\\"coordinates\\":[28.4853775,49.2510116]}"
579	Point	CommunalArea	1704	"{\\"type\\":\\"Point\\",\\"coordinates\\":[28.5383885,49.2446075]}"
580	Point	CommunalArea	1705	"{\\"type\\":\\"Point\\",\\"coordinates\\":[28.4148821,49.22376]}"
581	Point	CommunalArea	1706	"{\\"type\\":\\"Point\\",\\"coordinates\\":[28.519489,49.2339685]}"
582	Point	CommunalArea	1707	"{\\"type\\":\\"Point\\",\\"coordinates\\":[28.4993425,49.239538]}"
583	Point	CommunalArea	1708	"{\\"type\\":\\"Point\\",\\"coordinates\\":[28.4919725,49.21796]}"
584	Point	CommunalArea	1709	"{\\"type\\":\\"Point\\",\\"coordinates\\":[28.463427,49.2303786]}"
585	Point	CommunalArea	1710	"{\\"type\\":\\"Point\\",\\"coordinates\\":[28.5063887,49.2381016]}"
586	Point	CommunalArea	1711	"{\\"type\\":\\"Point\\",\\"coordinates\\":[28.4990304,49.2327265]}"
587	Point	CommunalArea	1712	"{\\"type\\":\\"Point\\",\\"coordinates\\":[28.4961865,49.2369]}"
588	Point	CommunalArea	1713	"{\\"type\\":\\"Point\\",\\"coordinates\\":[28.4686695,49.2333215]}"
589	Point	CommunalArea	1714	"{\\"type\\":\\"Point\\",\\"coordinates\\":[28.5260001,49.2461814]}"
590	Point	CommunalArea	1715	"{\\"type\\":\\"Point\\",\\"coordinates\\":[28.5091204,49.2707855]}"
591	Point	CommunalArea	1716	"{\\"type\\":\\"Point\\",\\"coordinates\\":[28.421473,49.233892]}"
592	Point	CommunalArea	1717	"{\\"type\\":\\"Point\\",\\"coordinates\\":[28.4211105,49.2296005]}"
593	Point	CommunalArea	1718	"{\\"type\\":\\"Point\\",\\"coordinates\\":[28.420752,49.230207]}"
594	Point	CommunalArea	1719	"{\\"type\\":\\"Point\\",\\"coordinates\\":[28.5144545,49.2373269]}"
595	Point	CommunalArea	1720	"{\\"type\\":\\"Point\\",\\"coordinates\\":[28.4977119,49.2512185]}"
596	Point	CommunalArea	1721	"{\\"type\\":\\"Point\\",\\"coordinates\\":[28.411178,49.2212595]}"
597	Point	CommunalArea	1722	"{\\"type\\":\\"Point\\",\\"coordinates\\":[28.4797203,49.2091015]}"
598	Point	CommunalArea	1723	"{\\"type\\":\\"Point\\",\\"coordinates\\":[28.513388,49.238096]}"
599	Point	CommunalArea	1724	"{\\"type\\":\\"Point\\",\\"coordinates\\":[28.5011812,49.2488397]}"
600	Point	CommunalArea	1725	"{\\"type\\":\\"Point\\",\\"coordinates\\":[28.4327144,49.2326674]}"
601	Point	CommunalArea	1726	"{\\"type\\":\\"Point\\",\\"coordinates\\":[28.5176076,49.233888]}"
602	Point	CommunalArea	1727	"{\\"type\\":\\"Point\\",\\"coordinates\\":[28.4527284,49.2207655]}"
603	Point	CommunalArea	1728	"{\\"type\\":\\"Point\\",\\"coordinates\\":[28.525833,49.2350955]}"
604	Point	CommunalArea	1729	"{\\"type\\":\\"Point\\",\\"coordinates\\":[28.5210575,49.23273]}"
605	Point	CommunalArea	1730	"{\\"type\\":\\"Point\\",\\"coordinates\\":[28.5337025,49.2478215]}"
606	Point	CommunalArea	1731	"{\\"type\\":\\"Point\\",\\"coordinates\\":[28.4090185,49.2278721]}"
607	Point	CommunalArea	1732	"{\\"type\\":\\"Point\\",\\"coordinates\\":[28.417419,49.2230065]}"
608	Point	CommunalArea	1733	"{\\"type\\":\\"Point\\",\\"coordinates\\":[28.4358535,49.215938]}"
609	Point	CommunalArea	1734	"{\\"type\\":\\"Point\\",\\"coordinates\\":[28.4637361,49.2292285]}"
610	Point	CommunalArea	1735	"{\\"type\\":\\"Point\\",\\"coordinates\\":[28.405496,49.222976]}"
611	Point	CommunalArea	1736	"{\\"type\\":\\"Point\\",\\"coordinates\\":[28.4104696,49.2236785]}"
612	Point	CommunalArea	1737	"{\\"type\\":\\"Point\\",\\"coordinates\\":[28.4557081,49.2235389]}"
613	Point	CommunalArea	1738	"{\\"type\\":\\"Point\\",\\"coordinates\\":[28.4028305,49.2262854]}"
614	Point	CommunalArea	1739	"{\\"type\\":\\"Point\\",\\"coordinates\\":[28.40595,49.226064]}"
615	Point	CommunalArea	1740	"{\\"type\\":\\"Point\\",\\"coordinates\\":[28.4976209,49.2494045]}"
616	Point	CommunalArea	1741	"{\\"type\\":\\"Point\\",\\"coordinates\\":[28.496918,49.2318969]}"
617	Point	CommunalArea	1742	"{\\"type\\":\\"Point\\",\\"coordinates\\":[28.4092711,49.2211127]}"
618	Point	CommunalArea	1743	"{\\"type\\":\\"Point\\",\\"coordinates\\":[28.4218801,49.224023]}"
619	Point	CommunalArea	1744	"{\\"type\\":\\"Point\\",\\"coordinates\\":[28.4014545,49.2269705]}"
620	Point	CommunalArea	1745	"{\\"type\\":\\"Point\\",\\"coordinates\\":[28.525208,49.2282926]}"
621	Point	CommunalArea	1746	"{\\"type\\":\\"Point\\",\\"coordinates\\":[28.3990958,49.2287185]}"
622	Point	CommunalArea	1747	"{\\"type\\":\\"Point\\",\\"coordinates\\":[28.4575235,49.2247575]}"
623	Point	CommunalArea	1748	"{\\"type\\":\\"Point\\",\\"coordinates\\":[28.476126,49.2694241]}"
624	Point	CommunalArea	1749	"{\\"type\\":\\"Point\\",\\"coordinates\\":[28.456722,49.2260605]}"
625	Point	CommunalArea	1750	"{\\"type\\":\\"Point\\",\\"coordinates\\":[28.4862255,49.2370965]}"
626	Point	CommunalArea	1751	"{\\"type\\":\\"Point\\",\\"coordinates\\":[28.486985,49.2388205]}"
627	Point	CommunalArea	1752	"{\\"type\\":\\"Point\\",\\"coordinates\\":[28.4526728,49.2264602]}"
628	Point	CommunalArea	1753	"{\\"type\\":\\"Point\\",\\"coordinates\\":[28.4687019,49.2303635]}"
629	Point	CommunalArea	1754	"{\\"type\\":\\"Point\\",\\"coordinates\\":[28.487084,49.2474455]}"
630	Point	CommunalArea	1755	"{\\"type\\":\\"Point\\",\\"coordinates\\":[28.496111,49.2478635]}"
631	Point	CommunalArea	1756	"{\\"type\\":\\"Point\\",\\"coordinates\\":[28.4984452,49.231379]}"
632	Point	CommunalArea	1757	"{\\"type\\":\\"Point\\",\\"coordinates\\":[28.502785,49.2406995]}"
633	Point	CommunalArea	1758	"{\\"type\\":\\"Point\\",\\"coordinates\\":[28.47525,49.265842]}"
634	Point	CommunalArea	1759	"{\\"type\\":\\"Point\\",\\"coordinates\\":[28.3994729,49.226774]}"
635	Point	CommunalArea	1760	"{\\"type\\":\\"Point\\",\\"coordinates\\":[28.407701,49.2258085]}"
636	Point	CommunalArea	1761	"{\\"type\\":\\"Point\\",\\"coordinates\\":[28.4236675,49.2197585]}"
637	Point	CommunalArea	1762	"{\\"type\\":\\"Point\\",\\"coordinates\\":[28.3986725,49.229219]}"
638	Point	CommunalArea	1763	"{\\"type\\":\\"Point\\",\\"coordinates\\":[28.4207045,49.2206644]}"
639	Point	CommunalArea	1764	"{\\"type\\":\\"Point\\",\\"coordinates\\":[28.425146,49.2299665]}"
640	Point	CommunalArea	1765	"{\\"type\\":\\"Point\\",\\"coordinates\\":[28.4741266,49.2310295]}"
641	Point	CommunalArea	1766	"{\\"type\\":\\"Point\\",\\"coordinates\\":[28.4183765,49.233453]}"
642	Point	CommunalArea	1767	"{\\"type\\":\\"Point\\",\\"coordinates\\":[28.498148,49.245496]}"
643	Point	CommunalArea	1768	"{\\"type\\":\\"Point\\",\\"coordinates\\":[28.400974,49.224891]}"
644	Point	CommunalArea	1769	"{\\"type\\":\\"Point\\",\\"coordinates\\":[28.5245759,49.2286335]}"
645	Point	CommunalArea	1770	"{\\"type\\":\\"Point\\",\\"coordinates\\":[28.3970496,49.232311]}"
646	Point	CommunalArea	1771	"{\\"type\\":\\"Point\\",\\"coordinates\\":[28.500162,49.240802]}"
647	Point	CommunalArea	1772	"{\\"type\\":\\"Point\\",\\"coordinates\\":[28.4120115,49.228134]}"
648	Point	CommunalArea	1773	"{\\"type\\":\\"Point\\",\\"coordinates\\":[28.4122146,49.2286675]}"
649	Point	CommunalArea	1774	"{\\"type\\":\\"Point\\",\\"coordinates\\":[28.4185414,49.220039]}"
650	Point	CommunalArea	1775	"{\\"type\\":\\"Point\\",\\"coordinates\\":[28.4193656,49.2258401]}"
651	Point	CommunalArea	1776	"{\\"type\\":\\"Point\\",\\"coordinates\\":[28.5388423,49.248839]}"
652	Point	CommunalArea	1777	"{\\"type\\":\\"Point\\",\\"coordinates\\":[28.4014822,49.2292948]}"
653	Point	CommunalArea	1778	"{\\"type\\":\\"Point\\",\\"coordinates\\":[28.4222705,49.2202905]}"
654	Point	CommunalArea	1779	"{\\"type\\":\\"Point\\",\\"coordinates\\":[28.439114,49.2285475]}"
655	Point	CommunalArea	1780	"{\\"type\\":\\"Point\\",\\"coordinates\\":[28.502786,49.2389655]}"
656	Point	CommunalArea	1781	"{\\"type\\":\\"Point\\",\\"coordinates\\":[28.494757,49.238645]}"
657	Point	CommunalArea	1782	"{\\"type\\":\\"Point\\",\\"coordinates\\":[28.399091,49.226089]}"
658	Point	CommunalArea	1783	"{\\"type\\":\\"Point\\",\\"coordinates\\":[28.3979791,49.2286334]}"
659	Point	CommunalArea	1784	"{\\"type\\":\\"Point\\",\\"coordinates\\":[28.4217381,49.221662]}"
660	Point	CommunalArea	1785	"{\\"type\\":\\"Point\\",\\"coordinates\\":[28.430383,49.2338255]}"
661	Point	CommunalArea	1786	"{\\"type\\":\\"Point\\",\\"coordinates\\":[28.4159551,49.230054]}"
662	Point	CommunalArea	1787	"{\\"type\\":\\"Point\\",\\"coordinates\\":[28.4262235,49.22026]}"
663	Point	CommunalArea	1788	"{\\"type\\":\\"Point\\",\\"coordinates\\":[28.4254915,49.2303148]}"
664	Point	CommunalArea	1789	"{\\"type\\":\\"Point\\",\\"coordinates\\":[28.4370066,49.22052]}"
665	Point	CommunalArea	1790	"{\\"type\\":\\"Point\\",\\"coordinates\\":[28.5025826,49.2314254]}"
666	Point	CommunalArea	1791	"{\\"type\\":\\"Point\\",\\"coordinates\\":[28.4760429,49.2421415]}"
667	Point	CommunalArea	1792	"{\\"type\\":\\"Point\\",\\"coordinates\\":[28.4562105,49.225734]}"
668	Point	CommunalArea	1793	"{\\"type\\":\\"Point\\",\\"coordinates\\":[28.438626,49.220199]}"
669	Point	CommunalArea	1794	"{\\"type\\":\\"Point\\",\\"coordinates\\":[28.453237,49.225086]}"
670	Point	CommunalArea	1795	"{\\"type\\":\\"Point\\",\\"coordinates\\":[28.4534146,49.225746]}"
671	Point	CommunalArea	1796	"{\\"type\\":\\"Point\\",\\"coordinates\\":[28.5024765,49.2475615]}"
672	Point	CommunalArea	1797	"{\\"type\\":\\"Point\\",\\"coordinates\\":[28.4187139,49.2138066]}"
673	Point	CommunalArea	1798	"{\\"type\\":\\"Point\\",\\"coordinates\\":[28.5295614,49.2352376]}"
674	Point	CommunalArea	1799	"{\\"type\\":\\"Point\\",\\"coordinates\\":[28.5239561,49.234985]}"
675	Point	CommunalArea	1800	"{\\"type\\":\\"Point\\",\\"coordinates\\":[28.5065999,49.2695005]}"
676	Point	CommunalArea	1801	"{\\"type\\":\\"Point\\",\\"coordinates\\":[28.4747531,49.2513019]}"
677	Point	CommunalArea	1802	"{\\"type\\":\\"Point\\",\\"coordinates\\":[28.4836445,49.2415506]}"
678	Point	CommunalArea	1803	"{\\"type\\":\\"Point\\",\\"coordinates\\":[28.4031021,49.230775]}"
679	Point	CommunalArea	1804	"{\\"type\\":\\"Point\\",\\"coordinates\\":[28.4063973,49.2279748]}"
680	Point	CommunalArea	1805	"{\\"type\\":\\"Point\\",\\"coordinates\\":[28.5024765,49.2475615]}"
681	Point	CommunalArea	1806	"{\\"type\\":\\"Point\\",\\"coordinates\\":[28.3969411,49.2296555]}"
682	Point	CommunalArea	1807	"{\\"type\\":\\"Point\\",\\"coordinates\\":[28.398975,49.225576]}"
683	Point	CommunalArea	1808	"{\\"type\\":\\"Point\\",\\"coordinates\\":[28.4165114,49.228561]}"
684	Point	CommunalArea	1809	"{\\"type\\":\\"Point\\",\\"coordinates\\":[28.4402339,49.2197245]}"
685	Point	CommunalArea	1810	"{\\"type\\":\\"Point\\",\\"coordinates\\":[28.4853386,49.2458035]}"
686	Point	CommunalArea	1811	"{\\"type\\":\\"Point\\",\\"coordinates\\":[28.4220934,49.225381]}"
687	Point	CommunalArea	1812	"{\\"type\\":\\"Point\\",\\"coordinates\\":[28.4392611,49.2321335]}"
688	Point	CommunalArea	1813	"{\\"type\\":\\"Point\\",\\"coordinates\\":[28.492118,49.2340215]}"
689	Point	CommunalArea	1814	"{\\"type\\":\\"Point\\",\\"coordinates\\":[28.5082595,49.2455989]}"
690	Point	CommunalArea	1815	"{\\"type\\":\\"Point\\",\\"coordinates\\":[28.5035726,49.2683504]}"
691	Point	CommunalArea	1816	"{\\"type\\":\\"Point\\",\\"coordinates\\":[28.4762656,49.250419]}"
692	Point	CommunalArea	1817	"{\\"type\\":\\"Point\\",\\"coordinates\\":[28.4483403,49.217944]}"
693	Point	CommunalArea	1818	"{\\"type\\":\\"Point\\",\\"coordinates\\":[28.4991544,49.243482]}"
694	Point	CommunalArea	1819	"{\\"type\\":\\"Point\\",\\"coordinates\\":[28.4123905,49.224443]}"
695	Point	CommunalArea	1820	"{\\"type\\":\\"Point\\",\\"coordinates\\":[28.4617099,49.2382995]}"
696	Point	CommunalArea	1821	"{\\"type\\":\\"Point\\",\\"coordinates\\":[28.4605283,49.2283189]}"
697	Point	CommunalArea	1822	"{\\"type\\":\\"Point\\",\\"coordinates\\":[28.513268,49.2369055]}"
698	Point	CommunalArea	1823	"{\\"type\\":\\"Point\\",\\"coordinates\\":[28.516997,49.2391028]}"
699	Point	CommunalArea	1824	"{\\"type\\":\\"Point\\",\\"coordinates\\":[28.5002201,49.2400691]}"
700	Point	CommunalArea	1825	"{\\"type\\":\\"Point\\",\\"coordinates\\":[28.4934445,49.2444135]}"
701	Point	CommunalArea	1826	"{\\"type\\":\\"Point\\",\\"coordinates\\":[28.440967,49.232675]}"
702	Point	CommunalArea	1827	"{\\"type\\":\\"Point\\",\\"coordinates\\":[28.4945799,49.2465699]}"
703	Point	CommunalArea	1828	"{\\"type\\":\\"Point\\",\\"coordinates\\":[28.4906365,49.2446675]}"
704	Point	CommunalArea	1829	"{\\"type\\":\\"Point\\",\\"coordinates\\":[28.498148,49.245496]}"
705	Point	CommunalArea	1830	"{\\"type\\":\\"Point\\",\\"coordinates\\":[28.4366104,49.22446]}"
706	Point	CommunalArea	1831	"{\\"type\\":\\"Point\\",\\"coordinates\\":[28.4260951,49.2309301]}"
707	Point	CommunalArea	1832	"{\\"type\\":\\"Point\\",\\"coordinates\\":[28.4070535,49.2245555]}"
708	Point	CommunalArea	1833	"{\\"type\\":\\"Point\\",\\"coordinates\\":[28.40595,49.226064]}"
709	Point	CommunalArea	1834	"{\\"type\\":\\"Point\\",\\"coordinates\\":[28.4094246,49.2252285]}"
710	Point	CommunalArea	1835	"{\\"type\\":\\"Point\\",\\"coordinates\\":[28.462729,49.229362]}"
711	Point	CommunalArea	1836	"{\\"type\\":\\"Point\\",\\"coordinates\\":[28.4596546,49.2277491]}"
712	Point	CommunalArea	1837	"{\\"type\\":\\"Point\\",\\"coordinates\\":[28.4859945,49.245275]}"
713	Point	CommunalArea	1838	"{\\"type\\":\\"Point\\",\\"coordinates\\":[28.4669555,49.230451]}"
714	Point	CommunalArea	1839	"{\\"type\\":\\"Point\\",\\"coordinates\\":[28.512405,49.2711234]}"
715	Point	CommunalArea	1840	"{\\"type\\":\\"Point\\",\\"coordinates\\":[28.4745566,49.268079]}"
716	Point	CommunalArea	1841	"{\\"type\\":\\"Point\\",\\"coordinates\\":[28.4730904,49.2654335]}"
717	Point	CommunalArea	1842	"{\\"type\\":\\"Point\\",\\"coordinates\\":[28.475207,49.231744]}"
718	Point	CommunalArea	1843	"{\\"type\\":\\"Point\\",\\"coordinates\\":[28.4057471,49.2380045]}"
719	Point	CommunalArea	1844	"{\\"type\\":\\"Point\\",\\"coordinates\\":[28.5349595,49.24426]}"
720	Point	CommunalArea	1845	"{\\"type\\":\\"Point\\",\\"coordinates\\":[28.5093799,49.2419019]}"
721	Point	CommunalArea	1846	"{\\"type\\":\\"Point\\",\\"coordinates\\":[28.524918,49.2501425]}"
722	Point	CommunalArea	1847	"{\\"type\\":\\"Point\\",\\"coordinates\\":[28.52548,49.2497745]}"
723	Point	CommunalArea	1848	"{\\"type\\":\\"Point\\",\\"coordinates\\":[28.5246254,49.2498129]}"
724	Point	CommunalArea	1849	"{\\"type\\":\\"Point\\",\\"coordinates\\":[28.52391,49.2500565]}"
725	Point	CommunalArea	1850	"{\\"type\\":\\"Point\\",\\"coordinates\\":[28.5243499,49.250724]}"
726	Point	CommunalArea	1851	"{\\"type\\":\\"Point\\",\\"coordinates\\":[28.49925,49.24101]}"
727	Point	CommunalArea	1852	"{\\"type\\":\\"Point\\",\\"coordinates\\":[28.499481,49.240537]}"
728	Point	CommunalArea	1853	"{\\"type\\":\\"Point\\",\\"coordinates\\":[28.5021204,49.2480235]}"
729	Point	CommunalArea	1854	"{\\"type\\":\\"Point\\",\\"coordinates\\":[28.5012735,49.2480005]}"
730	Point	CommunalArea	1855	"{\\"type\\":\\"Point\\",\\"coordinates\\":[28.5011941,49.2488405]}"
731	Point	CommunalArea	1856	"{\\"type\\":\\"Point\\",\\"coordinates\\":[28.498084,49.2478655]}"
732	Point	CommunalArea	1857	"{\\"type\\":\\"Point\\",\\"coordinates\\":[28.500219,49.2400715]}"
733	Point	CommunalArea	1858	"{\\"type\\":\\"Point\\",\\"coordinates\\":[28.500162,49.240802]}"
734	Point	CommunalArea	1859	"{\\"type\\":\\"Point\\",\\"coordinates\\":[28.5004515,49.2456145]}"
735	Point	CommunalArea	1860	"{\\"type\\":\\"Point\\",\\"coordinates\\":[28.5001809,49.246921]}"
736	Point	CommunalArea	1861	"{\\"type\\":\\"Point\\",\\"coordinates\\":[28.500787,49.246986]}"
737	Point	CommunalArea	1862	"{\\"type\\":\\"Point\\",\\"coordinates\\":[28.5019146,49.24702]}"
738	Point	CommunalArea	1863	"{\\"type\\":\\"Point\\",\\"coordinates\\":[28.502504,49.24699]}"
739	Point	CommunalArea	1864	"{\\"type\\":\\"Point\\",\\"coordinates\\":[28.5024821,49.2472775]}"
740	Point	CommunalArea	1865	"{\\"type\\":\\"Point\\",\\"coordinates\\":[28.501876,49.247503]}"
741	Point	CommunalArea	1866	"{\\"type\\":\\"Point\\",\\"coordinates\\":[28.4995525,49.246906]}"
742	Point	CommunalArea	1867	"{\\"type\\":\\"Point\\",\\"coordinates\\":[28.5007531,49.247465]}"
743	Point	CommunalArea	1868	"{\\"type\\":\\"Point\\",\\"coordinates\\":[28.500149,49.247497]}"
744	Point	CommunalArea	1869	"{\\"type\\":\\"Point\\",\\"coordinates\\":[28.49875,49.2402434]}"
745	Point	CommunalArea	1870	"{\\"type\\":\\"Point\\",\\"coordinates\\":[28.498006,49.2468845]}"
746	Point	CommunalArea	1871	"{\\"type\\":\\"Point\\",\\"coordinates\\":[28.498218,49.2475105]}"
747	Point	CommunalArea	1872	"{\\"type\\":\\"Point\\",\\"coordinates\\":[28.4170469,49.225759]}"
748	Point	CommunalArea	1873	"{\\"type\\":\\"Point\\",\\"coordinates\\":[28.476722,49.2479219]}"
749	Point	CommunalArea	1874	"{\\"type\\":\\"Point\\",\\"coordinates\\":[28.511596,49.2708449]}"
750	Point	CommunalArea	1875	"{\\"type\\":\\"Point\\",\\"coordinates\\":[28.4617099,49.2382995]}"
751	Point	CommunalArea	1876	"{\\"type\\":\\"Point\\",\\"coordinates\\":[28.4851985,49.2425169]}"
752	Point	CommunalArea	1877	"{\\"type\\":\\"Point\\",\\"coordinates\\":[28.4977909,49.24492]}"
753	Point	CommunalArea	1878	"{\\"type\\":\\"Point\\",\\"coordinates\\":[28.4504591,49.2262645]}"
754	Point	CommunalArea	1879	"{\\"type\\":\\"Point\\",\\"coordinates\\":[28.5415871,49.249284]}"
755	Point	CommunalArea	1880	"{\\"type\\":\\"Point\\",\\"coordinates\\":[28.5246254,49.2498129]}"
756	Point	CommunalArea	1881	"{\\"type\\":\\"Point\\",\\"coordinates\\":[28.4006657,49.228086]}"
757	Point	CommunalArea	1882	"{\\"type\\":\\"Point\\",\\"coordinates\\":[28.447889,49.230985]}"
758	Point	CommunalArea	1883	"{\\"type\\":\\"Point\\",\\"coordinates\\":[28.4403902,49.2174657]}"
759	Point	CommunalArea	1884	"{\\"type\\":\\"Point\\",\\"coordinates\\":[28.4393086,49.21621]}"
760	Point	CommunalArea	1885	"{\\"type\\":\\"Point\\",\\"coordinates\\":[28.4691899,49.2325116]}"
761	Point	CommunalArea	1886	"{\\"type\\":\\"Point\\",\\"coordinates\\":[28.4946425,49.24077]}"
762	Point	CommunalArea	1887	"{\\"type\\":\\"Point\\",\\"coordinates\\":[28.4029241,49.223585]}"
763	Point	CommunalArea	1888	"{\\"type\\":\\"Point\\",\\"coordinates\\":[28.5314765,49.2338975]}"
764	Point	CommunalArea	1889	"{\\"type\\":\\"Point\\",\\"coordinates\\":[28.5000509,49.2432471]}"
765	Point	CommunalArea	1890	"{\\"type\\":\\"Point\\",\\"coordinates\\":[28.4862415,49.246526]}"
766	Point	CommunalArea	1891	"{\\"type\\":\\"Point\\",\\"coordinates\\":[28.4917546,49.2493604]}"
767	Point	CommunalArea	1892	"{\\"type\\":\\"Point\\",\\"coordinates\\":[28.487991,49.2303425]}"
768	Point	CommunalArea	1893	"{\\"type\\":\\"Point\\",\\"coordinates\\":[28.52622,49.232575]}"
769	Point	CommunalArea	1894	"{\\"type\\":\\"Point\\",\\"coordinates\\":[28.4684815,49.203723]}"
770	Point	CommunalArea	1895	"{\\"type\\":\\"Point\\",\\"coordinates\\":[28.5035726,49.2683504]}"
771	Point	CommunalArea	1896	"{\\"type\\":\\"Point\\",\\"coordinates\\":[28.5210575,49.23273]}"
772	Point	CommunalArea	1897	"{\\"type\\":\\"Point\\",\\"coordinates\\":[28.5210575,49.23273]}"
773	Point	CommunalArea	1898	"{\\"type\\":\\"Point\\",\\"coordinates\\":[28.4913675,49.246652]}"
774	Point	CommunalArea	1899	"{\\"type\\":\\"Point\\",\\"coordinates\\":[28.4813426,49.2453835]}"
775	Point	CommunalArea	1900	"{\\"type\\":\\"Point\\",\\"coordinates\\":[28.529566,49.2358715]}"
776	Point	CommunalArea	1901	"{\\"type\\":\\"Point\\",\\"coordinates\\":[28.528706,49.235955]}"
777	Point	CommunalArea	1902	"{\\"type\\":\\"Point\\",\\"coordinates\\":[28.5224835,49.2346855]}"
778	Point	CommunalArea	1903	"{\\"type\\":\\"Point\\",\\"coordinates\\":[28.5198953,49.2319324]}"
779	Point	CommunalArea	1904	"{\\"type\\":\\"Point\\",\\"coordinates\\":[28.5076025,49.2314585]}"
780	Point	CommunalArea	1905	"{\\"type\\":\\"Point\\",\\"coordinates\\":[28.5364185,49.2461802]}"
781	Point	CommunalArea	1906	"{\\"type\\":\\"Point\\",\\"coordinates\\":[28.5013635,49.24085]}"
782	Point	CommunalArea	1907	"{\\"type\\":\\"Point\\",\\"coordinates\\":[28.422291,49.221065]}"
783	Point	CommunalArea	1908	"{\\"type\\":\\"Point\\",\\"coordinates\\":[28.4488615,49.2244395]}"
784	Point	CommunalArea	1909	"{\\"type\\":\\"Point\\",\\"coordinates\\":[28.4942552,49.2485575]}"
785	Point	CommunalArea	1910	"{\\"type\\":\\"Point\\",\\"coordinates\\":[28.4797426,49.2473405]}"
786	Point	CommunalArea	1911	"{\\"type\\":\\"Point\\",\\"coordinates\\":[28.4750125,49.2674535]}"
787	Point	CommunalArea	1912	"{\\"type\\":\\"Point\\",\\"coordinates\\":[28.4730365,49.252197]}"
788	Point	CommunalArea	1913	"{\\"type\\":\\"Point\\",\\"coordinates\\":[28.4754095,49.25567]}"
789	Point	CommunalArea	1914	"{\\"type\\":\\"Point\\",\\"coordinates\\":[28.4765841,49.2603655]}"
790	Point	CommunalArea	1915	"{\\"type\\":\\"Point\\",\\"coordinates\\":[28.535115,49.2458165]}"
791	Point	CommunalArea	1916	"{\\"type\\":\\"Point\\",\\"coordinates\\":[28.4764496,49.246093]}"
792	Point	CommunalArea	1917	"{\\"type\\":\\"Point\\",\\"coordinates\\":[28.4916885,49.246143000000004]}"
793	Point	CommunalArea	1918	"{\\"type\\":\\"Point\\",\\"coordinates\\":[28.5007457,49.2382363]}"
794	Point	CommunalArea	1919	"{\\"type\\":\\"Point\\",\\"coordinates\\":[28.4750859,49.2431188]}"
795	Point	CommunalArea	1920	"{\\"type\\":\\"Point\\",\\"coordinates\\":[28.5254267,49.2357994]}"
796	Point	CommunalArea	1921	"{\\"type\\":\\"Point\\",\\"coordinates\\":[28.5352845,49.227628]}"
797	Point	CommunalArea	1922	"{\\"type\\":\\"Point\\",\\"coordinates\\":[28.5379547,49.247677]}"
798	Point	CommunalArea	1923	"{\\"type\\":\\"Point\\",\\"coordinates\\":[28.4731851,49.2533335]}"
799	Point	CommunalArea	1924	"{\\"type\\":\\"Point\\",\\"coordinates\\":[28.4742068,49.2622749]}"
800	Point	CommunalArea	1925	"{\\"type\\":\\"Point\\",\\"coordinates\\":[28.4737403,49.2617788]}"
801	Point	CommunalArea	1926	"{\\"type\\":\\"Point\\",\\"coordinates\\":[28.4951452,49.2394589]}"
802	Point	CommunalArea	1927	"{\\"type\\":\\"Point\\",\\"coordinates\\":[28.5332448,49.2487341]}"
803	Point	CommunalArea	1928	"{\\"type\\":\\"Point\\",\\"coordinates\\":[28.492581,49.242374]}"
804	Point	CommunalArea	1929	"{\\"type\\":\\"Point\\",\\"coordinates\\":[28.495627,49.2335985]}"
805	Point	CommunalArea	1930	"{\\"type\\":\\"Point\\",\\"coordinates\\":[28.53917,49.2476135]}"
806	Point	CommunalArea	1931	"{\\"type\\":\\"Point\\",\\"coordinates\\":[28.5383885,49.2446075]}"
807	Point	CommunalArea	1932	"{\\"type\\":\\"Point\\",\\"coordinates\\":[28.534433,49.2480255]}"
808	Point	CommunalArea	1933	"{\\"type\\":\\"Point\\",\\"coordinates\\":[28.5401796,49.24876]}"
809	Point	CommunalArea	1934	"{\\"type\\":\\"Point\\",\\"coordinates\\":[28.4739365,49.249607]}"
810	Point	CommunalArea	1935	"{\\"type\\":\\"Point\\",\\"coordinates\\":[28.448683,49.2238104]}"
811	Point	CommunalArea	1936	"{\\"type\\":\\"Point\\",\\"coordinates\\":[28.460689,49.2228065]}"
812	Point	CommunalArea	1937	"{\\"type\\":\\"Point\\",\\"coordinates\\":[28.4511194,49.2278851]}"
813	Point	CommunalArea	1938	"{\\"type\\":\\"Point\\",\\"coordinates\\":[28.4598671,49.2254595]}"
814	Point	CommunalArea	1939	"{\\"type\\":\\"Point\\",\\"coordinates\\":[28.4859196,49.251615]}"
815	Point	CommunalArea	1940	"{\\"type\\":\\"Point\\",\\"coordinates\\":[28.4335306,49.236919]}"
816	Point	CommunalArea	1941	"{\\"type\\":\\"Point\\",\\"coordinates\\":[28.473169,49.2201875]}"
817	Point	CommunalArea	1942	"{\\"type\\":\\"Point\\",\\"coordinates\\":[28.4875615,49.208562]}"
818	Point	CommunalArea	1943	"{\\"type\\":\\"Point\\",\\"coordinates\\":[28.4496375,49.225513]}"
819	Point	CommunalArea	1944	"{\\"type\\":\\"Point\\",\\"coordinates\\":[28.448829,49.2263425]}"
820	Point	CommunalArea	1945	"{\\"type\\":\\"Point\\",\\"coordinates\\":[28.4550744,49.2264287]}"
821	Point	CommunalArea	1946	"{\\"type\\":\\"Point\\",\\"coordinates\\":[28.434756,49.234651]}"
822	Point	CommunalArea	1947	"{\\"type\\":\\"Point\\",\\"coordinates\\":[28.4549442,49.2194555]}"
823	Point	CommunalArea	1948	"{\\"type\\":\\"Point\\",\\"coordinates\\":[28.3925685,49.2158255]}"
824	Point	CommunalArea	1949	"{\\"type\\":\\"Point\\",\\"coordinates\\":[28.5012697,49.2484676]}"
825	Point	CommunalArea	1950	"{\\"type\\":\\"Point\\",\\"coordinates\\":[28.4327144,49.2326674]}"
826	Point	CommunalArea	1951	"{\\"type\\":\\"Point\\",\\"coordinates\\":[28.4349759,49.2203955]}"
827	Point	CommunalArea	1952	"{\\"type\\":\\"Point\\",\\"coordinates\\":[28.4194689,49.2229915]}"
828	Point	CommunalArea	1953	"{\\"type\\":\\"Point\\",\\"coordinates\\":[28.4253985,49.2225355]}"
829	Point	CommunalArea	1954	"{\\"type\\":\\"Point\\",\\"coordinates\\":[28.4211105,49.2296005]}"
830	Point	CommunalArea	1955	"{\\"type\\":\\"Point\\",\\"coordinates\\":[28.40958,49.226541]}"
831	Point	CommunalArea	1956	"{\\"type\\":\\"Point\\",\\"coordinates\\":[28.4090185,49.2278721]}"
832	Point	CommunalArea	1957	"{\\"type\\":\\"Point\\",\\"coordinates\\":[28.4186479,49.2253967]}"
833	Point	CommunalArea	1958	"{\\"type\\":\\"Point\\",\\"coordinates\\":[28.435327,49.2226005]}"
834	Point	CommunalArea	1959	"{\\"type\\":\\"Point\\",\\"coordinates\\":[28.4165114,49.228561]}"
835	Point	CommunalArea	1960	"{\\"type\\":\\"Point\\",\\"coordinates\\":[28.4636055,49.249595]}"
836	Point	CommunalArea	1961	"{\\"type\\":\\"Point\\",\\"coordinates\\":[28.4218807,49.2269575]}"
837	Point	CommunalArea	1962	"{\\"type\\":\\"Point\\",\\"coordinates\\":[28.4430885,49.231047]}"
838	Point	CommunalArea	1963	"{\\"type\\":\\"Point\\",\\"coordinates\\":[28.3957055,49.2325545]}"
839	Point	CommunalArea	1964	"{\\"type\\":\\"Point\\",\\"coordinates\\":[28.4057251,49.2293065]}"
840	Point	CommunalArea	1965	"{\\"type\\":\\"Point\\",\\"coordinates\\":[28.471055,49.209664]}"
841	Point	CommunalArea	1966	"{\\"type\\":\\"Point\\",\\"coordinates\\":[28.473741,49.212898]}"
842	Point	CommunalArea	1967	"{\\"type\\":\\"Point\\",\\"coordinates\\":[28.474586,49.265984]}"
843	Point	CommunalArea	1968	"{\\"type\\":\\"Point\\",\\"coordinates\\":[28.4441346,49.222463]}"
844	Point	CommunalArea	1969	"{\\"type\\":\\"Point\\",\\"coordinates\\":[28.4014715,49.213941]}"
845	Point	CommunalArea	1970	"{\\"type\\":\\"Point\\",\\"coordinates\\":[28.44126,49.2265015]}"
846	Point	CommunalArea	1971	"{\\"type\\":\\"Point\\",\\"coordinates\\":[28.3939867,49.2296636]}"
847	Point	CommunalArea	1972	"{\\"type\\":\\"Point\\",\\"coordinates\\":[28.4102678,49.2251201]}"
848	Point	CommunalArea	1973	"{\\"type\\":\\"Point\\",\\"coordinates\\":[28.5148855,49.230514]}"
849	Point	CommunalArea	1974	"{\\"type\\":\\"Point\\",\\"coordinates\\":[28.5311851,49.2306454]}"
850	Point	CommunalArea	1975	"{\\"type\\":\\"Point\\",\\"coordinates\\":[28.5330071,49.2290568]}"
851	Point	CommunalArea	1976	"{\\"type\\":\\"Point\\",\\"coordinates\\":[28.5116485,49.2613336]}"
852	Point	CommunalArea	1977	"{\\"type\\":\\"Point\\",\\"coordinates\\":[28.5080023,49.2396167]}"
853	Point	CommunalArea	1978	"{\\"type\\":\\"Point\\",\\"coordinates\\":[28.4472085,49.2236446]}"
854	Point	CommunalArea	1979	"{\\"type\\":\\"Point\\",\\"coordinates\\":[28.4927808,49.2441925]}"
855	Point	CommunalArea	1980	"{\\"type\\":\\"Point\\",\\"coordinates\\":[28.4742786,49.236223]}"
856	Point	CommunalArea	1981	"{\\"type\\":\\"Point\\",\\"coordinates\\":[28.4609755,49.2250649]}"
857	Point	CommunalArea	1982	"{\\"type\\":\\"Point\\",\\"coordinates\\":[28.4662189,49.2280685]}"
858	Point	CommunalArea	1983	"{\\"type\\":\\"Point\\",\\"coordinates\\":[28.4126085,49.2235175]}"
859	Point	CommunalArea	1984	"{\\"type\\":\\"Point\\",\\"coordinates\\":[28.4118,49.222895]}"
860	Point	CommunalArea	1985	"{\\"type\\":\\"Point\\",\\"coordinates\\":[28.541179,49.248173]}"
861	Point	CommunalArea	1986	"{\\"type\\":\\"Point\\",\\"coordinates\\":[28.486793,49.240501]}"
862	Point	CommunalArea	1987	"{\\"type\\":\\"Point\\",\\"coordinates\\":[28.4731859,49.2358125]}"
863	Point	CommunalArea	1988	"{\\"type\\":\\"Point\\",\\"coordinates\\":[28.4925505,49.2488875]}"
864	Point	CommunalArea	1989	"{\\"type\\":\\"Point\\",\\"coordinates\\":[28.4619194,49.229965]}"
865	Point	CommunalArea	1990	"{\\"type\\":\\"Point\\",\\"coordinates\\":[28.492307,49.245628]}"
866	Point	CommunalArea	1991	"{\\"type\\":\\"Point\\",\\"coordinates\\":[28.4798189,49.2420594]}"
867	Point	CommunalArea	1992	"{\\"type\\":\\"Point\\",\\"coordinates\\":[28.3984496,49.232248]}"
868	Point	CommunalArea	1993	"{\\"type\\":\\"Point\\",\\"coordinates\\":[28.4616685,49.233877]}"
869	Point	CommunalArea	1994	"{\\"type\\":\\"Point\\",\\"coordinates\\":[28.463963,49.2335274]}"
870	Point	CommunalArea	1995	"{\\"type\\":\\"Point\\",\\"coordinates\\":[28.474506,49.233068]}"
871	Point	CommunalArea	1996	"{\\"type\\":\\"Point\\",\\"coordinates\\":[28.4602391,49.2230354]}"
872	Point	CommunalArea	1997	"{\\"type\\":\\"Point\\",\\"coordinates\\":[28.4481626,49.2365144]}"
873	Point	CommunalArea	1998	"{\\"type\\":\\"Point\\",\\"coordinates\\":[28.4469115,49.2253115]}"
874	Point	CommunalArea	1999	"{\\"type\\":\\"Point\\",\\"coordinates\\":[28.4382126,49.2177269]}"
875	Point	CommunalArea	2000	"{\\"type\\":\\"Point\\",\\"coordinates\\":[28.4736934,49.2472035]}"
876	Point	CommunalArea	2001	"{\\"type\\":\\"Point\\",\\"coordinates\\":[28.4761985,49.2474035]}"
877	Point	CommunalArea	2002	"{\\"type\\":\\"Point\\",\\"coordinates\\":[28.4695135,49.2126135]}"
878	Point	CommunalArea	2003	"{\\"type\\":\\"Point\\",\\"coordinates\\":[28.4712741,49.2141585]}"
879	Point	CommunalArea	2004	"{\\"type\\":\\"Point\\",\\"coordinates\\":[28.53917,49.2476135]}"
880	Point	CommunalArea	2005	"{\\"type\\":\\"Point\\",\\"coordinates\\":[28.4621165,49.228206]}"
881	Point	CommunalArea	2006	"{\\"type\\":\\"Point\\",\\"coordinates\\":[28.444364,49.2294575]}"
882	Point	CommunalArea	2007	"{\\"type\\":\\"Point\\",\\"coordinates\\":[28.4389595,49.2310345]}"
883	Point	CommunalArea	2008	"{\\"type\\":\\"Point\\",\\"coordinates\\":[28.454735,49.226171]}"
884	Point	CommunalArea	2009	"{\\"type\\":\\"Point\\",\\"coordinates\\":[28.4609025,49.2301975]}"
885	Point	CommunalArea	2010	"{\\"type\\":\\"Point\\",\\"coordinates\\":[28.5049081,49.239181]}"
886	Point	CommunalArea	2011	"{\\"type\\":\\"Point\\",\\"coordinates\\":[28.420987,49.228605]}"
887	Point	CommunalArea	2012	"{\\"type\\":\\"Point\\",\\"coordinates\\":[28.4208424,49.2198595]}"
888	Point	CommunalArea	2013	"{\\"type\\":\\"Point\\",\\"coordinates\\":[28.4192414,49.2277655]}"
889	Point	CommunalArea	2014	"{\\"type\\":\\"Point\\",\\"coordinates\\":[28.4195844,49.2285705]}"
890	Point	CommunalArea	2015	"{\\"type\\":\\"Point\\",\\"coordinates\\":[28.525833,49.2350955]}"
891	Point	CommunalArea	2016	"{\\"type\\":\\"Point\\",\\"coordinates\\":[28.4741266,49.2310295]}"
892	Point	CommunalArea	2017	"{\\"type\\":\\"Point\\",\\"coordinates\\":[28.4701793,49.2303368]}"
893	Point	CommunalArea	2018	"{\\"type\\":\\"Point\\",\\"coordinates\\":[28.4702495,49.2319065]}"
894	Point	CommunalArea	2019	"{\\"type\\":\\"Point\\",\\"coordinates\\":[28.4703575,49.23558]}"
895	Point	CommunalArea	2020	"{\\"type\\":\\"Point\\",\\"coordinates\\":[28.4780117,49.2470917]}"
896	Point	CommunalArea	2021	"{\\"type\\":\\"Point\\",\\"coordinates\\":[28.4784054,49.2463105]}"
897	Point	CommunalArea	2022	"{\\"type\\":\\"Point\\",\\"coordinates\\":[28.477816,49.2409645]}"
898	Point	CommunalArea	2023	"{\\"type\\":\\"Point\\",\\"coordinates\\":[28.4738815,49.2658345]}"
899	Point	CommunalArea	2024	"{\\"type\\":\\"Point\\",\\"coordinates\\":[28.401598,49.231079]}"
900	Point	CommunalArea	2025	"{\\"type\\":\\"Point\\",\\"coordinates\\":[28.4891954,49.238868]}"
901	Point	CommunalArea	2026	"{\\"type\\":\\"Point\\",\\"coordinates\\":[28.438619,49.220199]}"
902	Point	CommunalArea	2027	"{\\"type\\":\\"Point\\",\\"coordinates\\":[28.491403,49.216982]}"
903	Point	CommunalArea	2028	"{\\"type\\":\\"Point\\",\\"coordinates\\":[28.4682175,49.2354005]}"
904	Point	CommunalArea	2029	"{\\"type\\":\\"Point\\",\\"coordinates\\":[28.4650476,49.235288]}"
905	Point	CommunalArea	2030	"{\\"type\\":\\"Point\\",\\"coordinates\\":[28.4640244,49.236025]}"
906	Point	CommunalArea	2031	"{\\"type\\":\\"Point\\",\\"coordinates\\":[28.4609665,49.2309055]}"
907	Point	CommunalArea	2032	"{\\"type\\":\\"Point\\",\\"coordinates\\":[28.4714675,49.2307885]}"
908	Point	CommunalArea	2033	"{\\"type\\":\\"Point\\",\\"coordinates\\":[28.486905,49.2453189]}"
909	Point	CommunalArea	2034	"{\\"type\\":\\"Point\\",\\"coordinates\\":[28.5347465,49.2465395]}"
910	Point	CommunalArea	2035	"{\\"type\\":\\"Point\\",\\"coordinates\\":[28.5064071,49.227132]}"
911	Point	CommunalArea	2036	"{\\"type\\":\\"Point\\",\\"coordinates\\":[28.4633526,49.231073]}"
912	Point	CommunalArea	2037	"{\\"type\\":\\"Point\\",\\"coordinates\\":[28.4244245,49.2302795]}"
913	Point	CommunalArea	2038	"{\\"type\\":\\"Point\\",\\"coordinates\\":[28.492636,49.2451165]}"
914	Point	CommunalArea	2039	"{\\"type\\":\\"Point\\",\\"coordinates\\":[28.4750514,49.2355936]}"
915	Point	CommunalArea	2040	"{\\"type\\":\\"Point\\",\\"coordinates\\":[28.4669241,49.237133]}"
916	Point	CommunalArea	2041	"{\\"type\\":\\"Point\\",\\"coordinates\\":[28.473777,49.236145]}"
917	Point	CommunalArea	2042	"{\\"type\\":\\"Point\\",\\"coordinates\\":[28.491993,49.2042924]}"
918	Point	CommunalArea	2043	"{\\"type\\":\\"Point\\",\\"coordinates\\":[28.5188459,49.235244]}"
919	Point	CommunalArea	2044	"{\\"type\\":\\"Point\\",\\"coordinates\\":[28.5202939,49.2349905]}"
920	Point	CommunalArea	2045	"{\\"type\\":\\"Point\\",\\"coordinates\\":[28.4984511,49.2434265]}"
921	Point	CommunalArea	2046	"{\\"type\\":\\"Point\\",\\"coordinates\\":[28.4938002,49.23356]}"
922	Point	CommunalArea	2047	"{\\"type\\":\\"Point\\",\\"coordinates\\":[28.4892128,49.2694632]}"
923	Point	CommunalArea	2048	"{\\"type\\":\\"Point\\",\\"coordinates\\":[28.5105444,49.270612]}"
924	Point	CommunalArea	2049	"{\\"type\\":\\"Point\\",\\"coordinates\\":[28.511596,49.2708449]}"
925	Point	CommunalArea	2050	"{\\"type\\":\\"Point\\",\\"coordinates\\":[28.5081257,49.2303929]}"
926	Point	CommunalArea	2051	"{\\"type\\":\\"Point\\",\\"coordinates\\":[28.4318116,49.2135485]}"
927	Point	CommunalArea	2052	"{\\"type\\":\\"Point\\",\\"coordinates\\":[28.5104795,49.2367435]}"
928	Point	CommunalArea	2053	"{\\"type\\":\\"Point\\",\\"coordinates\\":[28.5363204,49.226566]}"
929	Point	CommunalArea	2054	"{\\"type\\":\\"Point\\",\\"coordinates\\":[28.4010225,49.230226]}"
930	Point	CommunalArea	2055	"{\\"type\\":\\"Point\\",\\"coordinates\\":[28.4024565,49.2312275]}"
931	Point	CommunalArea	2056	"{\\"type\\":\\"Point\\",\\"coordinates\\":[28.5347495,49.2471901]}"
932	Point	CommunalArea	2057	"{\\"type\\":\\"Point\\",\\"coordinates\\":[28.477344,49.2599195]}"
933	Point	CommunalArea	2058	"{\\"type\\":\\"Point\\",\\"coordinates\\":[28.5091204,49.2707855]}"
934	Point	CommunalArea	2059	"{\\"type\\":\\"Point\\",\\"coordinates\\":[28.4341372,49.2215199]}"
935	Point	CommunalArea	2060	"{\\"type\\":\\"Point\\",\\"coordinates\\":[28.5152407,49.2367119]}"
936	Point	CommunalArea	2061	"{\\"type\\":\\"Point\\",\\"coordinates\\":[28.4615636,49.2383685]}"
937	Point	CommunalArea	2062	"{\\"type\\":\\"Point\\",\\"coordinates\\":[28.4747148,49.2688101]}"
938	Point	CommunalArea	2063	"{\\"type\\":\\"Point\\",\\"coordinates\\":[28.4750125,49.2674535]}"
939	Point	CommunalArea	2064	"{\\"type\\":\\"Point\\",\\"coordinates\\":[28.4343075,49.2214039]}"
940	Point	CommunalArea	2065	"{\\"type\\":\\"Point\\",\\"coordinates\\":[28.5148471,49.2366765]}"
941	Point	CommunalArea	2066	"{\\"type\\":\\"Point\\",\\"coordinates\\":[28.474561,49.267751]}"
942	Point	CommunalArea	2067	"{\\"type\\":\\"Point\\",\\"coordinates\\":[28.4922396,49.226547]}"
943	Point	CommunalArea	2068	"{\\"type\\":\\"Point\\",\\"coordinates\\":[28.4906795,49.219236]}"
944	Point	CommunalArea	2069	"{\\"type\\":\\"Point\\",\\"coordinates\\":[28.4957835,49.235273]}"
945	Point	CommunalArea	2070	"{\\"type\\":\\"Point\\",\\"coordinates\\":[28.5254488,49.2144109]}"
946	Point	CommunalArea	2071	"{\\"type\\":\\"Point\\",\\"coordinates\\":[28.4762024,49.2609135]}"
947	Point	CommunalArea	2072	"{\\"type\\":\\"Point\\",\\"coordinates\\":[28.5156228,49.2606795]}"
948	Point	CommunalArea	2073	"{\\"type\\":\\"Point\\",\\"coordinates\\":[28.4057251,49.2293065]}"
949	Point	CommunalArea	2074	"{\\"type\\":\\"Point\\",\\"coordinates\\":[28.4180629,49.2251432]}"
950	Point	CommunalArea	2075	"{\\"type\\":\\"Point\\",\\"coordinates\\":[28.492118,49.2340215]}"
951	Point	CommunalArea	2076	"{\\"type\\":\\"Point\\",\\"coordinates\\":[28.4880195,49.2393835]}"
952	Point	CommunalArea	2077	"{\\"type\\":\\"Point\\",\\"coordinates\\":[28.5192645,49.2326805]}"
953	Point	CommunalArea	2078	"{\\"type\\":\\"Point\\",\\"coordinates\\":[28.4112975,49.2359925]}"
954	Point	CommunalArea	2079	"{\\"type\\":\\"Point\\",\\"coordinates\\":[28.439298,49.2383903]}"
955	Point	CommunalArea	2080	"{\\"type\\":\\"Point\\",\\"coordinates\\":[28.461086,49.2353055]}"
956	Point	CommunalArea	2081	"{\\"type\\":\\"Point\\",\\"coordinates\\":[28.4560034,49.2321465]}"
957	Point	CommunalArea	2082	"{\\"type\\":\\"Point\\",\\"coordinates\\":[28.4927808,49.2441925]}"
958	Point	CommunalArea	2083	"{\\"type\\":\\"Point\\",\\"coordinates\\":[28.4870869,49.2366813]}"
959	Point	CommunalArea	2084	"{\\"type\\":\\"Point\\",\\"coordinates\\":[28.534433,49.2480255]}"
960	Point	CommunalArea	2085	"{\\"type\\":\\"Point\\",\\"coordinates\\":[28.5356029,49.246755]}"
961	Point	CommunalArea	2086	"{\\"type\\":\\"Point\\",\\"coordinates\\":[28.490123,49.249164]}"
962	Point	CommunalArea	2087	"{\\"type\\":\\"Point\\",\\"coordinates\\":[28.4327321,49.231678]}"
963	Point	CommunalArea	2088	"{\\"type\\":\\"Point\\",\\"coordinates\\":[28.4286696,49.2325775]}"
964	Point	CommunalArea	2089	"{\\"type\\":\\"Point\\",\\"coordinates\\":[28.418508,49.2233425]}"
965	Point	CommunalArea	2090	"{\\"type\\":\\"Point\\",\\"coordinates\\":[28.4197819,49.221471]}"
966	Point	CommunalArea	2091	"{\\"type\\":\\"Point\\",\\"coordinates\\":[28.413692,49.2275446]}"
967	Point	CommunalArea	2092	"{\\"type\\":\\"Point\\",\\"coordinates\\":[28.4139875,49.2283895]}"
968	Point	CommunalArea	2093	"{\\"type\\":\\"Point\\",\\"coordinates\\":[28.4862415,49.246526]}"
969	Point	CommunalArea	2094	"{\\"type\\":\\"Point\\",\\"coordinates\\":[28.4840695,49.2522425]}"
970	Point	CommunalArea	2095	"{\\"type\\":\\"Point\\",\\"coordinates\\":[28.4820789,49.242853]}"
971	Point	CommunalArea	2096	"{\\"type\\":\\"Point\\",\\"coordinates\\":[28.4550114,49.22541]}"
972	Point	CommunalArea	2097	"{\\"type\\":\\"Point\\",\\"coordinates\\":[28.4018156,49.230539]}"
973	Point	CommunalArea	2098	"{\\"type\\":\\"Point\\",\\"coordinates\\":[28.4098936,49.22216]}"
974	Point	CommunalArea	2099	"{\\"type\\":\\"Point\\",\\"coordinates\\":[28.3992551,49.223903]}"
975	Point	CommunalArea	2100	"{\\"type\\":\\"Point\\",\\"coordinates\\":[28.398975,49.225576]}"
976	Point	CommunalArea	2101	"{\\"type\\":\\"Point\\",\\"coordinates\\":[28.47292,49.249639]}"
977	Point	CommunalArea	2102	"{\\"type\\":\\"Point\\",\\"coordinates\\":[28.4207045,49.2206644]}"
978	Point	CommunalArea	2103	"{\\"type\\":\\"Point\\",\\"coordinates\\":[28.422788,49.2290035]}"
979	Point	CommunalArea	2104	"{\\"type\\":\\"Point\\",\\"coordinates\\":[28.4228605,49.2338825]}"
980	Point	CommunalArea	2105	"{\\"type\\":\\"Point\\",\\"coordinates\\":[28.492118,49.2340215]}"
981	Point	CommunalArea	2106	"{\\"type\\":\\"Point\\",\\"coordinates\\":[28.4945923,49.2356681]}"
982	Point	CommunalArea	2107	"{\\"type\\":\\"Point\\",\\"coordinates\\":[28.497193,49.237289]}"
983	Point	CommunalArea	2108	"{\\"type\\":\\"Point\\",\\"coordinates\\":[28.4797575,49.2436785]}"
984	Point	CommunalArea	2109	"{\\"type\\":\\"Point\\",\\"coordinates\\":[28.4868445,49.236648]}"
985	Point	CommunalArea	2110	"{\\"type\\":\\"Point\\",\\"coordinates\\":[28.477816,49.2409645]}"
986	Point	CommunalArea	2111	"{\\"type\\":\\"Point\\",\\"coordinates\\":[28.4710746,49.243608]}"
987	Point	CommunalArea	2112	"{\\"type\\":\\"Point\\",\\"coordinates\\":[28.4644939,49.2372935]}"
988	Point	CommunalArea	2113	"{\\"type\\":\\"Point\\",\\"coordinates\\":[28.4449136,49.2325075]}"
989	Point	CommunalArea	2114	"{\\"type\\":\\"Point\\",\\"coordinates\\":[28.4650454,49.237085]}"
990	Point	CommunalArea	2115	"{\\"type\\":\\"Point\\",\\"coordinates\\":[28.4674985,49.2297984]}"
991	Point	CommunalArea	2116	"{\\"type\\":\\"Point\\",\\"coordinates\\":[28.4416804,49.2210364]}"
992	Point	CommunalArea	2117	"{\\"type\\":\\"Point\\",\\"coordinates\\":[28.519489,49.2339685]}"
993	Point	CommunalArea	2118	"{\\"type\\":\\"Point\\",\\"coordinates\\":[28.434387,49.2171953]}"
994	Point	CommunalArea	2119	"{\\"type\\":\\"Point\\",\\"coordinates\\":[28.490123,49.249164]}"
995	Point	CommunalArea	2120	"{\\"type\\":\\"Point\\",\\"coordinates\\":[28.5367465,49.2479095]}"
996	Point	CommunalArea	2121	"{\\"type\\":\\"Point\\",\\"coordinates\\":[28.439114,49.2285475]}"
997	Point	CommunalArea	2122	"{\\"type\\":\\"Point\\",\\"coordinates\\":[28.4183765,49.233453]}"
998	Point	CommunalArea	2123	"{\\"type\\":\\"Point\\",\\"coordinates\\":[28.4462151,49.2249833]}"
999	Point	CommunalArea	2124	"{\\"type\\":\\"Point\\",\\"coordinates\\":[28.444384,49.2229684]}"
1000	Point	CommunalArea	2125	"{\\"type\\":\\"Point\\",\\"coordinates\\":[28.5239561,49.234985]}"
1001	Point	CommunalArea	2126	"{\\"type\\":\\"Point\\",\\"coordinates\\":[28.526092,49.2335275]}"
1002	Point	CommunalArea	2127	"{\\"type\\":\\"Point\\",\\"coordinates\\":[28.5271946,49.2345865]}"
1003	Point	CommunalArea	2128	"{\\"type\\":\\"Point\\",\\"coordinates\\":[28.5271946,49.2345865]}"
1004	Point	CommunalArea	2129	"{\\"type\\":\\"Point\\",\\"coordinates\\":[28.4417369,49.2221805]}"
1005	Point	CommunalArea	2130	"{\\"type\\":\\"Point\\",\\"coordinates\\":[28.4370844,49.220058]}"
1006	Point	CommunalArea	2131	"{\\"type\\":\\"Point\\",\\"coordinates\\":[28.4737921,49.2568065]}"
1007	Point	CommunalArea	2132	"{\\"type\\":\\"Point\\",\\"coordinates\\":[28.4869014,49.246303]}"
1008	Point	CommunalArea	2133	"{\\"type\\":\\"Point\\",\\"coordinates\\":[28.452244,49.221172]}"
1009	Point	CommunalArea	2134	"{\\"type\\":\\"Point\\",\\"coordinates\\":[28.3984496,49.232248]}"
1010	Point	CommunalArea	2135	"{\\"type\\":\\"Point\\",\\"coordinates\\":[28.494985,49.247234]}"
1011	Point	CommunalArea	2136	"{\\"type\\":\\"Point\\",\\"coordinates\\":[28.4141259,49.2307632]}"
1012	Point	CommunalArea	2137	"{\\"type\\":\\"Point\\",\\"coordinates\\":[28.40589,49.2205195]}"
1013	Point	CommunalArea	2138	"{\\"type\\":\\"Point\\",\\"coordinates\\":[28.4098936,49.22216]}"
1014	Point	CommunalArea	2139	"{\\"type\\":\\"Point\\",\\"coordinates\\":[28.4217381,49.221662]}"
1015	Point	CommunalArea	2140	"{\\"type\\":\\"Point\\",\\"coordinates\\":[28.4246105,49.224094]}"
1016	Point	CommunalArea	2141	"{\\"type\\":\\"Point\\",\\"coordinates\\":[28.4253985,49.2225355]}"
1017	Point	CommunalArea	2142	"{\\"type\\":\\"Point\\",\\"coordinates\\":[28.4228605,49.2338825]}"
1018	Point	CommunalArea	2143	"{\\"type\\":\\"Point\\",\\"coordinates\\":[28.4207685,49.232204]}"
1019	Point	CommunalArea	2144	"{\\"type\\":\\"Point\\",\\"coordinates\\":[28.4251261,49.2333843]}"
1020	Point	CommunalArea	2145	"{\\"type\\":\\"Point\\",\\"coordinates\\":[28.5049081,49.239181]}"
1021	Point	CommunalArea	2146	"{\\"type\\":\\"Point\\",\\"coordinates\\":[28.502786,49.2389655]}"
1022	Point	CommunalArea	2147	"{\\"type\\":\\"Point\\",\\"coordinates\\":[28.4733175,49.2442869]}"
1023	Point	CommunalArea	2148	"{\\"type\\":\\"Point\\",\\"coordinates\\":[28.477623,49.232202]}"
1024	Point	CommunalArea	2149	"{\\"type\\":\\"Point\\",\\"coordinates\\":[28.46934,49.2301975]}"
1025	Point	CommunalArea	2150	"{\\"type\\":\\"Point\\",\\"coordinates\\":[28.474065,49.231876]}"
1026	Point	CommunalArea	2151	"{\\"type\\":\\"Point\\",\\"coordinates\\":[28.475245,49.231376]}"
1027	Point	CommunalArea	2152	"{\\"type\\":\\"Point\\",\\"coordinates\\":[28.4612305,49.224193]}"
1028	Point	CommunalArea	2153	"{\\"type\\":\\"Point\\",\\"coordinates\\":[28.462707,49.2296365]}"
1029	Point	CommunalArea	2154	"{\\"type\\":\\"Point\\",\\"coordinates\\":[28.4766514,49.2317832]}"
1030	Point	CommunalArea	2155	"{\\"type\\":\\"Point\\",\\"coordinates\\":[28.471252,49.2360795]}"
1031	Point	CommunalArea	2156	"{\\"type\\":\\"Point\\",\\"coordinates\\":[28.4658024,49.2371575]}"
1032	Point	CommunalArea	2157	"{\\"type\\":\\"Point\\",\\"coordinates\\":[28.4536121,49.2294425]}"
1033	Point	CommunalArea	2158	"{\\"type\\":\\"Point\\",\\"coordinates\\":[28.4588592,49.2339304]}"
1034	Point	CommunalArea	2159	"{\\"type\\":\\"Point\\",\\"coordinates\\":[28.454033,49.2315725]}"
1035	Point	CommunalArea	2160	"{\\"type\\":\\"Point\\",\\"coordinates\\":[28.494477,49.2401515]}"
1036	Point	CommunalArea	2161	"{\\"type\\":\\"Point\\",\\"coordinates\\":[28.4006657,49.228086]}"
1037	Point	CommunalArea	2162	"{\\"type\\":\\"Point\\",\\"coordinates\\":[28.4594505,49.2387935]}"
1038	Point	CommunalArea	2163	"{\\"type\\":\\"Point\\",\\"coordinates\\":[28.5011457,49.2329032]}"
1039	Point	CommunalArea	2164	"{\\"type\\":\\"Point\\",\\"coordinates\\":[28.5021153,49.2488728]}"
1040	Point	CommunalArea	2165	"{\\"type\\":\\"Point\\",\\"coordinates\\":[28.459043,49.2343785]}"
1041	Point	CommunalArea	2166	"{\\"type\\":\\"Point\\",\\"coordinates\\":[28.4060934,49.2369458]}"
1042	Point	CommunalArea	2167	"{\\"type\\":\\"Point\\",\\"coordinates\\":[28.5012697,49.2484676]}"
1043	Point	CommunalArea	2168	"{\\"type\\":\\"Point\\",\\"coordinates\\":[28.4702379,49.2099185]}"
1044	Point	CommunalArea	2169	"{\\"type\\":\\"Point\\",\\"coordinates\\":[28.451239,49.2194933]}"
1045	Point	CommunalArea	2170	"{\\"type\\":\\"Point\\",\\"coordinates\\":[28.404508,49.2288355]}"
1046	Point	CommunalArea	2171	"{\\"type\\":\\"Point\\",\\"coordinates\\":[28.4228479,49.232816]}"
1047	Point	CommunalArea	2172	"{\\"type\\":\\"Point\\",\\"coordinates\\":[28.4419593,49.2189233]}"
1048	Point	CommunalArea	2173	"{\\"type\\":\\"Point\\",\\"coordinates\\":[28.4024206,49.225674]}"
1049	Point	CommunalArea	2174	"{\\"type\\":\\"Point\\",\\"coordinates\\":[28.4767501,49.232351]}"
1050	Point	CommunalArea	2175	"{\\"type\\":\\"Point\\",\\"coordinates\\":[28.4070535,49.2245555]}"
1051	Point	CommunalArea	2176	"{\\"type\\":\\"Point\\",\\"coordinates\\":[28.4891796,49.2272305]}"
1052	Point	CommunalArea	2177	"{\\"type\\":\\"Point\\",\\"coordinates\\":[28.4233461,49.225841]}"
1053	Point	CommunalArea	2178	"{\\"type\\":\\"Point\\",\\"coordinates\\":[28.5167256,49.2329535]}"
1054	Point	CommunalArea	2179	"{\\"type\\":\\"Point\\",\\"coordinates\\":[28.4597506,49.2311983]}"
1055	Point	CommunalArea	2180	"{\\"type\\":\\"Point\\",\\"coordinates\\":[28.4506712,49.2223865]}"
1056	Point	CommunalArea	2181	"{\\"type\\":\\"Point\\",\\"coordinates\\":[28.460855,49.2319695]}"
1057	Point	CommunalArea	2182	"{\\"type\\":\\"Point\\",\\"coordinates\\":[28.4603905,49.2322385]}"
1058	Point	CommunalArea	2183	"{\\"type\\":\\"Point\\",\\"coordinates\\":[28.5057024,49.2389473]}"
1059	Point	CommunalArea	2184	"{\\"type\\":\\"Point\\",\\"coordinates\\":[28.46993,49.2369435]}"
1060	Point	CommunalArea	2185	"{\\"type\\":\\"Point\\",\\"coordinates\\":[28.4650454,49.237085]}"
1061	Point	CommunalArea	2186	"{\\"type\\":\\"Point\\",\\"coordinates\\":[28.5156154,49.239432]}"
1062	Point	CommunalArea	2187	"{\\"type\\":\\"Point\\",\\"coordinates\\":[28.434387,49.2171953]}"
1063	Point	CommunalArea	2188	"{\\"type\\":\\"Point\\",\\"coordinates\\":[28.432507,49.2147091]}"
1064	Point	CommunalArea	2189	"{\\"type\\":\\"Point\\",\\"coordinates\\":[28.4430551,49.223371]}"
1065	Point	CommunalArea	2190	"{\\"type\\":\\"Point\\",\\"coordinates\\":[28.449187,49.226932]}"
1066	Point	CommunalArea	2191	"{\\"type\\":\\"Point\\",\\"coordinates\\":[28.443484,49.2237565]}"
1067	Point	CommunalArea	2192	"{\\"type\\":\\"Point\\",\\"coordinates\\":[28.4545959,49.2296059]}"
1068	Point	CommunalArea	2193	"{\\"type\\":\\"Point\\",\\"coordinates\\":[28.4187139,49.2138066]}"
1069	Point	CommunalArea	2194	"{\\"type\\":\\"Point\\",\\"coordinates\\":[28.4555734,49.231702]}"
1070	Point	CommunalArea	2195	"{\\"type\\":\\"Point\\",\\"coordinates\\":[28.4535805,49.230354]}"
1071	Point	CommunalArea	2196	"{\\"type\\":\\"Point\\",\\"coordinates\\":[28.4318116,49.2135485]}"
1072	Point	CommunalArea	2197	"{\\"type\\":\\"Point\\",\\"coordinates\\":[28.4014715,49.213941]}"
1073	Point	CommunalArea	2198	"{\\"type\\":\\"Point\\",\\"coordinates\\":[28.4028316,49.2147825]}"
1074	Point	CommunalArea	2199	"{\\"type\\":\\"Point\\",\\"coordinates\\":[28.4164634,49.2297273]}"
1075	Point	CommunalArea	2200	"{\\"type\\":\\"Point\\",\\"coordinates\\":[28.4016318,49.2315433]}"
1076	Point	CommunalArea	2201	"{\\"type\\":\\"Point\\",\\"coordinates\\":[28.42362,49.2294825]}"
1077	Point	CommunalArea	2202	"{\\"type\\":\\"Point\\",\\"coordinates\\":[28.4482007,49.236431]}"
1078	Point	CommunalArea	2203	"{\\"type\\":\\"Point\\",\\"coordinates\\":[28.4661851,49.231277]}"
1079	Point	CommunalArea	2204	"{\\"type\\":\\"Point\\",\\"coordinates\\":[28.4685676,49.2298749]}"
1080	Point	CommunalArea	2205	"{\\"type\\":\\"Point\\",\\"coordinates\\":[28.467662,49.2323335]}"
1081	Point	CommunalArea	2206	"{\\"type\\":\\"Point\\",\\"coordinates\\":[28.4987542,49.2319548]}"
1082	Point	CommunalArea	2207	"{\\"type\\":\\"Point\\",\\"coordinates\\":[28.491384,49.240537]}"
1083	Point	CommunalArea	2208	"{\\"type\\":\\"Point\\",\\"coordinates\\":[28.490253,49.234514]}"
1084	Point	CommunalArea	2209	"{\\"type\\":\\"Point\\",\\"coordinates\\":[28.492118,49.2340215]}"
1085	Point	CommunalArea	2210	"{\\"type\\":\\"Point\\",\\"coordinates\\":[28.4906795,49.219236]}"
1086	Point	CommunalArea	2211	"{\\"type\\":\\"Point\\",\\"coordinates\\":[28.433844,49.2309565]}"
1087	Point	CommunalArea	2212	"{\\"type\\":\\"Point\\",\\"coordinates\\":[28.432129,49.232067]}"
1088	Point	CommunalArea	2213	"{\\"type\\":\\"Point\\",\\"coordinates\\":[28.4343075,49.2214039]}"
1089	Point	CommunalArea	2214	"{\\"type\\":\\"Point\\",\\"coordinates\\":[28.4342906,49.224311]}"
1090	Point	CommunalArea	2215	"{\\"type\\":\\"Point\\",\\"coordinates\\":[28.4724011,49.222751]}"
1091	Point	CommunalArea	2216	"{\\"type\\":\\"Point\\",\\"coordinates\\":[28.5169374,49.2580402]}"
1092	Point	CommunalArea	2217	"{\\"type\\":\\"Point\\",\\"coordinates\\":[28.5102665,49.2694725]}"
1093	Point	CommunalArea	2218	"{\\"type\\":\\"Point\\",\\"coordinates\\":[28.4124623,49.2367521]}"
1094	Point	CommunalArea	2219	"{\\"type\\":\\"Point\\",\\"coordinates\\":[28.4695135,49.2126135]}"
1095	Point	CommunalArea	2220	"{\\"type\\":\\"Point\\",\\"coordinates\\":[28.47051,49.2129435]}"
1096	Point	CommunalArea	2221	"{\\"type\\":\\"Point\\",\\"coordinates\\":[28.4695135,49.2126135]}"
1097	Point	CommunalArea	2222	"{\\"type\\":\\"Point\\",\\"coordinates\\":[28.5169886,49.2391043]}"
1098	Point	CommunalArea	2223	"{\\"type\\":\\"Point\\",\\"coordinates\\":[28.513388,49.238096]}"
1099	Point	CommunalArea	2224	"{\\"type\\":\\"Point\\",\\"coordinates\\":[28.4882654,49.2452479]}"
1100	Point	CommunalArea	2225	"{\\"type\\":\\"Point\\",\\"coordinates\\":[28.488501,49.2455507]}"
1101	Point	CommunalArea	2226	"{\\"type\\":\\"Point\\",\\"coordinates\\":[28.4950955,49.246328]}"
1102	Point	CommunalArea	2227	"{\\"type\\":\\"Point\\",\\"coordinates\\":[28.5093228,49.2473368]}"
1103	Point	CommunalArea	2228	"{\\"type\\":\\"Point\\",\\"coordinates\\":[28.4743068,49.2687528]}"
1104	Point	CommunalArea	2229	"{\\"type\\":\\"Point\\",\\"coordinates\\":[28.5105444,49.270612]}"
1105	Point	CommunalArea	2230	"{\\"type\\":\\"Point\\",\\"coordinates\\":[28.4591814,49.2280263]}"
1106	Point	CommunalArea	2231	"{\\"type\\":\\"Point\\",\\"coordinates\\":[28.4605283,49.2283189]}"
1107	Point	CommunalArea	2232	"{\\"type\\":\\"Point\\",\\"coordinates\\":[28.4619735,49.2308495]}"
1108	Point	CommunalArea	2233	"{\\"type\\":\\"Point\\",\\"coordinates\\":[28.4980026,49.2387345]}"
1109	Point	CommunalArea	2234	"{\\"type\\":\\"Point\\",\\"coordinates\\":[28.4973046,49.243394]}"
1110	Point	CommunalArea	2235	"{\\"type\\":\\"Point\\",\\"coordinates\\":[28.4626566,49.231706]}"
1111	Point	CommunalArea	2236	"{\\"type\\":\\"Point\\",\\"coordinates\\":[28.4625325,49.231916]}"
1112	Point	CommunalArea	2237	"{\\"type\\":\\"Point\\",\\"coordinates\\":[28.462365,49.2325475]}"
1113	Point	CommunalArea	2238	"{\\"type\\":\\"Point\\",\\"coordinates\\":[28.511596,49.2708449]}"
1114	Point	CommunalArea	2239	"{\\"type\\":\\"Point\\",\\"coordinates\\":[28.430383,49.2338255]}"
1115	Point	CommunalArea	2240	"{\\"type\\":\\"Point\\",\\"coordinates\\":[28.4439981,49.234611]}"
1116	Point	CommunalArea	2241	"{\\"type\\":\\"Point\\",\\"coordinates\\":[28.447824,49.2339565]}"
1117	Point	CommunalArea	2242	"{\\"type\\":\\"Point\\",\\"coordinates\\":[28.4177966,49.2339089]}"
1118	Point	CommunalArea	2243	"{\\"type\\":\\"Point\\",\\"coordinates\\":[28.4124623,49.2367521]}"
1119	Point	CommunalArea	2244	"{\\"type\\":\\"Point\\",\\"coordinates\\":[28.460931,49.2349275]}"
1120	Point	CommunalArea	2245	"{\\"type\\":\\"Point\\",\\"coordinates\\":[28.4418476,49.2329868]}"
1121	Point	CommunalArea	2246	"{\\"type\\":\\"Point\\",\\"coordinates\\":[28.4442145,49.232881]}"
1122	Point	CommunalArea	2247	"{\\"type\\":\\"Point\\",\\"coordinates\\":[28.440967,49.232675]}"
1123	Point	CommunalArea	2248	"{\\"type\\":\\"Point\\",\\"coordinates\\":[28.4919725,49.21796]}"
1124	Point	CommunalArea	2249	"{\\"type\\":\\"Point\\",\\"coordinates\\":[28.491403,49.216982]}"
1125	Point	CommunalArea	2250	"{\\"type\\":\\"Point\\",\\"coordinates\\":[28.4739365,49.249607]}"
1126	Point	CommunalArea	2251	"{\\"type\\":\\"Point\\",\\"coordinates\\":[28.4097618,49.2356136]}"
1127	Point	CommunalArea	2252	"{\\"type\\":\\"Point\\",\\"coordinates\\":[28.404592,49.2304495]}"
1128	Point	CommunalArea	2253	"{\\"type\\":\\"Point\\",\\"coordinates\\":[28.4051761,49.230022]}"
1129	Point	CommunalArea	2254	"{\\"type\\":\\"Point\\",\\"coordinates\\":[28.4055169,49.228137]}"
1130	Point	CommunalArea	2255	"{\\"type\\":\\"Point\\",\\"coordinates\\":[28.4048769,49.225662]}"
1131	Point	CommunalArea	2256	"{\\"type\\":\\"Point\\",\\"coordinates\\":[28.4736035,49.2325169]}"
1132	Point	CommunalArea	2257	"{\\"type\\":\\"Point\\",\\"coordinates\\":[28.4868445,49.236648]}"
1133	Point	CommunalArea	2258	"{\\"type\\":\\"Point\\",\\"coordinates\\":[28.4993425,49.239538]}"
1134	Point	CommunalArea	2259	"{\\"type\\":\\"Point\\",\\"coordinates\\":[28.4896905,49.2382715]}"
1135	Point	CommunalArea	2260	"{\\"type\\":\\"Point\\",\\"coordinates\\":[28.4208865,49.221553]}"
1136	Point	CommunalArea	2261	"{\\"type\\":\\"Point\\",\\"coordinates\\":[28.4193656,49.2258401]}"
1137	Point	CommunalArea	2262	"{\\"type\\":\\"Point\\",\\"coordinates\\":[28.4208424,49.2198595]}"
1138	Point	CommunalArea	2263	"{\\"type\\":\\"Point\\",\\"coordinates\\":[28.4197819,49.221471]}"
1139	Point	CommunalArea	2264	"{\\"type\\":\\"Point\\",\\"coordinates\\":[28.4211279,49.2274015]}"
1140	Point	CommunalArea	2265	"{\\"type\\":\\"Point\\",\\"coordinates\\":[28.4763781,49.2496099]}"
1141	Point	CommunalArea	2266	"{\\"type\\":\\"Point\\",\\"coordinates\\":[28.4736106,49.2587315]}"
1142	Point	CommunalArea	2267	"{\\"type\\":\\"Point\\",\\"coordinates\\":[28.4710498,49.228776]}"
1143	Point	CommunalArea	2268	"{\\"type\\":\\"Point\\",\\"coordinates\\":[28.4705595,49.2361137]}"
1144	Point	CommunalArea	2269	"{\\"type\\":\\"Point\\",\\"coordinates\\":[28.4719369,49.2372735]}"
1145	Point	CommunalArea	2270	"{\\"type\\":\\"Point\\",\\"coordinates\\":[28.3986485,49.229972]}"
1146	Point	CommunalArea	2271	"{\\"type\\":\\"Point\\",\\"coordinates\\":[28.434966,49.224958]}"
1147	Point	CommunalArea	2272	"{\\"type\\":\\"Point\\",\\"coordinates\\":[28.4221425,49.224691]}"
1148	Point	CommunalArea	2273	"{\\"type\\":\\"Point\\",\\"coordinates\\":[28.4159595,49.224147]}"
1149	Point	CommunalArea	2274	"{\\"type\\":\\"Point\\",\\"coordinates\\":[28.4186479,49.2253967]}"
1150	Point	CommunalArea	2275	"{\\"type\\":\\"Point\\",\\"coordinates\\":[28.409228,49.2256385]}"
1151	Point	CommunalArea	2276	"{\\"type\\":\\"Point\\",\\"coordinates\\":[28.407701,49.2258085]}"
1152	Point	CommunalArea	2277	"{\\"type\\":\\"Point\\",\\"coordinates\\":[28.401458,49.2260275]}"
1153	Point	CommunalArea	2278	"{\\"type\\":\\"Point\\",\\"coordinates\\":[28.3969411,49.2296555]}"
1154	Point	CommunalArea	2279	"{\\"type\\":\\"Point\\",\\"coordinates\\":[28.41538,49.223865]}"
1155	Point	CommunalArea	2280	"{\\"type\\":\\"Point\\",\\"coordinates\\":[28.454575,49.2236475]}"
1156	Point	CommunalArea	2281	"{\\"type\\":\\"Point\\",\\"coordinates\\":[28.4549895,49.222177]}"
1157	Point	CommunalArea	2282	"{\\"type\\":\\"Point\\",\\"coordinates\\":[28.508326,49.2449545]}"
1158	Point	CommunalArea	2283	"{\\"type\\":\\"Point\\",\\"coordinates\\":[28.472923,49.2572704]}"
1159	Point	CommunalArea	2284	"{\\"type\\":\\"Point\\",\\"coordinates\\":[28.4763781,49.2496099]}"
1160	Point	CommunalArea	2285	"{\\"type\\":\\"Point\\",\\"coordinates\\":[28.4961465,49.2472665]}"
1161	Point	CommunalArea	2286	"{\\"type\\":\\"Point\\",\\"coordinates\\":[28.4954438,49.2400206]}"
1162	Point	CommunalArea	2287	"{\\"type\\":\\"Point\\",\\"coordinates\\":[28.4956405,49.238126]}"
1163	Point	CommunalArea	2288	"{\\"type\\":\\"Point\\",\\"coordinates\\":[28.4570291,49.2237694]}"
1164	Point	CommunalArea	2289	"{\\"type\\":\\"Point\\",\\"coordinates\\":[28.4587035,49.2257205]}"
1165	Point	CommunalArea	2290	"{\\"type\\":\\"Point\\",\\"coordinates\\":[28.4523194,49.225528]}"
1166	Point	CommunalArea	2291	"{\\"type\\":\\"Point\\",\\"coordinates\\":[28.4526591,49.2263578]}"
1167	Point	CommunalArea	2292	"{\\"type\\":\\"Point\\",\\"coordinates\\":[28.4656362,49.2387647]}"
1168	Point	CommunalArea	2293	"{\\"type\\":\\"Point\\",\\"coordinates\\":[28.4120115,49.228134]}"
1169	Point	CommunalArea	2294	"{\\"type\\":\\"Point\\",\\"coordinates\\":[28.4116953,49.2243968]}"
1170	Point	CommunalArea	2295	"{\\"type\\":\\"Point\\",\\"coordinates\\":[28.4128445,49.2275132]}"
1171	Point	CommunalArea	2296	"{\\"type\\":\\"Point\\",\\"coordinates\\":[28.4098936,49.22216]}"
1172	Point	CommunalArea	2297	"{\\"type\\":\\"Point\\",\\"coordinates\\":[28.4120346,49.2219195]}"
1173	Point	CommunalArea	2298	"{\\"type\\":\\"Point\\",\\"coordinates\\":[28.493119,49.2096075]}"
1174	Point	CommunalArea	2299	"{\\"type\\":\\"Point\\",\\"coordinates\\":[28.4733036,49.2360815]}"
1175	Point	CommunalArea	2300	"{\\"type\\":\\"Point\\",\\"coordinates\\":[28.490123,49.249164]}"
1176	Point	CommunalArea	2301	"{\\"type\\":\\"Point\\",\\"coordinates\\":[28.4917024,49.249742]}"
1177	Point	CommunalArea	2302	"{\\"type\\":\\"Point\\",\\"coordinates\\":[28.5012475,49.248514]}"
1178	Point	CommunalArea	2303	"{\\"type\\":\\"Point\\",\\"coordinates\\":[28.435159,49.20894]}"
1179	Point	CommunalArea	2304	"{\\"type\\":\\"Point\\",\\"coordinates\\":[28.5138295,49.226318]}"
1180	Point	CommunalArea	2305	"{\\"type\\":\\"Point\\",\\"coordinates\\":[28.4724165,49.237483]}"
1181	Point	CommunalArea	2306	"{\\"type\\":\\"Point\\",\\"coordinates\\":[28.47257,49.2376339]}"
1182	Point	CommunalArea	2307	"{\\"type\\":\\"Point\\",\\"coordinates\\":[28.4685295,49.23204]}"
1183	Point	CommunalArea	2308	"{\\"type\\":\\"Point\\",\\"coordinates\\":[28.4739955,49.2329745]}"
1184	Point	CommunalArea	2309	"{\\"type\\":\\"Point\\",\\"coordinates\\":[28.4670885,49.233491]}"
1185	Point	CommunalArea	2310	"{\\"type\\":\\"Point\\",\\"coordinates\\":[28.4530864,49.2203805]}"
1186	Point	CommunalArea	2311	"{\\"type\\":\\"Point\\",\\"coordinates\\":[28.4676795,49.214492]}"
1187	Point	CommunalArea	2312	"{\\"type\\":\\"Point\\",\\"coordinates\\":[28.435159,49.20894]}"
1188	Point	CommunalArea	2313	"{\\"type\\":\\"Point\\",\\"coordinates\\":[28.4718973,49.2328817]}"
1189	Point	CommunalArea	2314	"{\\"type\\":\\"Point\\",\\"coordinates\\":[28.4754095,49.25567]}"
1190	Point	CommunalArea	2315	"{\\"type\\":\\"Point\\",\\"coordinates\\":[28.461059,49.233955]}"
1191	Point	CommunalArea	2316	"{\\"type\\":\\"Point\\",\\"coordinates\\":[28.3986967,49.2342061]}"
1192	Point	CommunalArea	2317	"{\\"type\\":\\"Point\\",\\"coordinates\\":[28.4038071,49.223232]}"
1193	Point	CommunalArea	2318	"{\\"type\\":\\"Point\\",\\"coordinates\\":[28.4247347,49.2194069]}"
1194	Point	CommunalArea	2319	"{\\"type\\":\\"Point\\",\\"coordinates\\":[28.494521,49.243324]}"
1195	Point	CommunalArea	2320	"{\\"type\\":\\"Point\\",\\"coordinates\\":[28.4836445,49.2415506]}"
1196	Point	CommunalArea	2321	"{\\"type\\":\\"Point\\",\\"coordinates\\":[28.393248,49.2312905]}"
1197	Point	CommunalArea	2322	"{\\"type\\":\\"Point\\",\\"coordinates\\":[28.395346,49.231059]}"
1198	Point	CommunalArea	2323	"{\\"type\\":\\"Point\\",\\"coordinates\\":[28.415586,49.231086]}"
1199	Point	CommunalArea	2324	"{\\"type\\":\\"Point\\",\\"coordinates\\":[28.406315,49.222202]}"
1200	Point	CommunalArea	2325	"{\\"type\\":\\"Point\\",\\"coordinates\\":[28.4965834,49.24529]}"
1201	Point	CommunalArea	2326	"{\\"type\\":\\"Point\\",\\"coordinates\\":[28.5374375,49.2468545]}"
1202	Point	CommunalArea	2327	"{\\"type\\":\\"Point\\",\\"coordinates\\":[28.5359049,49.246324]}"
1203	Point	CommunalArea	2328	"{\\"type\\":\\"Point\\",\\"coordinates\\":[28.538155,49.2478571]}"
1204	Point	CommunalArea	2329	"{\\"type\\":\\"Point\\",\\"coordinates\\":[28.5378585,49.2473975]}"
1205	Point	CommunalArea	2330	"{\\"type\\":\\"Point\\",\\"coordinates\\":[28.4876915,49.2444895]}"
1206	Point	CommunalArea	2331	"{\\"type\\":\\"Point\\",\\"coordinates\\":[28.4925876,49.2397285]}"
1207	Point	CommunalArea	2332	"{\\"type\\":\\"Point\\",\\"coordinates\\":[28.503057,49.23768]}"
1208	Point	CommunalArea	2333	"{\\"type\\":\\"Point\\",\\"coordinates\\":[28.4231789,49.223136]}"
1209	Point	CommunalArea	2334	"{\\"type\\":\\"Point\\",\\"coordinates\\":[28.4172624,49.2220015]}"
1210	Point	CommunalArea	2335	"{\\"type\\":\\"Point\\",\\"coordinates\\":[28.3999282,49.2286106]}"
1211	Point	CommunalArea	2336	"{\\"type\\":\\"Point\\",\\"coordinates\\":[28.3944385,49.230846]}"
1212	Point	CommunalArea	2337	"{\\"type\\":\\"Point\\",\\"coordinates\\":[28.432507,49.2147091]}"
1213	Point	CommunalArea	2338	"{\\"type\\":\\"Point\\",\\"coordinates\\":[28.4082715,49.223802]}"
1214	Point	CommunalArea	2339	"{\\"type\\":\\"Point\\",\\"coordinates\\":[28.4163015,49.223245]}"
1215	Point	CommunalArea	2340	"{\\"type\\":\\"Point\\",\\"coordinates\\":[28.4160076,49.226072]}"
1216	Point	CommunalArea	2341	"{\\"type\\":\\"Point\\",\\"coordinates\\":[28.4564919,49.1948635]}"
1217	Point	CommunalArea	2342	"{\\"type\\":\\"Point\\",\\"coordinates\\":[28.41944,49.2293554]}"
1218	Point	CommunalArea	2343	"{\\"type\\":\\"Point\\",\\"coordinates\\":[28.4899271,49.246244]}"
1219	Point	CommunalArea	2344	"{\\"type\\":\\"Point\\",\\"coordinates\\":[28.4773232,49.2433223]}"
1220	Point	CommunalArea	2345	"{\\"type\\":\\"Point\\",\\"coordinates\\":[28.417744,49.231376]}"
1221	Point	CommunalArea	2346	"{\\"type\\":\\"Point\\",\\"coordinates\\":[28.4232009,49.223791]}"
1222	Point	CommunalArea	2347	"{\\"type\\":\\"Point\\",\\"coordinates\\":[28.4178205,49.232673]}"
1223	Point	CommunalArea	2348	"{\\"type\\":\\"Point\\",\\"coordinates\\":[28.530898,49.233977]}"
1224	Point	CommunalArea	2349	"{\\"type\\":\\"Point\\",\\"coordinates\\":[28.467654,49.2133535]}"
1225	Point	CommunalArea	2350	"{\\"type\\":\\"Point\\",\\"coordinates\\":[28.5016789,49.242069]}"
1226	Point	CommunalArea	2351	"{\\"type\\":\\"Point\\",\\"coordinates\\":[28.4730016,49.2618812]}"
1227	Point	CommunalArea	2352	"{\\"type\\":\\"Point\\",\\"coordinates\\":[28.4525505,49.2228215]}"
1228	Point	CommunalArea	2353	"{\\"type\\":\\"Point\\",\\"coordinates\\":[28.501342,49.2471305]}"
1229	Point	CommunalArea	2354	"{\\"type\\":\\"Point\\",\\"coordinates\\":[28.4730798,49.2650448]}"
1230	Point	CommunalArea	2355	"{\\"type\\":\\"Point\\",\\"coordinates\\":[28.460457,49.221765]}"
1231	Point	CommunalArea	2356	"{\\"type\\":\\"Point\\",\\"coordinates\\":[28.461247,49.227785]}"
1232	Point	CommunalArea	2357	"{\\"type\\":\\"Point\\",\\"coordinates\\":[28.5232698,49.2118729]}"
1233	Point	CommunalArea	2358	"{\\"type\\":\\"Point\\",\\"coordinates\\":[28.5159144,49.2404131]}"
1234	Point	CommunalArea	2359	"{\\"type\\":\\"Point\\",\\"coordinates\\":[28.539016,49.246776]}"
1235	Point	CommunalArea	2360	"{\\"type\\":\\"Point\\",\\"coordinates\\":[28.4683815,49.2376455]}"
1236	Point	CommunalArea	2361	"{\\"type\\":\\"Point\\",\\"coordinates\\":[28.532973,49.247491]}"
1237	Point	CommunalArea	2362	"{\\"type\\":\\"Point\\",\\"coordinates\\":[28.3968961,49.2315575]}"
1238	Point	CommunalArea	2363	"{\\"type\\":\\"Point\\",\\"coordinates\\":[28.4016316,49.2149425]}"
1239	Point	CommunalArea	2364	"{\\"type\\":\\"Point\\",\\"coordinates\\":[28.421315,49.229053]}"
1240	Point	CommunalArea	2365	"{\\"type\\":\\"Point\\",\\"coordinates\\":[28.4747435,49.232673]}"
1241	Point	CommunalArea	2366	"{\\"type\\":\\"Point\\",\\"coordinates\\":[28.40624,49.2235805]}"
1242	Point	CommunalArea	2367	"{\\"type\\":\\"Point\\",\\"coordinates\\":[28.4890149,49.2358906]}"
1243	Point	CommunalArea	2368	"{\\"type\\":\\"Point\\",\\"coordinates\\":[28.3925685,49.2158255]}"
1244	Point	CommunalArea	2369	"{\\"type\\":\\"Point\\",\\"coordinates\\":[28.3998682,49.2314244]}"
1245	Point	CommunalArea	2370	"{\\"type\\":\\"Point\\",\\"coordinates\\":[28.3997081,49.2306329]}"
1246	Point	CommunalArea	2371	"{\\"type\\":\\"Point\\",\\"coordinates\\":[28.5002201,49.2400691]}"
1247	Point	CommunalArea	2372	"{\\"type\\":\\"Point\\",\\"coordinates\\":[28.4743149,49.2449963]}"
1248	Point	CommunalArea	2373	"{\\"type\\":\\"Point\\",\\"coordinates\\":[28.4382739,49.2334415]}"
1249	Point	CommunalArea	2374	"{\\"type\\":\\"Point\\",\\"coordinates\\":[28.4905515,49.2404586]}"
1250	Point	CommunalArea	2375	"{\\"type\\":\\"Point\\",\\"coordinates\\":[28.4741215,49.2463415]}"
1251	Point	CommunalArea	2376	"{\\"type\\":\\"Point\\",\\"coordinates\\":[28.4598135,49.234571]}"
1252	Point	CommunalArea	2377	"{\\"type\\":\\"Point\\",\\"coordinates\\":[28.539016,49.246776]}"
1253	Point	CommunalArea	2378	"{\\"type\\":\\"Point\\",\\"coordinates\\":[28.441399,49.229448]}"
1254	Point	CommunalArea	2379	"{\\"type\\":\\"Point\\",\\"coordinates\\":[28.504124,49.2408025]}"
1255	Point	CommunalArea	2380	"{\\"type\\":\\"Point\\",\\"coordinates\\":[28.4977119,49.2512185]}"
1256	Point	CommunalArea	2381	"{\\"type\\":\\"Point\\",\\"coordinates\\":[28.440621,49.2347688]}"
1257	Point	CommunalArea	2382	"{\\"type\\":\\"Point\\",\\"coordinates\\":[28.466502,49.2338215]}"
1258	Point	CommunalArea	2383	"{\\"type\\":\\"Point\\",\\"coordinates\\":[28.4729829,49.2329811]}"
1259	Point	CommunalArea	2384	"{\\"type\\":\\"Point\\",\\"coordinates\\":[28.4729255,49.2316525]}"
1260	Point	CommunalArea	2385	"{\\"type\\":\\"Point\\",\\"coordinates\\":[28.5225153,49.2427249]}"
1261	Point	CommunalArea	2386	"{\\"type\\":\\"Point\\",\\"coordinates\\":[28.5167895,49.224279]}"
1262	Point	CommunalArea	2387	"{\\"type\\":\\"Point\\",\\"coordinates\\":[28.472558,49.209675]}"
1263	Point	CommunalArea	2388	"{\\"type\\":\\"Point\\",\\"coordinates\\":[28.4762656,49.250419]}"
1264	Point	CommunalArea	2389	"{\\"type\\":\\"Point\\",\\"coordinates\\":[28.4927166,49.2457404]}"
1265	Point	CommunalArea	2390	"{\\"type\\":\\"Point\\",\\"coordinates\\":[28.5188975,49.223993]}"
1266	Point	CommunalArea	2391	"{\\"type\\":\\"Point\\",\\"coordinates\\":[28.4579464,49.2326895]}"
1267	Point	CommunalArea	2392	"{\\"type\\":\\"Point\\",\\"coordinates\\":[28.4728216,49.2441]}"
1268	Point	CommunalArea	2393	"{\\"type\\":\\"Point\\",\\"coordinates\\":[28.4739572,49.244549]}"
1269	Point	CommunalArea	2394	"{\\"type\\":\\"Point\\",\\"coordinates\\":[28.4672319,49.235143]}"
1270	Point	CommunalArea	2395	"{\\"type\\":\\"Point\\",\\"coordinates\\":[28.4761845,49.2363542]}"
1271	Point	CommunalArea	2396	"{\\"type\\":\\"Point\\",\\"coordinates\\":[28.494783,49.234081]}"
1272	Point	CommunalArea	2397	"{\\"type\\":\\"Point\\",\\"coordinates\\":[28.492583,49.2423775]}"
1273	Point	CommunalArea	2398	"{\\"type\\":\\"Point\\",\\"coordinates\\":[28.492581,49.242374]}"
1274	Point	CommunalArea	2399	"{\\"type\\":\\"Point\\",\\"coordinates\\":[28.492581,49.242374]}"
1275	Point	CommunalArea	2400	"{\\"type\\":\\"Point\\",\\"coordinates\\":[28.4924674,49.240547]}"
1276	Point	CommunalArea	2401	"{\\"type\\":\\"Point\\",\\"coordinates\\":[28.4930162,49.2364331]}"
1277	Point	CommunalArea	2402	"{\\"type\\":\\"Point\\",\\"coordinates\\":[28.4938002,49.23356]}"
1278	Point	CommunalArea	2403	"{\\"type\\":\\"Point\\",\\"coordinates\\":[28.4260031,49.2196939]}"
1279	Point	CommunalArea	2404	"{\\"type\\":\\"Point\\",\\"coordinates\\":[28.4836124,49.227174]}"
1280	Point	CommunalArea	2405	"{\\"type\\":\\"Point\\",\\"coordinates\\":[28.4260951,49.2309301]}"
1281	Point	CommunalArea	2406	"{\\"type\\":\\"Point\\",\\"coordinates\\":[28.4661615,49.2339834]}"
1282	Point	CommunalArea	2407	"{\\"type\\":\\"Point\\",\\"coordinates\\":[28.465094,49.2328255]}"
1283	Point	CommunalArea	2408	"{\\"type\\":\\"Point\\",\\"coordinates\\":[28.463296,49.23163]}"
1284	Point	CommunalArea	2409	"{\\"type\\":\\"Point\\",\\"coordinates\\":[28.5322071,49.250387]}"
1285	Point	CommunalArea	2410	"{\\"type\\":\\"Point\\",\\"coordinates\\":[28.5336765,49.247026]}"
1286	Point	CommunalArea	2411	"{\\"type\\":\\"Point\\",\\"coordinates\\":[28.5347495,49.2471901]}"
1287	Point	CommunalArea	2412	"{\\"type\\":\\"Point\\",\\"coordinates\\":[28.4909974,49.2395435]}"
1288	Point	CommunalArea	2413	"{\\"type\\":\\"Point\\",\\"coordinates\\":[28.487944,49.237495]}"
1289	Point	CommunalArea	2414	"{\\"type\\":\\"Point\\",\\"coordinates\\":[28.4906795,49.219236]}"
1290	Point	CommunalArea	2415	"{\\"type\\":\\"Point\\",\\"coordinates\\":[28.4366391,49.216615]}"
1291	Point	CommunalArea	2416	"{\\"type\\":\\"Point\\",\\"coordinates\\":[28.5187305,49.2638163]}"
1292	Point	CommunalArea	2417	"{\\"type\\":\\"Point\\",\\"coordinates\\":[28.456677,49.1946045]}"
1293	Point	CommunalArea	2418	"{\\"type\\":\\"Point\\",\\"coordinates\\":[28.4211279,49.2274015]}"
1294	Point	CommunalArea	2419	"{\\"type\\":\\"Point\\",\\"coordinates\\":[28.4734974,49.2623875]}"
1295	Point	CommunalArea	2420	"{\\"type\\":\\"Point\\",\\"coordinates\\":[28.4549442,49.2194555]}"
1296	Point	CommunalArea	2421	"{\\"type\\":\\"Point\\",\\"coordinates\\":[28.476115,49.259626]}"
1297	Point	CommunalArea	2422	"{\\"type\\":\\"Point\\",\\"coordinates\\":[28.4644675,49.250362]}"
1298	Point	CommunalArea	2423	"{\\"type\\":\\"Point\\",\\"coordinates\\":[28.490894,49.2486585]}"
1299	Point	CommunalArea	2424	"{\\"type\\":\\"Point\\",\\"coordinates\\":[28.517073,49.2139105]}"
1300	Point	CommunalArea	2425	"{\\"type\\":\\"Point\\",\\"coordinates\\":[28.5336765,49.247026]}"
1301	Point	CommunalArea	2426	"{\\"type\\":\\"Point\\",\\"coordinates\\":[28.527203,49.233349]}"
1302	Point	CommunalArea	2427	"{\\"type\\":\\"Point\\",\\"coordinates\\":[28.4902273,49.2204174]}"
1303	Point	CommunalArea	2428	"{\\"type\\":\\"Point\\",\\"coordinates\\":[28.420858,49.222372]}"
1304	Point	CommunalArea	2429	"{\\"type\\":\\"Point\\",\\"coordinates\\":[28.417062,49.2238895]}"
1305	Point	CommunalArea	2430	"{\\"type\\":\\"Point\\",\\"coordinates\\":[28.4718615,49.214908]}"
1306	Point	CommunalArea	2431	"{\\"type\\":\\"Point\\",\\"coordinates\\":[28.4892134,49.2364955]}"
1307	Point	CommunalArea	2432	"{\\"type\\":\\"Point\\",\\"coordinates\\":[28.447824,49.2339565]}"
1308	Point	CommunalArea	2433	"{\\"type\\":\\"Point\\",\\"coordinates\\":[28.4680466,49.225342]}"
1309	Point	CommunalArea	2434	"{\\"type\\":\\"Point\\",\\"coordinates\\":[28.4862255,49.2370965]}"
1310	Point	CommunalArea	2435	"{\\"type\\":\\"Point\\",\\"coordinates\\":[28.5253771,49.214796]}"
1311	Point	CommunalArea	2436	"{\\"type\\":\\"Point\\",\\"coordinates\\":[28.4862415,49.246526]}"
1312	Point	CommunalArea	2437	"{\\"type\\":\\"Point\\",\\"coordinates\\":[28.46703,49.2368275]}"
1313	Point	CommunalArea	2438	"{\\"type\\":\\"Point\\",\\"coordinates\\":[28.5562661,49.223867]}"
1314	Point	CommunalArea	2439	"{\\"type\\":\\"Point\\",\\"coordinates\\":[28.4482116,49.2197047]}"
1315	Point	CommunalArea	2440	"{\\"type\\":\\"Point\\",\\"coordinates\\":[28.4987542,49.2319548]}"
1316	Point	CommunalArea	2441	"{\\"type\\":\\"Point\\",\\"coordinates\\":[28.513123,49.2721]}"
1317	Point	CommunalArea	2442	"{\\"type\\":\\"Point\\",\\"coordinates\\":[28.4614101,49.2514259]}"
1318	Point	CommunalArea	2443	"{\\"type\\":\\"Point\\",\\"coordinates\\":[28.43976,49.2305865]}"
1319	Point	CommunalArea	2444	"{\\"type\\":\\"Point\\",\\"coordinates\\":[28.4641195,49.2136447]}"
1320	Point	CommunalArea	2445	"{\\"type\\":\\"Point\\",\\"coordinates\\":[28.445223,49.224126]}"
1321	Point	CommunalArea	2446	"{\\"type\\":\\"Point\\",\\"coordinates\\":[28.4623971,49.2051248]}"
1322	Point	CommunalArea	2447	"{\\"type\\":\\"Point\\",\\"coordinates\\":[28.53124,49.2508085]}"
1323	Point	CommunalArea	2448	"{\\"type\\":\\"Point\\",\\"coordinates\\":[28.5236405,49.209699]}"
1324	Point	CommunalArea	2449	"{\\"type\\":\\"Point\\",\\"coordinates\\":[28.5245759,49.2286335]}"
1325	Point	CommunalArea	2450	"{\\"type\\":\\"Point\\",\\"coordinates\\":[28.4846026,49.2177675]}"
1326	Point	CommunalArea	2451	"{\\"type\\":\\"Point\\",\\"coordinates\\":[28.393248,49.2312905]}"
1327	Point	CommunalArea	2452	"{\\"type\\":\\"Point\\",\\"coordinates\\":[28.4749107,49.2505936]}"
1328	Point	CommunalArea	2453	"{\\"type\\":\\"Point\\",\\"coordinates\\":[28.4425123,49.2174372]}"
1329	Point	CommunalArea	2454	"{\\"type\\":\\"Point\\",\\"coordinates\\":[28.4895135,49.223665]}"
1330	Point	CommunalArea	2455	"{\\"type\\":\\"Point\\",\\"coordinates\\":[28.4329651,49.2324754]}"
1331	Point	CommunalArea	2456	"{\\"type\\":\\"Point\\",\\"coordinates\\":[28.454033,49.2315725]}"
1332	Point	CommunalArea	2457	"{\\"type\\":\\"Point\\",\\"coordinates\\":[28.524956,49.214601]}"
1333	Point	CommunalArea	2458	"{\\"type\\":\\"Point\\",\\"coordinates\\":[28.5436647,49.2508157]}"
1334	Point	CommunalArea	2459	"{\\"type\\":\\"Point\\",\\"coordinates\\":[28.5017495,49.2105115]}"
1335	Point	CommunalArea	2460	"{\\"type\\":\\"Point\\",\\"coordinates\\":[28.4935459,49.217775]}"
1336	Point	CommunalArea	2461	"{\\"type\\":\\"Point\\",\\"coordinates\\":[28.397901,49.23229]}"
1337	Point	CommunalArea	2462	"{\\"type\\":\\"Point\\",\\"coordinates\\":[28.4729944,49.2209715]}"
1338	Point	CommunalArea	2463	"{\\"type\\":\\"Point\\",\\"coordinates\\":[28.5341909,49.2303785]}"
1339	Point	CommunalArea	2464	"{\\"type\\":\\"Point\\",\\"coordinates\\":[28.5378585,49.2473975]}"
1340	Point	CommunalArea	2465	"{\\"type\\":\\"Point\\",\\"coordinates\\":[28.5213471,49.2624715]}"
1341	Point	CommunalArea	2466	"{\\"type\\":\\"Point\\",\\"coordinates\\":[28.5188975,49.223993]}"
1342	Point	CommunalArea	2467	"{\\"type\\":\\"Point\\",\\"coordinates\\":[28.4075931,49.225187]}"
1343	Point	CommunalArea	2468	"{\\"type\\":\\"Point\\",\\"coordinates\\":[28.4867748,49.2114527]}"
1344	Point	CommunalArea	2469	"{\\"type\\":\\"Point\\",\\"coordinates\\":[28.415208,49.22479]}"
1345	Point	CommunalArea	2470	"{\\"type\\":\\"Point\\",\\"coordinates\\":[28.4153141,49.227018]}"
1346	Point	CommunalArea	2471	"{\\"type\\":\\"Point\\",\\"coordinates\\":[28.4396457,49.2388202]}"
1347	Point	CommunalArea	2472	"{\\"type\\":\\"Point\\",\\"coordinates\\":[28.4266872,49.2368603]}"
1348	Point	CommunalArea	2473	"{\\"type\\":\\"Point\\",\\"coordinates\\":[28.4766825,49.241838]}"
1349	Point	CommunalArea	2474	"{\\"type\\":\\"Point\\",\\"coordinates\\":[28.5305569,49.226972]}"
1350	Point	CommunalArea	2475	"{\\"type\\":\\"Point\\",\\"coordinates\\":[28.4792176,49.2694358]}"
1351	Point	CommunalArea	2476	"{\\"type\\":\\"Point\\",\\"coordinates\\":[28.4805979,49.2457175]}"
1352	Point	CommunalArea	2477	"{\\"type\\":\\"Point\\",\\"coordinates\\":[28.49474,49.233331]}"
1353	Point	CommunalArea	2478	"{\\"type\\":\\"Point\\",\\"coordinates\\":[28.4125838,49.2367321]}"
1354	Point	CommunalArea	2479	"{\\"type\\":\\"Point\\",\\"coordinates\\":[28.49933,49.2270256]}"
1355	Point	CommunalArea	2480	"{\\"type\\":\\"Point\\",\\"coordinates\\":[28.4113524,49.2338331]}"
1356	Point	CommunalArea	2481	"{\\"type\\":\\"Point\\",\\"coordinates\\":[28.425325,49.223083]}"
1357	Point	CommunalArea	2482	"{\\"type\\":\\"Point\\",\\"coordinates\\":[28.4762046,49.2483855]}"
1358	Point	CommunalArea	2483	"{\\"type\\":\\"Point\\",\\"coordinates\\":[28.4994971,49.247816]}"
1359	Point	CommunalArea	2484	"{\\"type\\":\\"Point\\",\\"coordinates\\":[28.4249051,49.2270235]}"
1360	Point	CommunalArea	2485	"{\\"type\\":\\"Point\\",\\"coordinates\\":[28.4734974,49.2623875]}"
1361	Point	CommunalArea	2486	"{\\"type\\":\\"Point\\",\\"coordinates\\":[28.4187521,49.232141]}"
1362	Point	CommunalArea	2488	"{\\"type\\":\\"Point\\",\\"coordinates\\":[28.4657506,49.239282]}"
1363	Point	CommunalArea	2489	"{\\"type\\":\\"Point\\",\\"coordinates\\":[28.404695,49.2309835]}"
1364	Point	CommunalArea	2490	"{\\"type\\":\\"Point\\",\\"coordinates\\":[28.4181371,49.2261678]}"
1365	Point	CommunalArea	2491	"{\\"type\\":\\"Point\\",\\"coordinates\\":[28.498202,49.231912]}"
1366	Point	CommunalArea	2492	"{\\"type\\":\\"Point\\",\\"coordinates\\":[28.4762656,49.250419]}"
1367	Point	CommunalArea	2493	"{\\"type\\":\\"Point\\",\\"coordinates\\":[28.5208095,49.2344395]}"
1368	Point	CommunalArea	2494	"{\\"type\\":\\"Point\\",\\"coordinates\\":[28.466684,49.201692]}"
1369	Point	CommunalArea	2495	"{\\"type\\":\\"Point\\",\\"coordinates\\":[28.4250435,49.23072]}"
1370	Point	CommunalArea	2496	"{\\"type\\":\\"Point\\",\\"coordinates\\":[28.5012697,49.2484676]}"
1371	Point	CommunalArea	2497	"{\\"type\\":\\"Point\\",\\"coordinates\\":[28.459724,49.2232035]}"
1372	Point	CommunalArea	2498	"{\\"type\\":\\"Point\\",\\"coordinates\\":[28.4672319,49.235143]}"
1373	Point	CommunalArea	2499	"{\\"type\\":\\"Point\\",\\"coordinates\\":[28.4862255,49.2370965]}"
1374	Point	CommunalArea	2500	"{\\"type\\":\\"Point\\",\\"coordinates\\":[28.504228,49.2398505]}"
1375	Point	CommunalArea	2501	"{\\"type\\":\\"Point\\",\\"coordinates\\":[28.4927808,49.2441925]}"
1376	Point	CommunalArea	2502	"{\\"type\\":\\"Point\\",\\"coordinates\\":[28.529566,49.2358715]}"
1377	Point	CommunalArea	2503	"{\\"type\\":\\"Point\\",\\"coordinates\\":[28.5005485,49.2268995]}"
1378	Point	CommunalArea	2504	"{\\"type\\":\\"Point\\",\\"coordinates\\":[28.4159551,49.230054]}"
1379	Point	CommunalArea	2505	"{\\"type\\":\\"Point\\",\\"coordinates\\":[28.490253,49.234514]}"
1380	Point	CommunalArea	2506	"{\\"type\\":\\"Point\\",\\"coordinates\\":[28.474711,49.2653975]}"
1381	Point	CommunalArea	2541	"{\\"type\\":\\"Point\\",\\"coordinates\\":[28.4755519,49.2341475]}"
1382	Point	CommunalArea	2579	"{\\"type\\":\\"Point\\",\\"coordinates\\":[28.404592,49.2304495]}"
1383	Point	CommunalArea	2580	"{\\"type\\":\\"Point\\",\\"coordinates\\":[28.404592,49.2304495]}"
1384	Point	CommunalArea	2581	"{\\"type\\":\\"Point\\",\\"coordinates\\":[28.404592,49.2304495]}"
1385	Point	CommunalArea	2700	"{\\"type\\":\\"Point\\",\\"coordinates\\":[28.4531095,49.2387615]}"
1386	Point	CommunalArea	2712	"{\\"type\\":\\"Point\\",\\"coordinates\\":[28.474387,49.232664]}"
1387	Point	CommunalArea	2713	"{\\"type\\":\\"Point\\",\\"coordinates\\":[28.466598,49.2342755]}"
1388	Point	CommunalArea	2714	"{\\"type\\":\\"Point\\",\\"coordinates\\":[28.4211279,49.2274015]}"
1389	Point	CommunalArea	2715	"{\\"type\\":\\"Point\\",\\"coordinates\\":[28.4703755,49.234088]}"
1390	Point	CommunalArea	2716	"{\\"type\\":\\"Point\\",\\"coordinates\\":[28.5007785,49.244075]}"
1391	Point	CommunalArea	2717	"{\\"type\\":\\"Point\\",\\"coordinates\\":[28.5197279,49.237373]}"
1392	Point	CommunalArea	2718	"{\\"type\\":\\"Point\\",\\"coordinates\\":[28.4499872,49.2211009]}"
1393	Point	CommunalArea	2719	"{\\"type\\":\\"Point\\",\\"coordinates\\":[28.4499872,49.2211009]}"
1394	Point	CommunalArea	2720	"{\\"type\\":\\"Point\\",\\"coordinates\\":[28.447699,49.196191]}"
1395	Point	CommunalArea	2723	"{\\"type\\":\\"Point\\",\\"coordinates\\":[28.4331902,49.2333184]}"
1396	Point	CommunalArea	2727	"{\\"type\\":\\"Point\\",\\"coordinates\\":[28.5002201,49.2400691]}"
1397	Point	CommunalArea	2728	"{\\"type\\":\\"Point\\",\\"coordinates\\":[28.4522317,49.221202]}"
1398	Point	CommunalArea	2729	"{\\"type\\":\\"Point\\",\\"coordinates\\":[28.4695738,49.2028445]}"
1399	Point	CommunalArea	2730	"{\\"type\\":\\"Point\\",\\"coordinates\\":[28.4695738,49.2028445]}"
1400	Point	CommunalArea	2731	"{\\"type\\":\\"Point\\",\\"coordinates\\":[28.4695738,49.2028445]}"
1401	Point	CommunalArea	2732	"{\\"type\\":\\"Point\\",\\"coordinates\\":[28.4695738,49.2028445]}"
1402	Point	CommunalArea	2733	"{\\"type\\":\\"Point\\",\\"coordinates\\":[28.4695738,49.2028445]}"
1403	Point	CommunalArea	2734	"{\\"type\\":\\"Point\\",\\"coordinates\\":[28.4695738,49.2028445]}"
1404	Point	CommunalArea	2735	"{\\"type\\":\\"Point\\",\\"coordinates\\":[28.5167256,49.2329535]}"
1405	Point	CommunalArea	2736	"{\\"type\\":\\"Point\\",\\"coordinates\\":[28.5167256,49.2329535]}"
1406	Point	CommunalArea	2737	"{\\"type\\":\\"Point\\",\\"coordinates\\":[28.5167256,49.2329535]}"
1407	Point	CommunalArea	2738	"{\\"type\\":\\"Point\\",\\"coordinates\\":[28.5167256,49.2329535]}"
1408	Point	CommunalArea	2739	"{\\"type\\":\\"Point\\",\\"coordinates\\":[28.5167256,49.2329535]}"
1409	Point	CommunalArea	2740	"{\\"type\\":\\"Point\\",\\"coordinates\\":[28.4695738,49.2028445]}"
1410	Point	CommunalArea	2741	"{\\"type\\":\\"Point\\",\\"coordinates\\":[28.4695738,49.2028445]}"
1411	Point	CommunalArea	2742	"{\\"type\\":\\"Point\\",\\"coordinates\\":[28.4695738,49.2028445]}"
1412	Point	CommunalArea	2743	"{\\"type\\":\\"Point\\",\\"coordinates\\":[28.4695738,49.2028445]}"
1413	Point	CommunalArea	2744	"{\\"type\\":\\"Point\\",\\"coordinates\\":[28.4695738,49.2028445]}"
1414	Point	CommunalArea	2745	"{\\"type\\":\\"Point\\",\\"coordinates\\":[28.4695738,49.2028445]}"
1415	Point	CommunalArea	2746	"{\\"type\\":\\"Point\\",\\"coordinates\\":[28.4695738,49.2028445]}"
1416	Point	CommunalArea	2747	"{\\"type\\":\\"Point\\",\\"coordinates\\":[28.4695738,49.2028445]}"
1417	Point	CommunalArea	2748	"{\\"type\\":\\"Point\\",\\"coordinates\\":[28.4695738,49.2028445]}"
1418	Point	CommunalArea	2749	"{\\"type\\":\\"Point\\",\\"coordinates\\":[28.4695738,49.2028445]}"
1419	Point	CommunalArea	2750	"{\\"type\\":\\"Point\\",\\"coordinates\\":[28.4695738,49.2028445]}"
1420	Point	CommunalArea	2751	"{\\"type\\":\\"Point\\",\\"coordinates\\":[28.4695738,49.2028445]}"
1421	Point	CommunalArea	2752	"{\\"type\\":\\"Point\\",\\"coordinates\\":[28.4695738,49.2028445]}"
1422	Point	CommunalArea	2753	"{\\"type\\":\\"Point\\",\\"coordinates\\":[28.4695738,49.2028445]}"
1423	Point	CommunalArea	2754	"{\\"type\\":\\"Point\\",\\"coordinates\\":[28.4695738,49.2028445]}"
1424	Point	CommunalArea	2755	"{\\"type\\":\\"Point\\",\\"coordinates\\":[28.4949538,49.2474842]}"
1425	Point	CommunalArea	2756	"{\\"type\\":\\"Point\\",\\"coordinates\\":[28.4905515,49.2404586]}"
1426	Point	CommunalArea	2757	"{\\"type\\":\\"Point\\",\\"coordinates\\":[28.4905515,49.2404586]}"
1427	Point	CommunalArea	2759	"{\\"type\\":\\"Point\\",\\"coordinates\\":[28.5016358,49.2430105]}"
1428	Point	CommunalArea	2760	"{\\"type\\":\\"Point\\",\\"coordinates\\":[28.3951941,49.2694692]}"
1429	Point	CommunalArea	2761	"{\\"type\\":\\"Point\\",\\"coordinates\\":[28.485682,49.2508995]}"
1430	Point	CommunalArea	2762	"{\\"type\\":\\"Point\\",\\"coordinates\\":[28.485536,49.250764]}"
1431	Point	CommunalArea	2763	"{\\"type\\":\\"Point\\",\\"coordinates\\":[28.4943646,49.245582]}"
1432	Point	CommunalArea	2764	"{\\"type\\":\\"Point\\",\\"coordinates\\":[28.3994729,49.226774]}"
1433	Point	CommunalArea	2765	"{\\"type\\":\\"Point\\",\\"coordinates\\":[28.4730016,49.2618812]}"
1434	Point	CommunalArea	2766	"{\\"type\\":\\"Point\\",\\"coordinates\\":[28.4252264,49.232541]}"
1435	Point	CommunalArea	2767	"{\\"type\\":\\"Point\\",\\"coordinates\\":[28.4715149,49.2319925]}"
1436	Point	CommunalArea	2768	"{\\"type\\":\\"Point\\",\\"coordinates\\":[28.4951452,49.2394589]}"
1437	Point	CommunalArea	2769	"{\\"type\\":\\"Point\\",\\"coordinates\\":[28.4447666,49.2300065]}"
1438	Point	CommunalArea	2770	"{\\"type\\":\\"Point\\",\\"coordinates\\":[28.4549895,49.222177]}"
1439	Point	CommunalArea	2771	"{\\"type\\":\\"Point\\",\\"coordinates\\":[28.4965564,49.2430171]}"
1440	Point	CommunalArea	2772	"{\\"type\\":\\"Point\\",\\"coordinates\\":[28.4153705,49.220409]}"
1441	Point	CommunalArea	2773	"{\\"type\\":\\"Point\\",\\"coordinates\\":[28.4829614,49.2415026]}"
1442	Point	CommunalArea	2774	"{\\"type\\":\\"Point\\",\\"coordinates\\":[28.4865656,49.2456484]}"
1443	Point	CommunalArea	2775	"{\\"type\\":\\"Point\\",\\"coordinates\\":[28.4012986,49.2241371]}"
1444	Point	CommunalArea	2776	"{\\"type\\":\\"Point\\",\\"coordinates\\":[28.5016886,49.2285725]}"
1445	Point	CommunalArea	2777	"{\\"type\\":\\"Point\\",\\"coordinates\\":[28.473169,49.2201875]}"
1446	Point	CommunalArea	2778	"{\\"type\\":\\"Point\\",\\"coordinates\\":[28.4053274,49.224374]}"
1447	Point	CommunalArea	2779	"{\\"type\\":\\"Point\\",\\"coordinates\\":[28.4636055,49.249595]}"
1448	Point	CommunalArea	2780	"{\\"type\\":\\"Point\\",\\"coordinates\\":[28.4863411,49.2121195]}"
1449	Point	CommunalArea	2781	"{\\"type\\":\\"Point\\",\\"coordinates\\":[28.4879388,49.2356985]}"
1450	Point	CommunalArea	2782	"{\\"type\\":\\"Point\\",\\"coordinates\\":[28.4887899,49.241802]}"
1451	Point	CommunalArea	2783	"{\\"type\\":\\"Point\\",\\"coordinates\\":[28.4650657,49.2295288]}"
1452	Point	CommunalArea	2784	"{\\"type\\":\\"Point\\",\\"coordinates\\":[28.500926,49.248519]}"
1453	Point	CommunalArea	2785	"{\\"type\\":\\"Point\\",\\"coordinates\\":[28.4701994,49.2375215]}"
1454	Point	CommunalArea	2786	"{\\"type\\":\\"Point\\",\\"coordinates\\":[28.5255635,49.214643]}"
1455	Point	CommunalArea	2787	"{\\"type\\":\\"Point\\",\\"coordinates\\":[28.524956,49.214601]}"
1456	Point	CommunalArea	2788	"{\\"type\\":\\"Point\\",\\"coordinates\\":[28.4913055,49.2483333]}"
1457	Point	CommunalArea	2789	"{\\"type\\":\\"Point\\",\\"coordinates\\":[28.4610764,49.2353005]}"
1458	Point	CommunalArea	2806	"{\\"type\\":\\"Point\\",\\"coordinates\\":[28.5000868,49.2417821]}"
1459	Point	CommunalArea	2807	"{\\"type\\":\\"Point\\",\\"coordinates\\":[28.5000868,49.2417821]}"
1460	Point	CommunalArea	2829	"{\\"type\\":\\"Point\\",\\"coordinates\\":[28.4887899,49.241802]}"
1461	Point	CommunalArea	2830	"{\\"type\\":\\"Point\\",\\"coordinates\\":[28.4887899,49.241802]}"
1462	Point	CommunalArea	2831	"{\\"type\\":\\"Point\\",\\"coordinates\\":[28.4887899,49.241802]}"
1463	Point	CommunalArea	2832	"{\\"type\\":\\"Point\\",\\"coordinates\\":[28.5000868,49.2417821]}"
1471	Point	CommunalArea	2840	"{\\"type\\":\\"Point\\",\\"coordinates\\":[28.49040842239299,49.23710722462619]}"
1472	LineString	Transport	7	"{\\"type\\":\\"LineString\\",\\"coordinates\\":[[28.401750145386245,49.22748127990015],[28.411953661504526,49.22585595563357],[28.41583750015809,49.22519731423],[28.425986979070444,49.22518330048772],[28.447839590555873,49.22653187810801]],\\"style\\":{\\"strokeColor\\":\\"#4B0082\\"}}"
1473	LineString	Transport	8	"{\\"type\\":\\"LineString\\",\\"coordinates\\":[[28.408706856356957,49.2089737759753],[28.409693909274438,49.209141995779184],[28.41362066327224,49.21013216178217],[28.421673879943,49.21280286867457],[28.422065482459175,49.212932528114344],[28.42245708497535,49.21302363994962],[28.423025713286506,49.212985092655195],[28.423544618119877,49.21288308789004],[28.425900591006894,49.212296848297605],[28.426961274755968,49.21207969121178],[28.427288504255785,49.21206567374961],[28.427594276083482,49.21207969121178],[28.42792687000133,49.21211648703102],[28.428082438124193,49.21214627410275],[28.428216548574937,49.21221285690406],[28.42875625166323,49.212513234969435],[28.430715157975783,49.21368639409913],[28.43189429729364,49.214411936554484],[28.43309056251428,49.2150882424724],[28.433943504981016,49.21562087067152],[28.43603226264213,49.216901195052856],[28.4364085978159,49.21710296989815],[28.436921099237225,49.217505554586985],[28.43754785341912,49.218059779196416],[28.43805595200297,49.21852206208341],[28.438817675936434,49.2192218786587],[28.439295479980046,49.21964832231242],[28.439766145768544,49.2200801268607],[28.44038940590133,49.2206436096495],[28.44097680967559,49.221169170543824],[28.44181141876868,49.22192377377581],[28.44257316612891,49.22260725176133],[28.444597711223423,49.224465818666594],[28.445745696681797,49.22530664837704],[28.447548295330307,49.22635382345932],[28.447813746162865,49.226521741588],[28.447852269796954,49.22654462896845]],\\"style\\":{\\"strokeColor\\":\\"#4B0082\\"}}"
1474	LineString	Transport	9	"{\\"type\\":\\"LineString\\",\\"coordinates\\":[[28.460660012076687,49.22376686460092],[28.46003886547669,49.22317761817951],[28.459175194173895,49.22259602076439],[28.457539200429437,49.22164312749292],[28.45369487861626,49.21955102877565],[28.447905302754975,49.225016298926114],[28.447089911214448,49.22588514636776],[28.447010841695942,49.2259854430552],[28.447843543053068,49.226548526716016]],\\"style\\":{\\"strokeColor\\":\\"#4B0082\\"}}"
1475	LineString	Transport	10	"{\\"type\\":\\"LineString\\",\\"coordinates\\":[[28.44783009077105,49.226546371254436],[28.44903348347225,49.22726878976979],[28.449454590287587,49.227501757885655],[28.45251484136486,49.22916923827972],[28.453367783831595,49.22962814924969],[28.455811265858074,49.23109417681436],[28.45703919965206,49.23180833615557],[28.45750590402065,49.2320850697192],[28.457613192381245,49.232312760729364],[28.457597099127156,49.2323968309909],[28.45748444634853,49.23255095943215],[28.457323513807637,49.232712093197456],[28.457350335897786,49.23290825533278],[28.45845269751112,49.23404623106476],[28.458581443543835,49.23424238790223],[28.46110030450882,49.2343610525868],[28.462645256901396,49.23415088502172],[28.46320942512716,49.23399056315643]],\\"style\\":{\\"strokeColor\\":\\"#4B0082\\"}}"
1476	LineString	Transport	11	"{\\"type\\":\\"LineString\\",\\"coordinates\\":[[28.463208722786476,49.23400917396471],[28.464310058936917,49.23693550485551],[28.464867609712087,49.238401399394725],[28.46507145759722,49.23857214112767],[28.468768834320826,49.239917077698074],[28.471365212647243,49.24096778390976],[28.473360776154323,49.24175229663756],[28.47464823648147,49.24269089370464],[28.475108235327525,49.242866003123176],[28.475335552541537,49.24293079345063],[28.47556823417358,49.242985077173046],[28.47612590162703,49.243108426372146],[28.47662456048215,49.243263294658995],[28.47826984426308,49.243576562653544],[28.478390543668752,49.243630845666104]],\\"style\\":{\\"strokeColor\\":\\"#4B0082\\"}}"
1477	LineString	Transport	12	"{\\"type\\":\\"LineString\\",\\"coordinates\\":[[28.463218555074832,49.23399321342464],[28.463312432390353,49.23394942826292],[28.471005918734136,49.232640412275586],[28.472285586484645,49.23287757512048],[28.475310189468132,49.233419876665096],[28.477240855036598,49.233682418488726],[28.482439944900648,49.234816817754044],[28.485446244771992,49.23558319656536]],\\"style\\":{\\"strokeColor\\":\\"#4B0082\\"}}"
1478	LineString	Transport	13	"{\\"type\\":\\"LineString\\",\\"coordinates\\":[[28.48544393354814,49.235587793415235],[28.482868035436923,49.23616072112545],[28.482084830404574,49.23646194876744],[28.48146255791312,49.236910284181526],[28.47971144780786,49.238861092168925],[28.478799496742795,49.23992583041145],[28.4786922083822,49.24029007769845],[28.478735123726437,49.24061229421293],[28.478810225578854,49.24153212127673],[28.47864929303796,49.24235164723837],[28.478388741847198,49.24363118087318]],\\"style\\":{\\"strokeColor\\":\\"#4B0082\\"}}"
1479	LineString	Transport	14	"{\\"type\\":\\"LineString\\",\\"coordinates\\":[[28.485416840706648,49.235592360620316],[28.485926460419478,49.23570444682865],[28.487073922204218,49.236254526881666],[28.487658643769464,49.236394632724114],[28.488484521384976,49.236732352057146],[28.489423848858905,49.23715014496301],[28.49058256315334,49.237724565975405],[28.49198162074822,49.23844866187336],[28.492619325119676,49.2387705881303],[28.492962647873583,49.23897723358151],[28.493118215996446,49.23909281455852],[28.493638564545336,49.239131341490726],[28.49591243370537,49.2392036119138],[28.49856496278585,49.23929817775437],[28.501806247500667,49.23940383778561],[28.503463685054385,49.23945637417305],[28.504457971522584,49.23948809937112],[28.50556840605475,49.239512616317036],[28.506185314128174,49.23942155331363],[28.50801994509436,49.239270948747205],[28.508465191790833,49.23918689018485],[28.50854565806128,49.239116841273564],[28.508626124331727,49.23909582658082],[28.50876023478247,49.23910283147941],[28.508899709651246,49.23909582658082],[28.509355685183777,49.23909932903023],[28.50956489748694,49.23912384616918],[28.509747287699952,49.23919039262779],[28.509897491404786,49.23934099743989],[28.510106703707947,49.239614637070794],[28.51025690741278,49.23990883886502],[28.510213992068543,49.239999900969984],[28.509924313494935,49.24009796766441]],\\"style\\":{\\"strokeColor\\":\\"#4B0082\\"}}"
1480	LineString	Transport	15	"{\\"type\\":\\"LineString\\",\\"coordinates\\":[[28.47837650803001,49.24363488386587],[28.477968812259746,49.24527854797499],[28.477539658817363,49.2471271375118],[28.47734653976829,49.24754736131731],[28.472818970951153,49.252925910149976],[28.472805879565044,49.25492800212286],[28.472950133464337,49.26316379421211],[28.473041328570844,49.26586629334371]],\\"style\\":{\\"strokeColor\\":\\"#4B0082\\"}}"
1481	LineString	Transport	16	"{\\"type\\":\\"LineString\\",\\"coordinates\\":[[28.473039516444828,49.26586035254727],[28.473125534745463,49.26843329402485],[28.473533230515727,49.26864331569147],[28.47497089454771,49.26892334318959],[28.480764466019878,49.26966540837288],[28.48248107978941,49.26963740611577],[28.48790987083555,49.269623404981246],[28.488768177720317,49.26951139576214],[28.49391801902891,49.26832128210374],[28.4981666381085,49.2678732318763],[28.499818878861674,49.26780322366071],[28.502350884171733,49.26808325592704],[28.505483704301128,49.26871332271502],[28.51513965675474,49.27095349501811]],\\"style\\":{\\"strokeColor\\":\\"#4B0082\\"}}"
1482	LineString	Transport	17	"{\\"type\\":\\"LineString\\",\\"coordinates\\":[[28.47868370079061,49.242086310007586],[28.479874601593224,49.24233496824098],[28.481290807953087,49.242909328951605],[28.48399752816465,49.243916693540335],[28.48881849938971,49.245710550426004],[28.48929056817633,49.24581560972682],[28.49293200113334,49.24598091240055],[28.49571076967277,49.246120990651605],[28.501726051333435,49.24638013436841],[28.508506675723083,49.246688303504506],[28.508141895297058,49.24910193318393],[28.504730125430115,49.24900388436981],[28.498657604220398,49.248765765010646],[28.492917802117518,49.24859421915021],[28.4930742958893,49.24598854423461]],\\"style\\":{\\"strokeColor\\":\\"#4B0082\\"}}"
1483	LineString	Transport	18	"{\\"type\\":\\"LineString\\",\\"coordinates\\":[[28.485445316636287,49.23558646459059],[28.486894311928495,49.23533838876429],[28.48980182650064,49.23423852369701],[28.493900241875394,49.23271828771328],[28.494908752464994,49.232466078140654],[28.49934307608578,49.231887551949896],[28.50398242538006,49.231586296411464],[28.505041885207447,49.23135278383762],[28.50764830598871,49.230509838066844],[28.50860256568899,49.23022271850856],[28.50933749095907,49.23010711677468],[28.51032819154375,49.23010361368761],[28.511749762321642,49.23026475543564],[28.51365483593213,49.23060587380472],[28.516420680627903,49.23131249769364],[28.51700003777512,49.231368545685406],[28.51897414361008,49.231116329221685],[28.526075320172595,49.23011958355227],[28.52879312278833,49.2297530363339]],\\"style\\":{\\"strokeColor\\":\\"#4B0082\\"}}"
1484	LineString	Transport	19	"{\\"type\\":\\"LineString\\",\\"coordinates\\":[[28.528771796780234,49.229702455992424],[28.532011905270224,49.22928208032756]],\\"style\\":{\\"strokeColor\\":\\"#4B0082\\"}}"
1485	LineString	Transport	20	"{\\"type\\":\\"LineString\\",\\"coordinates\\":[[28.52877849204151,49.229730387833186],[28.53076332671253,49.229541219333576],[28.531471429892463,49.23175514603436],[28.533077263771588,49.23720021193971],[28.530329029463132,49.2436612930566],[28.534676106497955,49.244793052316325],[28.535335929915618,49.24509772933405],[28.535560938952244,49.245227110472236],[28.53595254146842,49.24568237028528],[28.53744884622415,49.247515872601724],[28.538304286962557,49.248446605375406],[28.539224100717433,49.24941934123004],[28.539996576913722,49.25016169973121],[28.540747595437892,49.25065193035753],[28.54105336726559,49.25085502447654],[28.5415951734866,49.25121218796953],[28.542244268068202,49.2514923143912],[28.54219330609692,49.25148531125006],[28.542378378518947,49.25154833948483]],\\"style\\":{\\"strokeColor\\":\\"#4B0082\\"}}"
1486	LineString	Transport	21	"{\\"type\\":\\"LineString\\",\\"coordinates\\":[[28.431463186851488,49.21398584241499],[28.436004565688677,49.216730836183615],[28.436838606439096,49.21725755170816],[28.438533762536508,49.21877125565644],[28.44270469775779,49.22257605083903],[28.44472885009577,49.22445487066732],[28.446305988996528,49.22546386482645],[28.44780507025382,49.22639856341885]],\\"style\\":{\\"strokeColor\\":\\"#32CD32\\"}}"
1487	LineString	Transport	22	"{\\"type\\":\\"LineString\\",\\"coordinates\\":[[28.402721981343802,49.23617068904566],[28.389959730600026,49.23163434392405],[28.390710749124196,49.230905718991416],[28.39113990256658,49.22998091033181],[28.391530187496073,49.22945342987355],[28.392177085685148,49.228883850176544],[28.392702798652067,49.22868066568525],[28.39436040382327,49.22840741625877],[28.39904309331655,49.22762452821816],[28.400137070525943,49.22765230169726],[28.40281328527533,49.227200880835525],[28.408094492487407,49.2263250498201],[28.414567439877942,49.22528075613688],[28.415758340680554,49.22508456371474],[28.42609200478421,49.22507913005792],[28.445019285341004,49.22628020535568],[28.44790534224103,49.22646938634124]],\\"style\\":{\\"strokeColor\\":\\"#32CD32\\"}}"
1488	LineString	Transport	23	"{\\"type\\":\\"LineString\\",\\"coordinates\\":[[28.4480377225716,49.22653209746913],[28.448123553260075,49.22678433733634],[28.45245800302814,49.22919456445966],[28.453166106208073,49.22951685336021],[28.454974967917224,49.23064390944492],[28.456906158407946,49.23177888424474],[28.457184865489126,49.232465342441],[28.45759256125939,49.233109875465736],[28.458016298237453,49.23373232403821],[28.457994840565334,49.23409661700278]],\\"style\\":{\\"strokeColor\\":\\"#32CD32\\"}}"
1489	LineString	Transport	24	"{\\"type\\":\\"LineString\\",\\"coordinates\\":[[28.4579904280032,49.234099218585186],[28.45599486449612,49.233945094974636],[28.449600478204616,49.23359481225311],[28.44672515014065,49.2334266756645],[28.438056250604518,49.23437944209967],[28.414987755785887,49.23443983459675],[28.409237099657958,49.2357008191979],[28.40577437451168,49.236963144562644],[28.404572744873008,49.236823040332844],[28.403414030578574,49.23644475692731],[28.402770300415,49.23619256638071]],\\"style\\":{\\"strokeColor\\":\\"#32CD32\\"}}"
1490	LineString	Transport	25	"{\\"type\\":\\"LineString\\",\\"coordinates\\":[[28.45800658500275,49.234094031558634],[28.459594452739566,49.23413606519156],[28.460935557247012,49.23422713794019],[28.467446930655115,49.23310695748167],[28.47097623470961,49.232504646497986],[28.47775685909926,49.23362556720076],[28.485575122170758,49.23546735967371],[28.489961501232187,49.237268069850025],[28.4931157790337,49.23893526938823],[28.493480559459726,49.23915942637863],[28.493287440410654,49.24299795694843],[28.49307770882399,49.24591312493737],[28.49995289387016,49.246263320300656],[28.503982558345683,49.24631935132831],[28.50853992971645,49.246599505512734],[28.50876291867189,49.24185947298317],[28.50878437634401,49.24146721902843],[28.509428106507585,49.24138316420419],[28.50983580227785,49.24115901730679],[28.50981434460573,49.2407807671105],[28.509621225556657,49.24047256110483],[28.508913122376725,49.240724729797996],[28.50876291867189,49.24149523727139],[28.508524318782406,49.24659158237959],[28.50815953835638,49.24901840503043],[28.50365342721136,49.248864327974474],[28.493131733238783,49.24843721833686],[28.493088817894545,49.24592987515929]],\\"style\\":{\\"strokeColor\\":\\"#32CD32\\"}}"
1492	LineString	Transport	27	"{\\"type\\":\\"LineString\\",\\"coordinates\\":[[28.40168690736357,49.22744491075711],[28.405965419452286,49.226755509526704],[28.41017603474654,49.226058441598624],[28.412128682909383,49.22577817088257]],\\"style\\":{\\"strokeColor\\":\\"#FF8C00\\"}}"
1493	LineString	Transport	28	"{\\"type\\":\\"LineString\\",\\"coordinates\\":[[28.412103992771222,49.22578993033266],[28.414324861835553,49.225383535067294],[28.416041475605084,49.22513829492801],[28.417725902866437,49.22513829492801],[28.4216633857003,49.225131288049],[28.4260943949929,49.22513303976885]],\\"style\\":{\\"strokeColor\\":\\"#FF8C00\\"}}"
1491	LineString	Transport	26	"{\\"type\\":\\"LineString\\",\\"coordinates\\":[[28.39241869500779,49.23235343916731],[28.39529789880862,49.23334981930516],[28.39810978601065,49.23433359252009],[28.399545425829956,49.23483496846737],[28.40078470128674,49.235282844815025],[28.40221545629788,49.235824371163524],[28.40410292167121,49.236543924300015],[28.405405186597704,49.23704924201003],[28.405568801347613,49.23705449590175],[28.405831657831072,49.23703523162936],[28.40858293990766,49.236030431864485],[28.409538298793905,49.235680065941715],[28.410168617912404,49.235513687802644],[28.41471770946407,49.23452571021439],[28.41516027395153,49.23449330954774],[28.41545397583866,49.2344854283013],[28.414381911562486,49.23170247602604],[28.41366427665264,49.229802377755234],[28.41297898474386,49.22803748333296],[28.412133515491064,49.225832378106986],[28.412112057818945,49.22577632383452]],\\"style\\":{\\"strokeColor\\":\\"#FF8C00\\"}}"
1494	LineString	Transport	29	"{\\"type\\":\\"LineString\\",\\"coordinates\\":[[28.42609940285115,49.22513273232639],[28.42881966213838,49.225314910852326],[28.432072279946738,49.22554263306523],[28.434218125788902,49.22568276928999],[28.434593635050987,49.22570378968941],[28.438633368111027,49.22596247204393],[28.440746948814763,49.22607808347572],[28.44234967764646,49.22617938856207],[28.444481079287584,49.22630550955693],[28.447872804672215,49.22651395882881]],\\"style\\":{\\"strokeColor\\":\\"#FF8C00\\"}}"
1495	LineString	Transport	30	"{\\"type\\":\\"LineString\\",\\"coordinates\\":[[28.408603135753083,49.21652731754167],[28.410485845982862,49.22139141955172],[28.41213788623736,49.22576807340647]],\\"style\\":{\\"strokeColor\\":\\"#FF8C00\\"}}"
1496	LineString	Transport	31	"{\\"type\\":\\"LineString\\",\\"coordinates\\":[[28.42608686833853,49.225134525766485],[28.42674661489002,49.21933193612685],[28.43442006424368,49.21909700133004],[28.434509247693427,49.21907510215285],[28.434622571024306,49.21903174175339],[28.437295382893694,49.217765808664176]],\\"style\\":{\\"strokeColor\\":\\"#FF8C00\\"}}"
1497	LineString	Transport	32	"{\\"type\\":\\"LineString\\",\\"coordinates\\":[[28.39042684841786,49.2167917828403],[28.39164993572865,49.21670242996902],[28.393455417895098,49.21652777309784],[28.394139381193895,49.21643316366492],[28.394681187414903,49.21634030608244],[28.39524445130803,49.216203647436224],[28.399389650779312,49.214915200855216],[28.39985769625241,49.214768025746636],[28.3999777284389,49.214721009931964],[28.40019766957812,49.214650050280554],[28.400573042788437,49.214527508494875],[28.400868085780075,49.21462474971387],[28.40126304318278,49.214780073286356],[28.40274594938853,49.2154558986453],[28.402913587451962,49.21552247698885],[28.403182048786107,49.21561446493002],[28.404585350166485,49.21601287430326],[28.404893804203198,49.216077699855816],[28.405478842304888,49.21613975923378],[28.40607697491521,49.21616428776829],[28.40643370871419,49.216187064253695],[28.40669120077962,49.21622911312227],[28.40705669787519,49.21630737106327],[28.407727250128914,49.21650359833295],[28.408047326259293,49.21649884260699],[28.40861059015242,49.216521180931984]],\\"style\\":{\\"strokeColor\\":\\"#FF8C00\\"}}"
1499	LineString	Transport	34	"{\\"type\\":\\"LineString\\",\\"coordinates\\":[[28.457366757615546,49.194466100968185],[28.455396824921763,49.19625121153595],[28.45462136761057,49.19686170220396],[28.453958861983892,49.19728936448535],[28.453189178547177,49.19771696888952],[28.452794893821988,49.197893990418066],[28.45186146393155,49.19829764010399],[28.450061733331268,49.19901231682735],[28.44925153694271,49.19940501849473],[28.448479060746422,49.1997941012059],[28.448162560082665,49.19996585746491],[28.446965706237734,49.2006190135672],[28.445938832605748,49.201323522450416],[28.44286392124593,49.20339644659831],[28.442060765645692,49.20394023720055],[28.439754065892885,49.20550341662297],[28.438673872075242,49.20623283269945],[28.437831642951437,49.206842670693234],[28.43633721098513,49.20785056057275],[28.434518548497635,49.20902488200158],[28.433220359334427,49.20987648799277],[28.432534337377547,49.21032052693317],[28.43223392996788,49.2104852376768],[28.431885242795943,49.2106359300041],[28.429283500051497,49.21157511834267],[28.428784609174727,49.21177486878537],[28.428656656743556,49.21189538115383],[28.42867006778863,49.21197773397077],[28.42864861011651,49.212131926110224],[28.42868079662469,49.2122633394858],[28.428747412070607,49.21239943444806],[28.428873475894306,49.212511573276934],[28.429058548316334,49.212648242130726]],\\"style\\":{\\"strokeColor\\":\\"#FF8C00\\"}}"
1498	LineString	Transport	33	"{\\"type\\":\\"LineString\\",\\"coordinates\\":[[28.408619068795133,49.21652225601153],[28.40898384922116,49.21649071955048],[28.409300349884916,49.216483711445306],[28.412048922967983,49.21550987613948],[28.413685070467068,49.21506835481091],[28.418088785242844,49.2139313870366],[28.42145227534752,49.21318848389318],[28.42190288646202,49.21307634659981],[28.422042361330796,49.213016773559254],[28.42221402270775,49.21294668753729],[28.422498336863327,49.212985234861684],[28.423099151682663,49.21295369614397],[28.42400534128103,49.21274531935703],[28.42565978461448,49.21231181478063],[28.42652263664047,49.212135112460636],[28.427708173025053,49.211959894094385],[28.428254634730592,49.2119105988977],[28.428394109599367,49.21190709452056],[28.428431660525575,49.21193512953083],[28.428469211451784,49.21198068638862],[28.428442389361635,49.21201222572711],[28.428431660525575,49.212054278147136],[28.428469211451784,49.2121488959614],[28.42859259306647,49.21229958321765],[28.428802750259024,49.21249675227883],[28.429058901219946,49.21264919063711]],\\"style\\":{\\"strokeColor\\":\\"#FF8C00\\"}}"
1500	LineString	Transport	35	"{\\"type\\":\\"LineString\\",\\"coordinates\\":[[28.429055032898987,49.2126457264155],[28.42986769902609,49.213125213734095],[28.431161660379075,49.21391791961366],[28.432868541224707,49.214912377907275],[28.43641275511311,49.21706091388712],[28.436793628793225,49.21733422606135],[28.43737381142796,49.21783761943189],[28.43868827457925,49.219033664063346],[28.44057918819658,49.22075152845988],[28.44205910212463,49.222089801029476],[28.44462970902339,49.22441724792526],[28.445273439186963,49.224904230688225],[28.446382440245998,49.22561174465091],[28.4476361007047,49.226368029822616],[28.447858724052935,49.22650903954198]],\\"style\\":{\\"strokeColor\\":\\"#FF8C00\\"}}"
1501	Point	CommunalArea	2841	"{\\"type\\":\\"Point\\",\\"coordinates\\":[28.410969752037886,49.23389022264888]}"
1502	LineString	Transport	36	"{\\"type\\":\\"LineString\\",\\"coordinates\\":[[28.44787731436395,49.22651554101106],[28.44905225728826,49.227228542761345],[28.449720127332967,49.22759463531986],[28.45137336389712,49.22852013895637],[28.4524451738464,49.229119882799075],[28.452552462206995,49.229133895424866],[28.452874327288782,49.22929854348022],[28.4544512297075,49.23023547125951],[28.45524453734015,49.23070892041588],[28.455766042846335,49.23101631584495],[28.45624615826,49.23130881735563],[28.45674790280998,49.23159854094146],[28.45726825135887,49.23189103900491],[28.45751468287949,49.2320291891439],[28.45756296264176,49.23209749663442],[28.457632700076147,49.23220959077312],[28.45766220437531,49.232326939052086],[28.457619289031072,49.23243552974848],[28.457488532052366,49.2325754254029],[28.45737587927374,49.232605200145244],[28.457338328347532,49.23265073795177],[28.45730882404837,49.23273480763811],[28.457311506257383,49.23282588297024],[28.45736382030441,49.23293597270244],[28.45754621051742,49.23315139974345],[28.45829328058005,49.23393712617137],[28.458446062103576,49.234099597834295],[28.458499706283874,49.23413112305881],[28.4586123590625,49.23415038846388],[28.459191716209716,49.23419417344744],[28.46037188817627,49.23425021816977],[28.461098766819305,49.234288748879514],[28.461318707958526,49.23427648911148],[28.46150774928708,49.23425160521486],[28.461987864700745,49.23416578671033],[28.463041972843598,49.233983640818906],[28.463227045265626,49.23391008171082]],\\"style\\":{\\"strokeColor\\":\\"#FF8C00\\"}}"
1503	LineString	Transport	37	"{\\"type\\":\\"LineString\\",\\"coordinates\\":[[28.46323898734272,49.233901363678484],[28.46347502173603,49.23444517316358],[28.46364400090397,49.234888272761985],[28.464381424430712,49.23696038604278]],\\"style\\":{\\"strokeColor\\":\\"#FF8C00\\"}}"
1504	LineString	Transport	38	"{\\"type\\":\\"LineString\\",\\"coordinates\\":[[28.464381522645454,49.23696031928424],[28.463226941050152,49.23715983279402],[28.461971667231182,49.23739100298377],[28.45483921049754,49.23847756554896],[28.454002361284893,49.23860365514975],[28.453487377154033,49.238589645210006],[28.45309041021983,49.238540610389585],[28.452979337094348,49.23851334689571],[28.452044534036304,49.23939150312503],[28.45066587860265,49.24075392904548],[28.449056553193714,49.2425050639722],[28.448745416947986,49.24271519599063],[28.446681104080767,49.24332900713961],[28.446776322500796,49.24347609719215],[28.446993143362306,49.24379016228885],[28.44752321377689,49.24457506585012],[28.44887717466395,49.246534564568336],[28.44978685581418,49.24781016896407],[28.449963881609165,49.248055296560835],[28.450824833466868,49.249270622695136],[28.451105721550334,49.249778664779974],[28.451416857796062,49.250429975174185],[28.451848030469364,49.25129077850821],[28.452324629322675,49.252318231869836],[28.451074719921735,49.25261936096221],[28.448397875324872,49.25326538171282]],\\"style\\":{\\"strokeColor\\":\\"#FF8C00\\"}}"
1505	LineString	Transport	39	"{\\"type\\":\\"LineString\\",\\"coordinates\\":[[28.46438033476602,49.236958565222245],[28.4644038040949,49.23703168196612],[28.464700037683997,49.237836870755274],[28.4648448769708,49.238313213737335],[28.464914766570587,49.23843689232812],[28.46480211379196,49.238482424758594],[28.46470287205841,49.23853671337084],[28.464611676951904,49.238636534211786],[28.46460363032486,49.23868206645819],[28.464595583697815,49.23889396597582],[28.464553910212544,49.23993404606566],[28.46452069717236,49.241611751719645],[28.464509916931547,49.24213094227015],[28.464454681100392,49.24409661316906],[28.464440912972123,49.24509421572916],[28.464411785062566,49.24544429517437],[28.46431925830541,49.24614465550668],[28.464222630335144,49.24696598153849],[28.464145436318745,49.2476112010316],[28.464066710459065,49.24847315516522],[28.464007701860737,49.2491104758272],[28.46408411157688,49.24951137994941],[28.464262788564156,49.250572042602656],[28.46440762785096,49.251619020548226],[28.46440013607662,49.25183545261788],[28.464335763060262,49.25199652347101],[28.4641801949374,49.25219260901766],[28.464088999830892,49.2523256666236],[28.464051448904684,49.25246922837513],[28.464029991232564,49.252633798649875],[28.464013897978475,49.25298046022096],[28.463954889380148,49.25315553314958],[28.463740312658956,49.25373326940865],[28.463481663445123,49.254140278401486],[28.463347552994378,49.25432234995636],[28.463352917412408,49.25437837183814],[28.463363646248467,49.254437895017865],[28.46328317997802,49.25451492490861],[28.462900684073702,49.25489271677852],[28.462694153979555,49.25515356511023],[28.462443024178242,49.255462372445784],[28.46223917629311,49.255609426353494],[28.462078243752217,49.25570746204855],[28.46172419216225,49.2558440114422],[28.46121457244942,49.25601207171581],[28.460651308556294,49.256167877083314],[28.460262388249134,49.25629042028527],[28.45986542131493,49.25641821501465],[28.45604517503898,49.25758325204954],[28.454704070531534,49.25798238020045],[28.454199815236734,49.25815043319308],[28.45409541726815,49.258206329657135],[28.45396398902642,49.258311362368005],[28.453830399070057,49.25839679921605],[28.45376066163567,49.258198987767074],[28.453867949996265,49.258198987767074],[28.454036929164204,49.25817798119495],[28.4541442175248,49.25815522406506],[28.454197861705097,49.258151722967234]],\\"style\\":{\\"strokeColor\\":\\"#FF8C00\\"}}"
1506	LineString	Transport	40	"{\\"type\\":\\"LineString\\",\\"coordinates\\":[[28.463237901251205,49.233902231183784],[28.463357259552367,49.23385406741505],[28.466351446044996,49.23335477619506],[28.467418965232923,49.23316562157347],[28.46912655062374,49.23288013683793]],\\"style\\":{\\"strokeColor\\":\\"#FF8C00\\"}}"
1509	Point	InvestProject	1	"{\\"type\\":\\"Point\\",\\"coordinates\\":[28.51505662395789,49.24591028186381]}"
1510	Point	CommunalArea	2842	"{\\"type\\":\\"Point\\",\\"coordinates\\":[28.446778260881047,49.22776115666786]}"
1511	Point	CommunalArea	2843	"{\\"type\\":\\"Point\\",\\"coordinates\\":[28.49651492075327,49.24150244197067]}"
1512	Point	CommunalArea	2844	"{\\"type\\":\\"Point\\",\\"coordinates\\":[28.462583938097055,49.23380423916364]}"
1513	Point	CommunalArea	2845	"{\\"type\\":\\"Point\\",\\"coordinates\\":[28.40589708067023,49.20860264656073]}"
1514	Point	CommunalArea	2846	"{\\"type\\":\\"Point\\",\\"coordinates\\":[28.486170107230237,49.26755102587231]}"
1515	Point	CommunalArea	2847	"{\\"type\\":\\"Point\\",\\"coordinates\\":[28.54932233918862,49.23137527704217]}"
1516	Point	CommunalArea	2848	"{\\"type\\":\\"Point\\",\\"coordinates\\":[28.426600871317873,49.22911470295383]}"
1517	Point	CommunalArea	2849	"{\\"type\\":\\"Point\\",\\"coordinates\\":[28.52176501383019,49.22864497602145]}"
1518	Point	CommunalArea	2850	"{\\"type\\":\\"Point\\",\\"coordinates\\":[28.56475417923093,49.22359042134522]}"
1519	Point	CommunalArea	2852	"{\\"type\\":\\"Point\\",\\"coordinates\\":[28.40411314846051,49.23319507533936]}"
1520	Point	CommunalArea	2853	"{\\"type\\":\\"Point\\",\\"coordinates\\":[28.4502982799238,49.22309318603217]}"
1521	Point	CommunalArea	2854	"{\\"type\\":\\"Point\\",\\"coordinates\\":[28.42721035074362,49.22032751559716]}"
1522	Point	LandArea	15	"{\\"type\\":\\"Point\\",\\"coordinates\\":[28.48593777821202,49.26140032473153]}"
1523	Point	LandArea	16	"{\\"type\\":\\"Point\\",\\"coordinates\\":[28.540898147628695,49.24752851845482]}"
1524	Point	ProductionArea	2	"{\\"type\\":\\"Point\\",\\"coordinates\\":[28.46325209340648,49.242306975285516]}"
1525	Point	OfficeArea	2	"{\\"type\\":\\"Point\\",\\"coordinates\\":[28.433768049493892,49.23905680478801]}"
1526	Point	LandArea	17	"{\\"type\\":\\"Point\\",\\"coordinates\\":[28.552951929925143,49.223692843875114]}"
1527	Point	LandArea	19	"{\\"type\\":\\"Point\\",\\"coordinates\\":[28.556471240406154,49.2218120380226]}"
1528	Point	LandArea	18	"{\\"type\\":\\"Point\\",\\"coordinates\\":[28.57680542826165,49.21715057739151]}"
\.


--
-- Data for Name: gis_types; Type: TABLE DATA; Schema: public; Owner: invest
--

COPY public.gis_types (id, title, name, description, img) FROM stdin;
1		Point	 '    coordinates    / .	point.png
2		LineString	 '    coordinates       \n                    /.	line_string.png
3		Polygon	 '    coordinates     /\n                     .            \n                      ,  .	polygon.png
4	 	MultiPoint	 '     coordinates    /\n                    .	multi_point.png
5	 	MultiLineString	 '     coordinates    \n                    /  	multi_line_string.png
6	 	MultiPolygon	 '     coordinates    \n                    /  .	multi_polygon.png
\.


--
-- Data for Name: infra_type_relations; Type: TABLE DATA; Schema: public; Owner: invest
--

COPY public.infra_type_relations (id, infrastructure_type_id, infrasable_type, infrasable_id) FROM stdin;
2	1	ProductionArea	2
3	2	ProductionArea	2
4	3	ProductionArea	2
5	4	ProductionArea	2
6	1	OfficeArea	2
\.


--
-- Data for Name: infrastructure_type_translations; Type: TABLE DATA; Schema: public; Owner: invest
--

COPY public.infrastructure_type_translations (id, infrastructure_type_id, locale, created_at, updated_at, name) FROM stdin;
1	1	uk	2018-11-22 12:59:48.964709	2018-11-22 12:59:48.964709	
2	1	en	2018-11-22 12:59:48.966338	2018-11-22 12:59:48.966338	Gas supply
3	2	uk	2018-11-22 12:59:48.970178	2018-11-22 12:59:48.970178	
4	2	en	2018-11-22 12:59:48.97151	2018-11-22 12:59:48.97151	Electricity supply
5	3	uk	2018-11-22 12:59:48.975327	2018-11-22 12:59:48.975327	
6	3	en	2018-11-22 12:59:48.976544	2018-11-22 12:59:48.976544	Water supply
7	4	uk	2018-11-22 12:59:48.980281	2018-11-22 12:59:48.980281	
8	4	en	2018-11-22 12:59:48.981502	2018-11-22 12:59:48.981502	Drainage
\.


--
-- Data for Name: infrastructure_types; Type: TABLE DATA; Schema: public; Owner: invest
--

COPY public.infrastructure_types (id, created_at, updated_at) FROM stdin;
1	2018-11-22 12:59:48.962999	2018-11-22 12:59:48.962999
2	2018-11-22 12:59:48.968918	2018-11-22 12:59:48.968918
3	2018-11-22 12:59:48.974035	2018-11-22 12:59:48.974035
4	2018-11-22 12:59:48.97905	2018-11-22 12:59:48.97905
\.


--
-- Data for Name: invest_project_translations; Type: TABLE DATA; Schema: public; Owner: invest
--

COPY public.invest_project_translations (id, invest_project_id, locale, created_at, updated_at, name, short_description, product, market, realization_term, payback_period, documentation, description, destination, purpose, current_use, project_conditions, resource_access, character_assets, workforce, permission, environment, privilege, other) FROM stdin;
1	1	uk	2018-12-26 13:35:32.41091	2019-01-03 11:22:08.572462	 	<div>\r\n<div>        ,    ,       .</div>\r\n\r\n<div>&nbsp;</div>\r\n</div>\r\n			24 	 .    .	   	<div>\r\n<div><span style="font-size:18px"><span style="font-family:ProximaNova-Light"><span style="line-height:normal">        ,    ,       .</span></span></span></div>\r\n\r\n<div>&nbsp;</div>\r\n\r\n<div><span style="font-size:18px"><span style="font-family:ProximaNova-Light"><span style="line-height:normal">     &ndash; 110 ;<br />\r\n   &ndash; 650 .</span></span></span></div>\r\n\r\n<div>&nbsp;</div>\r\n\r\n<div><font face="ProximaNova-Light"><span style="font-size:18px"> :</span></font></div>\r\n\r\n<div>\r\n<ol>\r\n\t<li style="text-align:justify; margin:0cm 0cm 8pt"><span style="font-size:18px"><span style="font-family:ProximaNova-Light"><span style="line-height:normal">          .</span></span></span></li>\r\n\t<li style="text-align:justify; margin:0cm 0cm 8pt"><span style="font-size:18px"><span style="font-family:ProximaNova-Light"><span style="line-height:normal">      .</span></span></span></li>\r\n\t<li style="text-align:justify; margin:0cm 0cm 8pt"><span style="font-size:18px"><span style="font-family:ProximaNova-Light"><span style="line-height:normal">     .</span></span></span></li>\r\n\t<li style="text-align:justify; margin:0cm 0cm 8pt"><span style="font-size:18px"><span style="font-family:ProximaNova-Light"><span style="line-height:normal">     .</span></span></span></li>\r\n\t<li style="text-align:justify; margin:0cm 0cm 8pt"><span style="font-size:18px"><span style="font-family:ProximaNova-Light"><span style="line-height:107%"> .</span></span></span></li>\r\n</ol>\r\n</div>\r\n</div>\r\n	. ,    .    . .	    	-	   						\N	
2	1	en	2018-12-26 13:35:32.412902	2019-01-03 11:22:08.57401	CONSTRUCTION OF OVERPASS	<div>\r\n<div>The project solves the existing problem of transport connection between two districts separated by a railway, by constructing an overpass over railways.</div>\r\n</div>\r\n				Infrastructure object. Possibility of introducting a fare/	The project is being developed	<div>\r\n<div><span style="font-size:18px;"><span style="font-family:ProximaNova-Light;">The project solves the existing problem of transport connection between two districts separated by a railway, by constructing an overpass over railways.</span></span></div>\r\n\r\n<div>&nbsp;</div>\r\n\r\n<div><span style="font-size:18px;"><span style="font-family:ProximaNova-Light;">Overpass building with maximum span - 110 m;</span></span></div>\r\n\r\n<div><span style="font-size:18px;"><span style="font-family:ProximaNova-Light;">The total length of the building is 650 m.</span></span></div>\r\n\r\n<div>&nbsp;</div>\r\n\r\n<div><span style="font-size:18px;"><span style="font-family:ProximaNova-Light;">Project objectives:</span></span></div>\r\n\r\n<ol>\r\n\t<li><span style="font-size:18px;"><span style="font-family:ProximaNova-Light;">The appearance of the second connection to the eastern part of the city with the center of Vinnytsia.</span></span></li>\r\n\t<li><span style="font-size:18px;"><span style="font-family:ProximaNova-Light;">Development of transport infrastructure and public transport system.</span></span></li>\r\n\t<li><span style="font-size:18px;"><span style="font-family:ProximaNova-Light;">Facilitation of the central part of the city traffic flow.</span></span></li>\r\n\t<li><span style="font-size:18px;"><span style="font-family:ProximaNova-Light;">Creating the potential for brownfield development and revitalization.</span></span></li>\r\n\t<li><span style="font-size:18px;"><span style="font-family:ProximaNova-Light;">Ecological effect.</span></span></li>\r\n</ol>\r\n</div>\r\n	Vinnytsia, the overpass connects the Academic Yangel st. and Vatutina st.	Solves the existing problem of transport connection	-	The project is being developed						\N	
\.


--
-- Data for Name: invest_projects; Type: TABLE DATA; Schema: public; Owner: invest
--

COPY public.invest_projects (id, invest_sum, investment_type_id, area, ownership_id, hard_cover_road_distance, highway_distance, railway_distance, airport_distance, gas, electricity, water_supply, main_image, gis_type_name, user_id, state, map_layer_id, created_at, updated_at) FROM stdin;
1	40.5	3	650	3								5ca42afc033d6dca02848249b90e5706.jpeg	Point	3	1	4	2018-12-26 13:35:32.407704	2019-03-07 12:33:43.364375
\.


--
-- Data for Name: investment_type_translations; Type: TABLE DATA; Schema: public; Owner: invest
--

COPY public.investment_type_translations (id, investment_type_id, locale, created_at, updated_at, name) FROM stdin;
1	1	uk	2018-11-27 12:26:36.540412	2018-11-27 12:26:36.540412	 
2	1	en	2018-11-27 12:26:36.542495	2018-11-27 12:26:36.542495	Join-stock
3	2	uk	2018-11-27 12:26:36.546684	2018-11-27 12:26:36.546684	 
4	2	en	2018-11-27 12:26:36.547943	2018-11-27 12:26:36.547943	Venture capital
5	3	uk	2018-11-27 12:26:36.551972	2018-11-27 12:26:36.551972	 
6	3	en	2018-11-27 12:26:36.553271	2018-11-27 12:26:36.553271	Loan funds
\.


--
-- Data for Name: investment_types; Type: TABLE DATA; Schema: public; Owner: invest
--

COPY public.investment_types (id, created_at, updated_at) FROM stdin;
1	2018-11-27 12:26:36.537813	2018-11-27 12:26:36.537813
2	2018-11-27 12:26:36.545402	2018-11-27 12:26:36.545402
3	2018-11-27 12:26:36.550642	2018-11-27 12:26:36.550642
\.


--
-- Data for Name: land_area_translations; Type: TABLE DATA; Schema: public; Owner: invest
--

COPY public.land_area_translations (id, land_area_id, locale, created_at, updated_at, name, transfer_type, classification, configuration, building_owner, owner, ethernet, gas, electricity, water_supply, drainager, area_name) FROM stdin;
15	8	uk	2018-10-25 12:54:55.686624	2018-12-04 08:11:42.035274	 "   "	 	11.02     ,        ,    )	 		  .      	       , 3G (4G)	     1,7 	      2,2 	         2,2  3,4 .		  
8	4	en	2018-09-04 13:10:18.050453	2018-11-26 07:48:12.428089	Vinnytsia city council	Property	11.02 for the placement and operation of main, auxiliary buildings and facilities of the processing, engineering and other industries enterprises 	Hexagonal	Absent	The territorial community of Vinnitsa represented by the Vinnitsa City Council		-	-	-	-	Nemyrivske shose highway, 209a
13	7	uk	2018-09-04 13:36:40.889143	2018-12-04 08:22:46.611686	  	,  	03.15           -     	 		  .      	       , 3G (4G)	-	-	-	-	. 
14	7	en	2018-09-04 13:36:40.891695	2018-12-04 08:22:46.613322	Vinnytsia city council	Property, Long-term lease	03.15 for construction and maintenance of other public buildings. Category of land - land for residential and community development.	Incorrect form	Absent	The territorial community of Vinnitsa represented by the Vinnitsa City Council	Stable coverage of all Ukrainian mobile operators, 3G (4G)	-	-	-	-	Batozka st.
12	6	en	2018-09-04 13:33:05.589915	2018-12-20 09:00:01.48293	Vinnytsia city council	Long-term lease	12.07 for the placement and operation of buildings and structures for urban electric transport. Lands ategory  - the land for industry, transport, communication, energy, defense and other purposes, for the placement and operation of the main and auxiliary buildings and facilities of the processing, engineering and other industries enterprises .	Pentagonal	Absent	The territorial community of Vinnitsa represented by the Vinnitsa City Council	Stable coverage of all Ukrainian mobile operators, 3G (4G)	-	-	-	-	Energetychna st.
9	5	uk	2018-09-04 13:23:44.846838	2018-12-20 08:53:16.702979	  		11.02     ,        ,    	 		  .      	       , 3G (4G)	-	-	-	-	. 
10	5	en	2018-09-04 13:23:44.848484	2018-12-20 08:53:16.705694	Vinnytsia city council	Property	11.02 .; lands category  - lands for industry, transport, communication, energy, defense and other purposes, for the placement and operation of the main and auxiliary buildings and facilities of the enterprises of the processing, engineering and other industries.	Quadrangular	Absent	The territorial community of Vinnitsa represented by the Vinnitsa City Council	Stable coverage of all Ukrainian mobile operators, 3G (4G)	-	-	-	-	Skladska st.
17	9	uk	2018-10-25 12:55:07.879185	2018-10-25 12:55:07.879185	 "   "	 	11.02     ,        ,    )	 		  .      	       , 3G (4G)	     1,7 	      2,2 	         2,2  3,4 .		\N
18	9	en	2018-10-25 12:55:07.880417	2018-10-25 12:55:07.880417	ME Vinnytsia municipal center of innivations	Long-term lease	11.02 .; lands category  - lands for industry, transport, communication, energy, defense and other purposes, for the placement and operation of the main and auxiliary buildings and facilities of the enterprises of the processing, engineering and other industries.	Incorrect form	Absent	The territorial community of Vinnitsa represented by the Vinnitsa City Council	Stable coverage of all Ukrainian mobile operators, 3G (4G)	The distance to the existing gas pipeline is 1.7 km	The distance to the existing transmission line is 2.2 km	The distance to the possible connection to the existing water supply is 2.2 or 3.4 km.		\N
7	4	uk	2018-09-04 13:10:18.048662	2018-11-26 07:48:12.426173	  		11.02     ,        ,    	 		  .      		-	-	-	-	 , 209
37	19	uk	2019-02-28 15:35:22.757922	2019-02-28 15:35:22.757922	    	 	12.04            	 								 , /
25	13	uk	2018-10-26 07:48:36.618	2018-12-04 08:15:12.035214	 " "	 	15.01        	 		  .      	       , 3G (4G)					 " "
26	13	en	2018-10-26 07:48:36.619529	2018-12-04 08:15:12.037653	ME Airport Vinnytsia	Infrastructure development	15.01 For placement and permanent activity of the Armed Forces of Ukraine	Incorrect form		The territorial community of Vinnitsa represented by the Vinnitsa City Council	Stable coverage of all Ukrainian mobile operators, 3G (4G)					ME "Vinnytsia airport"
23	12	uk	2018-10-25 14:50:05.802447	2018-12-04 08:20:30.122993	 "   "	 	11.02     ,        ,    	 		  .      	       , 3G (4G)					 - 
38	19	en	2019-02-28 15:35:22.759406	2019-02-28 15:35:22.759406	Vinnytsia city council	Land auction	12.04 for the placement and operation of transport buildings and structures	Rectangular 								Nemyricske shose, no number
16	8	en	2018-10-25 12:54:55.688169	2018-12-04 08:11:42.037053	ME Vinnytsia municipal center of innivations	Long-term lease	11.02 .; lands category  - lands for industry, transport, communication, energy, defense and other purposes, for the placement and operation of the main and auxiliary buildings and facilities of the enterprises of the processing, engineering and other industries.	Incorrect form	Absent	The territorial community of Vinnitsa represented by the Vinnitsa City Council	Stable coverage of all Ukrainian mobile operators, 3G (4G)	The distance to the existing gas pipeline is 1.7 km	The distance to the existing transmission line is 2.2 km	The distance to the possible connection to the existing water supply is 2.2 or 3.4 km.		Vinnytsia industrial park
24	12	en	2018-10-25 14:50:05.80472	2018-12-04 08:20:30.124726	ME Vinnytsia municipal center of innivations	Long-term lease	11.02 .; lands category  - lands for industry, transport, communication, energy, defense and other purposes, for the placement and operation of the main and auxiliary buildings and facilities of the enterprises of the processing, engineering and other industries.	Incorrect form		The territorial community of Vinnitsa represented by the Vinnitsa City Council	Stable coverage of all Ukrainian mobile operators, 3G (4G)					Vinnytsia innovation technology park
1	1	uk	2018-09-03 12:59:19.634796	2018-12-20 08:59:22.627075	 "- "	  (   )	11.02.;     , , , ,    ,            ,    .			  .      	       , 3G (4G)	     1,7 	      2,2  3,4 	         2,2 .		   
2	1	en	2018-09-03 12:59:19.637246	2018-12-20 08:59:22.630144	LLC "Industrial and investment company"	Long-term lease (sublease-for participants)	11.02 .; lands category  - lands for industry, transport, communication, energy, defense and other purposes, for the placement and operation of the main and auxiliary buildings and facilities of the enterprises of the processing, engineering and other industries.	Rectangle	Absent	The territorial community of Vinnitsa represented by the Vinnitsa City Council	Stable coverage of all Ukrainian mobile operators, 3G (4G)	The distance to the existing gas pipeline is 1.7 km	The distance to the existing transmission line is 2.2 or 3.4 km	The distance to the possible connection to the existing water supply is 2.2 km.		Vinnytsia cluster of refrigeration engineering
11	6	uk	2018-09-04 13:33:05.588073	2018-12-20 09:00:01.480212	  	 	12.07            -  , , , ,    ,            ,    .	 		  .      	       , 3G (4G)	-	-	-	-	. 
29	15	uk	2019-02-12 08:33:56.168282	2019-02-12 08:33:56.168282	    	 	11.02     ,        ,    .	 		  . 						. ,4
30	15	en	2019-02-12 08:33:56.170686	2019-02-12 08:33:56.170686	Vinnytsia city council	Land auction	11.02 for the placement and operation of main and service buildings and facilities of the processing, engineering and other industries enterprises.	Incorrect form		The territorial community of Vinnytsia						Ayvazovskogo street 4
31	16	uk	2019-02-12 10:42:28.676064	2019-02-12 10:42:28.676064	    	 	03.07      .	 		  . 						. , / ( .58)
32	16	en	2019-02-12 10:42:28.677686	2019-02-12 10:42:28.677686	Vinnytsia city council	Land auction	03.07 for construction and maintenance of trade buildings.	Rectangular 		The territorial community of Vinnytsia						Moskalenka street (near the building #58)
33	17	uk	2019-02-28 15:24:20.648817	2019-02-28 15:24:20.648817	    	 	11.02     ,        ,    .	 								 , 213
34	17	en	2019-02-28 15:24:20.65079	2019-02-28 15:24:20.65079	Vinnytsia city council	Land auction	11.02 for the placement and operation of main and service buildings and facilities of the processing, engineering and other industries enterprises.	Incorrect form								Nemyricske shose, 213
35	18	uk	2019-02-28 15:31:47.776216	2019-02-28 15:31:47.776216	    	 	03.07      .	 								.  / 
36	18	en	2019-02-28 15:31:47.778195	2019-02-28 15:31:47.778195	Vinnytsia city council	Land auction	03.07 for construction and maintenance of trade buildings.	Incorrect form								Nemyrivske shose/Cherkaske shose
\.


--
-- Data for Name: land_areas; Type: TABLE DATA; Schema: public; Owner: invest
--

COPY public.land_areas (id, area_type, total_area, underground_engin, overhead_engin, cadastral_number, rent, sale, state_road_distance, railway_distance, airport_distance, phone, email, gis_type_name, main_image, user_id, state, map_layer_id, created_at, updated_at, ownership_id) FROM stdin;
17	1	25	f	f	0510100000:01:059:0091		30005000		7.4	2.6	+38(043)259-53-63	investinvinnytsia@vmr.gov.ua	Point	\N	3	1	1	2019-02-28 15:24:20.644897	2019-03-01 10:35:44.402288	3
19	1	0.09	f	f	0510100000:01:131:0015		262000		7.4	2.6	+38(043)259-53-63	investinvinnytsia@vmr.gov.ua	Point	\N	3	2	1	2019-02-28 15:35:22.756184	2019-03-01 10:39:41.71053	3
9	1	35.7	f	f	/	392		2	4	3	+38(095)646-59-09	VinnytsiaMCI@gmail.com	Point	\N	3	0	4	2018-10-25 12:55:07.877694	2018-10-25 13:03:50.292808	\N
18	1	0.82	f	f	0510100000:01:130:0035		2472501		5	3.5	+38(043)259-53-63	investinvinnytsia@vmr.gov.ua	Point	\N	3	2	1	2019-02-28 15:31:47.773247	2019-03-01 10:41:13.977518	3
7	1	0.27	f	f	0510100000:01:066:0039	100		5.4	3.2	17.5	+38(043)259-53-63		Point	759233d851c07bbfe245d75c7f1d8be6.png	3	1	1	2018-09-04 13:36:40.885903	2018-12-20 08:52:36.690775	3
5	1	0.39	f	f	0510100000:01:046:0095		143.12	5.4	4.1	8.3	+38(043)259-53-63		Point	ba5ea3199c04a7d5133eb9998a927883.png	3	1	1	2018-09-04 13:23:44.844921	2018-12-20 08:53:16.699698	3
8	1	35.7	f	f	0510100000:01:059:0071	392		2	4	3	+38(095)646-59-09	VinnytsiaMCI@gmail.com	Point	29b656243326f267ffa06ff85258c99e.png	3	1	4	2018-10-25 12:54:55.678474	2018-12-20 08:54:34.312665	3
1	1	8.41	f	f	0510100000:01:059:0073	392		0.05	13	4.3	+38(050)302-92-31		Point	67ab19b16a48cc7b8934aa5766cabb18.png	3	1	4	2018-09-03 12:59:19.632078	2018-12-20 08:59:22.623342	3
6	1	8.38	t	f	0520655900:07:017:0080	25		4.3	15.4	14.8	+38(043)259-53-63		Point	6c4e40cfbc2b6f000e3fde01c872ae5f.png	3	1	1	2018-09-04 13:33:05.585701	2018-12-20 09:00:01.472767	3
13	2	26	f	f	  						+38(043)269-02-70	airvinnytsia@gmail.com	Point	cd9a83da731f7ead6d4dc8d5966d1118.png	3	1	4	2018-10-26 07:48:36.613459	2018-12-20 09:00:58.796254	3
12	2	4.23	f	f	0510100000:02:067:0076			2	4	3	+38(095)646-59-09	VinnytsiaMCI@gmail.com	Point	61bb6ff956fdb88ef041d5ae22a5cdf6.png	3	1	4	2018-10-25 14:50:05.797553	2018-12-20 09:25:56.36489	3
4	1	13.08	f	f	0510100000:01:059:0079			1.7	7.4	2.6	+38(043)259-53-63		Point	74732b6feeb0f7b9b17c052e561fdc1d.png	3	1	1	2018-09-04 13:10:18.046481	2018-12-20 09:26:20.963541	3
15	1	0.68	f	f	0510100000:01:009:0072		1436620		3.5	8.5	+38(043)259-53-63		Point	268e6b5dd6d991021d2e87d1dbc11f87.jpeg	3	1	1	2019-02-12 08:33:56.160704	2019-02-12 08:36:58.971163	3
16	1	0.07	f	f	0510100000:01:063:0068		163300		2.5	5.1	+38(043)259-53-63	investinvinnytsia@vmr.gov.ua	Point	61ead520fc836e4558427f4be2c45f86.jpeg	3	1	1	2019-02-12 10:42:28.67238	2019-02-28 14:19:43.272194	3
\.


--
-- Data for Name: land_categories; Type: TABLE DATA; Schema: public; Owner: invest
--

COPY public.land_categories (id, created_at, updated_at) FROM stdin;
1	2018-11-02 11:34:00.487985	2018-11-02 11:34:00.487985
2	2018-11-02 11:34:06.65031	2018-11-02 11:34:06.65031
3	2018-11-02 11:34:08.011989	2018-11-02 11:34:08.011989
4	2018-11-02 11:34:10.744106	2018-11-02 11:34:10.744106
5	2018-11-02 11:34:44.650208	2018-11-02 11:34:44.650208
\.


--
-- Data for Name: land_category_translations; Type: TABLE DATA; Schema: public; Owner: invest
--

COPY public.land_category_translations (id, land_category_id, locale, created_at, updated_at, name) FROM stdin;
1	1	uk	2018-11-02 11:34:00.489243	2018-11-02 11:34:00.489243	 
2	2	uk	2018-11-02 11:34:06.651267	2018-11-02 11:34:06.651267	
3	3	uk	2018-11-02 11:34:08.013029	2018-11-02 11:34:08.013029	  
4	4	uk	2018-11-02 11:34:10.745809	2018-11-02 11:34:10.745809	 
5	5	uk	2018-11-02 11:34:44.651304	2018-11-02 11:34:44.651304	
\.


--
-- Data for Name: landmark_translations; Type: TABLE DATA; Schema: public; Owner: invest
--

COPY public.landmark_translations (id, landmark_id, locale, created_at, updated_at, title) FROM stdin;
5	3	uk	2018-12-05 18:26:43.008713	2018-12-05 18:26:43.008713	 
6	3	en	2018-12-05 18:26:43.009893	2018-12-05 18:26:43.009893	Water tower
7	4	uk	2018-12-05 18:30:46.834397	2018-12-05 18:30:46.834397	 
8	4	en	2018-12-05 18:30:46.835833	2018-12-05 18:30:46.835833	Local history museum
9	5	uk	2018-12-05 18:32:28.269847	2018-12-05 18:32:28.269847	 ""
10	5	en	2018-12-05 18:32:28.271649	2018-12-05 18:32:46.063225	Liverpool Square
12	6	en	2018-12-05 18:34:45.709026	2018-12-05 18:34:45.709026	Cathedral
13	7	uk	2018-12-05 18:39:54.550654	2018-12-05 18:41:07.930457	 ""
14	7	en	2018-12-05 18:39:54.554113	2018-12-05 18:41:07.933628	Roshen Fountain
17	9	uk	2018-12-05 18:48:39.593685	2018-12-05 18:48:39.593685	 
18	9	en	2018-12-05 18:48:39.595421	2018-12-05 18:48:39.595421	Sadovsky Theater
19	10	uk	2018-12-05 18:49:38.996337	2018-12-05 18:49:38.996337	 
20	10	en	2018-12-05 18:49:38.998809	2018-12-05 18:49:38.998809	Fountain of planets
21	11	uk	2018-12-05 19:11:26.470137	2018-12-05 19:11:26.470137	 -  . . 
22	11	en	2018-12-05 19:11:26.471799	2018-12-05 19:11:26.471799	Museum - the estate of them. M. Pirogov
23	12	uk	2018-12-05 19:15:43.21839	2018-12-05 19:18:07.237598	`   
24	12	en	2018-12-05 19:15:43.220395	2018-12-05 19:18:07.239745	Monument to Eugenia Prunamier
16	8	en	2018-12-05 18:47:59.893824	2018-12-05 19:19:12.228743	Monument to Simone Petliura
26	13	en	2018-12-05 19:24:24.647288	2018-12-05 19:24:24.647288	Monument to Taras Shevchenko
28	14	en	2018-12-05 19:28:32.988266	2018-12-09 10:59:05.427494	Memorial to the architect G. Artinov
25	13	uk	2018-12-05 19:24:24.645612	2018-12-09 11:05:23.751575	` . 
27	14	uk	2018-12-05 19:28:32.986857	2018-12-09 11:07:54.780294	`     
15	8	uk	2018-12-05 18:47:59.892369	2018-12-09 11:09:01.191581	' . 
11	6	uk	2018-12-05 18:34:45.707627	2018-12-09 11:14:08.094738	 
\.


--
-- Data for Name: landmarks; Type: TABLE DATA; Schema: public; Owner: invest
--

COPY public.landmarks (id, img, "position") FROM stdin;
4	7c191f59d4055f6fd030ad5ab890954a.jpeg	1
3	a2ff05c165c32c8e0f3f0ec816d3a565.jpeg	0
5	e7a8aa32d32945557ad78c00e55a201d.jpeg	2
7	efcb08eb2552275ab9b1bee11b57cd6b.jpeg	4
8	5b313ef6d7d3f26ab159ab24e62286a6.jpeg	5
9	932f213e1f6d6f31350f68f75322fb71.jpeg	6
10	9de45363381b677e312c2f1ad24589c2.jpeg	7
11	b353936507e83d4584eb1c3ca7689b62.jpeg	8
12	a0b61a2e237d2598586363f547836df1.jpeg	9
14	6657cd4521e2ba0d70ab9fd443f05b55.jpeg	11
13	7dd67fbec81d331f35371420816aab9c.jpeg	3
6	379243153cdeec414487e2b8f6122849.jpeg	10
\.


--
-- Data for Name: map_layer_group_translations; Type: TABLE DATA; Schema: public; Owner: invest
--

COPY public.map_layer_group_translations (id, map_layer_group_id, locale, created_at, updated_at, title) FROM stdin;
3	2	uk	2019-01-11 14:11:02.349327	2019-01-11 14:11:02.349327	 
4	2	en	2019-01-11 14:11:02.350475	2019-01-11 14:12:22.25888	Structure of the city
1	1	uk	2019-01-11 14:10:07.717799	2019-01-23 09:28:07.530006	 
2	1	en	2019-01-11 14:10:07.719235	2019-01-23 09:28:07.53138	 Investment Opportunities
5	3	uk	2019-01-11 14:12:10.580702	2019-01-23 14:05:08.201636	 
6	3	en	2019-01-11 14:12:10.581764	2019-01-23 14:05:57.703685	Networks of the city
\.


--
-- Data for Name: map_layer_groups; Type: TABLE DATA; Schema: public; Owner: invest
--

COPY public.map_layer_groups (id, alias, created_at, updated_at) FROM stdin;
1	 investment_opportunities	2019-01-11 14:10:07.715448	2019-01-23 09:28:07.528247
2	structure	2019-01-11 14:11:02.345076	2019-01-23 09:30:14.329736
3	city_layers 	2019-01-11 14:12:10.579183	2019-01-23 14:05:57.701721
\.


--
-- Data for Name: map_layer_links; Type: TABLE DATA; Schema: public; Owner: invest
--

COPY public.map_layer_links (id, map_layer_id, link, created_at, updated_at, info) FROM stdin;
3	12	http://gisapi.vmr.gov.ua/OpenData/CBorder2015/GoogleMapsCompatible/{z}/{y}/{x}.png?ver=110418	2018-11-16 12:22:56.013007	2018-11-16 12:22:56.013007	
2	8	http://gisapi.vmr.gov.ua/OpenData/zoneplan/2018/GoogleMapsCompatible/{z}/{y}/{x}.png?ver=291118	2018-11-16 12:22:29.332096	2019-01-28 12:23:23.137852	GP_Zone51.png
1	9	http://gisapi.vmr.gov.ua/OpenData/genplan/2014/zone_nalog/GoogleMapsCompatible/{z}/{y}/{x}.png?ver=30714	2018-11-16 12:22:17.075275	2019-02-04 17:02:31.726198	Untitled-2.png
\.


--
-- Data for Name: map_layer_translations; Type: TABLE DATA; Schema: public; Owner: invest
--

COPY public.map_layer_translations (id, map_layer_id, locale, created_at, updated_at, title) FROM stdin;
1	1	uk	2018-08-22 07:02:33.398961	2018-08-22 07:02:33.398961	  greenfield
2	1	en	2018-08-22 07:02:33.405148	2018-08-22 07:02:33.405148	Ground sections greenfield
3	2	uk	2018-08-22 07:02:33.416672	2018-08-22 07:02:33.416672	  brownfield
4	2	en	2018-08-22 07:02:33.420454	2018-08-22 07:02:33.420454	Ground sections brownfield
7	4	uk	2018-08-22 07:02:33.447641	2018-08-22 07:02:33.447641	   -
8	4	en	2018-08-22 07:02:33.451667	2018-08-22 07:02:33.451667	Investment projects and business cases
15	8	uk	2018-08-22 07:02:33.51155	2018-08-22 07:02:33.51155	  
16	8	en	2018-08-22 07:02:33.515855	2018-08-22 07:02:33.515855	A layer of zoning of the city
18	9	en	2018-08-22 07:02:33.532269	2018-08-22 07:02:33.532269	A layer accrual of local tax
17	9	uk	2018-08-22 07:02:33.528323	2018-08-22 07:23:21.047104	   
13	7	uk	2018-08-22 07:02:33.495259	2018-08-28 09:51:27.855332	    
14	7	en	2018-08-22 07:02:33.49925	2018-08-28 09:51:27.856406	A layer with existing city enterprises 
21	11	uk	2018-10-25 10:51:46.334649	2018-10-25 10:51:46.334649	'  
22	11	en	2018-10-25 10:51:46.336884	2018-10-25 10:51:46.336884	Objects of communal property
23	12	uk	2018-11-16 12:22:56.007854	2018-11-16 12:22:56.007854	 
24	12	en	2018-11-16 12:22:56.010886	2018-11-16 12:22:56.010886	City borders
9	5	uk	2018-08-22 07:02:33.463637	2018-11-29 00:09:02.980145	  
10	5	en	2018-08-22 07:02:33.467881	2018-11-29 00:09:02.982058	Transport infrastructure of the city
11	6	uk	2018-08-22 07:02:33.479566	2018-11-29 00:09:13.501502	 
12	6	en	2018-08-22 07:02:33.48361	2018-11-29 00:09:13.503235	Engineering infrastructure
19	10	uk	2018-08-22 07:02:33.544129	2018-11-29 00:10:07.425506	    
20	10	en	2018-08-22 07:02:33.548184	2018-11-29 00:10:07.427195	A layer educational and scientific infrastructure
27	14	uk	2018-11-29 10:45:07.423627	2018-11-29 10:45:07.423627	 
28	14	en	2018-11-29 10:45:07.425082	2018-11-29 10:45:07.425082	Office premises
5	3	uk	2018-08-22 07:02:33.431845	2018-11-29 10:45:21.546477	 
6	3	en	2018-08-22 07:02:33.435724	2018-11-29 10:45:21.550398	Production premises
\.


--
-- Data for Name: map_layers; Type: TABLE DATA; Schema: public; Owner: invest
--

COPY public.map_layers (id, active, created_at, updated_at, layer, "position", icon, map_layer_group_id) FROM stdin;
11	t	2018-10-25 10:51:46.33266	2019-01-11 14:19:33.459034	f	\N	\N	2
6	f	2018-08-22 07:02:33.47579	2019-01-11 14:20:17.438904	f	\N	\N	2
12	t	2018-11-16 12:22:56.004512	2019-01-11 14:24:24.278369	t	\N	\N	3
1	t	2018-08-22 07:02:33.393468	2019-01-17 10:10:42.231982	f	\N	map-location-pin__7_.png	1
2	t	2018-08-22 07:02:33.413048	2019-01-17 10:11:01.013231	f	\N	map-location-pin__6_.png	1
3	t	2018-08-22 07:02:33.428112	2019-01-17 10:11:23.622116	f	\N	map-location-pin__8_.png	1
7	t	2018-08-22 07:02:33.491476	2019-01-17 10:12:14.803798	f	\N	map-location-pin.png	3
10	t	2018-08-22 07:02:33.540233	2019-01-17 10:13:22.492416	f	\N	map-location-pin__1_.png	2
4	t	2018-08-22 07:02:33.443334	2019-01-23 14:02:40.474193	f	\N	map-location-pin__9_.png	1
14	t	2018-11-29 10:45:07.421937	2019-01-23 14:03:04.36294	f	\N	map-location-pin__2_.png	1
9	t	2018-08-22 07:02:33.524525	2019-01-23 14:07:24.801137	t	\N	\N	2
8	t	2018-08-22 07:02:33.507745	2019-01-23 14:07:42.085806	t	\N	\N	2
5	f	2018-08-22 07:02:33.459668	2019-01-29 13:17:00.302373	f	\N	\N	3
\.


--
-- Data for Name: material_content_column_translations; Type: TABLE DATA; Schema: public; Owner: invest
--

COPY public.material_content_column_translations (id, material_content_column_id, locale, created_at, updated_at, title, value) FROM stdin;
\.


--
-- Data for Name: material_content_columns; Type: TABLE DATA; Schema: public; Owner: invest
--

COPY public.material_content_columns (id, content_id, color) FROM stdin;
\.


--
-- Data for Name: material_translations; Type: TABLE DATA; Schema: public; Owner: invest
--

COPY public.material_translations (id, material_id, locale, created_at, updated_at, title, description) FROM stdin;
4	2	en	2018-08-20 13:08:32.988056	2018-08-20 13:08:32.988056	Engineering	<ul>\r\n\t<li>     :\r\n\t<ul>\r\n\t\t<li>   </li>\r\n\t\t<li>  </li>\r\n\t\t<li></li>\r\n\t</ul>\r\n\t</li>\r\n\t<li> 1200   (  &laquo;&raquo;);</li>\r\n\t<li>   (       )    (   );</li>\r\n</ul>\r\n\r\n<p>  &ndash;  &laquo; &raquo; (UBC Group),  &laquo; &raquo; (  Delphi  ),  &laquo;  &laquo;&raquo;,  &quot;&quot;,  &quot; &quot;,  &laquo;  &laquo;&raquo;.</p>\r\n
7	4	uk	2018-08-20 13:49:45.076342	2018-09-03 14:20:31.799061	,  	<p><span style="font-size:18px;"><span style="font-family:ProximaNova-Light;"><strong>-:</strong>  &ndash;        - (   &laquo;   &raquo;  &laquo;&raquo;)</span></span></p>\r\n\r\n<p><span style="font-size:18px;"><span style="font-family:ProximaNova-Light;"> 700     </span></span></p>\r\n\r\n<p><span style="font-size:18px;"><span style="font-family:ProximaNova-Light;">2000       (2 %   )</span></span></p>\r\n\r\n<p>&nbsp;</p>\r\n\r\n<p>&nbsp;</p>\r\n\r\n<p>&nbsp;</p>\r\n\r\n<p><span style="font-size:18px;"><span style="font-family:ProximaNova-Light;"><meta charset="utf-8" /></span></span></p>\r\n\r\n<p dir="ltr"><span style="font-size:18px;"><span style="font-family:ProximaNova-Light;"><span style="color:#c0392b;"><b id="docs-internal-guid-0073741e-7fff-7a7f-efda-00985ab21dd9"> 6      IT-</b></span></span></span></p>\r\n\r\n<p dir="ltr"><span style="font-size:18px;"><span style="font-family:ProximaNova-Light;"><span style="color:#c0392b;"><b id="docs-internal-guid-0073741e-7fff-7a7f-efda-00985ab21dd9"> 1500 $ -      </b></span></span></span></p>\r\n\r\n<p dir="ltr"><span style="font-size:18px;"><span style="font-family:ProximaNova-Light;"><span style="color:#c0392b;"><b id="docs-internal-guid-0073741e-7fff-7a7f-efda-00985ab21dd9"> 11 IT-   &ndash; 50    </b></span></span></span></p>\r\n\r\n<p dir="ltr"><span style="font-size:18px;"><span style="font-family:ProximaNova-Light;">EPAM, Ciklum, Sigma Software, Playtika, UA, Astound Commerce, Onseo, CoreValue, Delphi Software.</span></span></p>\r\n\r\n<p dir="ltr">&nbsp;</p>\r\n\r\n<p dir="ltr">&nbsp;</p>\r\n
6	3	en	2018-08-20 13:20:15.024115	2018-08-31 16:39:03.997103	Agri / Food	<p>  (    ):</p>\r\n\r\n<ul>\r\n\t<li>&gt;50 %   </li>\r\n\t<li>  &ndash;       /,        / </li>\r\n\t<li>76 % -  /  </li>\r\n\t<li>&gt; 10  , &rsquo;   </li>\r\n</ul>\r\n\r\n<p>  &ndash; Roshen, ViOil, Agrana Fruit, , ,      , .</p>\r\n
3	2	uk	2018-08-20 13:08:32.960874	2018-09-03 14:20:50.939046		<ul>\r\n\t<li style="text-align: justify;"><span style="font-size:18px;"><span style="font-family:ProximaNova-Light;">     :</span></span>\r\n\t<ul>\r\n\t\t<li><span style="font-size:18px;"><span style="font-family:ProximaNova-Light;">   </span></span></li>\r\n\t\t<li><span style="font-size:18px;"><span style="font-family:ProximaNova-Light;">  </span></span></li>\r\n\t\t<li><span style="font-size:18px;"><span style="font-family:ProximaNova-Light;"></span></span></li>\r\n\t</ul>\r\n\t</li>\r\n\t<li style="text-align: justify;"><span style="font-size:18px;"><span style="font-family:ProximaNova-Light;"> 1200   (  &laquo;&raquo;);</span></span></li>\r\n\t<li style="text-align: justify;"><span style="font-size:18px;"><span style="font-family:ProximaNova-Light;">   (       )    (   );</span></span></li>\r\n</ul>\r\n\r\n<p style="text-align: justify;"><span style="font-size:18px;"><span style="font-family:ProximaNova-Light;">  &ndash;  &laquo; &raquo; (UBC Group),  &laquo; &raquo; (  Delphi  ),  &laquo;  &laquo;&raquo;,  &quot;&quot;,  &quot; &quot;,  &laquo;  &laquo;&raquo;.</span></span></p>\r\n
8	4	en	2018-08-20 13:49:45.080366	2018-08-20 13:49:45.080366	,  	<p>-:  &ndash;        - (   &laquo;   &raquo;  &laquo;&raquo;)</p>\r\n\r\n<p> 700     </p>\r\n\r\n<p>2000       (2 %   )</p>\r\n\r\n<p>  &ndash; EPAM, Ciclum, Sigma Software, Playtika, UA, Astound Commerce, Onseo, CoreValue, Delphi Software.</p>\r\n
18	9	en	2018-09-04 12:09:05.178892	2018-09-06 11:31:50.199346	Creative industries	
5	3	uk	2018-08-20 13:20:15.017786	2018-09-03 14:20:08.54696	 	<p><span style="font-size:18px;"><span style="font-family:ProximaNova-Light;">  (    ):</span></span></p>\r\n\r\n<ul>\r\n\t<li><span style="font-size:18px;"><span style="font-family:ProximaNova-Light;">&gt;50 %   </span></span></li>\r\n\t<li><span style="font-size:18px;"><span style="font-family:ProximaNova-Light;">  &ndash;       /,        / </span></span></li>\r\n\t<li><span style="font-size:18px;"><span style="font-family:ProximaNova-Light;">&gt; 10  , &rsquo;   </span></span></li>\r\n</ul>\r\n\r\n<p><span style="font-size:18px;"><span style="font-family:ProximaNova-Light;">  &ndash; Roshen, ViOil, Agrana Fruit, , ,      , .</span></span><br />\r\n&nbsp;</p>\r\n
14	7	en	2018-09-04 12:07:54.932231	2018-09-04 12:07:54.932231	  	
16	8	en	2018-09-04 12:08:37.125724	2018-09-04 12:08:37.125724		
17	9	uk	2018-09-04 12:09:05.177459	2018-09-04 12:11:45.594997	 	<p style="margin-bottom:8.0pt; text-align:justify; margin:0cm 0cm 0.0001pt"><span style="font-size:18px;"><span style="font-family:ProximaNova-Light;"><span style="line-height:115%"><span lang="uk"><span style="line-height:115%">              .</span></span></span></span></span></p>\r\n\r\n<p style="margin-bottom:8.0pt; text-align:justify; margin:0cm 0cm 0.0001pt">&nbsp;</p>\r\n\r\n<p style="margin-bottom:8.0pt; text-align:justify; margin:0cm 0cm 0.0001pt"><span style="font-size:18px;"><span style="font-family:ProximaNova-Light;"><span style="line-height:115%"><span lang="uk"><span style="line-height:115%">-</span></span>&nbsp;&nbsp;&nbsp;&nbsp;&nbsp;&nbsp;&nbsp; <span lang="uk"><span style="line-height:115%">        -    .</span></span></span></span></span></p>\r\n\r\n<p style="margin-bottom:8.0pt; text-align:justify; margin:0cm 0cm 0.0001pt"><span style="font-size:18px;"><span style="font-family:ProximaNova-Light;"><span style="line-height:115%"><span lang="uk"><span style="line-height:115%">-</span></span>&nbsp;&nbsp;&nbsp;&nbsp;&nbsp;&nbsp; <span lang="uk"><span style="line-height:115%">          ,     .</span></span></span></span></span></p>\r\n\r\n<p style="margin-bottom:8.0pt; text-align:justify; margin:0cm 0cm 0.0001pt">&nbsp;</p>\r\n\r\n<p style="margin-bottom:8.0pt; text-align:justify; margin:0cm 0cm 0.0001pt"><span style="font-size:18px;"><span style="font-family:ProximaNova-Light;"><span style="line-height:115%"><span lang="uk"><span style="line-height:115%">  -   &laquo;&raquo;,   &quot;&quot;,   &quot;iHUB&quot;,  &laquo;&raquo;.</span></span></span></span></span></p>\r\n
15	8	uk	2018-09-04 12:08:37.124221	2018-09-04 12:12:15.783464	   	<p style="margin-bottom:8.0pt; text-align:justify; margin:0cm 0cm 0.0001pt"><span style="font-size:18px;"><span style="font-family:ProximaNova-Light;"><span style="line-height:107%"><span lang="uk"><span style="line-height:107%"> .  -        (5 518  -  ).</span></span></span></span></span></p>\r\n\r\n<p style="margin-bottom:8.0pt; text-align:justify; margin:0cm 0cm 0.0001pt">&nbsp;</p>\r\n\r\n<p style="margin-bottom:8.0pt; text-align:justify; margin:0cm 0cm 0.0001pt"><span style="font-size:18px;"><span style="font-family:ProximaNova-Light;"><span style="line-height:107%"><span lang="uk"><span style="line-height:107%">-</span></span>&nbsp;&nbsp;&nbsp;&nbsp;&nbsp;&nbsp;&nbsp; <span lang="uk"><span style="line-height:107%">.           10,3%.</span></span></span></span></span></p>\r\n\r\n<p style="margin-bottom:8.0pt; text-align:justify; margin:0cm 0cm 0.0001pt"><span style="font-size:18px;"><span style="font-family:ProximaNova-Light;"><span style="line-height:107%"><span lang="uk"><span style="line-height:107%">-</span></span>&nbsp;&nbsp;&nbsp;&nbsp;&nbsp;&nbsp;&nbsp; <span lang="uk"><span style="line-height:107%">         .</span></span></span></span></span></p>\r\n\r\n<p style="margin-bottom:8.0pt; text-align:justify; margin:0cm 0cm 0.0001pt">&nbsp;</p>\r\n\r\n<p style="margin-bottom:8.0pt; text-align:justify; margin:0cm 0cm 0.0001pt"><span style="font-size:18px;"><span style="font-family:ProximaNova-Light;"><span style="line-height:107%"><span lang="uk"><span style="line-height:107%">  &ndash;  &laquo;&raquo;,    &laquo;&raquo;, &laquo;  &raquo;.</span></span></span></span></span></p>\r\n
13	7	uk	2018-09-04 12:07:54.930799	2018-09-04 12:11:34.126994	  	<p style="margin-bottom:8.0pt; text-align:justify; margin:0cm 0cm 0.0001pt"><span style="font-size:18px;"><span style="font-family:ProximaNova-Light;"><span style="line-height:107%"><span lang="uk"><span style="line-height:107%">   (   ,   ), &gt; 8000 -.</span></span></span></span></span></p>\r\n\r\n<p style="margin-bottom:8.0pt; text-align:justify; margin:0cm 0cm 0.0001pt"><span style="font-size:18px;"><span style="font-family:ProximaNova-Light;"><span style="line-height:107%"><span lang="uk"><span style="line-height:107%">-</span></span>&nbsp;&nbsp;&nbsp;&nbsp;&nbsp;&nbsp;&nbsp; <span lang="uk"><span style="line-height:107%">8   (  )</span></span></span></span></span></p>\r\n\r\n<p style="margin-bottom:8.0pt; text-align:justify; margin:0cm 0cm 0.0001pt"><span style="font-size:18px;"><span style="font-family:ProximaNova-Light;"><span style="line-height:107%"><span lang="uk"><span style="line-height:107%">-</span></span>&nbsp;&nbsp;&nbsp;&nbsp;&nbsp;&nbsp;&nbsp; <span lang="uk"><span style="line-height:107%"> 100       5  ( ).</span></span></span></span></span></p>\r\n\r\n<p style="margin-bottom:8.0pt; text-align:justify; margin:0cm 0cm 0.0001pt">&nbsp;</p>\r\n\r\n<p style="margin-bottom:8.0pt; text-align:justify; margin:0cm 0cm 0.0001pt"><span style="font-size:18px;"><span style="font-family:ProximaNova-Light;"><span style="line-height:107%"><span lang="uk"><span style="line-height:107%">  -  ,   &laquo;&raquo;.</span></span></span></span></span></p>\r\n
2	1	en	2018-08-20 10:21:22.211687	2018-10-12 14:05:31.598324	About the city	<p style="text-align: center;"><img alt="" src="/uploads/ckeditor/pictures/18/content_%D0%9C%D0%BE%D1%80%D0%B3%D1%83%D0%BD%D0%BE%D0%B2.JPG" /></p>\r\n\r\n<p style="text-align: justify;"><strong><span style="font-size:18px;"><span style="font-family:ProximaNova-Light;">Dear colleagues,</span></span></strong></p>\r\n\r\n<p style="text-align: justify;"><span style="font-size:18px;"><span style="font-family:ProximaNova-Light;">V</span></span><span style="font-size:18px;"><span style="font-family:ProximaNova-Light;">innytsia is a modern city with a dynamically developing economy. The city has well-established industrial traditions, a strong educational base, scientific schools engaged in such areas as IT, engineering, healthcare.</span></span></p>\r\n\r\n<p style="text-align: justify;"><span style="font-size:18px;"><span style="font-family:ProximaNova-Light;">Vinnytsia is characterized by an advantageous geographic location, which is one of its key competitive advantages. During the period of independence, the city&#39;s economy has significantly transformed: there has been a structural shift from machine building, electronic and chemical industries towards the food industry, trade and tertiary sector.</span></span></p>\r\n\r\n<p style="text-align: justify;"><span style="font-size:18px;"><span style="font-family:ProximaNova-Light;">In recent years, the city authorities have been actively working on attracting investments and developing the industry sector.</span></span></p>\r\n\r\n<p style="text-align: justify;"><span style="font-size:18px;"><span style="font-family:ProximaNova-Light;">The investment site will be interesting and useful for private investors, representatives of foreign companies, citizens of the city and Ukraine. We invite you to cooperate in the implementation of joint investment initiatives.</span></span></p>\r\n\r\n<p style="text-align: justify;"><strong><span style="font-size:18px;"><span style="font-family:ProximaNova-Light;">Sincerely,<br />\r\nSerhii Morhunov<br />\r\nMayor of Vinnytsia</span></span></strong><br />\r\n&nbsp;</p>\r\n\r\n<p><span style="color:#c0392b;"><span style="font-size:28px;"><span style="font-family:ProximaNova-Light;">QUICK TIPS ABOUT VINNYTSIA</span></span></span></p>\r\n\r\n<ul>\r\n\t<li><span style="font-size:18px;"><span style="font-family:ProximaNova-Light;">Year of foundation - 1363</span></span></li>\r\n\t<li><span style="font-size:18px;"><span style="font-family:ProximaNova-Light;">The area of the city is 113.2 km2</span></span></li>\r\n\t<li><span style="font-size:18px;"><span style="font-family:ProximaNova-Light;">Population - 371, 9 thousand people</span></span></li>\r\n\t<li><span style="font-size:18px;"><span style="font-family:ProximaNova-Light;">The city budget for 2018 - 4.8&nbsp;billion hryvnias, including the budget for development - 857&nbsp;million hryvnia.</span></span></li>\r\n\t<li><span style="font-size:18px;"><span style="font-family:ProximaNova-Light;">The length of the Southern Bug River within the city is -14 km</span></span></li>\r\n\t<li><span style="font-size:18px;"><span style="font-family:ProximaNova-Light;">Vinnytsia Industrial Park - 60.7 hectares</span></span></li>\r\n\t<li><span style="font-size:18px;"><span style="font-family:ProximaNova-Light;">The industrial park &quot;Vinnitsa cluster of refrigeration engineering&quot; - 19,27 hectares</span></span></li>\r\n\t<li><span style="font-size:18px;"><span style="font-family:ProximaNova-Light;">Three times recognized as the best city for life</span></span></li>\r\n\t<li><span style="font-size:18px;"><span style="font-family:ProximaNova-Light;">No. 1 in the &quot;Index of Satisfaction with Quality of Spheres and Services&quot; 2017, 2018 All-Ukrainian Municipal Survey</span></span></li>\r\n\t<li><span style="font-size:18px;"><span style="font-family:ProximaNova-Light;">European Energy Award</span></span></li>\r\n\t<li><span style="font-size:18px;"><span style="font-family:ProximaNova-Light;">&laquo;invA +&raquo; score &mdash; &laquo;High investment attractiveness&raquo; in ratings of IBI-Rating</span></span></li>\r\n\t<li><span style="font-size:18px;"><span style="font-family:ProximaNova-Light;">&laquo;uaA&raquo; score &mdash; &laquo;High creditworthiness&raquo; in ratings of IBI-Rating by National Rating Scale</span></span></li>\r\n\t<li><span style="font-size:18px;"><span style="font-family:ProximaNova-Light;">80% of FDI from EU countries</span></span></li>\r\n</ul>\r\n
21	11	uk	2018-09-05 15:44:28.247113	2018-10-18 15:20:12.393078	 	<div><img alt="" src="/uploads/ckeditor/pictures/25/content_Vinnytsia_Investment__Guide1.bmp" style="width: 800px; height: 566px;" /> <img alt="" src="/uploads/ckeditor/pictures/26/content_Vinnytsia_Investment__Guide2.bmp" style="width: 800px; height: 566px;" /> <img alt="" src="/uploads/ckeditor/pictures/27/content_Vinnytsia_Investment__Guide3.bmp" style="width: 800px; height: 566px;" /> <img alt="" src="/uploads/ckeditor/pictures/28/content_Vinnytsia_Investment__Guide4.bmp" style="width: 800px; height: 566px;" /></div>\r\n
22	11	en	2018-09-05 15:44:28.248642	2018-09-06 11:32:20.700077	Investor's Guide	
1	1	uk	2018-08-20 10:21:22.201205	2018-10-12 14:06:21.849574	 	<p style="text-align: center;"><img alt="" src="/uploads/ckeditor/pictures/17/content_%D0%9C%D0%BE%D1%80%D0%B3%D1%83%D0%BD%D0%BE%D0%B2.JPG" /></p>\r\n\r\n<p style="text-align: justify;"><span style="font-size:18px;"><span style="font-family:ProximaNova-Light;"><strong> </strong>,</span></span></p>\r\n\r\n<p style="text-align: justify;"><span style="font-size:18px;"><span style="font-family:ProximaNova-Light;"> -  ,    .     .     ,      , , .</span></span></p>\r\n\r\n<p style="text-align: justify;"><span style="font-size:18px;"><span style="font-family:ProximaNova-Light;">    ,        .   ,    :      ,        ,    .</span></span></p>\r\n\r\n<p style="text-align: justify;"><span style="font-size:18px;"><span style="font-family:ProximaNova-Light;">             .&nbsp;</span></span></p>\r\n\r\n<p style="text-align: justify;"><span style="font-size:18px;"><span style="font-family:ProximaNova-Light;">          ,   ,    .        .</span></span></p>\r\n\r\n<p><strong><span style="font-size:18px;"><span style="font-family:ProximaNova-Light;"> ,  </span></span></strong></p>\r\n\r\n<p><strong><span style="font-size:18px;"><span style="font-family:ProximaNova-Light;"> </span></span></strong></p>\r\n\r\n<img alt="" src="/uploads/ckeditor/pictures/29/content_%D1%80%D0%B5%D0%B7%D1%8E%D0%BC%D0%B5.png" style="width: 594px; height: 800px;" />\r\n
\.


--
-- Data for Name: materials; Type: TABLE DATA; Schema: public; Owner: invest
--

COPY public.materials (id, created_at, updated_at, link) FROM stdin;
3	2018-08-20 13:20:14.989185	2018-09-03 14:20:08.54538	
4	2018-08-20 13:49:45.05206	2018-09-03 14:20:31.79722	
2	2018-08-20 13:08:32.92115	2018-09-03 14:20:50.937358	
7	2018-09-04 12:07:54.929329	2018-09-04 12:11:34.12516	
8	2018-09-04 12:08:37.122557	2018-09-04 12:12:15.782123	
9	2018-09-04 12:09:05.176017	2018-09-06 11:31:50.196839	
1	2018-08-20 10:21:22.19064	2018-10-12 14:06:21.848335	
11	2018-09-05 15:44:28.245457	2018-10-18 15:20:12.391618	gid
\.


--
-- Data for Name: menu_groups; Type: TABLE DATA; Schema: public; Owner: invest
--

COPY public.menu_groups (id, group_key, name) FROM stdin;
1	1	
\.


--
-- Data for Name: menu_translations; Type: TABLE DATA; Schema: public; Owner: invest
--

COPY public.menu_translations (id, menu_id, locale, created_at, updated_at, title, tag_alt) FROM stdin;
34	3	en	2018-08-22 15:15:56.790456	2018-08-22 15:15:56.790456	Projects	Projects
37	5	uk	2018-08-22 15:15:56.826084	2018-08-22 15:15:56.826084	 	 
38	5	en	2018-08-22 15:15:56.829187	2018-08-22 15:15:56.829187	Investors Guide	Investors Guide
41	7	uk	2018-08-22 15:15:56.917393	2018-10-11 09:14:46.735578	 	 
42	7	en	2018-08-22 15:15:56.920366	2018-10-11 09:14:46.736941	About us	About us
33	3	uk	2018-08-22 15:15:56.787252	2018-10-12 14:03:08.561896		
43	8	uk	2018-11-28 21:51:08.739951	2018-11-28 21:51:08.739951		
44	8	en	2018-11-28 21:51:08.744336	2018-11-28 21:51:08.744336	News	News
45	9	uk	2018-11-28 21:56:30.372551	2018-11-28 21:56:30.372551		
46	9	en	2018-11-28 21:56:30.375051	2018-11-28 21:56:30.375051	Branches	Branches
47	10	uk	2018-12-04 13:26:03.909498	2018-12-04 13:26:03.909498		
48	10	en	2018-12-04 13:26:03.911217	2018-12-04 13:26:03.911217	Tourism	Tourism
\.


--
-- Data for Name: menus; Type: TABLE DATA; Schema: public; Owner: invest
--

COPY public.menus (id, link, "position", menu_group_id, parent_id, active, menu_type) FROM stdin;
8	articles	5	1	0	t	menu
7	our_team	6	1	0	t	menu
5	guide	4	1	0	t	menu
3	invest_maps	1	1	0	t	menu
9	sectors	2	1	0	t	menu
10	tourism	3	1	0	t	menu
\.


--
-- Data for Name: office_area_translations; Type: TABLE DATA; Schema: public; Owner: invest
--

COPY public.office_area_translations (id, office_area_id, locale, created_at, updated_at, name, transfer_type, address, owner, gas, electricity, water_supply, drainager, heat_supply, ethernet, phone_sypply, area_class, ventilation, fireproof, guard, parking) FROM stdin;
3	2	uk	2019-02-26 09:11:02.712809	2019-02-26 09:11:02.712809			 													
4	2	en	2019-02-26 09:11:02.71489	2019-02-26 09:11:02.71489			 													
\.


--
-- Data for Name: office_areas; Type: TABLE DATA; Schema: public; Owner: invest
--

COPY public.office_areas (id, edrpou_code, site, total_area, electricity_cost, gas_cost, water_cost, drainager_cost, heat_cost, city_center_distance, transport_stop_distance, phone, email, rent, sale, date_info, main_image, gis_type_name, user_id, state, map_layer_id, created_at, updated_at) FROM stdin;
2			32	23	2323	2323	2323	23	232	232	+38(232)323-23-23		232	2323	2019-02-01	\N	Point	3	2	8	2019-02-26 09:11:02.708882	2019-02-26 09:11:02.740709
\.


--
-- Data for Name: ownership_translations; Type: TABLE DATA; Schema: public; Owner: invest
--

COPY public.ownership_translations (id, ownership_id, locale, created_at, updated_at, name) FROM stdin;
1	1	uk	2018-11-22 12:59:48.903405	2018-11-22 12:59:48.903405	
2	1	en	2018-11-22 12:59:48.905035	2018-11-22 12:59:48.905035	Governmental
3	2	uk	2018-11-22 12:59:48.908793	2018-11-22 12:59:48.908793	
4	2	en	2018-11-22 12:59:48.909915	2018-11-22 12:59:48.909915	Private
5	3	uk	2018-11-22 12:59:48.913385	2018-11-22 12:59:48.913385	
6	3	en	2018-11-22 12:59:48.914501	2018-11-22 12:59:48.914501	Municipal
\.


--
-- Data for Name: ownerships; Type: TABLE DATA; Schema: public; Owner: invest
--

COPY public.ownerships (id, created_at, updated_at) FROM stdin;
1	2018-11-22 12:59:48.901654	2018-11-22 12:59:48.901654
2	2018-11-22 12:59:48.907615	2018-11-22 12:59:48.907615
3	2018-11-22 12:59:48.912234	2018-11-22 12:59:48.912234
\.


--
-- Data for Name: period_event_translations; Type: TABLE DATA; Schema: public; Owner: invest
--

COPY public.period_event_translations (id, period_event_id, locale, created_at, updated_at, title) FROM stdin;
1	1	uk	2018-12-05 10:05:14.686083	2018-12-05 10:05:14.686083	- 
2	1	en	2018-12-05 10:05:14.687632	2018-12-05 10:05:14.687632	December-January
3	2	uk	2018-12-05 10:20:31.417832	2018-12-05 10:20:31.417832	
4	2	en	2018-12-05 10:20:31.420964	2018-12-05 10:20:31.420964	February
5	3	uk	2018-12-05 10:21:02.233863	2018-12-05 10:21:02.233863	
6	3	en	2018-12-05 10:21:02.235546	2018-12-05 10:21:02.235546	March
7	4	uk	2018-12-05 10:21:33.744536	2018-12-05 10:21:33.744536	
8	4	en	2018-12-05 10:21:33.74626	2018-12-05 10:21:33.74626	April
9	5	uk	2018-12-05 10:21:57.219845	2018-12-05 10:21:57.219845	
10	5	en	2018-12-05 10:21:57.220969	2018-12-05 10:21:57.220969	May
11	6	uk	2018-12-05 10:22:28.888381	2018-12-05 10:22:28.888381	
12	6	en	2018-12-05 10:22:28.889551	2018-12-05 10:22:28.889551	June
13	7	uk	2018-12-05 10:23:17.464252	2018-12-05 10:23:17.464252	
14	7	en	2018-12-05 10:23:17.465351	2018-12-05 10:23:17.465351	July
15	8	uk	2018-12-05 10:26:18.285644	2018-12-05 10:26:18.285644	
16	8	en	2018-12-05 10:26:18.287793	2018-12-05 10:26:18.287793	August
17	9	uk	2018-12-05 10:27:40.398171	2018-12-05 10:27:40.398171	
18	9	en	2018-12-05 10:27:40.399352	2018-12-05 10:27:40.399352	September
19	10	uk	2018-12-05 10:53:18.547833	2018-12-05 10:53:18.547833	
20	10	en	2018-12-05 10:53:18.549237	2018-12-05 10:53:18.549237	October
21	11	uk	2018-12-05 10:53:57.05293	2018-12-05 10:53:57.05293	-
22	11	en	2018-12-05 10:53:57.054686	2018-12-05 10:53:57.054686	November-December
25	13	uk	2018-12-05 10:54:53.898896	2018-12-05 10:54:53.898896	 
26	13	en	2018-12-05 10:54:53.899906	2018-12-05 10:54:53.899906	During the year
\.


--
-- Data for Name: period_events; Type: TABLE DATA; Schema: public; Owner: invest
--

COPY public.period_events (id, "position") FROM stdin;
1	0
2	1
3	2
4	3
5	4
6	5
7	6
8	7
9	8
10	9
11	10
13	11
\.


--
-- Data for Name: potential_investors; Type: TABLE DATA; Schema: public; Owner: invest
--

COPY public.potential_investors (id, company_name, branch, product_description, project_description, novelty, budget, object, land_area, area_type, infrastructure, area, transfer_type, workers, skilled_workers, ownership, partners, comment, project_cost, name, phone, fax, email, site, other_info) FROM stdin;
1	test	test	test	test	test	test	test	test	test	test	test	test	test	test	test	test	test	test	test	+38(000)000-00-00	test	test	test	test
2	Test	Test	Test	Test	Test	Test	Test	Test	Test	Test	Test	Test	Test	Test	Test	Test	Test	Test	TestTestTest	+38(000)000-00-00	Test	Test	Test	Test
3																								
4	info23	info23	info23	info23	info23	info23	info23	info23	info23	info23	info23	info23	info23	info23	info23	info23	info23	info23	info23		info23	info23@cantatic.com	info23	info23
5	  ,    	  ,    	  ,    	  ,    								  ,    	  ,    	  ,    										
\.


--
-- Data for Name: production_area_translations; Type: TABLE DATA; Schema: public; Owner: invest
--

COPY public.production_area_translations (id, production_area_id, locale, created_at, updated_at, name, transfer_type, address, owner, gas, electricity, water_supply, drainager, central_heat_supply) FROM stdin;
3	2	uk	2019-02-26 08:04:48.660464	2019-02-26 08:04:48.660464	 		 						
4	2	en	2019-02-26 08:04:48.661744	2019-02-26 08:04:48.661744			 						
\.


--
-- Data for Name: production_areas; Type: TABLE DATA; Schema: public; Owner: invest
--

COPY public.production_areas (id, edrpou_code, site, railway_track, railway_distance, trucks_road, state_road_distance, airport_distance, total_area, building_year, free_floors_count, free_floors, production_area, additional, phone, email, rent_year, sale, date_info, gis_type_name, main_image, created_at, updated_at, state, user_id, map_layer_id, ownership_id) FROM stdin;
2			t	233	t	32	32	32	1999	4	3	45	54	+38(093)561-16-44	yuriinevout@gmail.com	43343	4343	\N	Point	\N	2019-02-26 08:04:48.657277	2019-02-26 08:21:20.179216	2	3	4	1
\.


--
-- Data for Name: project_files; Type: TABLE DATA; Schema: public; Owner: invest
--

COPY public.project_files (id, file, locale, fileable_type, fileable_id, created_at, updated_at) FROM stdin;
\.


--
-- Data for Name: project_images; Type: TABLE DATA; Schema: public; Owner: invest
--

COPY public.project_images (id, image, locale, imageable_type, imageable_id, created_at, updated_at) FROM stdin;
8	7f67b357399cebe9ed87c9de751700f4.png	en	Material	2	2018-08-20 13:08:33.076327	2018-08-20 13:08:33.076327
3	48a04ca15115c3a19c2bff84cf1bff4c.png	en	Slider	2	2018-08-07 14:56:49.487929	2018-10-29 09:26:55.187862
12	b47b734808917c5aa27a2f5305330346.png	en	Slider	4	2018-08-20 14:26:45.638281	2018-10-29 09:28:18.131815
30	0e977f8fc814694ab8fe324dbcf093b9.png	en	Slider	6	2018-10-29 09:29:04.311134	2018-10-29 09:29:04.311134
31	5a5523827d1a8ecb95486f0d4cfc1331.png	en	Slider	1	2018-10-29 09:29:59.510123	2018-10-29 09:29:59.510123
32	363e6a5dda910115c080d43ef0451643.png	uk	Article	4	2018-10-31 14:23:49.758419	2018-10-31 14:23:49.758419
33	2dc038de5b43a55caac4e5dd79ecb50b.png	en	Article	2	2018-11-02 10:54:43.618339	2018-11-02 10:54:43.618339
63	7ead8e96395c83d5a41deeb937e1338c.png	en	About	8	2018-12-12 10:25:51.544716	2018-12-12 10:25:51.544716
64	cea049a5c650ed3f53d02f40eed41d79.jpeg	uk	About	7	2018-12-12 10:26:21.672498	2018-12-12 10:26:21.672498
65	f7f77e6aa720fbdc2bc735d414ac9968.png	en	About	7	2018-12-12 10:26:21.674947	2018-12-12 10:26:21.674947
66	7716f0de3a895d624b66e6e1e96e1c3d.jpeg	uk	About	9	2018-12-12 10:27:55.722202	2018-12-12 10:27:55.722202
67	2637c02cdb266392a9107ee5a2592c4a.png	en	About	9	2018-12-12 10:27:55.726126	2018-12-12 10:27:55.726126
68	e14ccb622a980df570cb9a07f8d35acb.jpeg	uk	About	10	2018-12-12 10:28:17.466336	2018-12-12 10:28:17.466336
24	87a0e5f2065e8c15bbdbd09ec0a9ac3b.png	uk	Article	2	2018-08-27 15:17:32.772277	2018-08-31 15:54:29.625942
28	190113892f3996cdeef1ae35f59cdb5d.png	uk	Article	3	2018-09-03 06:05:23.092854	2018-09-03 06:13:09.057169
71	f5e4ab2378c661ed939e6871a6f9b2ec.jpeg	uk	Article	8	2019-02-13 07:04:17.694833	2019-02-13 07:04:17.694833
69	ea23af154f03aeca090ba0de31af24ad.png	en	About	10	2018-12-12 10:28:17.469955	2018-12-12 10:28:17.469955
73	a0aa606a1086fe7309b457f5dbd008a8.jpeg	uk	Article	11	2019-02-13 07:18:27.769186	2019-02-13 07:18:27.769186
47	095b97009ce8df3dde0572835715db7c.jpeg	uk	Project	5	2018-12-07 08:58:20.534236	2019-03-01 09:45:29.99294
42	8fcfa39dca0cb150523bd44e0ff9b688.png	en	Article	4	2018-11-28 22:55:32.930943	2018-11-28 22:55:32.930943
41	a5c5ff411d26e3aa068bcf3a8ac58beb.png	en	Article	3	2018-11-28 22:50:29.326162	2018-11-28 22:56:52.235609
48	cf1d950ec6b65deb677b35246903087d.png	en	Project	5	2018-12-07 12:20:36.484178	2019-03-01 09:45:29.995577
74	70cf37be7ba65be899eef9b388d22e4d.jpeg	uk	Project	8	2019-03-06 16:01:13.067361	2019-03-06 16:01:13.067361
5	f62cccd96beac30f76272fad2bb66487.png	uk	Article	1	2018-08-20 08:04:38.944368	2018-11-28 23:00:21.801412
40	2aff2c1befe9be3d018bcfa992fbef06.png	en	Article	1	2018-11-28 22:48:06.755737	2018-11-28 23:00:21.806405
1	e46bf7d505d616638e59c426ff1242f4.png	uk	Slider	1	2018-08-07 14:56:01.206274	2018-10-12 06:08:43.324652
44	f1b13f44f14d4193d663b2bfcfa7dc12.jpeg	uk	Article	7	2018-11-30 15:24:29.571733	2018-11-30 15:24:29.571733
15	3879657a2b88c81207c74718cc6f40a1.png	uk	Slider	6	2018-08-20 14:32:17.909642	2018-10-12 06:09:39.650545
2	e8605cbb935b28258f7600e3f7275815.png	uk	Slider	2	2018-08-07 14:56:49.477296	2018-10-12 06:10:05.024948
11	54b3edd0d727ff4279240da290106411.png	uk	Slider	4	2018-08-20 14:26:45.569952	2018-10-12 06:10:19.356558
75	68f5f117b0c11711f1630ef363bf545f.png	en	Project	8	2019-03-06 16:01:13.0719	2019-03-06 16:01:13.0719
76	0e7ffb48052631d4259f3cc970868472.jpeg	uk	Project	9	2019-03-06 16:48:45.713536	2019-03-06 16:48:45.713536
50	b25598de7a6d9dc8e564625d8531932e.jpeg	uk	About	1	2018-12-12 10:18:29.275046	2018-12-12 10:18:29.275046
51	932602752e15884fc8aca5b878ea62f4.png	en	About	1	2018-12-12 10:18:29.279512	2018-12-12 10:18:29.279512
52	017bcf461914cd36d3029846474c2546.jpeg	uk	About	2	2018-12-12 10:19:18.143505	2018-12-12 10:19:18.143505
53	f4e3880c2283ec2c1722eb9b63aa8451.png	en	About	2	2018-12-12 10:19:18.14661	2018-12-12 10:19:18.14661
54	3149849edb46c4184f20738b0aa7786a.jpeg	uk	About	5	2018-12-12 10:19:46.759066	2018-12-12 10:19:46.759066
55	32b9a56cb28f7bdb8df2057ead2b3a2e.png	en	About	5	2018-12-12 10:19:46.761796	2018-12-12 10:19:46.761796
56	445a01780694d016ca42e0da1d1bc5cc.jpeg	uk	About	3	2018-12-12 10:20:20.089246	2018-12-12 10:20:20.089246
57	6b901af5662c31e6e1d97f6ad5f8a339.png	en	About	3	2018-12-12 10:20:20.093209	2018-12-12 10:20:20.093209
58	7d4e805942ffebc358b1fb89e328c3e8.jpeg	uk	About	4	2018-12-12 10:21:27.51788	2018-12-12 10:21:27.51788
59	6ef407b156a9d9351c44cf839163de62.png	en	About	4	2018-12-12 10:21:27.520512	2018-12-12 10:21:27.520512
60	fdf73bb47d3c27d30570e5b721f3431d.jpeg	uk	About	8	2018-12-12 10:24:56.623334	2018-12-12 10:24:56.623334
61	ebc425a070816e4bd62104e260da7953.jpeg	uk	About	6	2018-12-12 10:25:18.691738	2018-12-12 10:25:18.691738
62	ff76a289ad825b1ab5aa32494e710baf.png	en	About	6	2018-12-12 10:25:18.695195	2018-12-12 10:25:18.695195
77	ae02c7657b523d0955be493123d0d9c5.png	en	Project	9	2019-03-06 16:48:45.716461	2019-03-06 16:48:45.716461
23	c59c2b96fdabed3a6db99898b506ff25.jpeg	uk	Project	1	2018-08-27 15:06:49.596957	2019-02-08 09:52:37.680159
39	4245d1ada1bdd5d825be5877e9033a05.png	en	Project	1	2018-11-28 22:28:16.201724	2019-02-08 09:52:37.683079
49	5ae600827eb59d16bf95f4973116043f.jpeg	uk	Project	4	2018-12-07 12:28:47.455933	2019-02-08 09:53:57.340851
35	2b6db6015ca46e80255c977a6b9dfb0a.png	en	Project	4	2018-11-28 22:19:47.373047	2019-02-08 09:53:57.343238
20	e9d0fcfe4539d87ac582d15420229f7b.jpeg	uk	Project	3	2018-08-27 15:05:03.327712	2019-02-08 09:54:21.236048
19	90081dcc7f2efeecda156cdc100eb40c.jpeg	uk	Project	2	2018-08-27 15:04:50.667255	2019-02-08 09:54:55.222209
37	efafa700124e1a4c7ebde5270aedbe51.png	en	Project	2	2018-11-28 22:27:01.399626	2019-02-08 09:54:55.224434
36	35c99c1844c2731b965d34877d8e01e4.png	en	Project	3	2018-11-28 22:26:35.732254	2019-02-08 09:55:57.254631
\.


--
-- Data for Name: project_translations; Type: TABLE DATA; Schema: public; Owner: invest
--

COPY public.project_translations (id, project_id, locale, created_at, updated_at, title, description, short_description) FROM stdin;
15	8	uk	2019-03-06 16:01:13.062486	2019-03-06 16:05:23.16472	    	<table border="1" cellpadding="5" cellspacing="5">\r\n\t<tbody>\r\n\t\t<tr>\r\n\t\t\t<td>\r\n\t\t\t<div><strong>&nbsp;</strong></div>\r\n\t\t\t</td>\r\n\t\t\t<td>\r\n\t\t\t<div><span style="font-size:12.0pt">           .  (),  900 <sup>3 </sup>/</span></div>\r\n\t\t\t</td>\r\n\t\t</tr>\r\n\t\t<tr>\r\n\t\t\t<td>\r\n\t\t\t<div><b> </b></div>\r\n\t\t\t</td>\r\n\t\t\t<td>\r\n\t\t\t<div><span style="font-size:12.0pt">  </span></div>\r\n\t\t\t</td>\r\n\t\t</tr>\r\n\t\t<tr>\r\n\t\t\t<td><strong> </strong></td>\r\n\t\t\t<td>\r\n\t\t\t<p style="margin-top:3.0pt; margin-right:0cm; margin-bottom:3.0pt; margin-left:0cm; margin:0cm 0cm 0.0001pt"><span style="font-size:12pt"><span lang="RU" style="font-size:11.0pt">     ;</span></span></p>\r\n\r\n\t\t\t<p style="margin-top:3.0pt; margin-right:0cm; margin-bottom:3.0pt; margin-left:0cm; margin:0cm 0cm 0.0001pt"><span style="font-size:12pt"><span lang="RU" style="font-size:11.0pt"> &rsquo; (   );</span></span></p>\r\n\r\n\t\t\t<p style="margin-top:3.0pt; margin-right:0cm; margin-bottom:3.0pt; margin-left:0cm; margin:0cm 0cm 0.0001pt"><span style="font-size:12pt"><span lang="RU" style="font-size:11.0pt">           ;</span></span></p>\r\n\r\n\t\t\t<p style="margin-top:3.0pt; margin-right:0cm; margin-bottom:3.0pt; margin-left:0cm; margin:0cm 0cm 0.0001pt"><span style="font-size:12pt"><span lang="RU" style="font-size:11.0pt">  ;</span></span></p>\r\n\r\n\t\t\t<p style="margin-top:3.0pt; margin-right:0cm; margin-bottom:3.0pt; margin-left:0cm; margin:0cm 0cm 0.0001pt"><span style="font-size:12pt"><span lang="RU" style="font-size:11.0pt">   ;</span></span></p>\r\n\r\n\t\t\t<p style="margin-top:3.0pt; margin-right:0cm; margin-bottom:3.0pt; margin-left:0cm; margin:0cm 0cm 0.0001pt"><span style="font-size:12pt"><span lang="RU" style="font-size:11.0pt">          ;</span></span></p>\r\n\r\n\t\t\t<p style="margin-top:3.0pt; margin-right:0cm; margin-bottom:3.0pt; margin-left:0cm; margin:0cm 0cm 0.0001pt"><span style="font-size:12pt"><span lang="RU" style="font-size:11.0pt">    ;</span></span></p>\r\n\r\n\t\t\t<p style="margin-top:3.0pt; margin-right:0cm; margin-bottom:3.0pt; margin-left:0cm; margin:0cm 0cm 0.0001pt"><span style="font-size:12pt"><span lang="RU" style="font-size:11.0pt">   &nbsp;  ;</span></span></p>\r\n\r\n\t\t\t<p style="margin-top:3.0pt; margin-right:0cm; margin-bottom:3.0pt; margin-left:0cm; margin:0cm 0cm 0.0001pt"><span style="font-size:12pt"><span lang="RU" style="font-size:11.0pt">         ;</span></span></p>\r\n\r\n\t\t\t<p style="margin-top:3.0pt; margin-right:0cm; margin-bottom:3.0pt; margin-left:0cm; margin:0cm 0cm 0.0001pt"><span style="font-size:12pt"><span lang="RU" style="font-size:11.0pt">    ;</span></span></p>\r\n\r\n\t\t\t<p style="margin-top:3.0pt; margin-right:0cm; margin-bottom:3.0pt; margin-left:0cm; margin:0cm 0cm 0.0001pt"><span style="font-size:12pt"><span lang="RU" style="font-size:11.0pt">   ;</span></span></p>\r\n\r\n\t\t\t<p style="margin-top:3.0pt; margin-right:0cm; margin-bottom:3.0pt; margin-left:0cm; margin:0cm 0cm 0.0001pt"><span style="font-size:12pt"><span lang="RU" style="font-size:11.0pt">  &nbsp;   - 2040 ;</span></span></p>\r\n\r\n\t\t\t<p style="margin-top:3.0pt; margin-right:0cm; margin-bottom:3.0pt; margin-left:0cm; margin:0cm 0cm 0.0001pt"><span style="font-size:12pt"><span lang="RU" style="font-size:11.0pt">  .</span></span></p>\r\n\t\t\t</td>\r\n\t\t</tr>\r\n\t\t<tr>\r\n\t\t\t<td><strong> </strong></td>\r\n\t\t\t<td>\r\n\t\t\t<pre style="margin:0cm 0cm 0.0001pt">\r\n<span style="font-size:10pt"><span style="background:white"><b><span style="font-size:11.0pt">: </span></b><span style="font-size:12.0pt">6.1 </span></span></span></pre>\r\n\r\n\t\t\t<pre style="margin:0cm 0cm 0.0001pt">\r\n\r\n&nbsp;</pre>\r\n\r\n\t\t\t<pre style="margin:0cm 0cm 0.0001pt">\r\n<span style="font-size:10pt"><span style="background:white"><b><span style="font-size:11.0pt"> : </span></b><span style="font-size:12.0pt"> </span></span></span></pre>\r\n\r\n\t\t\t<pre style="margin:0cm 0cm 0.0001pt">\r\n\r\n&nbsp;</pre>\r\n\r\n\t\t\t<pre style="margin:0cm 0cm 0.0001pt">\r\n<span style="font-size:10pt"><span style="background:white"><b><span style="font-size:11.0pt"> : </span></b><span style="font-size:12.0pt">  </span></span></span></pre>\r\n\t\t\t</td>\r\n\t\t</tr>\r\n\t\t<tr>\r\n\t\t\t<td>\r\n\t\t\t<div><b> </b></div>\r\n\t\t\t</td>\r\n\t\t\t<td>\r\n\t\t\t<div><span style="font-size:12.0pt"> .  (700 )  .  (2.2 )</span></div>\r\n\t\t\t</td>\r\n\t\t</tr>\r\n\t</tbody>\r\n</table>\r\n\r\n<div>&nbsp;</div>\r\n\r\n<div>&nbsp;</div>\r\n\r\n<div><a href="https://drive.google.com/file/d/1CPVtZdio6pKkvfScXuZucHl7SibCMO0Q/view?usp=sharing"><span style="font-size:26px;"> </span></a></div>\r\n	<div><span style="font-size:12.0pt"><span style="font-family:&quot;Georgia&quot;,serif">           . </span></span></div>\r\n
16	8	en	2019-03-06 16:01:13.065496	2019-03-06 16:05:23.166408	Construction of the waste recycling plant	<div>\r\n<table border="1" cellpadding="5" cellspacing="5">\r\n\t<tbody>\r\n\t\t<tr>\r\n\t\t\t<td>\r\n\t\t\t<div><span style="font-size:16px;"><b>Project overview</b></span></div>\r\n\t\t\t</td>\r\n\t\t\t<td>\r\n\t\t\t<div><span style="font-size:16px;">Construction of waste recycling plan on an example of a similar complex in Kielce, with a capacity 900 m3/year</span></div>\r\n\t\t\t</td>\r\n\t\t</tr>\r\n\t\t<tr>\r\n\t\t\t<td>\r\n\t\t\t<div><span style="font-size:16px;"><b>Project goals</b></span></div>\r\n\t\t\t</td>\r\n\t\t\t<td>\r\n\t\t\t<div><span style="font-size:16px;">Waste recycling</span></div>\r\n\t\t\t</td>\r\n\t\t</tr>\r\n\t\t<tr>\r\n\t\t\t<td>\r\n\t\t\t<div><span style="font-size:16px;"><strong>Specifications</strong></span></div>\r\n\t\t\t</td>\r\n\t\t\t<td>\r\n\t\t\t<p style="margin-top:3.0pt; margin-right:0cm; margin-bottom:3.0pt; margin-left:0cm; margin:0cm 0cm 0.0001pt"><span style="font-size:16px;"><span lang="RU">Construction of a card for the production of inert materials;<br />\r\n\t\t\tConstruction of a</span></span><span style="font-size:12pt"><span lang="RU" style="font-size:11.0pt"><span style="font-size:16px;">disbarrier</span><span style="font-size:16px;"> (disinfecting bath for wheels);<br />\r\n\t\t\tConstruction</span><span style="font-size:16px;">of</span><span style="font-size:16px;">a</span><span style="font-size:16px;"> bridges for washing of special vehicles with treatment plants and reversible water supply;<br />\r\n\t\t\tRestoration of water supply system;<br />\r\n\t\t\tReconstruction of the headquarters under the administrative building;<br />\r\n\t\t\tReconstruction of diesel under transformer substation</span><span style="font-size:16px;">with</span><span style="font-size:16px;">arrangement</span><span style="font-size:16px;"> of external illumination and electric supply;<br />\r\n\t\t\tReconstruction of the warehouse for the warehouse of recyclable materials;<br />\r\n\t\t\tReconstruction of the garage storage facility;<br />\r\n\t\t\tConstruction of a drainage system based on maps for storing inert materials;<br />\r\n\t\t\tConstruction of a lagoon for collecting filtrate;<br />\r\n\t\t\tMajor repair of fire tanks;</span><br />\r\n\t\t\t<span style="font-size:16px;">Enclosure</span><span style="font-size:16px;"> of the administrative zone around the complex is 2040 m;</span><br />\r\n\t\t\t<span style="font-size:16px;">Arrangement</span><span style="font-size:16px;"> of </span><span style="font-size:16px;">road</span></span></span><span style="font-size:16px;"><span lang="RU"> surface</span></span></p>\r\n\t\t\t</td>\r\n\t\t</tr>\r\n\t\t<tr>\r\n\t\t\t<td><span style="font-size:16px;"><b>Land plot</b></span></td>\r\n\t\t\t<td>\r\n\t\t\t<pre style="margin:0cm 0cm 0.0001pt">\r\n<span style="font-size:16px;">Area: 6.1 HA\r\n</span></pre>\r\n\r\n\t\t\t<div><span style="font-size:16px;">Legal status: Communal property&nbsp;<br />\r\n\t\t\tPurpose: Waste recycling </span></div>\r\n\t\t\t</td>\r\n\t\t</tr>\r\n\t\t<tr>\r\n\t\t\t<td>\r\n\t\t\t<div><span style="font-size:16px;"><b>Location</b></span></div>\r\n\t\t\t</td>\r\n\t\t\t<td>\r\n\t\t\t<div><span style="font-size:16px;">Between Ludovka (700 m) and Novoselitsa (2.2 km)</span></div>\r\n\t\t\t</td>\r\n\t\t</tr>\r\n\t</tbody>\r\n</table>\r\n</div>\r\n\r\n<div>&nbsp;</div>\r\n\r\n<div><a href="https://drive.google.com/file/d/1FC5zac6nr6dFn-GoBntWbeX_Ug9f-ule/view?usp=sharing"><span style="font-size:26px;">Click to see more!&nbsp;</span></a></div>\r\n	<div>Construction of complex for the disposal of household waste on an example of a similar complex in Kielce</div>\r\n
2	1	en	2018-08-27 14:54:43.385897	2019-03-06 14:54:07.922213	Vinnytsia cluster of refrigeration engineering	<div>\r\n<table border="1" cellpadding="5" cellspacing="5">\r\n\t<tbody>\r\n\t\t<tr>\r\n\t\t\t<td>\r\n\t\t\t<div class="table-responsive"><b>Project overview</b><span style="font-family:ProximaNova-Light;"><b>&nbsp; &nbsp; &nbsp; &nbsp; &nbsp; &nbsp; &nbsp;&nbsp;</b></span></div>\r\n\t\t\t</td>\r\n\t\t\t<td colspan="1">\r\n\t\t\t<div>The industrial park was created by the Vinnytsia City Council in cooperation with PJSC Ukrainian Beer Company (UBC Group).</div>\r\n\t\t\t</td>\r\n\t\t</tr>\r\n\t\t<tr>\r\n\t\t\t<td colspan="2" style="text-align: center;"><strong>Investment needs</strong></td>\r\n\t\t</tr>\r\n\t\t<tr>\r\n\t\t\t<td>\r\n\t\t\t<div><b>Amount and type</b></div>\r\n\t\t\t</td>\r\n\t\t\t<td colspan="1">\r\n\t\t\t<div>Normative monetary valuation of land for 2018: 392 UAH/m2.</div>\r\n\t\t\t</td>\r\n\t\t</tr>\r\n\t\t<tr>\r\n\t\t\t<td colspan="2">&nbsp;</td>\r\n\t\t</tr>\r\n\t\t<tr>\r\n\t\t\t<td>\r\n\t\t\t<div><b>Location </b></div>\r\n\t\t\t</td>\r\n\t\t\t<td>\r\n\t\t\t<div class="table-responsive">Nemyrivske shose&nbsp;213, Vinnytsia</div>\r\n\t\t\t</td>\r\n\t\t</tr>\r\n\t\t<tr>\r\n\t\t\t<td>\r\n\t\t\t<div class="table-responsive"><b>Land plot&nbsp; &nbsp; &nbsp; &nbsp; &nbsp; &nbsp; &nbsp; &nbsp; &nbsp; &nbsp; &nbsp; &nbsp; &nbsp; &nbsp; &nbsp; &nbsp; &nbsp; &nbsp; &nbsp; &nbsp; &nbsp; &nbsp; &nbsp; &nbsp; &nbsp; &nbsp;&nbsp;</b></div>\r\n\r\n\t\t\t<div class="table-responsive">&nbsp;</div>\r\n\r\n\t\t\t<div class="table-responsive">&nbsp;</div>\r\n\r\n\t\t\t<div class="table-responsive">&nbsp;</div>\r\n\r\n\t\t\t<div class="table-responsive">&nbsp;</div>\r\n\r\n\t\t\t<div class="table-responsive">&nbsp;</div>\r\n\r\n\t\t\t<div class="table-responsive">&nbsp;</div>\r\n\r\n\t\t\t<div class="table-responsive">&nbsp;</div>\r\n\r\n\t\t\t<div class="table-responsive">&nbsp;</div>\r\n\r\n\t\t\t<div class="table-responsive">&nbsp;</div>\r\n\r\n\t\t\t<div class="table-responsive">&nbsp;</div>\r\n\r\n\t\t\t<div class="table-responsive">&nbsp;</div>\r\n\r\n\t\t\t<div class="table-responsive">&nbsp;</div>\r\n\r\n\t\t\t<div class="table-responsive">&nbsp;</div>\r\n\t\t\t</td>\r\n\t\t\t<td>\r\n\t\t\t<div class="table-responsive"><b>Area</b></div>\r\n\r\n\t\t\t<div class="table-responsive">19,3 HA</div>\r\n\r\n\t\t\t<div class="table-responsive"><b>The legal status</b></div>\r\n\r\n\t\t\t<div class="table-responsive">8.4 HA - communal property, owner: territorial community of Vinnytsia&nbsp;<br />\r\n\t\t\t10.9 HA - Private property of PJSC &quot;Ukrainian Beer Company&quot;</div>\r\n\r\n\t\t\t<div class="table-responsive"><b>Purpose</b><br />\r\n\t\t\tTarget purpose 11.02.; category of land - land for industry, transport, communication, energy, defense and other purposes, for the placement and operation of the main and auxiliary buildings and facilities of the processing, engineering and other industries enterprises.</div>\r\n\r\n\t\t\t<div class="table-responsive"><b>Current use</b><br />\r\n\t\t\tWas created an industrial park &quot;Vinnitsa cluster of refrigeration engineering&quot;.</div>\r\n\r\n\t\t\t<div class="table-responsive"><strong>Project conditions</strong><br />\r\n\t\t\tOn the eastern side, 11.02, for the placement of the main, auxiliary and auxiliary buildings and facilities of the processing, engineering and other industries (private property);<br />\r\n\t\t\tFrom the northwest side - Vinnytsia industrial park.</div>\r\n\t\t\t</td>\r\n\t\t</tr>\r\n\t\t<tr>\r\n\t\t\t<td>\r\n\t\t\t<div><b>Infrastructure</b></div>\r\n\t\t\t</td>\r\n\t\t\t<td>\r\n\t\t\t<div class="table-responsive"><strong>Access to transport infrastructure:</strong><br />\r\n\t\t\tThe distance to the roads with a hard surface is 50 m.<br />\r\n\t\t\tThe highway is 2 km away.<br />\r\n\t\t\tDistance to the railway: Vinnitsa hub station is 4 km away.<br />\r\n\t\t\tThe airport is 3 km away.<br />\r\n\t\t\t<strong>Availability and distance to the engineering infrastructure:</strong><br />\r\n\t\t\tThe distance to the existing gas pipeline is 1.7 km.<br />\r\n\t\t\tThe distance to the existing transmission line is 2.2 or 3.4 km.<br />\r\n\t\t\tThe distance to the possible connection to the existing water supply is 2.2 km.</div>\r\n\t\t\t</td>\r\n\t\t</tr>\r\n\t</tbody>\r\n</table>\r\n</div>\r\n\r\n<div>&nbsp;</div>\r\n\r\n<div><a href="https://drive.google.com/file/d/1eyIGK-Oo3AxF07sS9lCZ7uvxyu3xYrOS/view?usp=sharing"><span style="font-size:26px;">Click to see more!&nbsp;</span></a></div>\r\n	<div>The industrial park was created by the Vinnytsia City Council in cooperation with PJSC Ukrainian Beer Company (UBC Group).</div>\r\n
17	9	uk	2019-03-06 16:48:45.709837	2019-03-06 16:54:58.996431	  	<table border="1" cellpadding="5" cellspacing="5">\r\n\t<tbody>\r\n\t\t<tr>\r\n\t\t\t<td>\r\n\t\t\t<div><span style="font-size:16px;"><b> &rsquo;</b></span></div>\r\n\t\t\t</td>\r\n\t\t\t<td>\r\n\t\t\t<div><span style="font-size:16px;"> 2017         &ndash;       ,         , , , - .          .</span></div>\r\n\t\t\t</td>\r\n\t\t</tr>\r\n\t\t<tr>\r\n\t\t\t<td>\r\n\t\t\t<div><span style="font-size:16px;"><strong></strong></span></div>\r\n\t\t\t</td>\r\n\t\t\t<td>\r\n\t\t\t<div><span style="font-size:16px;">  18- ( &laquo;&raquo;)</span></div>\r\n\t\t\t</td>\r\n\t\t</tr>\r\n\t\t<tr>\r\n\t\t\t<td><span style="font-size:16px;"><strong> &nbsp; &nbsp; &nbsp; &nbsp; &nbsp; &nbsp; &nbsp; &nbsp; &nbsp; &nbsp; &nbsp; &nbsp; &nbsp; &nbsp; &nbsp; &nbsp; &nbsp; &nbsp; &nbsp; &nbsp; &nbsp; &nbsp; &nbsp; &nbsp; &nbsp; &nbsp; &nbsp; &nbsp; &nbsp; &nbsp; &nbsp; &nbsp; &nbsp; &nbsp; &nbsp; &nbsp; &nbsp; &nbsp; &nbsp; &nbsp; &nbsp; &nbsp; &nbsp; &nbsp; &nbsp; &nbsp; &nbsp; &nbsp; &nbsp; &nbsp; &nbsp; &nbsp; &nbsp; &nbsp; &nbsp; &nbsp; &nbsp; &nbsp; &nbsp; &nbsp; &nbsp; &nbsp; &nbsp; &nbsp; &nbsp; &nbsp; &nbsp; &nbsp; &nbsp; &nbsp; &nbsp; &nbsp; &nbsp; &nbsp; &nbsp; &nbsp; &nbsp; &nbsp; &nbsp; &nbsp; &nbsp; &nbsp; &nbsp; &nbsp; &nbsp; &nbsp; &nbsp;</strong></span></td>\r\n\t\t\t<td>\r\n\t\t\t<ul>\r\n\t\t\t\t<li><span style="font-size:16px;">    :      .</span></li>\r\n\t\t\t\t<li><span style="font-size:16px;">               &nbsp;</span></li>\r\n\t\t\t\t<li><span style="font-size:16px;">   ,   - </span></li>\r\n\t\t\t</ul>\r\n\t\t\t</td>\r\n\t\t</tr>\r\n\t\t<tr>\r\n\t\t\t<td colspan="2">\r\n\t\t\t<div style="text-align: center;"><span style="font-size:16px;"><b>  </b></span></div>\r\n\t\t\t</td>\r\n\t\t</tr>\r\n\t\t<tr>\r\n\t\t\t<td>\r\n\t\t\t<div><span style="font-size:16px;"><b>  </b></span></div>\r\n\t\t\t</td>\r\n\t\t\t<td>\r\n\t\t\t<div><span style="font-size:16px;">395 478,827 . .</span></div>\r\n\t\t\t</td>\r\n\t\t</tr>\r\n\t\t<tr>\r\n\t\t\t<td>\r\n\t\t\t<div><span style="font-size:16px;"><b>  </b></span></div>\r\n\t\t\t</td>\r\n\t\t\t<td><span style="font-size:16px;">14 .</span></td>\r\n\t\t</tr>\r\n\t\t<tr>\r\n\t\t\t<td>\r\n\t\t\t<div><span style="font-size:16px;"><b>   </b></span></div>\r\n\t\t\t</td>\r\n\t\t\t<td><span style="font-size:16px;">37</span></td>\r\n\t\t</tr>\r\n\t\t<tr>\r\n\t\t\t<td colspan="2">\r\n\t\t\t<div style="text-align: center;"><span style="font-size:16px;"><b> </b></span></div>\r\n\t\t\t</td>\r\n\t\t</tr>\r\n\t\t<tr>\r\n\t\t\t<td>\r\n\t\t\t<div><span style="font-size:16px;"><b>  &nbsp; &nbsp; &nbsp; &nbsp; &nbsp; &nbsp; &nbsp; &nbsp; &nbsp;</b></span></div>\r\n\t\t\t</td>\r\n\t\t\t<td>\r\n\t\t\t<div><span style="font-size:16px;">7,096 </span></div>\r\n\t\t\t</td>\r\n\t\t</tr>\r\n\t\t<tr>\r\n\t\t\t<td>\r\n\t\t\t<div><span style="font-size:16px;"><b>     </b></span></div>\r\n\t\t\t</td>\r\n\t\t\t<td>\r\n\t\t\t<div><span style="font-size:16px;">2,57 </span></div>\r\n\r\n\t\t\t<div>&nbsp;</div>\r\n\t\t\t</td>\r\n\t\t</tr>\r\n\t\t<tr>\r\n\t\t\t<td><span style="font-size:16px;"><strong> </strong></span></td>\r\n\t\t\t<td><span style="font-size:16px;">8 291 <sup>2</sup></span></td>\r\n\t\t</tr>\r\n\t</tbody>\r\n</table>\r\n\r\n<div>&nbsp;</div>\r\n\r\n<div><a href="https://drive.google.com/file/d/1g6_gGwncmrbi0qo5g2G6KTg5hdbh9wg5/view?usp=sharing" target="_blank"><span style="font-size:26px;"> </span></a>&nbsp;</div>\r\n	<div>        </div>\r\n
18	9	en	2019-03-06 16:48:45.711907	2019-03-06 17:00:40.465596	Construction of a sports complex	<div>\r\n<table border="1" cellpadding="5" cellspacing="5">\r\n\t<tbody>\r\n\t\t<tr>\r\n\t\t\t<td>\r\n\t\t\t<div><span style="font-size:16px;"><b>Project overview</b></span></div>\r\n\t\t\t</td>\r\n\t\t\t<td>\r\n\t\t\t<div><span style="font-size:16px;">In 2017 was adopted a special decision for Ukraine and Vinnytsia &nbsp;- Construction of the Sports Palace, for training and competitions.</span></div>\r\n\t\t\t</td>\r\n\t\t</tr>\r\n\t\t<tr>\r\n\t\t\t<td>\r\n\t\t\t<div><span style="font-size:16px;"><strong>Location</strong></span></div>\r\n\t\t\t</td>\r\n\t\t\t<td>\r\n\t\t\t<div><span style="font-size:16px;">Vatutina 18 &nbsp;(&ldquo;Integral&rdquo; Park)</span></div>\r\n\t\t\t</td>\r\n\t\t</tr>\r\n\t\t<tr>\r\n\t\t\t<td><span style="font-size:16px;"><strong>Project goals</strong></span></td>\r\n\t\t\t<td>\r\n\t\t\t<ul>\r\n\t\t\t\t<li><span style="font-size:16px;">Training athletes at all stages: from the initial to becoming a professional athlete.</span></li>\r\n\t\t\t\t<li><span style="font-size:16px;">The presence of such a sports facility in the city will lead to the popularization of sport and healthy lifestyles in Vinnitsa</span></li>\r\n\t\t\t\t<li><span style="font-size:16px;">Conducting both sporting events and cultural events</span></li>\r\n\t\t\t</ul>\r\n\t\t\t</td>\r\n\t\t</tr>\r\n\t\t<tr>\r\n\t\t\t<td colspan="2">\r\n\t\t\t<div style="text-align: center;"><span style="font-size:16px;"><b>Investment needs</b></span></div>\r\n\t\t\t</td>\r\n\t\t</tr>\r\n\t\t<tr>\r\n\t\t\t<td>\r\n\t\t\t<div><span style="font-size:16px;"><b>Amount and type</b></span></div>\r\n\t\t\t</td>\r\n\t\t\t<td>\r\n\t\t\t<div><span style="font-size:16px;">395 478,827 mln UAH</span></div>\r\n\t\t\t</td>\r\n\t\t</tr>\r\n\t\t<tr>\r\n\t\t\t<td>\r\n\t\t\t<div><span style="font-size:16px;"><strong>The term of the project implementation</strong></span></div>\r\n\t\t\t</td>\r\n\t\t\t<td><span style="font-size:16px;">14 month</span></td>\r\n\t\t</tr>\r\n\t\t<tr>\r\n\t\t\t<td>\r\n\t\t\t<div><span style="font-size:16px;"><strong>The number of created workplaces</strong></span></div>\r\n\t\t\t</td>\r\n\t\t\t<td><span style="font-size:16px;">37</span></td>\r\n\t\t</tr>\r\n\t\t<tr>\r\n\t\t\t<td colspan="2">\r\n\t\t\t<div style="text-align: center;"><span style="font-size:16px;"><strong>Specifications</strong></span></div>\r\n\t\t\t</td>\r\n\t\t</tr>\r\n\t\t<tr>\r\n\t\t\t<td>\r\n\t\t\t<div><span style="font-size:16px;"><b>Land plot area&nbsp; &nbsp; &nbsp; &nbsp; &nbsp; &nbsp; &nbsp; &nbsp; &nbsp;</b></span></div>\r\n\t\t\t</td>\r\n\t\t\t<td>\r\n\t\t\t<div><span style="font-size:16px;">7,096 HA</span></div>\r\n\t\t\t</td>\r\n\t\t</tr>\r\n\t\t<tr>\r\n\t\t\t<td>\r\n\t\t\t<div><span style="font-size:16px;"><strong>Land plot area within the design</strong></span></div>\r\n\t\t\t</td>\r\n\t\t\t<td>\r\n\t\t\t<div><span style="font-size:16px;">2,57 HA</span></div>\r\n\r\n\t\t\t<div>&nbsp;</div>\r\n\t\t\t</td>\r\n\t\t</tr>\r\n\t\t<tr>\r\n\t\t\t<td><span style="font-size:16px;"><strong>Total area</strong></span></td>\r\n\t\t\t<td><span style="font-size:16px;">8 291 m<sup>2</sup></span></td>\r\n\t\t</tr>\r\n\t</tbody>\r\n</table>\r\n</div>\r\n\r\n<div>&nbsp;</div>\r\n\r\n<div><a href="https://drive.google.com/file/d/1x8KS8L0s00LSONTQAFQIj83OcVcD4DF9/view?usp=sharing" target="_blank"><span style="font-size:26px;">Click to see more!&nbsp;</span></a></div>\r\n	<div>Construction of a new multi-functional Sports Palace for gaming sports</div>\r\n
8	4	en	2018-08-27 14:54:43.447411	2019-03-06 14:08:06.933993	Vinnytsia Innovation and Technology Park	<div>&nbsp;</div>\r\n\r\n<div>\r\n<table border="1" cellpadding="5" cellspacing="5">\r\n\t<tbody>\r\n\t\t<tr>\r\n\t\t\t<td colspan="2">\r\n\t\t\t<div><span style="font-size:16px;"><b>Project overview&nbsp; &nbsp; &nbsp; &nbsp; &nbsp; &nbsp;&nbsp;</b></span></div>\r\n\t\t\t</td>\r\n\t\t</tr>\r\n\t\t<tr>\r\n\t\t\t<td>\r\n\t\t\t<div><span style="font-size:16px;"><b>Description of the project&nbsp; &nbsp; &nbsp; &nbsp; &nbsp; &nbsp; &nbsp; &nbsp; &nbsp; &nbsp; &nbsp; &nbsp; &nbsp; &nbsp; &nbsp; &nbsp; &nbsp; &nbsp; &nbsp; &nbsp; &nbsp; &nbsp; &nbsp; &nbsp; &nbsp; &nbsp; &nbsp; &nbsp; &nbsp; &nbsp; &nbsp; &nbsp; &nbsp; &nbsp; &nbsp; &nbsp; &nbsp; &nbsp; &nbsp; &nbsp; &nbsp; &nbsp; &nbsp; &nbsp; &nbsp; &nbsp; &nbsp; &nbsp; &nbsp; &nbsp; &nbsp; &nbsp; &nbsp; &nbsp; &nbsp; &nbsp; &nbsp; &nbsp; &nbsp; &nbsp; &nbsp; &nbsp; &nbsp; &nbsp; &nbsp; &nbsp; &nbsp; &nbsp;&nbsp;</b></span></div>\r\n\t\t\t</td>\r\n\t\t\t<td>\r\n\t\t\t<div><span style="font-size:16px;">The creation of the Vinnytsia Innovation Technology Park is a solution aimed at enhancing local business and developing the innovative economy in the region.&nbsp;Vinnitsa should create a unique solution that combines the potential benefits and resources available in the city to create new opportunities for businesses, authorities and residents of the city.</span></div>\r\n\t\t\t</td>\r\n\t\t</tr>\r\n\t\t<tr>\r\n\t\t\t<td>\r\n\t\t\t<div><span style="font-size:16px;"><b>Project objectives</b></span></div>\r\n\t\t\t</td>\r\n\t\t\t<td>\r\n\t\t\t<div><span style="font-size:16px;">Development of new technological solutions.<br />\r\n\t\t\tTechnology Transfer.<br />\r\n\t\t\tReengineering and creating their own innovative solutions.<br />\r\n\t\t\tIncubation and scaling startups.<br />\r\n\t\t\tCreating new jobs.<br />\r\n\t\t\tModernization and transformation of educational services, by creating a site and a material base for research and joint projects.</span></div>\r\n\t\t\t</td>\r\n\t\t</tr>\r\n\t\t<tr>\r\n\t\t\t<td colspan="2">\r\n\t\t\t<div><span style="font-size:16px;"><b>Investment needs</b></span></div>\r\n\t\t\t</td>\r\n\t\t</tr>\r\n\t\t<tr>\r\n\t\t\t<td>\r\n\t\t\t<div><span style="font-size:16px;"><b>Amount and type</b></span></div>\r\n\t\t\t</td>\r\n\t\t\t<td>\r\n\t\t\t<div><span style="font-size:16px;">200 million UAH</span></div>\r\n\t\t\t</td>\r\n\t\t</tr>\r\n\t\t<tr>\r\n\t\t\t<td>&nbsp;</td>\r\n\t\t\t<td>\r\n\t\t\t<div><span style="font-size:16px;">18 months</span></div>\r\n\t\t\t</td>\r\n\t\t</tr>\r\n\t\t<tr>\r\n\t\t\t<td>\r\n\t\t\t<div><span style="font-size:16px;"><b>Payback period</b></span></div>\r\n\t\t\t</td>\r\n\t\t\t<td>\r\n\t\t\t<div><span style="font-size:16px;">13 years</span></div>\r\n\t\t\t</td>\r\n\t\t</tr>\r\n\t\t<tr>\r\n\t\t\t<td>\r\n\t\t\t<div><span style="font-size:16px;"><b>Expected readiness of the project documentation</b></span></div>\r\n\t\t\t</td>\r\n\t\t\t<td>\r\n\t\t\t<div><span style="font-size:16px;">18 months</span></div>\r\n\t\t\t</td>\r\n\t\t</tr>\r\n\t\t<tr>\r\n\t\t\t<td colspan="2">\r\n\t\t\t<div><span style="font-size:16px;"><b>Location and infrastructure</b></span></div>\r\n\t\t\t</td>\r\n\t\t</tr>\r\n\t\t<tr>\r\n\t\t\t<td>\r\n\t\t\t<div><span style="font-size:16px;"><b>Location </b></span></div>\r\n\t\t\t</td>\r\n\t\t\t<td>\r\n\t\t\t<div><span style="font-size:16px;">Vinnitsa, st.&nbsp;600th Anniversary, 21</span></div>\r\n\t\t\t</td>\r\n\t\t</tr>\r\n\t\t<tr>\r\n\t\t\t<td>\r\n\t\t\t<div><span style="font-size:16px;"><b>Infrastructure</b></span></div>\r\n\t\t\t</td>\r\n\t\t\t<td>\r\n\t\t\t<div><span style="font-size:16px;">Industrial building with an area of 3750 m2, Letter A;<br />\r\n\t\t\tIndustrial building with an area of 1,491.4 square meters., Letter B.<br />\r\n\t\t\tThe presence of adjoining areas with the possibility of parking, recreation areas, catering facilities.</span></div>\r\n\t\t\t</td>\r\n\t\t</tr>\r\n\t</tbody>\r\n</table>\r\n\r\n<div>&nbsp;</div>\r\n\r\n<div><span style="font-size:26px;"><a href="http://drive.google.com/file/d/1tZYXGj2WVRwpsQl15hjHs2cF1gKR-LGJ/view?usp=sharing">C</a></span><a href="http://drive.google.com/file/d/1tZYXGj2WVRwpsQl15hjHs2cF1gKR-LGJ/view?usp=sharing"><span style="font-size:26px;">lick to see more!</span></a></div>\r\n</div>\r\n	<div>Creation of the Vinnytsia Innovation and Technology Park for the development of the innovative economy in the region and the technological capacity of the local business.</div>\r\n
1	1	uk	2018-08-27 14:54:43.381109	2019-03-06 14:54:07.91983	   	<table border="1" cellpadding="5" cellspacing="5">\r\n\t<tbody>\r\n\t\t<tr>\r\n\t\t\t<td>\r\n\t\t\t<div class="table-responsive"><b> &nbsp; &nbsp; &nbsp; &nbsp; &nbsp; &nbsp; &nbsp;&nbsp;</b></div>\r\n\t\t\t</td>\r\n\t\t\t<td colspan="1">\r\n\t\t\t<div class="table-responsive">         &laquo;  &raquo; (UBC Group).</div>\r\n\t\t\t</td>\r\n\t\t</tr>\r\n\t\t<tr>\r\n\t\t\t<td colspan="2">\r\n\t\t\t<div class="table-responsive" style="text-align: center;">&nbsp;</div>\r\n\r\n\t\t\t<div class="table-responsive" style="text-align: center;"><b>  </b></div>\r\n\t\t\t</td>\r\n\t\t</tr>\r\n\t\t<tr>\r\n\t\t\t<td>\r\n\t\t\t<div class="table-responsive"><b>  </b></div>\r\n\t\t\t</td>\r\n\t\t\t<td colspan="1">\r\n\t\t\t<div class="table-responsive">      2018 : 392  / <sup>2</sup>.</div>\r\n\t\t\t</td>\r\n\t\t</tr>\r\n\t\t<tr>\r\n\t\t\t<td colspan="2">\r\n\t\t\t<div class="table-responsive" style="text-align: center;">&nbsp;</div>\r\n\r\n\t\t\t<div class="table-responsive" style="text-align: center;"><b>  </b></div>\r\n\t\t\t</td>\r\n\t\t</tr>\r\n\t\t<tr>\r\n\t\t\t<td>\r\n\t\t\t<div class="table-responsive"><b> </b></div>\r\n\t\t\t</td>\r\n\t\t\t<td>\r\n\t\t\t<div class="table-responsive">. , .  , 213.</div>\r\n\t\t\t</td>\r\n\t\t</tr>\r\n\t\t<tr>\r\n\t\t\t<td>\r\n\t\t\t<div class="table-responsive"><b> &nbsp; &nbsp; &nbsp; &nbsp; &nbsp; &nbsp; &nbsp; &nbsp; &nbsp; &nbsp; &nbsp; &nbsp; &nbsp; &nbsp; &nbsp; &nbsp; &nbsp; &nbsp; &nbsp; &nbsp; &nbsp; &nbsp; &nbsp; &nbsp; &nbsp; &nbsp;&nbsp;</b></div>\r\n\r\n\t\t\t<div class="table-responsive">&nbsp;</div>\r\n\r\n\t\t\t<div class="table-responsive">&nbsp;</div>\r\n\r\n\t\t\t<div class="table-responsive">&nbsp;</div>\r\n\r\n\t\t\t<div class="table-responsive">&nbsp;</div>\r\n\r\n\t\t\t<div class="table-responsive">&nbsp;</div>\r\n\r\n\t\t\t<div class="table-responsive">&nbsp;</div>\r\n\r\n\t\t\t<div class="table-responsive">&nbsp;</div>\r\n\r\n\t\t\t<div class="table-responsive">&nbsp;</div>\r\n\r\n\t\t\t<div class="table-responsive">&nbsp;</div>\r\n\r\n\t\t\t<div class="table-responsive">&nbsp;</div>\r\n\r\n\t\t\t<div class="table-responsive">&nbsp;</div>\r\n\r\n\t\t\t<div class="table-responsive">&nbsp;</div>\r\n\r\n\t\t\t<div class="table-responsive">&nbsp;</div>\r\n\t\t\t</td>\r\n\t\t\t<td>\r\n\t\t\t<div class="table-responsive"><b></b></div>\r\n\r\n\t\t\t<div class="table-responsive">19,3 .</div>\r\n\r\n\t\t\t<div class="table-responsive"><b> </b></div>\r\n\r\n\t\t\t<div class="table-responsive">8,4  &ndash;  , :   .      .</div>\r\n\r\n\t\t\t<div class="table-responsive">10,9  &ndash;    &laquo;  &raquo;</div>\r\n\r\n\t\t\t<div class="table-responsive"><b> </b></div>\r\n\r\n\t\t\t<div class="table-responsive">  11.02.;   &ndash;  , , &rsquo;, ,    ,  &nbsp;          ,    .</div>\r\n\r\n\t\t\t<div class="table-responsive"><b> </b></div>\r\n\r\n\t\t\t<div class="table-responsive">   &laquo;   &raquo;.</div>\r\n\r\n\t\t\t<div class="table-responsive"><b> </b></div>\r\n\r\n\t\t\t<div class="table-responsive">   11.02     ,        ,     ( ;)</div>\r\n\r\n\t\t\t<div class="table-responsive"> -    .</div>\r\n\t\t\t</td>\r\n\t\t</tr>\r\n\t\t<tr>\r\n\t\t\t<td>\r\n\t\t\t<div class="table-responsive"><b></b></div>\r\n\r\n\t\t\t<div class="table-responsive">&nbsp;</div>\r\n\r\n\t\t\t<div class="table-responsive">&nbsp;</div>\r\n\r\n\t\t\t<div class="table-responsive">&nbsp;</div>\r\n\r\n\t\t\t<div class="table-responsive">&nbsp;</div>\r\n\r\n\t\t\t<div class="table-responsive">&nbsp;</div>\r\n\r\n\t\t\t<div class="table-responsive">&nbsp;</div>\r\n\r\n\t\t\t<div class="table-responsive">&nbsp;</div>\r\n\r\n\t\t\t<div class="table-responsive">&nbsp;</div>\r\n\t\t\t</td>\r\n\t\t\t<td>\r\n\t\t\t<div class="table-responsive"><b>   </b></div>\r\n\r\n\t\t\t<div class="table-responsive">      &ndash; 50 .</div>\r\n\r\n\t\t\t<div class="table-responsive">   &ndash; 2 .</div>\r\n\r\n\t\t\t<div class="table-responsive">   :   &laquo;&raquo; - 4 .</div>\r\n\r\n\t\t\t<div class="table-responsive">   &ndash; 3 .</div>\r\n\r\n\t\t\t<div class="table-responsive"><b>     </b></div>\r\n\r\n\t\t\t<div class="table-responsive">    &ndash; 1,7 .</div>\r\n\r\n\t\t\t<div class="table-responsive">     &ndash; 2,2  3,4 .</div>\r\n\r\n\t\t\t<div class="table-responsive">        &ndash; 2,2 .</div>\r\n\t\t\t</td>\r\n\t\t</tr>\r\n\t</tbody>\r\n</table>\r\n\r\n<div>&nbsp;</div>\r\n\r\n<div><a href="https://drive.google.com/file/d/1gwaAASFxzAYuF_n79UHqK-qMooHWyA8d/view?usp=sharing"><span style="font-size:26px;"> &nbsp;</span></a></div>\r\n	<div><span style="font-size:16px;">         &laquo;  &raquo; (UBC Group).</span></div>\r\n
3	2	uk	2018-08-27 14:54:43.403664	2019-03-06 16:59:20.813428	  	<div>&nbsp;</div>\r\n\r\n<div>\r\n<table border="1" cellpadding="5" cellspacing="5">\r\n\t<tbody>\r\n\t\t<tr>\r\n\t\t\t<td>\r\n\t\t\t<div><span style="font-size:16px;"><b> &rsquo;</b></span></div>\r\n\t\t\t</td>\r\n\t\t\t<td>\r\n\t\t\t<div><span style="font-size:16px;">  &laquo;&raquo; (. ).</span></div>\r\n\r\n\t\t\t<div><span style="font-size:16px;"> ,     &ndash; 100%    . </span></div>\r\n\r\n\t\t\t<div><span style="font-size:16px;">   , -   7,5       ,  -  250042           6 ()   (320, 737, -154, -42, SAAB-340  )     ,    .</span></div>\r\n\t\t\t</td>\r\n\t\t</tr>\r\n\t\t<tr>\r\n\t\t\t<td>\r\n\t\t\t<div><span style="font-size:16px;"><b> </b></span></div>\r\n\t\t\t</td>\r\n\t\t\t<td>\r\n\t\t\t<ul>\r\n\t\t\t\t<li><span style="font-size:16px;">   ICAO (  ).</span></li>\r\n\t\t\t\t<li><span style="font-size:16px;"> -     (ILS).</span></li>\r\n\t\t\t\t<li><span style="font-size:16px;"> - .</span></li>\r\n\t\t\t\t<li><span style="font-size:16px;">     .</span></li>\r\n\t\t\t</ul>\r\n\t\t\t</td>\r\n\t\t</tr>\r\n\t\t<tr>\r\n\t\t\t<td colspan="2">\r\n\t\t\t<div style="text-align: center;"><span style="font-size:16px;"><b>  </b></span></div>\r\n\t\t\t</td>\r\n\t\t</tr>\r\n\t\t<tr>\r\n\t\t\t<td>\r\n\t\t\t<div><span style="font-size:16px;"><b>  </b></span></div>\r\n\t\t\t</td>\r\n\t\t\t<td>\r\n\t\t\t<div><span style="font-size:16px;">31,4 . .</span></div>\r\n\t\t\t</td>\r\n\t\t</tr>\r\n\t\t<tr>\r\n\t\t\t<td>\r\n\t\t\t<div><span style="font-size:16px;"><b>  </b></span></div>\r\n\t\t\t</td>\r\n\t\t\t<td><span style="font-size:16px;">36 .</span></td>\r\n\t\t</tr>\r\n\t\t<tr>\r\n\t\t\t<td>\r\n\t\t\t<div><span style="font-size:16px;"><b>  </b></span></div>\r\n\t\t\t</td>\r\n\t\t\t<td> 9 .</td>\r\n\t\t</tr>\r\n\t\t<tr>\r\n\t\t\t<td>\r\n\t\t\t<div><span style="font-size:16px;"><b>   </b></span></div>\r\n\t\t\t</td>\r\n\t\t\t<td>\r\n\t\t\t<div><span style="font-size:16px;"> 2018 .</span></div>\r\n\t\t\t</td>\r\n\t\t</tr>\r\n\t\t<tr>\r\n\t\t\t<td colspan="2">\r\n\t\t\t<div style="text-align: center;"><span style="font-size:16px;"><b>  </b></span></div>\r\n\t\t\t</td>\r\n\t\t</tr>\r\n\t\t<tr>\r\n\t\t\t<td>\r\n\t\t\t<div><span style="font-size:16px;"><b></b></span></div>\r\n\t\t\t</td>\r\n\t\t\t<td>\r\n\t\t\t<div><span style="font-size:16px;">. ,  -.</span></div>\r\n\t\t\t</td>\r\n\t\t</tr>\r\n\t\t<tr>\r\n\t\t\t<td>\r\n\t\t\t<div><span style="font-size:16px;"><b></b></span></div>\r\n\t\t\t</td>\r\n\t\t\t<td>\r\n\t\t\t<div><span style="font-size:16px;"> :</span></div>\r\n\r\n\t\t\t<ul>\r\n\t\t\t\t<li>\r\n\t\t\t\t<div><span style="font-size:16px;"> - 2500 ;</span></div>\r\n\t\t\t\t</li>\r\n\t\t\t\t<li>\r\n\t\t\t\t<div><span style="font-size:16px;"> &ndash; 42  (   45 ).</span></div>\r\n\t\t\t\t</li>\r\n\t\t\t</ul>\r\n\r\n\t\t\t<div><span style="font-size:16px;">  -3       8   C,  5   C  2  D.</span></div>\r\n\r\n\t\t\t<div><span style="font-size:16px;">      400    (       ).</span></div>\r\n\r\n\t\t\t<div>&nbsp;</div>\r\n\t\t\t</td>\r\n\t\t</tr>\r\n\t</tbody>\r\n</table>\r\n\r\n<div>&nbsp;</div>\r\n</div>\r\n\r\n<div><a href="https://drive.google.com/file/d/1UpN_eZb-8nCY2izBc4_MWI6c0I0Zc6Za/view?usp=sharing" target="_blank"><span style="font-size:26px;">    </span></a></div>\r\n\r\n<div>&nbsp;</div>\r\n\r\n<div><a href="https://drive.google.com/file/d/1YdHu0B53YhTtbDrTWWC4w2G_ucdcRnpq/view?usp=sharing" target="_blank"><span style="font-size:26px;">    </span></a></div>\r\n	<div>  &laquo;&raquo;.&nbsp;   ,   7,5       .      &rsquo;</div>\r\n
9	5	uk	2018-08-27 14:54:43.463263	2019-03-06 14:35:11.034445	  	<table border="1" cellpadding="5" cellspacing="5">\r\n\t<tbody>\r\n\t\t<tr>\r\n\t\t\t<td>\r\n\t\t\t<div><span style="font-size:16px;"><b> &nbsp; &nbsp; &nbsp; &nbsp; &nbsp; &nbsp; &nbsp; &nbsp; &nbsp; &nbsp;</b></span></div>\r\n\t\t\t</td>\r\n\t\t\t<td>\r\n\t\t\t<div><span style="font-size:16px;">        , -   .</span></div>\r\n\t\t\t</td>\r\n\t\t</tr>\r\n\t\t<tr>\r\n\t\t\t<td colspan="2">\r\n\t\t\t<div style="text-align: center;"><span style="font-size:16px;"><b>  </b></span></div>\r\n\t\t\t</td>\r\n\t\t</tr>\r\n\t\t<tr>\r\n\t\t\t<td>\r\n\t\t\t<div><span style="font-size:16px;"><b>  </b></span></div>\r\n\t\t\t</td>\r\n\t\t\t<td>\r\n\t\t\t<div><span style="font-size:16px;">      2018 : 392  / <sup>2</sup>.</span></div>\r\n\t\t\t</td>\r\n\t\t</tr>\r\n\t\t<tr>\r\n\t\t\t<td colspan="2">\r\n\t\t\t<div style="text-align: center;"><span style="font-size:16px;"><b>  </b></span></div>\r\n\t\t\t</td>\r\n\t\t</tr>\r\n\t\t<tr>\r\n\t\t\t<td>\r\n\t\t\t<div><span style="font-size:16px;"><b>&nbsp; &nbsp; &nbsp;</b></span></div>\r\n\t\t\t</td>\r\n\t\t\t<td>\r\n\t\t\t<div><span style="font-size:16px;">. , .  , 213.</span></div>\r\n\t\t\t</td>\r\n\t\t</tr>\r\n\t\t<tr>\r\n\t\t\t<td>\r\n\t\t\t<div><span style="font-size:16px;"><b> </b></span></div>\r\n\r\n\t\t\t<div>&nbsp;</div>\r\n\r\n\t\t\t<div>&nbsp;</div>\r\n\r\n\t\t\t<div>&nbsp;</div>\r\n\r\n\t\t\t<div>&nbsp;</div>\r\n\r\n\t\t\t<div>&nbsp;</div>\r\n\r\n\t\t\t<div>&nbsp;</div>\r\n\r\n\t\t\t<div>&nbsp;</div>\r\n\r\n\t\t\t<div>&nbsp;</div>\r\n\r\n\t\t\t<div>&nbsp;</div>\r\n\r\n\t\t\t<div>&nbsp;</div>\r\n\r\n\t\t\t<div>&nbsp;</div>\r\n\t\t\t</td>\r\n\t\t\t<td>\r\n\t\t\t<div><span style="font-size:16px;"><b>:</b></span></div>\r\n\r\n\t\t\t<div><span style="font-size:16px;">60,7  (    &ndash; 35, 2 ).</span></div>\r\n\r\n\t\t\t<div><span style="font-size:16px;"><b> :</b></span></div>\r\n\r\n\t\t\t<div><span style="font-size:16px;">:   .      .</span></div>\r\n\r\n\t\t\t<div><span style="font-size:16px;"> :  .</span></div>\r\n\r\n\t\t\t<div><span style="font-size:16px;"> :  &laquo;   &raquo;.</span></div>\r\n\r\n\t\t\t<div><span style="font-size:16px;"><b> :</b></span></div>\r\n\r\n\t\t\t<div><span style="font-size:16px;">  11.02.;&nbsp;   &ndash;  , , &rsquo;, ,    ,  &nbsp;          ,    .</span></div>\r\n\r\n\t\t\t<div><span style="font-size:16px;"><b> :</b></span></div>\r\n\r\n\t\t\t<div><span style="font-size:16px;">      .</span></div>\r\n\t\t\t</td>\r\n\t\t</tr>\r\n\t\t<tr>\r\n\t\t\t<td>\r\n\t\t\t<div style="text-align: justify;"><span style="font-size:16px;"><b></b></span></div>\r\n\r\n\t\t\t<div>&nbsp;</div>\r\n\r\n\t\t\t<div>&nbsp;</div>\r\n\r\n\t\t\t<div>&nbsp;</div>\r\n\r\n\t\t\t<div>&nbsp; &nbsp; &nbsp; &nbsp; &nbsp; &nbsp; &nbsp; &nbsp; &nbsp; &nbsp; &nbsp; &nbsp; &nbsp; &nbsp; &nbsp; &nbsp; &nbsp; &nbsp; &nbsp; &nbsp; &nbsp; &nbsp; &nbsp; &nbsp; &nbsp; &nbsp; &nbsp; &nbsp; &nbsp; &nbsp; &nbsp; &nbsp; &nbsp; &nbsp; &nbsp; &nbsp; &nbsp; &nbsp; &nbsp; &nbsp; &nbsp; &nbsp; &nbsp; &nbsp; &nbsp; &nbsp; &nbsp;</div>\r\n\r\n\t\t\t<div>&nbsp;</div>\r\n\r\n\t\t\t<div>&nbsp;</div>\r\n\r\n\t\t\t<div>&nbsp;</div>\r\n\r\n\t\t\t<div>&nbsp;</div>\r\n\t\t\t</td>\r\n\t\t\t<td>\r\n\t\t\t<div><span style="font-size:16px;"><b>   :</b></span></div>\r\n\r\n\t\t\t<div><span style="font-size:16px;">      &ndash; 50 .</span></div>\r\n\r\n\t\t\t<div><span style="font-size:16px;">   &ndash; 2 .</span></div>\r\n\r\n\t\t\t<div><span style="font-size:16px;">   :   &laquo;&raquo; - 4 .</span></div>\r\n\r\n\t\t\t<div><span style="font-size:16px;">   &ndash; 3 .</span></div>\r\n\r\n\t\t\t<div><span style="font-size:16px;"><b>     :</b></span></div>\r\n\r\n\t\t\t<div><span style="font-size:16px;">    &ndash; 1,7 .</span></div>\r\n\r\n\t\t\t<div><span style="font-size:16px;">     &ndash; 2,2  3,4 .</span></div>\r\n\r\n\t\t\t<div><span style="font-size:16px;">        &ndash; 2,2 .</span></div>\r\n\t\t\t</td>\r\n\t\t</tr>\r\n\t\t<tr>\r\n\t\t\t<td>\r\n\t\t\t<div><span style="font-size:16px;"><b></b></span></div>\r\n\r\n\t\t\t<div>&nbsp;</div>\r\n\r\n\t\t\t<div>&nbsp;</div>\r\n\r\n\t\t\t<div>&nbsp;</div>\r\n\r\n\t\t\t<div>&nbsp;</div>\r\n\t\t\t</td>\r\n\t\t\t<td>\r\n\t\t\t<div><span style="font-size:16px;"><b> &laquo;&raquo;:</b></span></div>\r\n\r\n\t\t\t<div><span style="font-size:16px;">, ., ., 59</span></div>\r\n\r\n\t\t\t<div><span style="font-size:16px;">: <a href="https://innovation.vn.ua/">https://innovation.vn.ua/</a></span></div>\r\n\r\n\t\t\t<div><span style="font-size:16px;">: <a href="mailto:VinnytsiaMCI@gmail.com">VinnytsiaMCI@gmail.com</a></span></div>\r\n\r\n\t\t\t<div><span style="font-size:16px;">: +38 (095) 646-59-09</span></div>\r\n\t\t\t</td>\r\n\t\t</tr>\r\n\t</tbody>\r\n</table>\r\n\r\n<div>&nbsp;</div>\r\n\r\n<div><a href="https://drive.google.com/file/d/1i2131DpBIejSIEPSbCaVUYf4oxQuoMPi/view?usp=sharing"><span style="font-size:26px;"> &nbsp;</span></a></div>\r\n	<div><span style="font-size:16px;">        , -   .</span></div>\r\n
10	5	en	2018-08-27 14:54:43.467035	2019-03-06 14:56:12.205594	Vinnytsia industrial park	<table border="1" cellpadding="5" cellspacing="5">\r\n\t<tbody>\r\n\t\t<tr>\r\n\t\t\t<td>\r\n\t\t\t<div><b>Project overview&nbsp;</b><span style="font-size:16px;"><b>&nbsp; &nbsp; &nbsp; &nbsp; &nbsp; &nbsp; &nbsp; &nbsp; &nbsp; &nbsp;</b></span></div>\r\n\t\t\t</td>\r\n\t\t\t<td>Concentration of industrial production in restricted areas away from residential, historical, cultural and recreational areas</td>\r\n\t\t</tr>\r\n\t\t<tr>\r\n\t\t\t<td colspan="2">\r\n\t\t\t<div style="text-align: center;"><span style="font-size:16px;"><b>Investment needs</b></span></div>\r\n\t\t\t</td>\r\n\t\t</tr>\r\n\t\t<tr>\r\n\t\t\t<td>\r\n\t\t\t<div><span style="font-size:16px;"><b>Amount and type</b></span></div>\r\n\t\t\t</td>\r\n\t\t\t<td>\r\n\t\t\t<div>Normative monetary land valuation for 2018: 392 UAH / m2.</div>\r\n\t\t\t</td>\r\n\t\t</tr>\r\n\t\t<tr>\r\n\t\t\t<td colspan="2" style="text-align: center;"><strong>Location and infrastructure</strong></td>\r\n\t\t</tr>\r\n\t\t<tr>\r\n\t\t\t<td>\r\n\t\t\t<div><span style="font-size:16px;"><b>Location</b></span></div>\r\n\t\t\t</td>\r\n\t\t\t<td>Nemyrivske&nbsp;highway 213, Vinnytsia</td>\r\n\t\t</tr>\r\n\t\t<tr>\r\n\t\t\t<td>\r\n\t\t\t<div><span style="font-size:16px;"><b>Land plot</b></span></div>\r\n\r\n\t\t\t<div>&nbsp;</div>\r\n\r\n\t\t\t<div>&nbsp;</div>\r\n\r\n\t\t\t<div>&nbsp;</div>\r\n\r\n\t\t\t<div>&nbsp;</div>\r\n\r\n\t\t\t<div>&nbsp;</div>\r\n\r\n\t\t\t<div>&nbsp;</div>\r\n\r\n\t\t\t<div>&nbsp;</div>\r\n\r\n\t\t\t<div>&nbsp;</div>\r\n\r\n\t\t\t<div>&nbsp;</div>\r\n\r\n\t\t\t<div>&nbsp;</div>\r\n\r\n\t\t\t<div>&nbsp;</div>\r\n\t\t\t</td>\r\n\t\t\t<td>\r\n\t\t\t<div><span style="font-size:16px;"><b>Area:</b></span></div>\r\n\r\n\t\t\t<div><span style="font-size:16px;">60,7 HA (free area for investment &ndash; 35, 2 ha).</span></div>\r\n\r\n\t\t\t<div><span style="font-size:16px;"><b>The legal status:</b></span></div>\r\n\r\n\t\t\t<div><span style="font-size:16px;"><strong>Purpose:</strong></span></div>\r\n\r\n\t\t\t<div>Target purpose 11.02.; category of land - land for industry, transport, communication, energy, defense and other purposes, for the placement and operation of the main and auxiliary buildings and facilities of the processing, engineering and other industries enterprises.</div>\r\n\r\n\t\t\t<div>\r\n\t\t\t<div><span style="font-size:16px;"><strong>Management Company</strong>: </span></div>\r\n\r\n\t\t\t<div><span style="font-size:16px;">ME &quot;Vinnytsia Municipal Center of Innovations&quot;.<br />\r\n\t\t\t<strong>Ownership</strong>: </span></div>\r\n\r\n\t\t\t<div><span style="font-size:16px;">Communal property.<br />\r\n\t\t\t<strong>Owner</strong>: </span></div>\r\n\r\n\t\t\t<div><span style="font-size:16px;">Territorial community of Vinnytsia.&nbsp;and other purposes, for the placement and operation of main and auxiliary buildings and facilities of the processing, engineering and other industries enterprises.</span></div>\r\n\t\t\t</div>\r\n\r\n\t\t\t<div><span style="font-size:16px;"><strong>Current usage</strong>:<br />\r\n\t\t\ton theland plot was created Vinnytsia Industrial Park.</span></div>\r\n\t\t\t</td>\r\n\t\t</tr>\r\n\t\t<tr>\r\n\t\t\t<td>\r\n\t\t\t<div style="text-align: justify;"><span style="font-size:16px;"><b>Infrastructure</b></span></div>\r\n\r\n\t\t\t<div>&nbsp;</div>\r\n\r\n\t\t\t<div>&nbsp;</div>\r\n\r\n\t\t\t<div>&nbsp;</div>\r\n\r\n\t\t\t<div>&nbsp; &nbsp; &nbsp; &nbsp; &nbsp; &nbsp; &nbsp; &nbsp; &nbsp; &nbsp; &nbsp; &nbsp; &nbsp; &nbsp; &nbsp; &nbsp; &nbsp; &nbsp; &nbsp; &nbsp; &nbsp; &nbsp; &nbsp; &nbsp; &nbsp; &nbsp; &nbsp; &nbsp; &nbsp; &nbsp; &nbsp; &nbsp; &nbsp; &nbsp; &nbsp; &nbsp; &nbsp; &nbsp; &nbsp; &nbsp; &nbsp; &nbsp; &nbsp; &nbsp; &nbsp; &nbsp; &nbsp;</div>\r\n\r\n\t\t\t<div>&nbsp;</div>\r\n\r\n\t\t\t<div>&nbsp;</div>\r\n\r\n\t\t\t<div>&nbsp;</div>\r\n\r\n\t\t\t<div>&nbsp;</div>\r\n\t\t\t</td>\r\n\t\t\t<td>\r\n\t\t\t<div><span style="font-size:16px;"><strong>Access to transport infrastructure:</strong><br />\r\n\t\t\tThe distance to the roads with a hard surface is 50 m.<br />\r\n\t\t\tThe highway is 2 km away.<br />\r\n\t\t\tDistance to the railway: Vinnitsa hub station is 4 km away.<br />\r\n\t\t\tThe airport is 3 km away.<br />\r\n\t\t\t<strong>Availability and distance to the engineering infrastructure:</strong><br />\r\n\t\t\tThe distance to the existing gas pipeline is 1.7 km.<br />\r\n\t\t\tThe distance to the existing transmission line is 2.2 or 3.4 km.<br />\r\n\t\t\tThe distance to the possible connection to the existing water supply is 2.2 km.</span></div>\r\n\t\t\t</td>\r\n\t\t</tr>\r\n\t\t<tr>\r\n\t\t\t<td>\r\n\t\t\t<div><span style="font-size:16px;"><b>Contacts</b></span></div>\r\n\r\n\t\t\t<div>&nbsp;</div>\r\n\r\n\t\t\t<div>&nbsp;</div>\r\n\r\n\t\t\t<div>&nbsp;</div>\r\n\r\n\t\t\t<div>&nbsp;</div>\r\n\t\t\t</td>\r\n\t\t\t<td>\r\n\t\t\t<div><span style="font-size:16px;"><b>ME &laquo;VMCI&raquo;:</b></span></div>\r\n\r\n\t\t\t<div><span style="font-size:16px;">Soborna 59, Vinnytsia, Ukraine</span></div>\r\n\r\n\t\t\t<div><span style="font-size:16px;">Web-site: <a href="https://innovation.vn.ua/">https://innovation.vn.ua/</a></span></div>\r\n\r\n\t\t\t<div><span style="font-size:16px;">E-mail: <a href="mailto:VinnytsiaMCI@gmail.com">VinnytsiaMCI@gmail.com</a></span></div>\r\n\r\n\t\t\t<div><span style="font-size:16px;">Phone: +38 (095) 646-59-09</span></div>\r\n\t\t\t</td>\r\n\t\t</tr>\r\n\t</tbody>\r\n</table>\r\n\r\n<div>&nbsp;</div>\r\n\r\n<div><a href="https://drive.google.com/file/d/1OqozBIY2kOwtKQIErGyEYGBdB4KxyY6R/view?usp=sharing"><span style="font-size:26px;">Click to see more!&nbsp;</span></a></div>\r\n	<div>Concentration of industrial production in restricted areas away from residential, historical, cultural and recreational areas.</div>\r\n
4	2	en	2018-08-27 14:54:43.407533	2019-03-06 16:59:20.815057	Airport Vinnytsia	<p>&nbsp;</p>\r\n\r\n<div>\r\n<table border="1">\r\n\t<tbody>\r\n\t\t<tr>\r\n\t\t\t<td colspan="2">\r\n\t\t\t<p><span style="font-size:16px;"><b>Project overview</b></span></p>\r\n\t\t\t</td>\r\n\t\t</tr>\r\n\t\t<tr>\r\n\t\t\t<td>\r\n\t\t\t<p><span style="font-size:16px;"><b>Project description&nbsp; &nbsp; &nbsp; &nbsp; &nbsp; &nbsp; &nbsp; &nbsp; &nbsp; &nbsp; &nbsp; &nbsp; &nbsp; &nbsp; &nbsp; &nbsp; &nbsp; &nbsp; &nbsp; &nbsp; &nbsp; &nbsp; &nbsp; &nbsp; &nbsp; &nbsp; &nbsp; &nbsp; &nbsp; &nbsp; &nbsp; &nbsp; &nbsp; &nbsp; &nbsp; &nbsp; &nbsp; &nbsp; &nbsp; &nbsp; &nbsp; &nbsp; &nbsp; &nbsp; &nbsp;&nbsp;</b></span></p>\r\n\t\t\t</td>\r\n\t\t\t<td>\r\n\t\t\t<p><span style="font-size:16px;">International airport &quot;Vinnitsa&quot; (Havryshivka village).<br />\r\n\t\t\tThe municipal project, the whole integral property complex - 100% ownership of the territorial community of the city.<br />\r\n\t\t\tLocated in the center of Ukraine, 7.5 km east from the Vinnytsia railway station, has a runway 2500x42 m with solid coverage and able to serve the the index 6 (six) aircrafts and below (A320, B737, TU-154 , Yak-42, SAAB-340 and others) in communication between airports of Ukraine, Europe and the Middle East.</span></p>\r\n\t\t\t</td>\r\n\t\t</tr>\r\n\t\t<tr>\r\n\t\t\t<td>\r\n\t\t\t<p><span style="font-size:16px;"><strong>Project goals</strong></span></p>\r\n\t\t\t</td>\r\n\t\t\t<td>\r\n\t\t\t<div>\r\n\t\t\t<ul>\r\n\t\t\t\t<li>\r\n\t\t\t\t<p><span style="font-size:16px;">Conformity to modern ICAO requirements (physical parameters of the runway).</span></p>\r\n\t\t\t\t</li>\r\n\t\t\t\t<li>\r\n\t\t\t\t<p><span style="font-size:16px;">Modern light signaling system and engineering equipment (ILS).</span></p>\r\n\t\t\t\t</li>\r\n\t\t\t\t<li>\r\n\t\t\t\t<p><span style="font-size:16px;">Modern emergency rescue station.</span></p>\r\n\t\t\t\t</li>\r\n\t\t\t\t<li>\r\n\t\t\t\t<p><span style="font-size:16px;">Tourism development and local economic development.</span></p>\r\n\t\t\t\t</li>\r\n\t\t\t</ul>\r\n\t\t\t</div>\r\n\t\t\t</td>\r\n\t\t</tr>\r\n\t\t<tr>\r\n\t\t\t<td colspan="2">\r\n\t\t\t<p><span style="font-size:16px;"><b>Investment needs</b></span></p>\r\n\t\t\t</td>\r\n\t\t</tr>\r\n\t\t<tr>\r\n\t\t\t<td>\r\n\t\t\t<p><span style="font-size:16px;"><b>Amount and type</b></span></p>\r\n\t\t\t</td>\r\n\t\t\t<td>\r\n\t\t\t<p><span style="font-size:16px;">31.4 million euros</span></p>\r\n\t\t\t</td>\r\n\t\t</tr>\r\n\t\t<tr>\r\n\t\t\t<td>\r\n\t\t\t<p><span style="font-size:16px;"><strong>The term of the project implementation</strong></span></p>\r\n\t\t\t</td>\r\n\t\t\t<td>\r\n\t\t\t<p><span style="font-size:16px;">36 months</span></p>\r\n\t\t\t</td>\r\n\t\t</tr>\r\n\t\t<tr>\r\n\t\t\t<td>\r\n\t\t\t<p><span style="font-size:16px;"><strong>Payback period</strong></span></p>\r\n\t\t\t</td>\r\n\t\t\t<td>\r\n\t\t\t<p><span style="font-size:16px;">from 9 years</span></p>\r\n\t\t\t</td>\r\n\t\t</tr>\r\n\t\t<tr>\r\n\t\t\t<td>\r\n\t\t\t<p><span style="font-size:16px;"><strong>Expected readiness of the project documentation</strong></span></p>\r\n\t\t\t</td>\r\n\t\t\t<td>\r\n\t\t\t<p><span style="font-size:16px;">December 2018</span></p>\r\n\t\t\t</td>\r\n\t\t</tr>\r\n\t\t<tr>\r\n\t\t\t<td colspan="2">\r\n\t\t\t<p><span style="font-size:16px;"><strong>Location and infrastructure</strong></span></p>\r\n\t\t\t</td>\r\n\t\t</tr>\r\n\t\t<tr>\r\n\t\t\t<td>\r\n\t\t\t<p><span style="font-size:16px;"><strong>Location </strong></span></p>\r\n\t\t\t</td>\r\n\t\t\t<td>\r\n\t\t\t<p><span style="font-size:16px;">Gavryshivka, Vinnitsa district</span></p>\r\n\t\t\t</td>\r\n\t\t</tr>\r\n\t\t<tr>\r\n\t\t\t<td>\r\n\t\t\t<p><span style="font-size:16px;"><strong>Infrastructure</strong></span></p>\r\n\t\t\t</td>\r\n\t\t\t<td>\r\n\t\t\t<div>\r\n\t\t\t<p><span style="font-size:16px;">Runway:</span></p>\r\n\r\n\t\t\t<ul>\r\n\t\t\t\t<li>\r\n\t\t\t\t<p><span style="font-size:16px;">length - 2500 </span></p>\r\n\t\t\t\t</li>\r\n\t\t\t\t<li>\r\n\t\t\t\t<p><span style="font-size:16px;">width &ndash; 42  (extension up to 45 meters)</span></p>\r\n\t\t\t\t</li>\r\n\t\t\t</ul>\r\n\r\n\t\t\t<p><span style="font-size:16px;">RD-3 runway and perron with the possibility of self-directing on 8 C-class aircraft, or 5 class C and Class D vehicles.</span><br />\r\n\t\t\t<span style="font-size:16px;">Passenger terminal with a capacity up to 400 passengers per hour (additional investment project for the reconstruction of the terminal complex is possible).</span></p>\r\n\t\t\t</div>\r\n\t\t\t</td>\r\n\t\t</tr>\r\n\t</tbody>\r\n</table>\r\n</div>\r\n\r\n<p><a href="https://drive.google.com/file/d/1MrEZojfGE-48v-1pMXW8xRqHuGAS3hLQ/view?usp=sharing" target="_blank"><span style="font-size:26px;">Click to see more about the airport terminal reconstruction!</span></a></p>\r\n\r\n<p><a href="https://drive.google.com/file/d/1gqldkMYWAxoUhNgSovNUnfBwpklcJtkj/view?usp=sharing" target="_blank"><span style="font-size:26px;">Click to see more about runway reconstruction!</span></a></p>\r\n	<div>International airport &quot;Vinnytsia&quot;&nbsp;located in the center of Ukraine, 7.5 km east from the Vinnytsia railway station</div>\r\n
5	3	uk	2018-08-27 14:54:43.423911	2019-03-06 16:59:49.086013	 	<table border="1" cellpadding="5" cellspacing="5">\r\n\t<tbody>\r\n\t\t<tr>\r\n\t\t\t<td>\r\n\t\t\t<div><span style="font-size:16px;"><strong>&nbsp;</strong></span></div>\r\n\t\t\t</td>\r\n\t\t\t<td>\r\n\t\t\t<div><span style="font-size:16px;">        ,    ,       .</span></div>\r\n\t\t\t</td>\r\n\t\t</tr>\r\n\t\t<tr>\r\n\t\t\t<td>\r\n\t\t\t<div class="table-responsive"><span style="font-size:16px;"><b> </b></span></div>\r\n\r\n\t\t\t<div class="table-responsive">&nbsp;</div>\r\n\r\n\t\t\t<div class="table-responsive">&nbsp;</div>\r\n\r\n\t\t\t<div class="table-responsive">&nbsp;</div>\r\n\r\n\t\t\t<div class="table-responsive">&nbsp;</div>\r\n\t\t\t</td>\r\n\t\t\t<td>\r\n\t\t\t<div class="table-responsive"><span style="font-size:16px;">          .</span></div>\r\n\r\n\t\t\t<div class="table-responsive"><span style="font-size:16px;">      .</span></div>\r\n\r\n\t\t\t<div class="table-responsive"><span style="font-size:16px;">     .</span></div>\r\n\r\n\t\t\t<div class="table-responsive"><span style="font-size:16px;">     .</span></div>\r\n\r\n\t\t\t<div class="table-responsive"><span style="font-size:16px;"> .</span></div>\r\n\t\t\t</td>\r\n\t\t</tr>\r\n\t\t<tr>\r\n\t\t\t<td>\r\n\t\t\t<div class="table-responsive"><span style="font-size:16px;"><strong> </strong></span></div>\r\n\r\n\t\t\t<div class="table-responsive">&nbsp;</div>\r\n\t\t\t</td>\r\n\t\t\t<td>\r\n\t\t\t<div class="table-responsive"><span style="font-size:16px;">     &ndash; 110 ;</span></div>\r\n\r\n\t\t\t<div class="table-responsive"><span style="font-size:16px;">   &ndash; 650 .</span></div>\r\n\t\t\t</td>\r\n\t\t</tr>\r\n\t\t<tr>\r\n\t\t\t<td colspan="2">\r\n\t\t\t<div class="table-responsive" style="text-align: center;"><span style="font-size:16px;"><b>  </b></span></div>\r\n\t\t\t</td>\r\n\t\t</tr>\r\n\t\t<tr>\r\n\t\t\t<td>\r\n\t\t\t<div class="table-responsive"><span style="font-size:16px;"><b>  </b></span></div>\r\n\r\n\t\t\t<div class="table-responsive">&nbsp;</div>\r\n\t\t\t</td>\r\n\t\t\t<td>\r\n\t\t\t<div class="table-responsive"><span style="font-size:16px;">34,3 . .</span></div>\r\n\r\n\t\t\t<div class="table-responsive"><span style="font-size:16px;">  .</span></div>\r\n\t\t\t</td>\r\n\t\t</tr>\r\n\t\t<tr>\r\n\t\t\t<td>\r\n\t\t\t<div class="table-responsive"><span style="font-size:16px;"><b>  </b></span></div>\r\n\t\t\t</td>\r\n\t\t\t<td>\r\n\t\t\t<div class="table-responsive"><span style="font-size:16px;">24 .</span></div>\r\n\t\t\t</td>\r\n\t\t</tr>\r\n\t\t<tr>\r\n\t\t\t<td>\r\n\t\t\t<div class="table-responsive"><span style="font-size:16px;"><b>  </b></span></div>\r\n\t\t\t</td>\r\n\t\t\t<td>\r\n\t\t\t<div class="table-responsive"><span style="font-size:16px;"> &rsquo;.</span></div>\r\n\r\n\t\t\t<div class="table-responsive"><span style="font-size:16px;">   .</span></div>\r\n\t\t\t</td>\r\n\t\t</tr>\r\n\t\t<tr>\r\n\t\t\t<td colspan="2">\r\n\t\t\t<div class="table-responsive">&nbsp;</div>\r\n\t\t\t</td>\r\n\t\t</tr>\r\n\t\t<tr>\r\n\t\t\t<td>\r\n\t\t\t<div class="table-responsive"><span style="font-size:16px;"><b> </b></span></div>\r\n\t\t\t</td>\r\n\t\t\t<td>\r\n\t\t\t<div class="table-responsive"><span style="font-size:16px;">. ,  &rsquo;  .    . .</span></div>\r\n\t\t\t</td>\r\n\t\t</tr>\r\n\t</tbody>\r\n</table>\r\n\r\n<div>&nbsp;</div>\r\n\r\n<div><span style="font-size:26px;"><a href="https://drive.google.com/file/d/1tqeo3Jh3ZCtmMcEcGq0r_QEdzQ6YOpcl/view?usp=sharing" target="_blank"> </a></span></div>\r\n	<div>        ,    ,       .</div>\r\n
6	3	en	2018-08-27 14:54:43.427589	2019-03-06 16:59:49.087106	Construction of overpass	<div>\r\n<div>\r\n<table border="1" cellpadding="5" cellspacing="5">\r\n\t<tbody>\r\n\t\t<tr>\r\n\t\t\t<td>\r\n\t\t\t<div><span style="font-size:16px;"><strong>Project description</strong></span></div>\r\n\t\t\t</td>\r\n\t\t\t<td>\r\n\t\t\t<div><span style="font-size:16px;">The project solves the existing problem of transport links between two districts separated by a railway, with constructing an overpass</span></div>\r\n\t\t\t</td>\r\n\t\t</tr>\r\n\t\t<tr>\r\n\t\t\t<td>\r\n\t\t\t<div><span style="font-size:16px;"><b>Project goals</b></span></div>\r\n\t\t\t</td>\r\n\t\t\t<td>\r\n\t\t\t<div class="table-responsive"><span style="font-size:16px;">The appearance in the city the second connection from the eastern part of the city with the center of Vinnytsia<br />\r\n\t\t\tDevelopment of transport infrastructure and public transport system<br />\r\n\t\t\tUnloading the traffic flow of the central part of the city<br />\r\n\t\t\tCreation of potential for brownfield development and revitalization<br />\r\n\t\t\tEcological effect.</span></div>\r\n\t\t\t</td>\r\n\t\t</tr>\r\n\t\t<tr>\r\n\t\t\t<td>\r\n\t\t\t<div><span style="font-size:16px;"><strong>Specification</strong></span></div>\r\n\t\t\t</td>\r\n\t\t\t<td>\r\n\t\t\t<div class="table-responsive"><span style="font-size:16px;">Bridge building with maximum span - 110 m<br />\r\n\t\t\tThe total length of the building is 650 m</span></div>\r\n\t\t\t</td>\r\n\t\t</tr>\r\n\t\t<tr>\r\n\t\t\t<td colspan="2">\r\n\t\t\t<div><span style="font-size:16px;"><strong>Investment needs</strong></span></div>\r\n\t\t\t</td>\r\n\t\t</tr>\r\n\t\t<tr>\r\n\t\t\t<td>\r\n\t\t\t<div><span style="font-size:16px;"><strong>Amount and type</strong></span></div>\r\n\t\t\t</td>\r\n\t\t\t<td>\r\n\t\t\t<div class="table-responsive"><span style="font-size:16px;">34.3 million euros<br />\r\n\t\t\tThe concession agreement is possible</span></div>\r\n\t\t\t</td>\r\n\t\t</tr>\r\n\t\t<tr>\r\n\t\t\t<td>\r\n\t\t\t<div><span style="font-size:16px;"><strong>The term of the project implementation</strong></span></div>\r\n\t\t\t</td>\r\n\t\t\t<td>\r\n\t\t\t<div class="table-responsive"><span style="font-size:16px;">24 months</span></div>\r\n\t\t\t</td>\r\n\t\t</tr>\r\n\t\t<tr>\r\n\t\t\t<td>\r\n\t\t\t<div><span style="font-size:16px;"><strong>Payback period</strong></span></div>\r\n\t\t\t</td>\r\n\t\t\t<td>\r\n\t\t\t<div class="table-responsive"><span style="font-size:16px;">Infrastructure object<br />\r\n\t\t\tThe possibility of introducing a&nbsp;fare</span></div>\r\n\t\t\t</td>\r\n\t\t</tr>\r\n\t\t<tr>\r\n\t\t\t<td colspan="2">\r\n\t\t\t<div class="table-responsive">&nbsp;</div>\r\n\t\t\t</td>\r\n\t\t</tr>\r\n\t\t<tr>\r\n\t\t\t<td>\r\n\t\t\t<div><span style="font-size:16px;"><b>Location</b></span></div>\r\n\t\t\t</td>\r\n\t\t\t<td>\r\n\t\t\t<div class="table-responsive"><span style="font-size:16px;">Vinnitsa, the overpass connects the Academica </span><span style="font-size:16px;">Yangelia</span><span style="font-size:16px;"> st. and Vatutina st</span></div>\r\n\t\t\t</td>\r\n\t\t</tr>\r\n\t</tbody>\r\n</table>\r\n\r\n<div>&nbsp;</div>\r\n</div>\r\n\r\n<div><span style="font-size:26px;"><a href="http://drive.google.com/file/d/1wqNQJ_vA0qCfakhYNGCRCLcUxjZSqe2U/view?usp=sharing">C</a></span><a href="http://drive.google.com/file/d/1wqNQJ_vA0qCfakhYNGCRCLcUxjZSqe2U/view?usp=sharing"><span style="font-size:26px;">lick to see more!</span></a></div>\r\n</div>\r\n	<div>\r\n<div>The project solves the existing problem of transport links between two districts separated by a railway</div>\r\n</div>\r\n
7	4	uk	2018-08-27 14:54:43.443644	2019-03-04 13:13:24.124818	 - 	<table border="1" cellpadding="5" cellspacing="5">\r\n\t<tbody>\r\n\t\t<tr>\r\n\t\t\t<td colspan="2">\r\n\t\t\t<div><span style="font-size:16px;"><b> &nbsp; &nbsp; &nbsp; &nbsp; &nbsp; &nbsp;&nbsp;</b></span></div>\r\n\t\t\t</td>\r\n\t\t</tr>\r\n\t\t<tr>\r\n\t\t\t<td>\r\n\t\t\t<div><span style="font-size:16px;"><b>&nbsp;&nbsp; &nbsp; &nbsp; &nbsp; &nbsp; &nbsp; &nbsp; &nbsp; &nbsp; &nbsp; &nbsp; &nbsp; &nbsp; &nbsp; &nbsp; &nbsp; &nbsp; &nbsp; &nbsp; &nbsp; &nbsp; &nbsp; &nbsp; &nbsp; &nbsp; &nbsp; &nbsp; &nbsp; &nbsp; &nbsp; &nbsp; &nbsp; &nbsp; &nbsp; &nbsp; &nbsp; &nbsp; &nbsp; &nbsp; &nbsp; &nbsp; &nbsp; &nbsp; &nbsp; &nbsp; &nbsp; &nbsp; &nbsp; &nbsp; &nbsp; &nbsp; &nbsp; &nbsp; &nbsp; &nbsp; &nbsp; &nbsp; &nbsp; &nbsp; &nbsp; &nbsp; &nbsp; &nbsp; &nbsp; &nbsp; &nbsp; &nbsp; &nbsp;&nbsp;</b></span></div>\r\n\t\t\t</td>\r\n\t\t\t<td>\r\n\t\t\t<div><span style="font-size:16px;">  -   ,             .     ,  &rsquo;     ,    ,      ,    .</span></div>\r\n\t\t\t</td>\r\n\t\t</tr>\r\n\t\t<tr>\r\n\t\t\t<td>\r\n\t\t\t<div><span style="font-size:16px;"><b> </b></span></div>\r\n\t\t\t</td>\r\n\t\t\t<td>\r\n\t\t\t<ul>\r\n\t\t\t\t<li><span style="font-size:16px;">   .</span></li>\r\n\t\t\t\t<li><span style="font-size:16px;"> .</span></li>\r\n\t\t\t\t<li><span style="font-size:16px;">     .</span></li>\r\n\t\t\t\t<li><span style="font-size:16px;">   .</span></li>\r\n\t\t\t\t<li><span style="font-size:16px;">   .</span></li>\r\n\t\t\t\t<li><span style="font-size:16px;">    ,             .</span></li>\r\n\t\t\t</ul>\r\n\t\t\t</td>\r\n\t\t</tr>\r\n\t\t<tr>\r\n\t\t\t<td colspan="2">\r\n\t\t\t<div><span style="font-size:16px;"><b>  </b></span></div>\r\n\t\t\t</td>\r\n\t\t</tr>\r\n\t\t<tr>\r\n\t\t\t<td>\r\n\t\t\t<div><span style="font-size:16px;"><b>  </b></span></div>\r\n\t\t\t</td>\r\n\t\t\t<td>\r\n\t\t\t<div><span style="font-size:16px;">200 . .</span></div>\r\n\t\t\t</td>\r\n\t\t</tr>\r\n\t\t<tr>\r\n\t\t\t<td>\r\n\t\t\t<div><span style="font-size:16px;"><b>  </b></span></div>\r\n\t\t\t</td>\r\n\t\t\t<td>\r\n\t\t\t<div><span style="font-size:16px;">18 .</span></div>\r\n\t\t\t</td>\r\n\t\t</tr>\r\n\t\t<tr>\r\n\t\t\t<td>\r\n\t\t\t<div><span style="font-size:16px;"><b>  </b></span></div>\r\n\t\t\t</td>\r\n\t\t\t<td>\r\n\t\t\t<div><span style="font-size:16px;">13 .</span></div>\r\n\t\t\t</td>\r\n\t\t</tr>\r\n\t\t<tr>\r\n\t\t\t<td>\r\n\t\t\t<div><span style="font-size:16px;"><b>   </b></span></div>\r\n\t\t\t</td>\r\n\t\t\t<td>\r\n\t\t\t<div><span style="font-size:16px;"> 2018 .</span></div>\r\n\t\t\t</td>\r\n\t\t</tr>\r\n\t\t<tr>\r\n\t\t\t<td colspan="2">\r\n\t\t\t<div><span style="font-size:16px;"><b>  </b></span></div>\r\n\t\t\t</td>\r\n\t\t</tr>\r\n\t\t<tr>\r\n\t\t\t<td>\r\n\t\t\t<div><span style="font-size:16px;"><b> </b></span></div>\r\n\t\t\t</td>\r\n\t\t\t<td>\r\n\t\t\t<div><span style="font-size:16px;">. , . 600-, 21.</span></div>\r\n\t\t\t</td>\r\n\t\t</tr>\r\n\t\t<tr>\r\n\t\t\t<td>\r\n\t\t\t<div><span style="font-size:16px;"><b></b></span></div>\r\n\t\t\t</td>\r\n\t\t\t<td>\r\n\t\t\t<div><span style="font-size:16px;">  , &nbsp; 3750 <sup>2</sup>.,  ;</span></div>\r\n\r\n\t\t\t<div><span style="font-size:16px;">  ,  1491,4 <sup>2</sup>.,  .</span></div>\r\n\r\n\t\t\t<div><span style="font-size:16px;">      ,  ,  .</span></div>\r\n\t\t\t</td>\r\n\t\t</tr>\r\n\t</tbody>\r\n</table>\r\n\r\n<div>&nbsp;</div>\r\n\r\n<h1><span style="font-size:26px;"><a href="https://drive.google.com/file/d/1ltfyQtc_CtCfdds21v9kcX00n47dDp9j/view?usp=sharing" target="_blank"> &nbsp;</a></span></h1>\r\n	<div><span style="font-size:16px;">  -           </span></div>\r\n
\.


--
-- Data for Name: projects; Type: TABLE DATA; Schema: public; Owner: invest
--

COPY public.projects (id, alias, created_at, updated_at) FROM stdin;
4	innovation_technology_park	2018-08-27 14:54:43.440032	2019-03-06 14:08:06.932456
1	refrigeration_engineering	2018-08-27 14:54:43.37636	2019-03-06 14:54:07.918175
5	industrial_park	2018-08-27 14:54:43.459702	2019-03-06 14:56:12.20407
8	wasteplant_construction	2019-03-06 16:01:13.058666	2019-03-06 16:05:23.162948
2	airport_vinnitsa	2018-08-27 14:54:43.399845	2019-03-06 16:59:20.811604
3	overpass_construction	2018-08-27 14:54:43.42024	2019-03-06 16:59:49.084843
9	Sportcomplex_construction	2019-03-06 16:48:45.707565	2019-03-06 17:00:40.46361
\.


--
-- Data for Name: questionnaire_files; Type: TABLE DATA; Schema: public; Owner: invest
--

COPY public.questionnaire_files (id, file, fileable_type, fileable_id, created_at, updated_at) FROM stdin;
\.


--
-- Data for Name: questionnaire_images; Type: TABLE DATA; Schema: public; Owner: invest
--

COPY public.questionnaire_images (id, image, imgable_type, imgable_id, created_at, updated_at) FROM stdin;
\.


--
-- Data for Name: representatives; Type: TABLE DATA; Schema: public; Owner: invest
--

COPY public.representatives (id, potential_investor_id, name, phone, fax, email, site, other_info, additional) FROM stdin;
1	2	Test	+38(000)000-00-00	Test	Test	Test	Test	\N
2	3		+38(000)000-00-00					4.jpg
3	4	info23		info23	info23@cantatic.com	info23	info23	\N
\.


--
-- Data for Name: review_translations; Type: TABLE DATA; Schema: public; Owner: invest
--

COPY public.review_translations (id, review_id, locale, created_at, updated_at, last_name, first_name, middle_name, "position", description) FROM stdin;
2	1	en	2018-09-04 06:43:07.319958	2018-10-31 10:08:51.477001	Humennyi 	Ihor		Founder and president of UBC Group	<p><span style="font-size:18px;"><span style="font-family:ProximaNova-Light;">Among the Ukrainian cities, Vinnytsia is the most approximated to European standards. In 2014, when we were searching for a location for a new company, we visited Lviv, Lutsk, Zhytomyr and Cherkassy. When we ariived with an investment proposal to Vinnytsia, Mayor Sergei Morgunov and Valeriy Koroviy who was his deputy then did not leave us a chance. We received maximum assistance, from buying land to resolving all formalities. The local authorities made all efforts to make us choose Vinnytsya. Now we have launched the first line of production. We need to notice that Vinnytsia people are hard-working and open. My hometown is Dyakivtsi, Litinsky district. We have a lot of plans, among them to develop our Vinnitsa enterprise.</span></span></p>\r\n
4	2	en	2018-09-05 08:39:08.46761	2018-11-01 15:35:39.412604	Tyshchenko	Oleksandr		Executive director of Delphi	<p style="text-align: justify;"><span style="font-family:ProximaNova-Light;"><span style="font-size:18px;"><span style="line-height:107%"><span style="line-height:107%">Delphi has chosen Vinnytsia from ten locations for doing business in Ukraine. Vinnytsia people are positive and persistent. We noticed it and it was also noticed by all investors of the city. Young people come to work as ordinary employees, and in a year or two become leaders and manage a team of 200-300 people. They have a thirst for life and for development. Vinnytsia is a bright and friendly city with beautifully streets, modern and convenient city transport, and a lot of host facilities. In winter, snow is beeng removed from the roads and sidewalks even at night, so everything is always clean in the morning. This is a sign that local authorities are really concerned about citizens. This is a European approach to city management.</span></span></span></span></p>\r\n
14	7	en	2018-11-01 15:16:55.805698	2019-03-06 13:19:25.364802	Hunder 	Andriy		President at American Chamber of Commerce in Ukraine	<div><span style="font-size:18px;"><span style="font-family:ProximaNova-Light;">Vinnytsia is a really wonderful example of attracting investments. The main thing for it is building of communication and trust. We can see it regarding on examles of companies who already work here. If we will ask them why they are here, they will answer that it&#39;s because everything is super, it gives confidence that other companies can go to the city. I think it&#39;s really important to show and o tell them on the examples, because it&#39;s always better to see, and not listen to promises. Therefore, I think that Vinnytsia is on the right way now and I also think that after today&#39;s event, we will communicate with these messages to other investors and companies. I&#39;m really very impressed with what I&#39;ve seen today.</span></span></div>\r\n
12	6	en	2018-09-06 06:41:56.513162	2018-10-31 09:36:18.684698	Ponomarchuk 	Viktor		Founder and chairman of the board of directors of the industrial group ViOil	<p><span style="font-size:18px;"><span style="font-family:ProximaNova-Light;">Our company began to work at 90&#39;s. Vioil was the first in Ukraine who began to produce rapeseed oil. Today we are the world leader in production of sunflower oil and export it to dozens of countries around the world. I believed in this business from the start and I was sure, in my choice, to build it in Vinnytsia. There was and it is still maintenance of city autorities and economic security here. And also it is special energy in Vinnytsia people. Our employees, with their knowledge and willingness to work, are not inferior to specialists from other countries of the world, and in terms of flexibility and adaptation to situations they are even ahead. The enterprise develops and continues to increase its own capacity. In view of decentralization, it is nice to see that taxes that go to the city budget are spent on the development of infrastructure and the urban environment. The comfort of the city&#39;s citizens, including our employees, is constantly rising.</span></span></p>\r\n
10	5	en	2018-09-06 06:30:33.663218	2018-10-31 10:02:23.627701	Myslyvyi	Petro		General Director of Agrana Fruit	<p><span style="font-size:18px;"><span style="font-family:ProximaNova-Light;">AGRANA FRUT LTD Ukraine has been operating in fertile lands of Vinnytsia for more than 20 years. The main areas of activity of the enterprise are: processing of fruits and vegetables, production of frozen, aseptic products and fruit fillers. Located in the center of Ukraine, Vinnytsia is well suited for the company&#39;s business, since almost all traditional Ukrainian cultures are grown in the region, and road delivery is easy. Over the years Agrana Fruit Ukraine has established effective mutually beneficial partnerships with local farmers and cooperative farms, and the progressive leadership of the city and region creates comfortable conditions for work and development and always paying attention to business needs. The city where we work is rapidly developing, is very creative and comfortable, so everything that we do here brings pleasure and joy.</span></span></p>\r\n
9	5	uk	2018-09-06 06:30:33.661409	2018-10-31 10:02:23.626539				  Agrana Fruit	<p style="margin: 0cm 0cm 8pt; text-align: justify;"><span style="font-size:18px;"><span style="font-family:ProximaNova-Light;"><span style="line-height:107%">      20      .     :    ,  ,     .    ,               ,        .                 ,             ,      . ,     ,     ,  ,        .&nbsp; &nbsp;</span></span></span></p>\r\n
1	1	uk	2018-09-04 06:43:07.318397	2018-10-31 10:08:51.475866				   UBC Group	<p style="text-align: justify;"><span style="font-family:ProximaNova-Light;"><span style="font-size:18px;">    &ndash;     .  2014 ,      &nbsp;,&nbsp; , ,   . &nbsp;     <span style="text-align: justify;">             .  &nbsp; ,        .&nbsp;    ,    .  &nbsp;</span><span style="line-height:107%"><span style="line-height:107%">   .</span></span><span style="text-align: justify;">&nbsp; ,  </span><span style="line-height:107%"><span style="line-height:107%">  &nbsp;.     . ,  -.    ,  &nbsp;   . </span></span></span></span></p>\r\n\r\n<p style="text-align: justify;">&nbsp;</p>\r\n
13	7	uk	2018-11-01 15:16:55.804159	2018-11-01 15:16:55.804159				     	<div><span style="font-size:18px;"><span style="font-family:ProximaNova-Light;"> &ndash;     ,    .  &ndash;     .      ,     .      ,   ,   ,    ,      . ,     , ,      ,   . ,  ,        ,             .      ,   .</span></span></div>\r\n
11	6	uk	2018-09-06 06:41:56.511295	2018-10-31 09:36:18.68293				       Viil	<p style="text-align: justify;"><span style="font-family:ProximaNova-Light;"><span style="font-size:18px;">       90- . Vioil       .&nbsp;               .&nbsp;       ,        .    &nbsp;    .&nbsp;     .              ,       ,   .       .   ,  ,  ,             .   ,    ,  .</span></span></p>\r\n
3	2	uk	2018-09-05 08:39:08.465256	2018-11-01 15:40:44.661754				  Delphi	<p style="text-align: justify;"><span style="font-family:ProximaNova-Light;"><span style="font-size:18px;"><span style="line-height:107%"><span style="line-height:107%">  Delphi        .    .                ,      &laquo;&raquo; &raquo;.  - &nbsp;  .        .     ,   -       200-300 .        .  &nbsp;-    ,    ,            . ,        ,      .   ,       .      .</span></span></span></span></p>\r\n
\.


--
-- Data for Name: reviews; Type: TABLE DATA; Schema: public; Owner: invest
--

COPY public.reviews (id, image, created_at, updated_at) FROM stdin;
6	d95a0cfb2592f7d4b867dbb12b257592.png	2018-09-06 06:41:56.509505	2018-10-31 09:36:18.680877
5	54078f15810b9813e73d3997035338b4.png	2018-09-06 06:30:33.659556	2018-10-31 10:02:23.625014
1	6d4f57eb3133ce437536157bdb7cf47e.png	2018-09-04 06:43:07.316426	2018-10-31 10:08:51.474437
2	316f57ff3a7b4cbeb99ed8be93191e81.png	2018-09-05 08:39:08.462946	2018-11-01 15:40:44.659856
7	553f035c3cc96841f48eb842a4a5f1b7.png	2018-11-01 15:16:55.801892	2019-03-06 13:19:25.362531
\.


--
-- Data for Name: schema_migrations; Type: TABLE DATA; Schema: public; Owner: invest
--

COPY public.schema_migrations (version) FROM stdin;
20180716083837
20180716085331
20180716085629
20180717120344
20180718144834
20180718145259
20180718145527
20180719055505
20180719080754
20180719092724
20180723134751
20180720053555
20180720053916
20180720080210
20180720080234
20180724105248
20180724123118
20180726123309
20180802120929
20180803083109
20180803120701
20180803120743
20180810091244
20180810092313
20180813122132
20180820091609
20180820103726
20180822080523
20180822112242
20180823072031
20180823134230
20180823151844
20180823153601
20180827091551
20180828104859
20180828065728
20180828124737
20180828124742
20180831150012
20180903145713
20180921110048
20180921120025
20180925143215
20180928073424
20180928082638
20181001091005
20181001091709
20181003083853
20181018143836
20181022115148
20181024092135
20181024092208
20181024092214
20181024092244
20181024092301
20181030082557
20181115100119
20181115100645
20181116073712
20181116125410
20181119131751
20181119152208
20181119171447
20181120073350
20181123102519
20181126111334
20181126130537
20181128122458
20181128094727
20181129104933
20181204085257
20181204155535
20181204205605
20181204205739
20181211094717
20181212092733
20181219113223
20181226095542
20190102070838
20190102073420
20190102130642
20190110123313
20190125120845
20190206084020
\.


--
-- Data for Name: sector_translations; Type: TABLE DATA; Schema: public; Owner: invest
--

COPY public.sector_translations (id, sector_id, locale, created_at, updated_at, title, description) FROM stdin;
4	2	en	2018-11-29 11:02:47.025042	2019-03-06 12:11:14.963078	Food Industry	<div>\r\n<p><span style="font-size:20px;">Due to a favorable location in the center of a large agricultural region, Vinnytsia is an important region for the food industry.</span></p>\r\n</div>\r\n\r\n<div>\r\n<p><span style="font-size:20px;">Food production&nbsp;that meets world quality standards was determined as the main &quot;smart&quot; specialization of the city. This industry accounts&nbsp;up to 50% of the city total industrial production.</span></p>\r\n</div>\r\n\r\n<div>\r\n<p><span style="font-size:20px;">The volume of sales related to the food industry&nbsp;for January-September period amounted to 11 439 401 UAH, which represents 52,1% of the total sales in the city.</span></p>\r\n</div>\r\n\r\n<div>\r\n<p><span style="font-size:20px;">Vinnytsia region is a leader in cultivation of many types of agricultural crops&nbsp;and one of the most favorable regions for the cultivation of agricultural products. The level of agricultural land-plowing&nbsp;development in the region is 76.</span></p>\r\n</div>\r\n\r\n<div>\r\n<p><span style="font-size:20px;">Now 10 000 students in Vinnytsia study&nbsp;food industry programs.</span></p>\r\n</div>\r\n\r\n<div>\r\n<p><span style="font-size:20px;">Today, the following companies operate in&nbsp;Vinnytsia food industry: Roshen, ViOil, Agrana Fruit, VHS, AVIS, Vinnytsia fruit concentrates and wines plant, Khlibprom.</span></p>\r\n</div>\r\n
2	1	en	2018-11-29 10:57:35.786714	2019-03-06 10:51:50.968836	Engineering	<div>\r\n<p><span style="font-size:20px;">Vinnytsia is a city which&nbsp;successfully develops&nbsp;the machine-building industry for a long time. The city produces a wide range of goods starts from electrodes for welding to the latest refrigeration equipment. Geography of trade with goods manufactured by the industry extends from the United States to China.</span></p>\r\n</div>\r\n\r\n<div>\r\n<p><span style="font-size:20px;">The potential for development has the following sub-sectors:</span></p>\r\n\r\n<ul>\r\n\t<li><span style="font-size:20px;">refrigeration equipment</span></li>\r\n\t<li><span style="font-size:20px;">electronics and electrical appliances</span></li>\r\n\t<li><span style="font-size:20px;">instrumentation</span></li>\r\n</ul>\r\n</div>\r\n\r\n<div>\r\n<p><span style="font-size:20px;">In Vinnytsia every year about 1200 specialists in&nbsp;engineering&nbsp;are finishing their education, which is a significant advantage for the further development of the industry&nbsp;and increasing of&nbsp;the skilled and competent labor force for local enterprises.</span></p>\r\n</div>\r\n\r\n<div>\r\n<p><span style="font-size:20px;">The volume of sales&nbsp;related to the machine-building industry, for the January-September period,&nbsp;amount&nbsp;up to UAH 870 073, representing 3.9% of the total sales in the city.</span></p>\r\n</div>\r\n\r\n<div>\r\n<p><span style="font-size:20px;">Today in Vinnytsia mechanical engineering operates&nbsp;following companies: LLC Green Cool (UBC Group), LLC Electric Systems (a joint venture of Delphi and Ukroboronprom), PJSC Vinnytsia Mayak Plant, PJSC PlasmaTek, LLC PromAvtomatyka Vinnytsia, LLC&nbsp;Vinnitsa Pneumatics plant.</span></p>\r\n</div>\r\n
3	2	uk	2018-11-29 11:02:47.021922	2018-12-06 12:22:42.188182	 	<div>\r\n<p><span style="font-size:20px;">       ,      .</span></p>\r\n</div>\r\n\r\n<div>\r\n<p><span style="font-size:20px;"> &laquo;&raquo;     -   ,     .    50%     </span></p>\r\n</div>\r\n\r\n<div>\r\n<p><span style="font-size:20px;">        ,   -  11&nbsp;439&nbsp;401,7 . ,    52,1%      .</span></p>\r\n</div>\r\n\r\n<div>\r\n<p><span style="font-size:20px;">  &ndash;       - ,         - .    -    76 .</span></p>\r\n</div>\r\n\r\n<div>\r\n<p><span style="font-size:20px;"> ,   &rsquo;     10  .</span></p>\r\n</div>\r\n\r\n<div>\r\n<p><span style="font-size:20px;">  &nbsp; &nbsp;.    : Roshen, ViOil, Agrana Fruit, , ,      , .</span></p>\r\n</div>\r\n
9	5	uk	2018-11-29 11:27:07.138623	2018-12-06 12:03:29.883696	 , 	<div>\r\n<p><span style="font-size:20px;">&nbsp;IT&nbsp;    ,      &nbsp;IT-.</span></p>\r\n</div>\r\n\r\n<div>\r\n<p><span style="font-size:20px;"> ,           -.   -    ,      700 ,       .</span></p>\r\n</div>\r\n\r\n<div>\r\n<p><span style="font-size:20px;"> ,  ,      2 . ,    2%   ,         .</span></p>\r\n</div>\r\n\r\n<div>\r\n<p><span style="font-size:20px;">,  ,    IT &ndash;    6-     ,      .&nbsp;&nbsp; &nbsp;</span></p>\r\n</div>\r\n\r\n<div>\r\n<p><span style="font-size:20px;">                &laquo;   &raquo;  &laquo;&raquo;          -</span></p>\r\n</div>\r\n\r\n<div>\r\n<p><span style="font-size:20px;">  IT  .    : EPAM, Ciclum, Sigma Software, Playtika, UA, Astound Commerce, Onseo, CoreValue, Delphi Software.</span></p>\r\n</div>\r\n
8	4	en	2018-11-29 11:16:25.040949	2019-01-23 14:31:10.316574	Light industry	<div>\r\n<p><span style="font-size:20px;">The production of the textile industry in Vinnytsia is in demand and exported to the European and many other countries.<br />\r\nThe volume of sales related to light industry, for January-September, amounted to UAH 173 947, which represents 2.3% of the total sales in the city.</span></p>\r\n</div>\r\n\r\n<div>\r\n<p><span style="font-size:20px;">The development of light industry in Vinnytsia is supported by vocational schools, which cooperate with local enterprises for the creation of training programs adapted to the needs of the market and in order to be able to provide the industry with skilled labour. In 5 Vinnytsia vocational schools study 5 518 students.</span></p>\r\n</div>\r\n\r\n<div>\r\n<p><span style="font-size:20px;">Today, the following companies operate Vinnytsia in Light industry: PJSC &quot;VLODARKA&quot;, Closed Joint-Stock Company &quot;Vinnitschanka&quot;.</span></p>\r\n</div>\r\n
6	3	en	2018-11-29 11:04:18.900031	2019-03-06 13:18:43.861506	Biotechnology and pharmacy	<div>\r\n<p><span style="font-size:20px;">Biotechnology and pharmacy are&nbsp;sectors with the most favorable conditions for growth in Vinnytsia. As a result, this economy branch shows rapid development.</span></p>\r\n</div>\r\n\r\n<div>\r\n<p><span style="font-size:20px;">This sector is allocated at the expense of the academic factor - a powerful educational sector of the city is represented by the Vinnitsa National Medical University and Vinnitsa Medical College, where are trained highly skilled future labor for biotech and pharmaceutical companies.</span></p>\r\n</div>\r\n\r\n<div>\r\n<p><span style="font-size:20px;">The volume of sales related to the&nbsp;biotechnology and pharmacy, for January-September, amounted to UAH 499 381, which represents 2.3% of the total sales in the city.</span></p>\r\n</div>\r\n\r\n<div>\r\n<p><span style="font-size:20px;">In the city, there are 8 scientific laboratories at the medical university, where were conducted more than 100 scientific clinical trials over the last 5 years.</span></p>\r\n</div>\r\n\r\n<div>\r\n<p><span style="font-size:20px;">Today, the following companies operate in Vinnytsia biotechnology and pharmacy: &nbsp;Sperko Ukraine, Trade House &quot;ENZIM&quot;.</span></p>\r\n</div>\r\n
11	6	uk	2018-11-29 11:31:52.806955	2018-12-11 14:26:50.740243	 	<div>\r\n<p><span style="font-size:20px;">        ,          &nbsp;    - -, , , .</span></p>\r\n</div>\r\n\r\n<div>\r\n<p><span style="font-size:20px;">          ,       : , , ,   .                 .</span></p>\r\n</div>\r\n\r\n<div>\r\n<p><span style="font-size:20px;">         &ndash;     ,   ,                &rsquo;  .</span></p>\r\n</div>\r\n\r\n<div>\r\n<p><span style="font-size:20px;">   :&nbsp;HUB&nbsp;&laquo; &raquo;,   &laquo;iHUB&raquo;,   &laquo;&raquo;,   &laquo;CHERDAK&raquo;,   &laquo;&raquo;.</span></p>\r\n</div>\r\n
1	1	uk	2018-11-29 10:57:35.783969	2019-01-23 10:51:59.796608		<div>\r\n<p><span style="font-size:20px;">           .              .          </span></p>\r\n</div>\r\n\r\n<div>\r\n<p><span style="font-size:20px;">     , :</span></p>\r\n\r\n<ul>\r\n\t<li><span style="font-size:20px;">   ,</span></li>\r\n\t<li><span style="font-size:20px;">  ,</span></li>\r\n\t<li><span style="font-size:20px;">;</span></li>\r\n</ul>\r\n</div>\r\n\r\n<div>\r\n<p><span style="font-size:20px;">  &laquo;&raquo;      1200 ,        ,         .</span></p>\r\n</div>\r\n\r\n<div>\r\n<p><span style="font-size:20px;">       ,   -  870&nbsp;073,4 . ,    3,9%      .</span></p>\r\n</div>\r\n\r\n<div>\r\n<p><span style="font-size:20px;">    .    :  &laquo; &raquo; (UBC Group),  &laquo; &raquo; (  Delphi  ),  &laquo;  &laquo;&raquo;,  &quot;&quot;,  &quot; &quot;,  &laquo;  &laquo;&raquo;.</span></p>\r\n</div>\r\n
10	5	en	2018-11-29 11:27:07.140767	2019-01-23 16:20:00.693287	Computer engineering, IT	<div>\r\n<p><span style="font-size:20px;">The number of IT companies in the city is rapidly growing, the&nbsp;industry is constantly supported by an increasing number of IT talents.<br />\r\nDue to this, Vinnytsia is one of the most promising Ukrainian cities in terms of IT companies hosting. The city IT sector is constantly supported by a set of talents. Each year, local universities produce more than 700 qualified, ready-to-work specialists.</span></p>\r\n</div>\r\n\r\n<div>\r\n<p><span style="font-size:20px;">In addition, the size of the market, which already employs over 2 000 people&nbsp;representing 2% of the Ukrainian market and also provides an opportunity to find experienced IT professionals.</span></p>\r\n</div>\r\n\r\n<div>\r\n<p><span style="font-size:20px;">In addition, it should be noted that for the number of IT specialists Vinnitsa ranked 6th among all the Ukrainian cities, which is undoubtedly a significant indicator.</span></p>\r\n</div>\r\n\r\n<div>\r\n<p><span style="font-size:20px;">An indicator of the fact that the city is interested in the development of this industry is that, according to the analysis of NGO &quot;Podillya Regional Development Agency&quot; and &quot;OPORA&quot;, Vinnytsia is one of the leaders of Ukraine in the implementation of e-government tools</span></p>\r\n</div>\r\n\r\n<div>\r\n<p><span style="font-size:20px;">Today in the IT industry of Vinnytsia there are such companies as EPAM, Ciclum, Sigma Software, Playtika, UA, Astound Commerce, Onseo, CoreValue, Delphi Software.</span></p>\r\n</div>\r\n
5	3	uk	2018-11-29 11:04:18.898276	2018-12-06 12:25:54.563719	  	<div>\r\n<p><span style="font-size:20px;">&nbsp;             .  ,       .</span></p>\r\n</div>\r\n\r\n<div>\r\n<p><span style="font-size:20px;">,    ,    -         ,    ,         .</span></p>\r\n</div>\r\n\r\n<div>\r\n<p><span style="font-size:20px;">         ,   -  499&nbsp;381,7 . ,    2,3%      .</span></p>\r\n</div>\r\n\r\n<div>\r\n<p><span style="font-size:20px;"> ,     8      5     100   .</span></p>\r\n</div>\r\n\r\n<div>\r\n<p><span style="font-size:20px;">     &nbsp;.    :&nbsp;  -  ,   &laquo;&raquo;.</span></p>\r\n</div>\r\n
7	4	uk	2018-11-29 11:16:25.038734	2018-12-06 12:26:30.877145	 	<div>\r\n<p><span style="font-size:20px;">                  .</span></p>\r\n</div>\r\n\r\n<div>\r\n<p><span style="font-size:20px;">        ,   -  173&nbsp;947,9 . ,    2,3%      .</span></p>\r\n</div>\r\n\r\n<div>\r\n<p><span style="font-size:20px;">      - ,            ,              .</span></p>\r\n</div>\r\n\r\n<div>\r\n<p><span style="font-size:20px;"> 9 -     5 518 .   &nbsp; &nbsp;.    :&nbsp; &laquo;&raquo;,    &laquo;&raquo;</span></p>\r\n</div>\r\n
12	6	en	2018-11-29 11:31:52.809332	2018-12-13 16:19:51.919105	Creative industries	<div>\r\n<p><span style="font-size:20px;">This trend is becoming more and more developed within the city, the current state of the formation of creative industries indicates their urban orientation and the cluster model of organization - IT sphere, art, education, design.</span></p>\r\n</div>\r\n\r\n<div>\r\n<p><span style="font-size:20px;">At the same time, Vinnytsia has not yet created a complete infrastructure of creative industries, although various organizational creative hubs are actively developing: coworkings, workshops, incubators, laboratories and clusters. These new spaces make it possible for a larger number of people to efficiently realize and develop their own talents and creative abilities.</span></p>\r\n</div>\r\n\r\n<div>\r\n<p><span style="font-size:20px;">The city is already working on building a complete infrastructure of creative industries - derived from individual creativity, skills and talent, and has the potential for welfare creation and job creation through the generation and economic realization of intellectual property.</span></p>\r\n</div>\r\n\r\n<div>\r\n<p><span style="font-size:20px;">The city has already created: HUB &quot;City of Content&quot;, creative space &quot;iHUB&quot;, creative space &quot;Artinov&quot;, creative space &quot;CHERDAK&quot;, Youth Center &quot;Square&quot;.</span></p>\r\n</div>\r\n
\.


--
-- Data for Name: sectors; Type: TABLE DATA; Schema: public; Owner: invest
--

COPY public.sectors (id, title, img, description, "position", file) FROM stdin;
6	\N	photo_2018-11-30_17-32-05.jpg	\N	5	\N
4	\N	FullSizeRender.jpg	\N	3	\N
5	\N	.JPEG	\N	4	\N
1	\N	IMG_0269.JPEG	\N	0	\N
2	\N	56fbfee0d4660c8096b0ddacabc28b0b.jpg	\N	1	\N
3	\N	IMG_0253.jpg	\N	2	\N
\.


--
-- Data for Name: slider_translations; Type: TABLE DATA; Schema: public; Owner: invest
--

COPY public.slider_translations (id, slider_id, locale, created_at, updated_at, title, text, alt, link) FROM stdin;
11	6	uk	2018-08-20 14:32:17.899823	2018-10-23 12:17:31.173457		<p><span style="font-size:18px;"><span style="font-family:ProximaNova-Light;"></span></span></p>\r\n		tourism
4	2	en	2018-08-07 14:56:49.476047	2018-10-29 09:30:50.531581	Industries	<p>There should be a description here</p>\r\n	Industries	industry
1	1	uk	2018-08-07 14:56:01.202687	2018-10-29 09:31:51.494408	 	<p> </p>\r\n	 	about
7	4	uk	2018-08-20 14:26:45.557251	2018-10-04 15:36:59.168475		<p><span style="font-size:18px;"><span style="font-family:ProximaNova-Light;"></span></span></p>\r\n		invest_maps
8	4	en	2018-08-20 14:26:45.565651	2018-10-29 09:32:13.30543	Projects	<p>  </p>\r\n	Projects	invest_maps
12	6	en	2018-08-20 14:32:17.905916	2018-10-29 09:32:40.781801	Tourism	<p></p>\r\n	Tourism	tourism
2	1	en	2018-08-07 14:56:01.205257	2018-12-07 09:05:28.724068	Why Vinnytsia	<p>Why Vinnytsia</p>\r\n	Why Vinnytsia	about
3	2	uk	2018-08-07 14:56:49.471077	2018-10-04 15:29:14.131571		<p class="table-responsive"><span style="font-size:18px;"><span style="font-family:ProximaNova-Light;">     </span></span></p>\r\n	industry	industry
\.


--
-- Data for Name: sliders; Type: TABLE DATA; Schema: public; Owner: invest
--

COPY public.sliders (id, created_at, updated_at) FROM stdin;
2	2018-08-07 14:56:49.468988	2018-10-29 09:30:50.529176
4	2018-08-20 14:26:45.511907	2018-10-29 09:32:13.303537
6	2018-08-20 14:32:17.875135	2018-10-29 09:32:40.779473
1	2018-08-07 14:56:01.199801	2018-12-07 09:05:28.722357
\.


--
-- Data for Name: submission_projects; Type: TABLE DATA; Schema: public; Owner: invest
--

COPY public.submission_projects (id, description, product, market_analysis, amount, description_needs, place, area, legal_status, purpose, current_use, project_condition, transport, engineering, resource, assets, workforce, permission, ecological, privileges, other, name, "position", address, phone, email, created_at, updated_at) FROM stdin;
1							12																	+38(067)785-48-56		2018-09-12 07:04:38.03148	2018-09-12 07:04:38.03148
2	Hi,\r\n\r\nMy name is Randy and I was looking at a few different sites online and came across your site investinvinnytsia.com.  I must say - your website is very impressive.  I found your website on the first page of the Search Engine. \r\n\r\nHave you noticed that 70 percent of visitors who leave your website will never return?  In most cases, this means that 95 percent to 98 percent of your marketing efforts are going to waste, not to mention that you are losing more money in customer acquisition costs than you need to.\r\n \r\nAs a business person, the time and money you put into your marketing efforts is extremely valuable.  So why let it go to waste?  Our users have seen staggering improvements in conversions with insane growths of 150 percent going upwards of 785 percent. Are you ready to unlock the highest conversion revenue from each of your website visitors?  \r\n\r\nTalkWithLead is a widget which captures a website visitors Name, Email address and Phone Number and then calls you immediately, so that you can talk to the Lead exactly when they are live on your website  while they're hot! Best feature of all, we offer FREE International Long Distance Calling!\r\n  \r\nTry the TalkWithLead Live Demo now to see exactly how it works.  Visit: https://www.talkwithlead.com/Contents/LiveDemo.aspx\r\n\r\nWhen targeting leads, speed is essential - there is a 100x decrease in Leads when a Lead is contacted within 30 minutes vs being contacted within 5 minutes.\r\n\r\nIf you would like to talk to me about this service, please give me a call.  We do offer a 14 days free trial.  \r\n\r\nThanks and Best Regards,\r\nRandy				Hi,\r\n\r\nMy name is Randy and I was looking at a few different sites online and came across your site investinvinnytsia.com.  I must say - your website is very impressive.  I found your website on the first page of the Search Engine. \r\n\r\nHave you noticed that 70 percent of visitors who leave your website will never return?  In most cases, this means that 95 percent to 98 percent of your marketing efforts are going to waste, not to mention that you are losing more money in customer acquisition costs than you need to.\r\n \r\nAs a business person, the time and money you put into your marketing efforts is extremely valuable.  So why let it go to waste?  Our users have seen staggering improvements in conversions with insane growths of 150 percent going upwards of 785 percent. Are you ready to unlock the highest conversion revenue from each of your website visitors?  \r\n\r\nTalkWithLead is a widget which captures a website visitors Name, Email address and Phone Number and then calls you immediately, so that you can talk to the Lead exactly when they are live on your website  while they're hot! Best feature of all, we offer FREE International Long Distance Calling!\r\n  \r\nTry the TalkWithLead Live Demo now to see exactly how it works.  Visit: https://www.talkwithlead.com/Contents/LiveDemo.aspx\r\n\r\nWhen targeting leads, speed is essential - there is a 100x decrease in Leads when a Lead is contacted within 30 minutes vs being contacted within 5 minutes.\r\n\r\nIf you would like to talk to me about this service, please give me a call.  We do offer a 14 days free trial.  \r\n\r\nThanks and Best Regards,\r\nRandy						Hi,\r\n\r\nMy name is Randy and I was looking at a few different sites online and came across your site investinvinnytsia.com.  I must say - your website is very impressive.  I found your website on the first page of the Search Engine. \r\n\r\nHave you noticed that 70 percent of visitors who leave your website will never return?  In most cases, this means that 95 percent to 98 percent of your marketing efforts are going to waste, not to mention that you are losing more money in customer acquisition costs than you need to.\r\n \r\nAs a business person, the time and money you put into your marketing efforts is extremely valuable.  So why let it go to waste?  Our users have seen staggering improvements in conversions with insane growths of 150 percent going upwards of 785 percent. Are you ready to unlock the highest conversion revenue from each of your website visitors?  \r\n\r\nTalkWithLead is a widget which captures a website visitors Name, Email address and Phone Number and then calls you immediately, so that you can talk to the Lead exactly when they are live on your website  while they're hot! Best feature of all, we offer FREE International Long Distance Calling!\r\n  \r\nTry the TalkWithLead Live Demo now to see exactly how it works.  Visit: https://www.talkwithlead.com/Contents/LiveDemo.aspx\r\n\r\nWhen targeting leads, speed is essential - there is a 100x decrease in Leads when a Lead is contacted within 30 minutes vs being contacted within 5 minutes.\r\n\r\nIf you would like to talk to me about this service, please give me a call.  We do offer a 14 days free trial.  \r\n\r\nThanks and Best Regards,\r\nRandy	Hi,\r\n\r\nMy name is Randy and I was looking at a few different sites online and came across your site investinvinnytsia.com.  I must say - your website is very impressive.  I found your website on the first page of the Search Engine. \r\n\r\nHave you noticed that 70 percent of visitors who leave your website will never return?  In most cases, this means that 95 percent to 98 percent of your marketing efforts are going to waste, not to mention that you are losing more money in customer acquisition costs than you need to.\r\n \r\nAs a business person, the time and money you put into your marketing efforts is extremely valuable.  So why let it go to waste?  Our users have seen staggering improvements in conversions with insane growths of 150 percent going upwards of 785 percent. Are you ready to unlock the highest conversion revenue from each of your website visitors?  \r\n\r\nTalkWithLead is a widget which captures a website visitors Name, Email address and Phone Number and then calls you immediately, so that you can talk to the Lead exactly when they are live on your website  while they're hot! Best feature of all, we offer FREE International Long Distance Calling!\r\n  \r\nTry the TalkWithLead Live Demo now to see exactly how it works.  Visit: https://www.talkwithlead.com/Contents/LiveDemo.aspx\r\n\r\nWhen targeting leads, speed is essential - there is a 100x decrease in Leads when a Lead is contacted within 30 minutes vs being contacted within 5 minutes.\r\n\r\nIf you would like to talk to me about this service, please give me a call.  We do offer a 14 days free trial.  \r\n\r\nThanks and Best Regards,\r\nRandy	Hi,\r\n\r\nMy name is Randy and I was looking at a few different sites online and came across your site investinvinnytsia.com.  I must say - your website is very impressive.  I found your website on the first page of the Search Engine. \r\n\r\nHave you noticed that 70 percent of visitors who leave your website will never return?  In most cases, this means that 95 percent to 98 percent of your marketing efforts are going to waste, not to mention that you are losing more money in customer acquisition costs than you need to.\r\n \r\nAs a business person, the time and money you put into your marketing efforts is extremely valuable.  So why let it go to waste?  Our users have seen staggering improvements in conversions with insane growths of 150 percent going upwards of 785 percent. Are you ready to unlock the highest conversion revenue from each of your website visitors?  \r\n\r\nTalkWithLead is a widget which captures a website visitors Name, Email address and Phone Number and then calls you immediately, so that you can talk to the Lead exactly when they are live on your website  while they're hot! Best feature of all, we offer FREE International Long Distance Calling!\r\n  \r\nTry the TalkWithLead Live Demo now to see exactly how it works.  Visit: https://www.talkwithlead.com/Contents/LiveDemo.aspx\r\n\r\nWhen targeting leads, speed is essential - there is a 100x decrease in Leads when a Lead is contacted within 30 minutes vs being contacted within 5 minutes.\r\n\r\nIf you would like to talk to me about this service, please give me a call.  We do offer a 14 days free trial.  \r\n\r\nThanks and Best Regards,\r\nRandy		Hi,\r\n\r\nMy name is Randy and I was looking at a few different sites online and came across your site investinvinnytsia.com.  I must say - your website is very impressive.  I found your website on the first page of the Search Engine. \r\n\r\nHave you noticed that 70 percent of visitors who leave your website will never return?  In most cases, this means that 95 percent to 98 percent of your marketing efforts are going to waste, not to mention that you are losing more money in customer acquisition costs than you need to.\r\n \r\nAs a business person, the time and money you put into your marketing efforts is extremely valuable.  So why let it go to waste?  Our users have seen staggering improvements in conversions with insane growths of 150 percent going upwards of 785 percent. Are you ready to unlock the highest conversion revenue from each of your website visitors?  \r\n\r\nTalkWithLead is a widget which captures a website visitors Name, Email address and Phone Number and then calls you immediately, so that you can talk to the Lead exactly when they are live on your website  while they're hot! Best feature of all, we offer FREE International Long Distance Calling!\r\n  \r\nTry the TalkWithLead Live Demo now to see exactly how it works.  Visit: https://www.talkwithlead.com/Contents/LiveDemo.aspx\r\n\r\nWhen targeting leads, speed is essential - there is a 100x decrease in Leads when a Lead is contacted within 30 minutes vs being contacted within 5 minutes.\r\n\r\nIf you would like to talk to me about this service, please give me a call.  We do offer a 14 days free trial.  \r\n\r\nThanks and Best Regards,\r\nRandy	Hi,\r\n\r\nMy name is Randy and I was looking at a few different sites online and came across your site investinvinnytsia.com.  I must say - your website is very impressive.  I found your website on the first page of the Search Engine. \r\n\r\nHave you noticed that 70 percent of visitors who leave your website will never return?  In most cases, this means that 95 percent to 98 percent of your marketing efforts are going to waste, not to mention that you are losing more money in customer acquisition costs than you need to.\r\n \r\nAs a business person, the time and money you put into your marketing efforts is extremely valuable.  So why let it go to waste?  Our users have seen staggering improvements in conversions with insane growths of 150 percent going upwards of 785 percent. Are you ready to unlock the highest conversion revenue from each of your website visitors?  \r\n\r\nTalkWithLead is a widget which captures a website visitors Name, Email address and Phone Number and then calls you immediately, so that you can talk to the Lead exactly when they are live on your website  while they're hot! Best feature of all, we offer FREE International Long Distance Calling!\r\n  \r\nTry the TalkWithLead Live Demo now to see exactly how it works.  Visit: https://www.talkwithlead.com/Contents/LiveDemo.aspx\r\n\r\nWhen targeting leads, speed is essential - there is a 100x decrease in Leads when a Lead is contacted within 30 minutes vs being contacted within 5 minutes.\r\n\r\nIf you would like to talk to me about this service, please give me a call.  We do offer a 14 days free trial.  \r\n\r\nThanks and Best Regards,\r\nRandy	Hi,\r\n\r\nMy name is Randy and I was looking at a few different sites online and came across your site investinvinnytsia.com.  I must say - your website is very impressive.  I found your website on the first page of the Search Engine. \r\n\r\nHave you noticed that 70 percent of visitors who leave your website will never return?  In most cases, this means that 95 percent to 98 percent of your marketing efforts are going to waste, not to mention that you are losing more money in customer acquisition costs than you need to.\r\n \r\nAs a business person, the time and money you put into your marketing efforts is extremely valuable.  So why let it go to waste?  Our users have seen staggering improvements in conversions with insane growths of 150 percent going upwards of 785 percent. Are you ready to unlock the highest conversion revenue from each of your website visitors?  \r\n\r\nTalkWithLead is a widget which captures a website visitors Name, Email address and Phone Number and then calls you immediately, so that you can talk to the Lead exactly when they are live on your website  while they're hot! Best feature of all, we offer FREE International Long Distance Calling!\r\n  \r\nTry the TalkWithLead Live Demo now to see exactly how it works.  Visit: https://www.talkwithlead.com/Contents/LiveDemo.aspx\r\n\r\nWhen targeting leads, speed is essential - there is a 100x decrease in Leads when a Lead is contacted within 30 minutes vs being contacted within 5 minutes.\r\n\r\nIf you would like to talk to me about this service, please give me a call.  We do offer a 14 days free trial.  \r\n\r\nThanks and Best Regards,\r\nRandy	Hi,\r\n\r\nMy name is Randy and I was looking at a few different sites online and came across your site investinvinnytsia.com.  I must say - your website is very impressive.  I found your website on the first page of the Search Engine. \r\n\r\nHave you noticed that 70 percent of visitors who leave your website will never return?  In most cases, this means that 95 percent to 98 percent of your marketing efforts are going to waste, not to mention that you are losing more money in customer acquisition costs than you need to.\r\n \r\nAs a business person, the time and money you put into your marketing efforts is extremely valuable.  So why let it go to waste?  Our users have seen staggering improvements in conversions with insane growths of 150 percent going upwards of 785 percent. Are you ready to unlock the highest conversion revenue from each of your website visitors?  \r\n\r\nTalkWithLead is a widget which captures a website visitors Name, Email address and Phone Number and then calls you immediately, so that you can talk to the Lead exactly when they are live on your website  while they're hot! Best feature of all, we offer FREE International Long Distance Calling!\r\n  \r\nTry the TalkWithLead Live Demo now to see exactly how it works.  Visit: https://www.talkwithlead.com/Contents/LiveDemo.aspx\r\n\r\nWhen targeting leads, speed is essential - there is a 100x decrease in Leads when a Lead is contacted within 30 minutes vs being contacted within 5 minutes.\r\n\r\nIf you would like to talk to me about this service, please give me a call.  We do offer a 14 days free trial.  \r\n\r\nThanks and Best Regards,\r\nRandy	Hi,\r\n\r\nMy name is Randy and I was looking at a few different sites online and came across your site investinvinnytsia.com.  I must say - your website is very impressive.  I found your website on the first page of the Search Engine. \r\n\r\nHave you noticed that 70 percent of visitors who leave your website will never return?  In most cases, this means that 95 percent to 98 percent of your marketing efforts are going to waste, not to mention that you are losing more money in customer acquisition costs than you need to.\r\n \r\nAs a business person, the time and money you put into your marketing efforts is extremely valuable.  So why let it go to waste?  Our users have seen staggering improvements in conversions with insane growths of 150 percent going upwards of 785 percent. Are you ready to unlock the highest conversion revenue from each of your website visitors?  \r\n\r\nTalkWithLead is a widget which captures a website visitors Name, Email address and Phone Number and then calls you immediately, so that you can talk to the Lead exactly when they are live on your website  while they're hot! Best feature of all, we offer FREE International Long Distance Calling!\r\n  \r\nTry the TalkWithLead Live Demo now to see exactly how it works.  Visit: https://www.talkwithlead.com/Contents/LiveDemo.aspx\r\n\r\nWhen targeting leads, speed is essential - there is a 100x decrease in Leads when a Lead is contacted within 30 minutes vs being contacted within 5 minutes.\r\n\r\nIf you would like to talk to me about this service, please give me a call.  We do offer a 14 days free trial.  \r\n\r\nThanks and Best Regards,\r\nRandy	Hi,\r\n\r\nMy name is Randy and I was looking at a few different sites online and came across your site investinvinnytsia.com.  I must say - your website is very impressive.  I found your website on the first page of the Search Engine. \r\n\r\nHave you noticed that 70 percent of visitors who leave your website will never return?  In most cases, this means that 95 percent to 98 percent of your marketing efforts are going to waste, not to mention that you are losing more money in customer acquisition costs than you need to.\r\n \r\nAs a business person, the time and money you put into your marketing efforts is extremely valuable.  So why let it go to waste?  Our users have seen staggering improvements in conversions with insane growths of 150 percent going upwards of 785 percent. Are you ready to unlock the highest conversion revenue from each of your website visitors?  \r\n\r\nTalkWithLead is a widget which captures a website visitors Name, Email address and Phone Number and then calls you immediately, so that you can talk to the Lead exactly when they are live on your website  while they're hot! Best feature of all, we offer FREE International Long Distance Calling!\r\n  \r\nTry the TalkWithLead Live Demo now to see exactly how it works.  Visit: https://www.talkwithlead.com/Contents/LiveDemo.aspx\r\n\r\nWhen targeting leads, speed is essential - there is a 100x decrease in Leads when a Lead is contacted within 30 minutes vs being contacted within 5 minutes.\r\n\r\nIf you would like to talk to me about this service, please give me a call.  We do offer a 14 days free trial.  \r\n\r\nThanks and Best Regards,\r\nRandy	Randy			416-385-3200	Randy@TalkWithLead.com	2018-09-18 16:41:50.229865	2018-09-18 16:41:50.229865
3	\r\nHi!\r\n\r\nI hope you are well. I thought I would reach out and see if you needed any help with your Instagram growth. We are a small Social Media agency, https://www.socialboozt.com specialized in Instagram. \r\n\r\nWe can generate an organic following of real, genuine people, who fit your target group. \r\n\r\nNo bots. No fake accounts. No spam behavior.\r\nWe will target followers of popular accounts in your niche. We will engage with the most engaged users by following, liking and commenting on their most recent posts on their accounts, and by doing so attracting attention to your account. \r\n\r\nOur service will help you find more followers who can turn into clients, leads and sales!\r\nOur most popular plan starts at 69 USD  per month, for which you will get between 1000 - 3000+ targeted followers each month. \r\n\r\nWe have a 2 weeks money back guaranteed, no questions asked!\r\n\r\nNeed a trial? For just 14$ you can give it a try!\r\nVisit https://www.socialboozt.com/plans for our trial information.\r\n\r\nIf you have any questions, please let me know. You can contact me at info@socialboozt.com.\r\n\r\n I'm looking forward to hearing from you!\r\n\r\nBest regards,\r\n\r\nSandra Jansen\r\nemail: info@socialboozt.com\r\n\r\n\r\nwww.Socialboozt.com				\r\nHi!\r\n\r\nI hope you are well. I thought I would reach out and see if you needed any help with your Instagram growth. We are a small Social Media agency, https://www.socialboozt.com specialized in Instagram. \r\n\r\nWe can generate an organic following of real, genuine people, who fit your target group. \r\n\r\nNo bots. No fake accounts. No spam behavior.\r\nWe will target followers of popular accounts in your niche. We will engage with the most engaged users by following, liking and commenting on their most recent posts on their accounts, and by doing so attracting attention to your account. \r\n\r\nOur service will help you find more followers who can turn into clients, leads and sales!\r\nOur most popular plan starts at 69 USD  per month, for which you will get between 1000 - 3000+ targeted followers each month. \r\n\r\nWe have a 2 weeks money back guaranteed, no questions asked!\r\n\r\nNeed a trial? For just 14$ you can give it a try!\r\nVisit https://www.socialboozt.com/plans for our trial information.\r\n\r\nIf you have any questions, please let me know. You can contact me at info@socialboozt.com.\r\n\r\n I'm looking forward to hearing from you!\r\n\r\nBest regards,\r\n\r\nSandra Jansen\r\nemail: info@socialboozt.com\r\n\r\n\r\nwww.Socialboozt.com						\r\nHi!\r\n\r\nI hope you are well. I thought I would reach out and see if you needed any help with your Instagram growth. We are a small Social Media agency, https://www.socialboozt.com specialized in Instagram. \r\n\r\nWe can generate an organic following of real, genuine people, who fit your target group. \r\n\r\nNo bots. No fake accounts. No spam behavior.\r\nWe will target followers of popular accounts in your niche. We will engage with the most engaged users by following, liking and commenting on their most recent posts on their accounts, and by doing so attracting attention to your account. \r\n\r\nOur service will help you find more followers who can turn into clients, leads and sales!\r\nOur most popular plan starts at 69 USD  per month, for which you will get between 1000 - 3000+ targeted followers each month. \r\n\r\nWe have a 2 weeks money back guaranteed, no questions asked!\r\n\r\nNeed a trial? For just 14$ you can give it a try!\r\nVisit https://www.socialboozt.com/plans for our trial information.\r\n\r\nIf you have any questions, please let me know. You can contact me at info@socialboozt.com.\r\n\r\n I'm looking forward to hearing from you!\r\n\r\nBest regards,\r\n\r\nSandra Jansen\r\nemail: info@socialboozt.com\r\n\r\n\r\nwww.Socialboozt.com	\r\nHi!\r\n\r\nI hope you are well. I thought I would reach out and see if you needed any help with your Instagram growth. We are a small Social Media agency, https://www.socialboozt.com specialized in Instagram. \r\n\r\nWe can generate an organic following of real, genuine people, who fit your target group. \r\n\r\nNo bots. No fake accounts. No spam behavior.\r\nWe will target followers of popular accounts in your niche. We will engage with the most engaged users by following, liking and commenting on their most recent posts on their accounts, and by doing so attracting attention to your account. \r\n\r\nOur service will help you find more followers who can turn into clients, leads and sales!\r\nOur most popular plan starts at 69 USD  per month, for which you will get between 1000 - 3000+ targeted followers each month. \r\n\r\nWe have a 2 weeks money back guaranteed, no questions asked!\r\n\r\nNeed a trial? For just 14$ you can give it a try!\r\nVisit https://www.socialboozt.com/plans for our trial information.\r\n\r\nIf you have any questions, please let me know. You can contact me at info@socialboozt.com.\r\n\r\n I'm looking forward to hearing from you!\r\n\r\nBest regards,\r\n\r\nSandra Jansen\r\nemail: info@socialboozt.com\r\n\r\n\r\nwww.Socialboozt.com	\r\nHi!\r\n\r\nI hope you are well. I thought I would reach out and see if you needed any help with your Instagram growth. We are a small Social Media agency, https://www.socialboozt.com specialized in Instagram. \r\n\r\nWe can generate an organic following of real, genuine people, who fit your target group. \r\n\r\nNo bots. No fake accounts. No spam behavior.\r\nWe will target followers of popular accounts in your niche. We will engage with the most engaged users by following, liking and commenting on their most recent posts on their accounts, and by doing so attracting attention to your account. \r\n\r\nOur service will help you find more followers who can turn into clients, leads and sales!\r\nOur most popular plan starts at 69 USD  per month, for which you will get between 1000 - 3000+ targeted followers each month. \r\n\r\nWe have a 2 weeks money back guaranteed, no questions asked!\r\n\r\nNeed a trial? For just 14$ you can give it a try!\r\nVisit https://www.socialboozt.com/plans for our trial information.\r\n\r\nIf you have any questions, please let me know. You can contact me at info@socialboozt.com.\r\n\r\n I'm looking forward to hearing from you!\r\n\r\nBest regards,\r\n\r\nSandra Jansen\r\nemail: info@socialboozt.com\r\n\r\n\r\nwww.Socialboozt.com		\r\nHi!\r\n\r\nI hope you are well. I thought I would reach out and see if you needed any help with your Instagram growth. We are a small Social Media agency, https://www.socialboozt.com specialized in Instagram. \r\n\r\nWe can generate an organic following of real, genuine people, who fit your target group. \r\n\r\nNo bots. No fake accounts. No spam behavior.\r\nWe will target followers of popular accounts in your niche. We will engage with the most engaged users by following, liking and commenting on their most recent posts on their accounts, and by doing so attracting attention to your account. \r\n\r\nOur service will help you find more followers who can turn into clients, leads and sales!\r\nOur most popular plan starts at 69 USD  per month, for which you will get between 1000 - 3000+ targeted followers each month. \r\n\r\nWe have a 2 weeks money back guaranteed, no questions asked!\r\n\r\nNeed a trial? For just 14$ you can give it a try!\r\nVisit https://www.socialboozt.com/plans for our trial information.\r\n\r\nIf you have any questions, please let me know. You can contact me at info@socialboozt.com.\r\n\r\n I'm looking forward to hearing from you!\r\n\r\nBest regards,\r\n\r\nSandra Jansen\r\nemail: info@socialboozt.com\r\n\r\n\r\nwww.Socialboozt.com	\r\nHi!\r\n\r\nI hope you are well. I thought I would reach out and see if you needed any help with your Instagram growth. We are a small Social Media agency, https://www.socialboozt.com specialized in Instagram. \r\n\r\nWe can generate an organic following of real, genuine people, who fit your target group. \r\n\r\nNo bots. No fake accounts. No spam behavior.\r\nWe will target followers of popular accounts in your niche. We will engage with the most engaged users by following, liking and commenting on their most recent posts on their accounts, and by doing so attracting attention to your account. \r\n\r\nOur service will help you find more followers who can turn into clients, leads and sales!\r\nOur most popular plan starts at 69 USD  per month, for which you will get between 1000 - 3000+ targeted followers each month. \r\n\r\nWe have a 2 weeks money back guaranteed, no questions asked!\r\n\r\nNeed a trial? For just 14$ you can give it a try!\r\nVisit https://www.socialboozt.com/plans for our trial information.\r\n\r\nIf you have any questions, please let me know. You can contact me at info@socialboozt.com.\r\n\r\n I'm looking forward to hearing from you!\r\n\r\nBest regards,\r\n\r\nSandra Jansen\r\nemail: info@socialboozt.com\r\n\r\n\r\nwww.Socialboozt.com	\r\nHi!\r\n\r\nI hope you are well. I thought I would reach out and see if you needed any help with your Instagram growth. We are a small Social Media agency, https://www.socialboozt.com specialized in Instagram. \r\n\r\nWe can generate an organic following of real, genuine people, who fit your target group. \r\n\r\nNo bots. No fake accounts. No spam behavior.\r\nWe will target followers of popular accounts in your niche. We will engage with the most engaged users by following, liking and commenting on their most recent posts on their accounts, and by doing so attracting attention to your account. \r\n\r\nOur service will help you find more followers who can turn into clients, leads and sales!\r\nOur most popular plan starts at 69 USD  per month, for which you will get between 1000 - 3000+ targeted followers each month. \r\n\r\nWe have a 2 weeks money back guaranteed, no questions asked!\r\n\r\nNeed a trial? For just 14$ you can give it a try!\r\nVisit https://www.socialboozt.com/plans for our trial information.\r\n\r\nIf you have any questions, please let me know. You can contact me at info@socialboozt.com.\r\n\r\n I'm looking forward to hearing from you!\r\n\r\nBest regards,\r\n\r\nSandra Jansen\r\nemail: info@socialboozt.com\r\n\r\n\r\nwww.Socialboozt.com	\r\nHi!\r\n\r\nI hope you are well. I thought I would reach out and see if you needed any help with your Instagram growth. We are a small Social Media agency, https://www.socialboozt.com specialized in Instagram. \r\n\r\nWe can generate an organic following of real, genuine people, who fit your target group. \r\n\r\nNo bots. No fake accounts. No spam behavior.\r\nWe will target followers of popular accounts in your niche. We will engage with the most engaged users by following, liking and commenting on their most recent posts on their accounts, and by doing so attracting attention to your account. \r\n\r\nOur service will help you find more followers who can turn into clients, leads and sales!\r\nOur most popular plan starts at 69 USD  per month, for which you will get between 1000 - 3000+ targeted followers each month. \r\n\r\nWe have a 2 weeks money back guaranteed, no questions asked!\r\n\r\nNeed a trial? For just 14$ you can give it a try!\r\nVisit https://www.socialboozt.com/plans for our trial information.\r\n\r\nIf you have any questions, please let me know. You can contact me at info@socialboozt.com.\r\n\r\n I'm looking forward to hearing from you!\r\n\r\nBest regards,\r\n\r\nSandra Jansen\r\nemail: info@socialboozt.com\r\n\r\n\r\nwww.Socialboozt.com	\r\nHi!\r\n\r\nI hope you are well. I thought I would reach out and see if you needed any help with your Instagram growth. We are a small Social Media agency, https://www.socialboozt.com specialized in Instagram. \r\n\r\nWe can generate an organic following of real, genuine people, who fit your target group. \r\n\r\nNo bots. No fake accounts. No spam behavior.\r\nWe will target followers of popular accounts in your niche. We will engage with the most engaged users by following, liking and commenting on their most recent posts on their accounts, and by doing so attracting attention to your account. \r\n\r\nOur service will help you find more followers who can turn into clients, leads and sales!\r\nOur most popular plan starts at 69 USD  per month, for which you will get between 1000 - 3000+ targeted followers each month. \r\n\r\nWe have a 2 weeks money back guaranteed, no questions asked!\r\n\r\nNeed a trial? For just 14$ you can give it a try!\r\nVisit https://www.socialboozt.com/plans for our trial information.\r\n\r\nIf you have any questions, please let me know. You can contact me at info@socialboozt.com.\r\n\r\n I'm looking forward to hearing from you!\r\n\r\nBest regards,\r\n\r\nSandra Jansen\r\nemail: info@socialboozt.com\r\n\r\n\r\nwww.Socialboozt.com	\r\nHi!\r\n\r\nI hope you are well. I thought I would reach out and see if you needed any help with your Instagram growth. We are a small Social Media agency, https://www.socialboozt.com specialized in Instagram. \r\n\r\nWe can generate an organic following of real, genuine people, who fit your target group. \r\n\r\nNo bots. No fake accounts. No spam behavior.\r\nWe will target followers of popular accounts in your niche. We will engage with the most engaged users by following, liking and commenting on their most recent posts on their accounts, and by doing so attracting attention to your account. \r\n\r\nOur service will help you find more followers who can turn into clients, leads and sales!\r\nOur most popular plan starts at 69 USD  per month, for which you will get between 1000 - 3000+ targeted followers each month. \r\n\r\nWe have a 2 weeks money back guaranteed, no questions asked!\r\n\r\nNeed a trial? For just 14$ you can give it a try!\r\nVisit https://www.socialboozt.com/plans for our trial information.\r\n\r\nIf you have any questions, please let me know. You can contact me at info@socialboozt.com.\r\n\r\n I'm looking forward to hearing from you!\r\n\r\nBest regards,\r\n\r\nSandra Jansen\r\nemail: info@socialboozt.com\r\n\r\n\r\nwww.Socialboozt.com	Sandra Jansen			0031610361440	no-reply@socialboozt.com	2018-09-21 05:52:46.843082	2018-09-21 05:52:46.843082
4	Hi,\r\n\r\nMy name is Randy and I was looking at a few different sites online and came across your site investinvinnytsia.com.  I must say - your website is very impressive.  I found your website on the first page of the Search Engine. \r\n\r\nHave you noticed that 70 percent of visitors who leave your website will never return?  In most cases, this means that 95 percent to 98 percent of your marketing efforts are going to waste, not to mention that you are losing more money in customer acquisition costs than you need to.\r\n \r\nAs a business person, the time and money you put into your marketing efforts is extremely valuable.  So why let it go to waste?  Our users have seen staggering improvements in conversions with insane growths of 150 percent going upwards of 785 percent. Are you ready to unlock the highest conversion revenue from each of your website visitors?  \r\n\r\nTalkWithLead is a widget which captures a website visitors Name, Email address and Phone Number and then calls you immediately, so that you can talk to the Lead exactly when they are live on your website  while they're hot! Best feature of all, we offer FREE International Long Distance Calling!\r\n  \r\nTry the TalkWithLead Live Demo now to see exactly how it works.  Visit: https://www.talkwithlead.com/Contents/LiveDemo.aspx\r\n\r\nWhen targeting leads, speed is essential - there is a 100x decrease in Leads when a Lead is contacted within 30 minutes vs being contacted within 5 minutes.\r\n\r\nIf you would like to talk to me about this service, please give me a call.  We do offer a 14 days free trial.  \r\n\r\nThanks and Best Regards,\r\nRandy				Hi,\r\n\r\nMy name is Randy and I was looking at a few different sites online and came across your site investinvinnytsia.com.  I must say - your website is very impressive.  I found your website on the first page of the Search Engine. \r\n\r\nHave you noticed that 70 percent of visitors who leave your website will never return?  In most cases, this means that 95 percent to 98 percent of your marketing efforts are going to waste, not to mention that you are losing more money in customer acquisition costs than you need to.\r\n \r\nAs a business person, the time and money you put into your marketing efforts is extremely valuable.  So why let it go to waste?  Our users have seen staggering improvements in conversions with insane growths of 150 percent going upwards of 785 percent. Are you ready to unlock the highest conversion revenue from each of your website visitors?  \r\n\r\nTalkWithLead is a widget which captures a website visitors Name, Email address and Phone Number and then calls you immediately, so that you can talk to the Lead exactly when they are live on your website  while they're hot! Best feature of all, we offer FREE International Long Distance Calling!\r\n  \r\nTry the TalkWithLead Live Demo now to see exactly how it works.  Visit: https://www.talkwithlead.com/Contents/LiveDemo.aspx\r\n\r\nWhen targeting leads, speed is essential - there is a 100x decrease in Leads when a Lead is contacted within 30 minutes vs being contacted within 5 minutes.\r\n\r\nIf you would like to talk to me about this service, please give me a call.  We do offer a 14 days free trial.  \r\n\r\nThanks and Best Regards,\r\nRandy						Hi,\r\n\r\nMy name is Randy and I was looking at a few different sites online and came across your site investinvinnytsia.com.  I must say - your website is very impressive.  I found your website on the first page of the Search Engine. \r\n\r\nHave you noticed that 70 percent of visitors who leave your website will never return?  In most cases, this means that 95 percent to 98 percent of your marketing efforts are going to waste, not to mention that you are losing more money in customer acquisition costs than you need to.\r\n \r\nAs a business person, the time and money you put into your marketing efforts is extremely valuable.  So why let it go to waste?  Our users have seen staggering improvements in conversions with insane growths of 150 percent going upwards of 785 percent. Are you ready to unlock the highest conversion revenue from each of your website visitors?  \r\n\r\nTalkWithLead is a widget which captures a website visitors Name, Email address and Phone Number and then calls you immediately, so that you can talk to the Lead exactly when they are live on your website  while they're hot! Best feature of all, we offer FREE International Long Distance Calling!\r\n  \r\nTry the TalkWithLead Live Demo now to see exactly how it works.  Visit: https://www.talkwithlead.com/Contents/LiveDemo.aspx\r\n\r\nWhen targeting leads, speed is essential - there is a 100x decrease in Leads when a Lead is contacted within 30 minutes vs being contacted within 5 minutes.\r\n\r\nIf you would like to talk to me about this service, please give me a call.  We do offer a 14 days free trial.  \r\n\r\nThanks and Best Regards,\r\nRandy	Hi,\r\n\r\nMy name is Randy and I was looking at a few different sites online and came across your site investinvinnytsia.com.  I must say - your website is very impressive.  I found your website on the first page of the Search Engine. \r\n\r\nHave you noticed that 70 percent of visitors who leave your website will never return?  In most cases, this means that 95 percent to 98 percent of your marketing efforts are going to waste, not to mention that you are losing more money in customer acquisition costs than you need to.\r\n \r\nAs a business person, the time and money you put into your marketing efforts is extremely valuable.  So why let it go to waste?  Our users have seen staggering improvements in conversions with insane growths of 150 percent going upwards of 785 percent. Are you ready to unlock the highest conversion revenue from each of your website visitors?  \r\n\r\nTalkWithLead is a widget which captures a website visitors Name, Email address and Phone Number and then calls you immediately, so that you can talk to the Lead exactly when they are live on your website  while they're hot! Best feature of all, we offer FREE International Long Distance Calling!\r\n  \r\nTry the TalkWithLead Live Demo now to see exactly how it works.  Visit: https://www.talkwithlead.com/Contents/LiveDemo.aspx\r\n\r\nWhen targeting leads, speed is essential - there is a 100x decrease in Leads when a Lead is contacted within 30 minutes vs being contacted within 5 minutes.\r\n\r\nIf you would like to talk to me about this service, please give me a call.  We do offer a 14 days free trial.  \r\n\r\nThanks and Best Regards,\r\nRandy	Hi,\r\n\r\nMy name is Randy and I was looking at a few different sites online and came across your site investinvinnytsia.com.  I must say - your website is very impressive.  I found your website on the first page of the Search Engine. \r\n\r\nHave you noticed that 70 percent of visitors who leave your website will never return?  In most cases, this means that 95 percent to 98 percent of your marketing efforts are going to waste, not to mention that you are losing more money in customer acquisition costs than you need to.\r\n \r\nAs a business person, the time and money you put into your marketing efforts is extremely valuable.  So why let it go to waste?  Our users have seen staggering improvements in conversions with insane growths of 150 percent going upwards of 785 percent. Are you ready to unlock the highest conversion revenue from each of your website visitors?  \r\n\r\nTalkWithLead is a widget which captures a website visitors Name, Email address and Phone Number and then calls you immediately, so that you can talk to the Lead exactly when they are live on your website  while they're hot! Best feature of all, we offer FREE International Long Distance Calling!\r\n  \r\nTry the TalkWithLead Live Demo now to see exactly how it works.  Visit: https://www.talkwithlead.com/Contents/LiveDemo.aspx\r\n\r\nWhen targeting leads, speed is essential - there is a 100x decrease in Leads when a Lead is contacted within 30 minutes vs being contacted within 5 minutes.\r\n\r\nIf you would like to talk to me about this service, please give me a call.  We do offer a 14 days free trial.  \r\n\r\nThanks and Best Regards,\r\nRandy		Hi,\r\n\r\nMy name is Randy and I was looking at a few different sites online and came across your site investinvinnytsia.com.  I must say - your website is very impressive.  I found your website on the first page of the Search Engine. \r\n\r\nHave you noticed that 70 percent of visitors who leave your website will never return?  In most cases, this means that 95 percent to 98 percent of your marketing efforts are going to waste, not to mention that you are losing more money in customer acquisition costs than you need to.\r\n \r\nAs a business person, the time and money you put into your marketing efforts is extremely valuable.  So why let it go to waste?  Our users have seen staggering improvements in conversions with insane growths of 150 percent going upwards of 785 percent. Are you ready to unlock the highest conversion revenue from each of your website visitors?  \r\n\r\nTalkWithLead is a widget which captures a website visitors Name, Email address and Phone Number and then calls you immediately, so that you can talk to the Lead exactly when they are live on your website  while they're hot! Best feature of all, we offer FREE International Long Distance Calling!\r\n  \r\nTry the TalkWithLead Live Demo now to see exactly how it works.  Visit: https://www.talkwithlead.com/Contents/LiveDemo.aspx\r\n\r\nWhen targeting leads, speed is essential - there is a 100x decrease in Leads when a Lead is contacted within 30 minutes vs being contacted within 5 minutes.\r\n\r\nIf you would like to talk to me about this service, please give me a call.  We do offer a 14 days free trial.  \r\n\r\nThanks and Best Regards,\r\nRandy	Hi,\r\n\r\nMy name is Randy and I was looking at a few different sites online and came across your site investinvinnytsia.com.  I must say - your website is very impressive.  I found your website on the first page of the Search Engine. \r\n\r\nHave you noticed that 70 percent of visitors who leave your website will never return?  In most cases, this means that 95 percent to 98 percent of your marketing efforts are going to waste, not to mention that you are losing more money in customer acquisition costs than you need to.\r\n \r\nAs a business person, the time and money you put into your marketing efforts is extremely valuable.  So why let it go to waste?  Our users have seen staggering improvements in conversions with insane growths of 150 percent going upwards of 785 percent. Are you ready to unlock the highest conversion revenue from each of your website visitors?  \r\n\r\nTalkWithLead is a widget which captures a website visitors Name, Email address and Phone Number and then calls you immediately, so that you can talk to the Lead exactly when they are live on your website  while they're hot! Best feature of all, we offer FREE International Long Distance Calling!\r\n  \r\nTry the TalkWithLead Live Demo now to see exactly how it works.  Visit: https://www.talkwithlead.com/Contents/LiveDemo.aspx\r\n\r\nWhen targeting leads, speed is essential - there is a 100x decrease in Leads when a Lead is contacted within 30 minutes vs being contacted within 5 minutes.\r\n\r\nIf you would like to talk to me about this service, please give me a call.  We do offer a 14 days free trial.  \r\n\r\nThanks and Best Regards,\r\nRandy	Hi,\r\n\r\nMy name is Randy and I was looking at a few different sites online and came across your site investinvinnytsia.com.  I must say - your website is very impressive.  I found your website on the first page of the Search Engine. \r\n\r\nHave you noticed that 70 percent of visitors who leave your website will never return?  In most cases, this means that 95 percent to 98 percent of your marketing efforts are going to waste, not to mention that you are losing more money in customer acquisition costs than you need to.\r\n \r\nAs a business person, the time and money you put into your marketing efforts is extremely valuable.  So why let it go to waste?  Our users have seen staggering improvements in conversions with insane growths of 150 percent going upwards of 785 percent. Are you ready to unlock the highest conversion revenue from each of your website visitors?  \r\n\r\nTalkWithLead is a widget which captures a website visitors Name, Email address and Phone Number and then calls you immediately, so that you can talk to the Lead exactly when they are live on your website  while they're hot! Best feature of all, we offer FREE International Long Distance Calling!\r\n  \r\nTry the TalkWithLead Live Demo now to see exactly how it works.  Visit: https://www.talkwithlead.com/Contents/LiveDemo.aspx\r\n\r\nWhen targeting leads, speed is essential - there is a 100x decrease in Leads when a Lead is contacted within 30 minutes vs being contacted within 5 minutes.\r\n\r\nIf you would like to talk to me about this service, please give me a call.  We do offer a 14 days free trial.  \r\n\r\nThanks and Best Regards,\r\nRandy	Hi,\r\n\r\nMy name is Randy and I was looking at a few different sites online and came across your site investinvinnytsia.com.  I must say - your website is very impressive.  I found your website on the first page of the Search Engine. \r\n\r\nHave you noticed that 70 percent of visitors who leave your website will never return?  In most cases, this means that 95 percent to 98 percent of your marketing efforts are going to waste, not to mention that you are losing more money in customer acquisition costs than you need to.\r\n \r\nAs a business person, the time and money you put into your marketing efforts is extremely valuable.  So why let it go to waste?  Our users have seen staggering improvements in conversions with insane growths of 150 percent going upwards of 785 percent. Are you ready to unlock the highest conversion revenue from each of your website visitors?  \r\n\r\nTalkWithLead is a widget which captures a website visitors Name, Email address and Phone Number and then calls you immediately, so that you can talk to the Lead exactly when they are live on your website  while they're hot! Best feature of all, we offer FREE International Long Distance Calling!\r\n  \r\nTry the TalkWithLead Live Demo now to see exactly how it works.  Visit: https://www.talkwithlead.com/Contents/LiveDemo.aspx\r\n\r\nWhen targeting leads, speed is essential - there is a 100x decrease in Leads when a Lead is contacted within 30 minutes vs being contacted within 5 minutes.\r\n\r\nIf you would like to talk to me about this service, please give me a call.  We do offer a 14 days free trial.  \r\n\r\nThanks and Best Regards,\r\nRandy	Hi,\r\n\r\nMy name is Randy and I was looking at a few different sites online and came across your site investinvinnytsia.com.  I must say - your website is very impressive.  I found your website on the first page of the Search Engine. \r\n\r\nHave you noticed that 70 percent of visitors who leave your website will never return?  In most cases, this means that 95 percent to 98 percent of your marketing efforts are going to waste, not to mention that you are losing more money in customer acquisition costs than you need to.\r\n \r\nAs a business person, the time and money you put into your marketing efforts is extremely valuable.  So why let it go to waste?  Our users have seen staggering improvements in conversions with insane growths of 150 percent going upwards of 785 percent. Are you ready to unlock the highest conversion revenue from each of your website visitors?  \r\n\r\nTalkWithLead is a widget which captures a website visitors Name, Email address and Phone Number and then calls you immediately, so that you can talk to the Lead exactly when they are live on your website  while they're hot! Best feature of all, we offer FREE International Long Distance Calling!\r\n  \r\nTry the TalkWithLead Live Demo now to see exactly how it works.  Visit: https://www.talkwithlead.com/Contents/LiveDemo.aspx\r\n\r\nWhen targeting leads, speed is essential - there is a 100x decrease in Leads when a Lead is contacted within 30 minutes vs being contacted within 5 minutes.\r\n\r\nIf you would like to talk to me about this service, please give me a call.  We do offer a 14 days free trial.  \r\n\r\nThanks and Best Regards,\r\nRandy	Hi,\r\n\r\nMy name is Randy and I was looking at a few different sites online and came across your site investinvinnytsia.com.  I must say - your website is very impressive.  I found your website on the first page of the Search Engine. \r\n\r\nHave you noticed that 70 percent of visitors who leave your website will never return?  In most cases, this means that 95 percent to 98 percent of your marketing efforts are going to waste, not to mention that you are losing more money in customer acquisition costs than you need to.\r\n \r\nAs a business person, the time and money you put into your marketing efforts is extremely valuable.  So why let it go to waste?  Our users have seen staggering improvements in conversions with insane growths of 150 percent going upwards of 785 percent. Are you ready to unlock the highest conversion revenue from each of your website visitors?  \r\n\r\nTalkWithLead is a widget which captures a website visitors Name, Email address and Phone Number and then calls you immediately, so that you can talk to the Lead exactly when they are live on your website  while they're hot! Best feature of all, we offer FREE International Long Distance Calling!\r\n  \r\nTry the TalkWithLead Live Demo now to see exactly how it works.  Visit: https://www.talkwithlead.com/Contents/LiveDemo.aspx\r\n\r\nWhen targeting leads, speed is essential - there is a 100x decrease in Leads when a Lead is contacted within 30 minutes vs being contacted within 5 minutes.\r\n\r\nIf you would like to talk to me about this service, please give me a call.  We do offer a 14 days free trial.  \r\n\r\nThanks and Best Regards,\r\nRandy	Randy			416-385-3200	randy@talkwithlead.com	2018-10-06 15:58:41.421793	2018-10-06 15:58:41.421793
5	Test	Test	Test	Test	Test	Test	Test	Test	Test	Test	Test	Test	Test	Test	Test	Test	Test	Test	Test	Test	Test	Test	Test	+38(000)000-00-00	Test	2018-10-10 06:51:26.219557	2018-10-10 06:51:26.219557
6	After landing on your site, I will say its a pretty decent site.  :) \r\n\r\nHave you ever struggled to get enough visitors to your site?  \r\n\r\nWe offer direct visitor solutions, which is to say we guarantee the number of visitors you will recieve.  Best of all the visitors are targeted to your niche.  \r\n\r\nhttps://maximumvisits.icu/more-visitors?=investinvinnytsia.com\r\n\r\nIf you check out the trial we would love to hear what you think.  \r\n\r\nEmliy\r\nTraffic Expert\r\nChoice Traffic\r\n\r\n\r\n\r\n\r\n\r\n361 Southwest Drive Suite #731 Jonesboro, AR 72401\r\n\r\nIf this non transactional messages isn't right for you, you can opt out here:  https://maximumvisits.icu/unsubscribe.php?site=investinvinnytsia.com \r\n\r\n\r\n\r\n\r\n\r\n\r\n				After landing on your site, I will say its a pretty decent site.  :) \r\n\r\nHave you ever struggled to get enough visitors to your site?  \r\n\r\nWe offer direct visitor solutions, which is to say we guarantee the number of visitors you will recieve.  Best of all the visitors are targeted to your niche.  \r\n\r\nhttps://maximumvisits.icu/more-visitors?=investinvinnytsia.com\r\n\r\nIf you check out the trial we would love to hear what you think.  \r\n\r\nEmliy\r\nTraffic Expert\r\nChoice Traffic\r\n\r\n\r\n\r\n\r\n\r\n361 Southwest Drive Suite #731 Jonesboro, AR 72401\r\n\r\nIf this non transactional messages isn't right for you, you can opt out here:  https://maximumvisits.icu/unsubscribe.php?site=investinvinnytsia.com \r\n\r\n\r\n\r\n\r\n\r\n\r\n						After landing on your site, I will say its a pretty decent site.  :) \r\n\r\nHave you ever struggled to get enough visitors to your site?  \r\n\r\nWe offer direct visitor solutions, which is to say we guarantee the number of visitors you will recieve.  Best of all the visitors are targeted to your niche.  \r\n\r\nhttps://maximumvisits.icu/more-visitors?=investinvinnytsia.com\r\n\r\nIf you check out the trial we would love to hear what you think.  \r\n\r\nEmliy\r\nTraffic Expert\r\nChoice Traffic\r\n\r\n\r\n\r\n\r\n\r\n361 Southwest Drive Suite #731 Jonesboro, AR 72401\r\n\r\nIf this non transactional messages isn't right for you, you can opt out here:  https://maximumvisits.icu/unsubscribe.php?site=investinvinnytsia.com \r\n\r\n\r\n\r\n\r\n\r\n\r\n	After landing on your site, I will say its a pretty decent site.  :) \r\n\r\nHave you ever struggled to get enough visitors to your site?  \r\n\r\nWe offer direct visitor solutions, which is to say we guarantee the number of visitors you will recieve.  Best of all the visitors are targeted to your niche.  \r\n\r\nhttps://maximumvisits.icu/more-visitors?=investinvinnytsia.com\r\n\r\nIf you check out the trial we would love to hear what you think.  \r\n\r\nEmliy\r\nTraffic Expert\r\nChoice Traffic\r\n\r\n\r\n\r\n\r\n\r\n361 Southwest Drive Suite #731 Jonesboro, AR 72401\r\n\r\nIf this non transactional messages isn't right for you, you can opt out here:  https://maximumvisits.icu/unsubscribe.php?site=investinvinnytsia.com \r\n\r\n\r\n\r\n\r\n\r\n\r\n	After landing on your site, I will say its a pretty decent site.  :) \r\n\r\nHave you ever struggled to get enough visitors to your site?  \r\n\r\nWe offer direct visitor solutions, which is to say we guarantee the number of visitors you will recieve.  Best of all the visitors are targeted to your niche.  \r\n\r\nhttps://maximumvisits.icu/more-visitors?=investinvinnytsia.com\r\n\r\nIf you check out the trial we would love to hear what you think.  \r\n\r\nEmliy\r\nTraffic Expert\r\nChoice Traffic\r\n\r\n\r\n\r\n\r\n\r\n361 Southwest Drive Suite #731 Jonesboro, AR 72401\r\n\r\nIf this non transactional messages isn't right for you, you can opt out here:  https://maximumvisits.icu/unsubscribe.php?site=investinvinnytsia.com \r\n\r\n\r\n\r\n\r\n\r\n\r\n		After landing on your site, I will say its a pretty decent site.  :) \r\n\r\nHave you ever struggled to get enough visitors to your site?  \r\n\r\nWe offer direct visitor solutions, which is to say we guarantee the number of visitors you will recieve.  Best of all the visitors are targeted to your niche.  \r\n\r\nhttps://maximumvisits.icu/more-visitors?=investinvinnytsia.com\r\n\r\nIf you check out the trial we would love to hear what you think.  \r\n\r\nEmliy\r\nTraffic Expert\r\nChoice Traffic\r\n\r\n\r\n\r\n\r\n\r\n361 Southwest Drive Suite #731 Jonesboro, AR 72401\r\n\r\nIf this non transactional messages isn't right for you, you can opt out here:  https://maximumvisits.icu/unsubscribe.php?site=investinvinnytsia.com \r\n\r\n\r\n\r\n\r\n\r\n\r\n	After landing on your site, I will say its a pretty decent site.  :) \r\n\r\nHave you ever struggled to get enough visitors to your site?  \r\n\r\nWe offer direct visitor solutions, which is to say we guarantee the number of visitors you will recieve.  Best of all the visitors are targeted to your niche.  \r\n\r\nhttps://maximumvisits.icu/more-visitors?=investinvinnytsia.com\r\n\r\nIf you check out the trial we would love to hear what you think.  \r\n\r\nEmliy\r\nTraffic Expert\r\nChoice Traffic\r\n\r\n\r\n\r\n\r\n\r\n361 Southwest Drive Suite #731 Jonesboro, AR 72401\r\n\r\nIf this non transactional messages isn't right for you, you can opt out here:  https://maximumvisits.icu/unsubscribe.php?site=investinvinnytsia.com \r\n\r\n\r\n\r\n\r\n\r\n\r\n	After landing on your site, I will say its a pretty decent site.  :) \r\n\r\nHave you ever struggled to get enough visitors to your site?  \r\n\r\nWe offer direct visitor solutions, which is to say we guarantee the number of visitors you will recieve.  Best of all the visitors are targeted to your niche.  \r\n\r\nhttps://maximumvisits.icu/more-visitors?=investinvinnytsia.com\r\n\r\nIf you check out the trial we would love to hear what you think.  \r\n\r\nEmliy\r\nTraffic Expert\r\nChoice Traffic\r\n\r\n\r\n\r\n\r\n\r\n361 Southwest Drive Suite #731 Jonesboro, AR 72401\r\n\r\nIf this non transactional messages isn't right for you, you can opt out here:  https://maximumvisits.icu/unsubscribe.php?site=investinvinnytsia.com \r\n\r\n\r\n\r\n\r\n\r\n\r\n	After landing on your site, I will say its a pretty decent site.  :) \r\n\r\nHave you ever struggled to get enough visitors to your site?  \r\n\r\nWe offer direct visitor solutions, which is to say we guarantee the number of visitors you will recieve.  Best of all the visitors are targeted to your niche.  \r\n\r\nhttps://maximumvisits.icu/more-visitors?=investinvinnytsia.com\r\n\r\nIf you check out the trial we would love to hear what you think.  \r\n\r\nEmliy\r\nTraffic Expert\r\nChoice Traffic\r\n\r\n\r\n\r\n\r\n\r\n361 Southwest Drive Suite #731 Jonesboro, AR 72401\r\n\r\nIf this non transactional messages isn't right for you, you can opt out here:  https://maximumvisits.icu/unsubscribe.php?site=investinvinnytsia.com \r\n\r\n\r\n\r\n\r\n\r\n\r\n	After landing on your site, I will say its a pretty decent site.  :) \r\n\r\nHave you ever struggled to get enough visitors to your site?  \r\n\r\nWe offer direct visitor solutions, which is to say we guarantee the number of visitors you will recieve.  Best of all the visitors are targeted to your niche.  \r\n\r\nhttps://maximumvisits.icu/more-visitors?=investinvinnytsia.com\r\n\r\nIf you check out the trial we would love to hear what you think.  \r\n\r\nEmliy\r\nTraffic Expert\r\nChoice Traffic\r\n\r\n\r\n\r\n\r\n\r\n361 Southwest Drive Suite #731 Jonesboro, AR 72401\r\n\r\nIf this non transactional messages isn't right for you, you can opt out here:  https://maximumvisits.icu/unsubscribe.php?site=investinvinnytsia.com \r\n\r\n\r\n\r\n\r\n\r\n\r\n	After landing on your site, I will say its a pretty decent site.  :) \r\n\r\nHave you ever struggled to get enough visitors to your site?  \r\n\r\nWe offer direct visitor solutions, which is to say we guarantee the number of visitors you will recieve.  Best of all the visitors are targeted to your niche.  \r\n\r\nhttps://maximumvisits.icu/more-visitors?=investinvinnytsia.com\r\n\r\nIf you check out the trial we would love to hear what you think.  \r\n\r\nEmliy\r\nTraffic Expert\r\nChoice Traffic\r\n\r\n\r\n\r\n\r\n\r\n361 Southwest Drive Suite #731 Jonesboro, AR 72401\r\n\r\nIf this non transactional messages isn't right for you, you can opt out here:  https://maximumvisits.icu/unsubscribe.php?site=investinvinnytsia.com \r\n\r\n\r\n\r\n\r\n\r\n\r\n	Emily Moore			573-738-8918	emily5r9vpmoore@aol.com	2018-10-24 14:23:32.651339	2018-10-24 14:23:32.651339
7	Hi,\r\n\r\nMy name is Randy and I was looking at a few different sites online and came across your site investinvinnytsia.com.  I must say - your website is very impressive.  I found your website on the first page of the Search Engine. \r\n\r\nHave you noticed that 70 percent of visitors who leave your website will never return?  In most cases, this means that 95 percent to 98 percent of your marketing efforts are going to waste, not to mention that you are losing more money in customer acquisition costs than you need to.\r\n \r\nAs a business person, the time and money you put into your marketing efforts is extremely valuable.  So why let it go to waste?  Our users have seen staggering improvements in conversions with insane growths of 150 percent going upwards of 785 percent. Are you ready to unlock the highest conversion revenue from each of your website visitors?  \r\n\r\nTalk With Website Visitors is a widget which captures a website visitors Name, Email address and Phone Number and then calls you immediately, so that you can talk to the website visitors exactly when they are live on your website  while they're hot! Best feature of all, we offer FREE International Long Distance Calling!\r\n  \r\nTry the Talk With Website Visitors Live Demo now to see exactly how it works.  Visit: http://www.talkwithcustomer.com\r\n\r\nWhen targeting website visitors, speed is essential - there is a 100x decrease in Leads when a website visitors is contacted within 30 minutes vs being contacted within 5 minutes.\r\n\r\nIf you would like to talk to me about this service, please give me a call.  We do offer a 14 days free trial.  \r\n\r\nThanks and Best Regards,\r\nRandy\r\n\r\nIf you'd like to unsubscribe click here. http://liveserveronline.com/talkwithcustomer.aspx?d=investinvinnytsia.com				Hi,\r\n\r\nMy name is Randy and I was looking at a few different sites online and came across your site investinvinnytsia.com.  I must say - your website is very impressive.  I found your website on the first page of the Search Engine. \r\n\r\nHave you noticed that 70 percent of visitors who leave your website will never return?  In most cases, this means that 95 percent to 98 percent of your marketing efforts are going to waste, not to mention that you are losing more money in customer acquisition costs than you need to.\r\n \r\nAs a business person, the time and money you put into your marketing efforts is extremely valuable.  So why let it go to waste?  Our users have seen staggering improvements in conversions with insane growths of 150 percent going upwards of 785 percent. Are you ready to unlock the highest conversion revenue from each of your website visitors?  \r\n\r\nTalk With Website Visitors is a widget which captures a website visitors Name, Email address and Phone Number and then calls you immediately, so that you can talk to the website visitors exactly when they are live on your website  while they're hot! Best feature of all, we offer FREE International Long Distance Calling!\r\n  \r\nTry the Talk With Website Visitors Live Demo now to see exactly how it works.  Visit: http://www.talkwithcustomer.com\r\n\r\nWhen targeting website visitors, speed is essential - there is a 100x decrease in Leads when a website visitors is contacted within 30 minutes vs being contacted within 5 minutes.\r\n\r\nIf you would like to talk to me about this service, please give me a call.  We do offer a 14 days free trial.  \r\n\r\nThanks and Best Regards,\r\nRandy\r\n\r\nIf you'd like to unsubscribe click here. http://liveserveronline.com/talkwithcustomer.aspx?d=investinvinnytsia.com						Hi,\r\n\r\nMy name is Randy and I was looking at a few different sites online and came across your site investinvinnytsia.com.  I must say - your website is very impressive.  I found your website on the first page of the Search Engine. \r\n\r\nHave you noticed that 70 percent of visitors who leave your website will never return?  In most cases, this means that 95 percent to 98 percent of your marketing efforts are going to waste, not to mention that you are losing more money in customer acquisition costs than you need to.\r\n \r\nAs a business person, the time and money you put into your marketing efforts is extremely valuable.  So why let it go to waste?  Our users have seen staggering improvements in conversions with insane growths of 150 percent going upwards of 785 percent. Are you ready to unlock the highest conversion revenue from each of your website visitors?  \r\n\r\nTalk With Website Visitors is a widget which captures a website visitors Name, Email address and Phone Number and then calls you immediately, so that you can talk to the website visitors exactly when they are live on your website  while they're hot! Best feature of all, we offer FREE International Long Distance Calling!\r\n  \r\nTry the Talk With Website Visitors Live Demo now to see exactly how it works.  Visit: http://www.talkwithcustomer.com\r\n\r\nWhen targeting website visitors, speed is essential - there is a 100x decrease in Leads when a website visitors is contacted within 30 minutes vs being contacted within 5 minutes.\r\n\r\nIf you would like to talk to me about this service, please give me a call.  We do offer a 14 days free trial.  \r\n\r\nThanks and Best Regards,\r\nRandy\r\n\r\nIf you'd like to unsubscribe click here. http://liveserveronline.com/talkwithcustomer.aspx?d=investinvinnytsia.com	Hi,\r\n\r\nMy name is Randy and I was looking at a few different sites online and came across your site investinvinnytsia.com.  I must say - your website is very impressive.  I found your website on the first page of the Search Engine. \r\n\r\nHave you noticed that 70 percent of visitors who leave your website will never return?  In most cases, this means that 95 percent to 98 percent of your marketing efforts are going to waste, not to mention that you are losing more money in customer acquisition costs than you need to.\r\n \r\nAs a business person, the time and money you put into your marketing efforts is extremely valuable.  So why let it go to waste?  Our users have seen staggering improvements in conversions with insane growths of 150 percent going upwards of 785 percent. Are you ready to unlock the highest conversion revenue from each of your website visitors?  \r\n\r\nTalk With Website Visitors is a widget which captures a website visitors Name, Email address and Phone Number and then calls you immediately, so that you can talk to the website visitors exactly when they are live on your website  while they're hot! Best feature of all, we offer FREE International Long Distance Calling!\r\n  \r\nTry the Talk With Website Visitors Live Demo now to see exactly how it works.  Visit: http://www.talkwithcustomer.com\r\n\r\nWhen targeting website visitors, speed is essential - there is a 100x decrease in Leads when a website visitors is contacted within 30 minutes vs being contacted within 5 minutes.\r\n\r\nIf you would like to talk to me about this service, please give me a call.  We do offer a 14 days free trial.  \r\n\r\nThanks and Best Regards,\r\nRandy\r\n\r\nIf you'd like to unsubscribe click here. http://liveserveronline.com/talkwithcustomer.aspx?d=investinvinnytsia.com	Hi,\r\n\r\nMy name is Randy and I was looking at a few different sites online and came across your site investinvinnytsia.com.  I must say - your website is very impressive.  I found your website on the first page of the Search Engine. \r\n\r\nHave you noticed that 70 percent of visitors who leave your website will never return?  In most cases, this means that 95 percent to 98 percent of your marketing efforts are going to waste, not to mention that you are losing more money in customer acquisition costs than you need to.\r\n \r\nAs a business person, the time and money you put into your marketing efforts is extremely valuable.  So why let it go to waste?  Our users have seen staggering improvements in conversions with insane growths of 150 percent going upwards of 785 percent. Are you ready to unlock the highest conversion revenue from each of your website visitors?  \r\n\r\nTalk With Website Visitors is a widget which captures a website visitors Name, Email address and Phone Number and then calls you immediately, so that you can talk to the website visitors exactly when they are live on your website  while they're hot! Best feature of all, we offer FREE International Long Distance Calling!\r\n  \r\nTry the Talk With Website Visitors Live Demo now to see exactly how it works.  Visit: http://www.talkwithcustomer.com\r\n\r\nWhen targeting website visitors, speed is essential - there is a 100x decrease in Leads when a website visitors is contacted within 30 minutes vs being contacted within 5 minutes.\r\n\r\nIf you would like to talk to me about this service, please give me a call.  We do offer a 14 days free trial.  \r\n\r\nThanks and Best Regards,\r\nRandy\r\n\r\nIf you'd like to unsubscribe click here. http://liveserveronline.com/talkwithcustomer.aspx?d=investinvinnytsia.com		Hi,\r\n\r\nMy name is Randy and I was looking at a few different sites online and came across your site investinvinnytsia.com.  I must say - your website is very impressive.  I found your website on the first page of the Search Engine. \r\n\r\nHave you noticed that 70 percent of visitors who leave your website will never return?  In most cases, this means that 95 percent to 98 percent of your marketing efforts are going to waste, not to mention that you are losing more money in customer acquisition costs than you need to.\r\n \r\nAs a business person, the time and money you put into your marketing efforts is extremely valuable.  So why let it go to waste?  Our users have seen staggering improvements in conversions with insane growths of 150 percent going upwards of 785 percent. Are you ready to unlock the highest conversion revenue from each of your website visitors?  \r\n\r\nTalk With Website Visitors is a widget which captures a website visitors Name, Email address and Phone Number and then calls you immediately, so that you can talk to the website visitors exactly when they are live on your website  while they're hot! Best feature of all, we offer FREE International Long Distance Calling!\r\n  \r\nTry the Talk With Website Visitors Live Demo now to see exactly how it works.  Visit: http://www.talkwithcustomer.com\r\n\r\nWhen targeting website visitors, speed is essential - there is a 100x decrease in Leads when a website visitors is contacted within 30 minutes vs being contacted within 5 minutes.\r\n\r\nIf you would like to talk to me about this service, please give me a call.  We do offer a 14 days free trial.  \r\n\r\nThanks and Best Regards,\r\nRandy\r\n\r\nIf you'd like to unsubscribe click here. http://liveserveronline.com/talkwithcustomer.aspx?d=investinvinnytsia.com	Hi,\r\n\r\nMy name is Randy and I was looking at a few different sites online and came across your site investinvinnytsia.com.  I must say - your website is very impressive.  I found your website on the first page of the Search Engine. \r\n\r\nHave you noticed that 70 percent of visitors who leave your website will never return?  In most cases, this means that 95 percent to 98 percent of your marketing efforts are going to waste, not to mention that you are losing more money in customer acquisition costs than you need to.\r\n \r\nAs a business person, the time and money you put into your marketing efforts is extremely valuable.  So why let it go to waste?  Our users have seen staggering improvements in conversions with insane growths of 150 percent going upwards of 785 percent. Are you ready to unlock the highest conversion revenue from each of your website visitors?  \r\n\r\nTalk With Website Visitors is a widget which captures a website visitors Name, Email address and Phone Number and then calls you immediately, so that you can talk to the website visitors exactly when they are live on your website  while they're hot! Best feature of all, we offer FREE International Long Distance Calling!\r\n  \r\nTry the Talk With Website Visitors Live Demo now to see exactly how it works.  Visit: http://www.talkwithcustomer.com\r\n\r\nWhen targeting website visitors, speed is essential - there is a 100x decrease in Leads when a website visitors is contacted within 30 minutes vs being contacted within 5 minutes.\r\n\r\nIf you would like to talk to me about this service, please give me a call.  We do offer a 14 days free trial.  \r\n\r\nThanks and Best Regards,\r\nRandy\r\n\r\nIf you'd like to unsubscribe click here. http://liveserveronline.com/talkwithcustomer.aspx?d=investinvinnytsia.com	Hi,\r\n\r\nMy name is Randy and I was looking at a few different sites online and came across your site investinvinnytsia.com.  I must say - your website is very impressive.  I found your website on the first page of the Search Engine. \r\n\r\nHave you noticed that 70 percent of visitors who leave your website will never return?  In most cases, this means that 95 percent to 98 percent of your marketing efforts are going to waste, not to mention that you are losing more money in customer acquisition costs than you need to.\r\n \r\nAs a business person, the time and money you put into your marketing efforts is extremely valuable.  So why let it go to waste?  Our users have seen staggering improvements in conversions with insane growths of 150 percent going upwards of 785 percent. Are you ready to unlock the highest conversion revenue from each of your website visitors?  \r\n\r\nTalk With Website Visitors is a widget which captures a website visitors Name, Email address and Phone Number and then calls you immediately, so that you can talk to the website visitors exactly when they are live on your website  while they're hot! Best feature of all, we offer FREE International Long Distance Calling!\r\n  \r\nTry the Talk With Website Visitors Live Demo now to see exactly how it works.  Visit: http://www.talkwithcustomer.com\r\n\r\nWhen targeting website visitors, speed is essential - there is a 100x decrease in Leads when a website visitors is contacted within 30 minutes vs being contacted within 5 minutes.\r\n\r\nIf you would like to talk to me about this service, please give me a call.  We do offer a 14 days free trial.  \r\n\r\nThanks and Best Regards,\r\nRandy\r\n\r\nIf you'd like to unsubscribe click here. http://liveserveronline.com/talkwithcustomer.aspx?d=investinvinnytsia.com	Hi,\r\n\r\nMy name is Randy and I was looking at a few different sites online and came across your site investinvinnytsia.com.  I must say - your website is very impressive.  I found your website on the first page of the Search Engine. \r\n\r\nHave you noticed that 70 percent of visitors who leave your website will never return?  In most cases, this means that 95 percent to 98 percent of your marketing efforts are going to waste, not to mention that you are losing more money in customer acquisition costs than you need to.\r\n \r\nAs a business person, the time and money you put into your marketing efforts is extremely valuable.  So why let it go to waste?  Our users have seen staggering improvements in conversions with insane growths of 150 percent going upwards of 785 percent. Are you ready to unlock the highest conversion revenue from each of your website visitors?  \r\n\r\nTalk With Website Visitors is a widget which captures a website visitors Name, Email address and Phone Number and then calls you immediately, so that you can talk to the website visitors exactly when they are live on your website  while they're hot! Best feature of all, we offer FREE International Long Distance Calling!\r\n  \r\nTry the Talk With Website Visitors Live Demo now to see exactly how it works.  Visit: http://www.talkwithcustomer.com\r\n\r\nWhen targeting website visitors, speed is essential - there is a 100x decrease in Leads when a website visitors is contacted within 30 minutes vs being contacted within 5 minutes.\r\n\r\nIf you would like to talk to me about this service, please give me a call.  We do offer a 14 days free trial.  \r\n\r\nThanks and Best Regards,\r\nRandy\r\n\r\nIf you'd like to unsubscribe click here. http://liveserveronline.com/talkwithcustomer.aspx?d=investinvinnytsia.com	Hi,\r\n\r\nMy name is Randy and I was looking at a few different sites online and came across your site investinvinnytsia.com.  I must say - your website is very impressive.  I found your website on the first page of the Search Engine. \r\n\r\nHave you noticed that 70 percent of visitors who leave your website will never return?  In most cases, this means that 95 percent to 98 percent of your marketing efforts are going to waste, not to mention that you are losing more money in customer acquisition costs than you need to.\r\n \r\nAs a business person, the time and money you put into your marketing efforts is extremely valuable.  So why let it go to waste?  Our users have seen staggering improvements in conversions with insane growths of 150 percent going upwards of 785 percent. Are you ready to unlock the highest conversion revenue from each of your website visitors?  \r\n\r\nTalk With Website Visitors is a widget which captures a website visitors Name, Email address and Phone Number and then calls you immediately, so that you can talk to the website visitors exactly when they are live on your website  while they're hot! Best feature of all, we offer FREE International Long Distance Calling!\r\n  \r\nTry the Talk With Website Visitors Live Demo now to see exactly how it works.  Visit: http://www.talkwithcustomer.com\r\n\r\nWhen targeting website visitors, speed is essential - there is a 100x decrease in Leads when a website visitors is contacted within 30 minutes vs being contacted within 5 minutes.\r\n\r\nIf you would like to talk to me about this service, please give me a call.  We do offer a 14 days free trial.  \r\n\r\nThanks and Best Regards,\r\nRandy\r\n\r\nIf you'd like to unsubscribe click here. http://liveserveronline.com/talkwithcustomer.aspx?d=investinvinnytsia.com	Hi,\r\n\r\nMy name is Randy and I was looking at a few different sites online and came across your site investinvinnytsia.com.  I must say - your website is very impressive.  I found your website on the first page of the Search Engine. \r\n\r\nHave you noticed that 70 percent of visitors who leave your website will never return?  In most cases, this means that 95 percent to 98 percent of your marketing efforts are going to waste, not to mention that you are losing more money in customer acquisition costs than you need to.\r\n \r\nAs a business person, the time and money you put into your marketing efforts is extremely valuable.  So why let it go to waste?  Our users have seen staggering improvements in conversions with insane growths of 150 percent going upwards of 785 percent. Are you ready to unlock the highest conversion revenue from each of your website visitors?  \r\n\r\nTalk With Website Visitors is a widget which captures a website visitors Name, Email address and Phone Number and then calls you immediately, so that you can talk to the website visitors exactly when they are live on your website  while they're hot! Best feature of all, we offer FREE International Long Distance Calling!\r\n  \r\nTry the Talk With Website Visitors Live Demo now to see exactly how it works.  Visit: http://www.talkwithcustomer.com\r\n\r\nWhen targeting website visitors, speed is essential - there is a 100x decrease in Leads when a website visitors is contacted within 30 minutes vs being contacted within 5 minutes.\r\n\r\nIf you would like to talk to me about this service, please give me a call.  We do offer a 14 days free trial.  \r\n\r\nThanks and Best Regards,\r\nRandy\r\n\r\nIf you'd like to unsubscribe click here. http://liveserveronline.com/talkwithcustomer.aspx?d=investinvinnytsia.com	Randy			416-385-3200	randy@talkwithlead.com	2018-11-06 08:00:31.66302	2018-11-06 08:00:31.66302
8	\n	info23	info23	info23	\n	info23	info23	info23	info23	info23	\n	\n	\n	info23	\n	\n	\n	\n	\n	\n	info23	info23	info23		info23@cantatic.com	2018-11-09 09:16:05.290571	2018-11-09 09:16:05.290571
9	Have you seen this?\r\n\r\nhttp://businesshacks.online/may/2018/new-lead-gen-method\r\n\r\nIts so simple, I had to check it out to believe it. \r\n\r\nElizabeth G\r\n\r\n\r\n\r\n\r\n\r\n\r\n\r\n\r\n\r\n\r\n\r\n\r\n\r\n\r\n\r\n\r\n\r\n\r\n\r\n500 Westover Dr #12733\r\nSanford, NC 27330\r\n\r\nMy apologies if this commercial message was not relevant for you. To prevent any future correspondence please visit: http://businesshacks.online/out.php/?site=investinvinnytsia.com\r\n				Have you seen this?\r\n\r\nhttp://businesshacks.online/may/2018/new-lead-gen-method\r\n\r\nIts so simple, I had to check it out to believe it. \r\n\r\nElizabeth G\r\n\r\n\r\n\r\n\r\n\r\n\r\n\r\n\r\n\r\n\r\n\r\n\r\n\r\n\r\n\r\n\r\n\r\n\r\n\r\n500 Westover Dr #12733\r\nSanford, NC 27330\r\n\r\nMy apologies if this commercial message was not relevant for you. To prevent any future correspondence please visit: http://businesshacks.online/out.php/?site=investinvinnytsia.com\r\n						Have you seen this?\r\n\r\nhttp://businesshacks.online/may/2018/new-lead-gen-method\r\n\r\nIts so simple, I had to check it out to believe it. \r\n\r\nElizabeth G\r\n\r\n\r\n\r\n\r\n\r\n\r\n\r\n\r\n\r\n\r\n\r\n\r\n\r\n\r\n\r\n\r\n\r\n\r\n\r\n500 Westover Dr #12733\r\nSanford, NC 27330\r\n\r\nMy apologies if this commercial message was not relevant for you. To prevent any future correspondence please visit: http://businesshacks.online/out.php/?site=investinvinnytsia.com\r\n	Have you seen this?\r\n\r\nhttp://businesshacks.online/may/2018/new-lead-gen-method\r\n\r\nIts so simple, I had to check it out to believe it. \r\n\r\nElizabeth G\r\n\r\n\r\n\r\n\r\n\r\n\r\n\r\n\r\n\r\n\r\n\r\n\r\n\r\n\r\n\r\n\r\n\r\n\r\n\r\n500 Westover Dr #12733\r\nSanford, NC 27330\r\n\r\nMy apologies if this commercial message was not relevant for you. To prevent any future correspondence please visit: http://businesshacks.online/out.php/?site=investinvinnytsia.com\r\n	Have you seen this?\r\n\r\nhttp://businesshacks.online/may/2018/new-lead-gen-method\r\n\r\nIts so simple, I had to check it out to believe it. \r\n\r\nElizabeth G\r\n\r\n\r\n\r\n\r\n\r\n\r\n\r\n\r\n\r\n\r\n\r\n\r\n\r\n\r\n\r\n\r\n\r\n\r\n\r\n500 Westover Dr #12733\r\nSanford, NC 27330\r\n\r\nMy apologies if this commercial message was not relevant for you. To prevent any future correspondence please visit: http://businesshacks.online/out.php/?site=investinvinnytsia.com\r\n		Have you seen this?\r\n\r\nhttp://businesshacks.online/may/2018/new-lead-gen-method\r\n\r\nIts so simple, I had to check it out to believe it. \r\n\r\nElizabeth G\r\n\r\n\r\n\r\n\r\n\r\n\r\n\r\n\r\n\r\n\r\n\r\n\r\n\r\n\r\n\r\n\r\n\r\n\r\n\r\n500 Westover Dr #12733\r\nSanford, NC 27330\r\n\r\nMy apologies if this commercial message was not relevant for you. To prevent any future correspondence please visit: http://businesshacks.online/out.php/?site=investinvinnytsia.com\r\n	Have you seen this?\r\n\r\nhttp://businesshacks.online/may/2018/new-lead-gen-method\r\n\r\nIts so simple, I had to check it out to believe it. \r\n\r\nElizabeth G\r\n\r\n\r\n\r\n\r\n\r\n\r\n\r\n\r\n\r\n\r\n\r\n\r\n\r\n\r\n\r\n\r\n\r\n\r\n\r\n500 Westover Dr #12733\r\nSanford, NC 27330\r\n\r\nMy apologies if this commercial message was not relevant for you. To prevent any future correspondence please visit: http://businesshacks.online/out.php/?site=investinvinnytsia.com\r\n	Have you seen this?\r\n\r\nhttp://businesshacks.online/may/2018/new-lead-gen-method\r\n\r\nIts so simple, I had to check it out to believe it. \r\n\r\nElizabeth G\r\n\r\n\r\n\r\n\r\n\r\n\r\n\r\n\r\n\r\n\r\n\r\n\r\n\r\n\r\n\r\n\r\n\r\n\r\n\r\n500 Westover Dr #12733\r\nSanford, NC 27330\r\n\r\nMy apologies if this commercial message was not relevant for you. To prevent any future correspondence please visit: http://businesshacks.online/out.php/?site=investinvinnytsia.com\r\n	Have you seen this?\r\n\r\nhttp://businesshacks.online/may/2018/new-lead-gen-method\r\n\r\nIts so simple, I had to check it out to believe it. \r\n\r\nElizabeth G\r\n\r\n\r\n\r\n\r\n\r\n\r\n\r\n\r\n\r\n\r\n\r\n\r\n\r\n\r\n\r\n\r\n\r\n\r\n\r\n500 Westover Dr #12733\r\nSanford, NC 27330\r\n\r\nMy apologies if this commercial message was not relevant for you. To prevent any future correspondence please visit: http://businesshacks.online/out.php/?site=investinvinnytsia.com\r\n	Have you seen this?\r\n\r\nhttp://businesshacks.online/may/2018/new-lead-gen-method\r\n\r\nIts so simple, I had to check it out to believe it. \r\n\r\nElizabeth G\r\n\r\n\r\n\r\n\r\n\r\n\r\n\r\n\r\n\r\n\r\n\r\n\r\n\r\n\r\n\r\n\r\n\r\n\r\n\r\n500 Westover Dr #12733\r\nSanford, NC 27330\r\n\r\nMy apologies if this commercial message was not relevant for you. To prevent any future correspondence please visit: http://businesshacks.online/out.php/?site=investinvinnytsia.com\r\n	Have you seen this?\r\n\r\nhttp://businesshacks.online/may/2018/new-lead-gen-method\r\n\r\nIts so simple, I had to check it out to believe it. \r\n\r\nElizabeth G\r\n\r\n\r\n\r\n\r\n\r\n\r\n\r\n\r\n\r\n\r\n\r\n\r\n\r\n\r\n\r\n\r\n\r\n\r\n\r\n500 Westover Dr #12733\r\nSanford, NC 27330\r\n\r\nMy apologies if this commercial message was not relevant for you. To prevent any future correspondence please visit: http://businesshacks.online/out.php/?site=investinvinnytsia.com\r\n	Elizabeth Gonzalez			(805) 372-1751	elizabethghoa2gonzalez@aol.com	2018-11-15 07:57:01.24643	2018-11-15 07:57:01.24643
10	Hi,\r\n\r\nMy name is Randy and I was looking at a few different sites online and came across your site investinvinnytsia.com.  I must say - your website is very impressive.  I found your website on the first page of the Search Engine.\r\n\r\nHave you noticed that 70 percent of visitors who leave your website will never return?  In most cases, this means that 95 percent to 98 percent of your marketing efforts are going to waste, not to mention that you are losing more money in customer acquisition costs than you need to.\r\nAs a business person, the time and money you put into your marketing efforts is extremely valuable.  So why let it go to waste?  Our users have seen staggering improvements in conversions with insane growths of 150 percent going upwards of 785 percent. Are you ready to unlock the highest conversion revenue from each of your website visitors?  \r\n\r\nTalkWithLead is a widget which captures a website visitors Name, Email address and Phone Number and then calls you immediately, so that you can talk to the Lead exactly when they are live on your website  while they're hot! Best feature of all, we offer FREE International Long Distance Calling!\r\n  \r\nTry the TalkWithLead Live Demo now to see exactly how it works.  Visit: http://www.talkwithcustomer.com\r\n\r\nWhen targeting leads, speed is essential - there is a 100x decrease in Leads when a Lead is contacted within 30 minutes vs being contacted within 5 minutes.\r\n\r\nIf you would like to talk to me about this service, please give me a call.  We do offer a 14 days free trial.  \r\n\r\nThanks and Best Regards,\r\nRandy\r\n\r\nIf you'd like to unsubscribe click here. http://liveserveronline.com/talkwithcustomer.aspx?d=investinvinnytsia.com				Hi,\r\n\r\nMy name is Randy and I was looking at a few different sites online and came across your site investinvinnytsia.com.  I must say - your website is very impressive.  I found your website on the first page of the Search Engine.\r\n\r\nHave you noticed that 70 percent of visitors who leave your website will never return?  In most cases, this means that 95 percent to 98 percent of your marketing efforts are going to waste, not to mention that you are losing more money in customer acquisition costs than you need to.\r\nAs a business person, the time and money you put into your marketing efforts is extremely valuable.  So why let it go to waste?  Our users have seen staggering improvements in conversions with insane growths of 150 percent going upwards of 785 percent. Are you ready to unlock the highest conversion revenue from each of your website visitors?  \r\n\r\nTalkWithLead is a widget which captures a website visitors Name, Email address and Phone Number and then calls you immediately, so that you can talk to the Lead exactly when they are live on your website  while they're hot! Best feature of all, we offer FREE International Long Distance Calling!\r\n  \r\nTry the TalkWithLead Live Demo now to see exactly how it works.  Visit: http://www.talkwithcustomer.com\r\n\r\nWhen targeting leads, speed is essential - there is a 100x decrease in Leads when a Lead is contacted within 30 minutes vs being contacted within 5 minutes.\r\n\r\nIf you would like to talk to me about this service, please give me a call.  We do offer a 14 days free trial.  \r\n\r\nThanks and Best Regards,\r\nRandy\r\n\r\nIf you'd like to unsubscribe click here. http://liveserveronline.com/talkwithcustomer.aspx?d=investinvinnytsia.com						Hi,\r\n\r\nMy name is Randy and I was looking at a few different sites online and came across your site investinvinnytsia.com.  I must say - your website is very impressive.  I found your website on the first page of the Search Engine.\r\n\r\nHave you noticed that 70 percent of visitors who leave your website will never return?  In most cases, this means that 95 percent to 98 percent of your marketing efforts are going to waste, not to mention that you are losing more money in customer acquisition costs than you need to.\r\nAs a business person, the time and money you put into your marketing efforts is extremely valuable.  So why let it go to waste?  Our users have seen staggering improvements in conversions with insane growths of 150 percent going upwards of 785 percent. Are you ready to unlock the highest conversion revenue from each of your website visitors?  \r\n\r\nTalkWithLead is a widget which captures a website visitors Name, Email address and Phone Number and then calls you immediately, so that you can talk to the Lead exactly when they are live on your website  while they're hot! Best feature of all, we offer FREE International Long Distance Calling!\r\n  \r\nTry the TalkWithLead Live Demo now to see exactly how it works.  Visit: http://www.talkwithcustomer.com\r\n\r\nWhen targeting leads, speed is essential - there is a 100x decrease in Leads when a Lead is contacted within 30 minutes vs being contacted within 5 minutes.\r\n\r\nIf you would like to talk to me about this service, please give me a call.  We do offer a 14 days free trial.  \r\n\r\nThanks and Best Regards,\r\nRandy\r\n\r\nIf you'd like to unsubscribe click here. http://liveserveronline.com/talkwithcustomer.aspx?d=investinvinnytsia.com	Hi,\r\n\r\nMy name is Randy and I was looking at a few different sites online and came across your site investinvinnytsia.com.  I must say - your website is very impressive.  I found your website on the first page of the Search Engine.\r\n\r\nHave you noticed that 70 percent of visitors who leave your website will never return?  In most cases, this means that 95 percent to 98 percent of your marketing efforts are going to waste, not to mention that you are losing more money in customer acquisition costs than you need to.\r\nAs a business person, the time and money you put into your marketing efforts is extremely valuable.  So why let it go to waste?  Our users have seen staggering improvements in conversions with insane growths of 150 percent going upwards of 785 percent. Are you ready to unlock the highest conversion revenue from each of your website visitors?  \r\n\r\nTalkWithLead is a widget which captures a website visitors Name, Email address and Phone Number and then calls you immediately, so that you can talk to the Lead exactly when they are live on your website  while they're hot! Best feature of all, we offer FREE International Long Distance Calling!\r\n  \r\nTry the TalkWithLead Live Demo now to see exactly how it works.  Visit: http://www.talkwithcustomer.com\r\n\r\nWhen targeting leads, speed is essential - there is a 100x decrease in Leads when a Lead is contacted within 30 minutes vs being contacted within 5 minutes.\r\n\r\nIf you would like to talk to me about this service, please give me a call.  We do offer a 14 days free trial.  \r\n\r\nThanks and Best Regards,\r\nRandy\r\n\r\nIf you'd like to unsubscribe click here. http://liveserveronline.com/talkwithcustomer.aspx?d=investinvinnytsia.com	Hi,\r\n\r\nMy name is Randy and I was looking at a few different sites online and came across your site investinvinnytsia.com.  I must say - your website is very impressive.  I found your website on the first page of the Search Engine.\r\n\r\nHave you noticed that 70 percent of visitors who leave your website will never return?  In most cases, this means that 95 percent to 98 percent of your marketing efforts are going to waste, not to mention that you are losing more money in customer acquisition costs than you need to.\r\nAs a business person, the time and money you put into your marketing efforts is extremely valuable.  So why let it go to waste?  Our users have seen staggering improvements in conversions with insane growths of 150 percent going upwards of 785 percent. Are you ready to unlock the highest conversion revenue from each of your website visitors?  \r\n\r\nTalkWithLead is a widget which captures a website visitors Name, Email address and Phone Number and then calls you immediately, so that you can talk to the Lead exactly when they are live on your website  while they're hot! Best feature of all, we offer FREE International Long Distance Calling!\r\n  \r\nTry the TalkWithLead Live Demo now to see exactly how it works.  Visit: http://www.talkwithcustomer.com\r\n\r\nWhen targeting leads, speed is essential - there is a 100x decrease in Leads when a Lead is contacted within 30 minutes vs being contacted within 5 minutes.\r\n\r\nIf you would like to talk to me about this service, please give me a call.  We do offer a 14 days free trial.  \r\n\r\nThanks and Best Regards,\r\nRandy\r\n\r\nIf you'd like to unsubscribe click here. http://liveserveronline.com/talkwithcustomer.aspx?d=investinvinnytsia.com		Hi,\r\n\r\nMy name is Randy and I was looking at a few different sites online and came across your site investinvinnytsia.com.  I must say - your website is very impressive.  I found your website on the first page of the Search Engine.\r\n\r\nHave you noticed that 70 percent of visitors who leave your website will never return?  In most cases, this means that 95 percent to 98 percent of your marketing efforts are going to waste, not to mention that you are losing more money in customer acquisition costs than you need to.\r\nAs a business person, the time and money you put into your marketing efforts is extremely valuable.  So why let it go to waste?  Our users have seen staggering improvements in conversions with insane growths of 150 percent going upwards of 785 percent. Are you ready to unlock the highest conversion revenue from each of your website visitors?  \r\n\r\nTalkWithLead is a widget which captures a website visitors Name, Email address and Phone Number and then calls you immediately, so that you can talk to the Lead exactly when they are live on your website  while they're hot! Best feature of all, we offer FREE International Long Distance Calling!\r\n  \r\nTry the TalkWithLead Live Demo now to see exactly how it works.  Visit: http://www.talkwithcustomer.com\r\n\r\nWhen targeting leads, speed is essential - there is a 100x decrease in Leads when a Lead is contacted within 30 minutes vs being contacted within 5 minutes.\r\n\r\nIf you would like to talk to me about this service, please give me a call.  We do offer a 14 days free trial.  \r\n\r\nThanks and Best Regards,\r\nRandy\r\n\r\nIf you'd like to unsubscribe click here. http://liveserveronline.com/talkwithcustomer.aspx?d=investinvinnytsia.com	Hi,\r\n\r\nMy name is Randy and I was looking at a few different sites online and came across your site investinvinnytsia.com.  I must say - your website is very impressive.  I found your website on the first page of the Search Engine.\r\n\r\nHave you noticed that 70 percent of visitors who leave your website will never return?  In most cases, this means that 95 percent to 98 percent of your marketing efforts are going to waste, not to mention that you are losing more money in customer acquisition costs than you need to.\r\nAs a business person, the time and money you put into your marketing efforts is extremely valuable.  So why let it go to waste?  Our users have seen staggering improvements in conversions with insane growths of 150 percent going upwards of 785 percent. Are you ready to unlock the highest conversion revenue from each of your website visitors?  \r\n\r\nTalkWithLead is a widget which captures a website visitors Name, Email address and Phone Number and then calls you immediately, so that you can talk to the Lead exactly when they are live on your website  while they're hot! Best feature of all, we offer FREE International Long Distance Calling!\r\n  \r\nTry the TalkWithLead Live Demo now to see exactly how it works.  Visit: http://www.talkwithcustomer.com\r\n\r\nWhen targeting leads, speed is essential - there is a 100x decrease in Leads when a Lead is contacted within 30 minutes vs being contacted within 5 minutes.\r\n\r\nIf you would like to talk to me about this service, please give me a call.  We do offer a 14 days free trial.  \r\n\r\nThanks and Best Regards,\r\nRandy\r\n\r\nIf you'd like to unsubscribe click here. http://liveserveronline.com/talkwithcustomer.aspx?d=investinvinnytsia.com	Hi,\r\n\r\nMy name is Randy and I was looking at a few different sites online and came across your site investinvinnytsia.com.  I must say - your website is very impressive.  I found your website on the first page of the Search Engine.\r\n\r\nHave you noticed that 70 percent of visitors who leave your website will never return?  In most cases, this means that 95 percent to 98 percent of your marketing efforts are going to waste, not to mention that you are losing more money in customer acquisition costs than you need to.\r\nAs a business person, the time and money you put into your marketing efforts is extremely valuable.  So why let it go to waste?  Our users have seen staggering improvements in conversions with insane growths of 150 percent going upwards of 785 percent. Are you ready to unlock the highest conversion revenue from each of your website visitors?  \r\n\r\nTalkWithLead is a widget which captures a website visitors Name, Email address and Phone Number and then calls you immediately, so that you can talk to the Lead exactly when they are live on your website  while they're hot! Best feature of all, we offer FREE International Long Distance Calling!\r\n  \r\nTry the TalkWithLead Live Demo now to see exactly how it works.  Visit: http://www.talkwithcustomer.com\r\n\r\nWhen targeting leads, speed is essential - there is a 100x decrease in Leads when a Lead is contacted within 30 minutes vs being contacted within 5 minutes.\r\n\r\nIf you would like to talk to me about this service, please give me a call.  We do offer a 14 days free trial.  \r\n\r\nThanks and Best Regards,\r\nRandy\r\n\r\nIf you'd like to unsubscribe click here. http://liveserveronline.com/talkwithcustomer.aspx?d=investinvinnytsia.com	Hi,\r\n\r\nMy name is Randy and I was looking at a few different sites online and came across your site investinvinnytsia.com.  I must say - your website is very impressive.  I found your website on the first page of the Search Engine.\r\n\r\nHave you noticed that 70 percent of visitors who leave your website will never return?  In most cases, this means that 95 percent to 98 percent of your marketing efforts are going to waste, not to mention that you are losing more money in customer acquisition costs than you need to.\r\nAs a business person, the time and money you put into your marketing efforts is extremely valuable.  So why let it go to waste?  Our users have seen staggering improvements in conversions with insane growths of 150 percent going upwards of 785 percent. Are you ready to unlock the highest conversion revenue from each of your website visitors?  \r\n\r\nTalkWithLead is a widget which captures a website visitors Name, Email address and Phone Number and then calls you immediately, so that you can talk to the Lead exactly when they are live on your website  while they're hot! Best feature of all, we offer FREE International Long Distance Calling!\r\n  \r\nTry the TalkWithLead Live Demo now to see exactly how it works.  Visit: http://www.talkwithcustomer.com\r\n\r\nWhen targeting leads, speed is essential - there is a 100x decrease in Leads when a Lead is contacted within 30 minutes vs being contacted within 5 minutes.\r\n\r\nIf you would like to talk to me about this service, please give me a call.  We do offer a 14 days free trial.  \r\n\r\nThanks and Best Regards,\r\nRandy\r\n\r\nIf you'd like to unsubscribe click here. http://liveserveronline.com/talkwithcustomer.aspx?d=investinvinnytsia.com	Hi,\r\n\r\nMy name is Randy and I was looking at a few different sites online and came across your site investinvinnytsia.com.  I must say - your website is very impressive.  I found your website on the first page of the Search Engine.\r\n\r\nHave you noticed that 70 percent of visitors who leave your website will never return?  In most cases, this means that 95 percent to 98 percent of your marketing efforts are going to waste, not to mention that you are losing more money in customer acquisition costs than you need to.\r\nAs a business person, the time and money you put into your marketing efforts is extremely valuable.  So why let it go to waste?  Our users have seen staggering improvements in conversions with insane growths of 150 percent going upwards of 785 percent. Are you ready to unlock the highest conversion revenue from each of your website visitors?  \r\n\r\nTalkWithLead is a widget which captures a website visitors Name, Email address and Phone Number and then calls you immediately, so that you can talk to the Lead exactly when they are live on your website  while they're hot! Best feature of all, we offer FREE International Long Distance Calling!\r\n  \r\nTry the TalkWithLead Live Demo now to see exactly how it works.  Visit: http://www.talkwithcustomer.com\r\n\r\nWhen targeting leads, speed is essential - there is a 100x decrease in Leads when a Lead is contacted within 30 minutes vs being contacted within 5 minutes.\r\n\r\nIf you would like to talk to me about this service, please give me a call.  We do offer a 14 days free trial.  \r\n\r\nThanks and Best Regards,\r\nRandy\r\n\r\nIf you'd like to unsubscribe click here. http://liveserveronline.com/talkwithcustomer.aspx?d=investinvinnytsia.com	Hi,\r\n\r\nMy name is Randy and I was looking at a few different sites online and came across your site investinvinnytsia.com.  I must say - your website is very impressive.  I found your website on the first page of the Search Engine.\r\n\r\nHave you noticed that 70 percent of visitors who leave your website will never return?  In most cases, this means that 95 percent to 98 percent of your marketing efforts are going to waste, not to mention that you are losing more money in customer acquisition costs than you need to.\r\nAs a business person, the time and money you put into your marketing efforts is extremely valuable.  So why let it go to waste?  Our users have seen staggering improvements in conversions with insane growths of 150 percent going upwards of 785 percent. Are you ready to unlock the highest conversion revenue from each of your website visitors?  \r\n\r\nTalkWithLead is a widget which captures a website visitors Name, Email address and Phone Number and then calls you immediately, so that you can talk to the Lead exactly when they are live on your website  while they're hot! Best feature of all, we offer FREE International Long Distance Calling!\r\n  \r\nTry the TalkWithLead Live Demo now to see exactly how it works.  Visit: http://www.talkwithcustomer.com\r\n\r\nWhen targeting leads, speed is essential - there is a 100x decrease in Leads when a Lead is contacted within 30 minutes vs being contacted within 5 minutes.\r\n\r\nIf you would like to talk to me about this service, please give me a call.  We do offer a 14 days free trial.  \r\n\r\nThanks and Best Regards,\r\nRandy\r\n\r\nIf you'd like to unsubscribe click here. http://liveserveronline.com/talkwithcustomer.aspx?d=investinvinnytsia.com	Randy			416-385-3200	randy@talkwithlead.com	2018-11-17 18:08:25.41708	2018-11-17 18:08:25.41708
11	Hi,\r\n  Based on your google rank Id say you are doing at least ok on your link building, but if your rank increased could you handle more visitors?  \r\n\r\nWe provide the Best Quality Contextual Link Building to Boost Your Sites Ranking in Search Engines.\r\n\r\nWe also offer a 7 day free trial with free links so you have nothing to lose:\r\n\r\nhttps://www.leadaccelerator.online/seo?=investinvinnytsia.com\r\n\r\nRegards,\r\nMegan\r\nLink Building Specialist\r\nSEO Vale\r\n\r\n\r\n\r\n\r\n\r\n\r\n\r\n\r\n\r\n500 Westover Dr #12733\r\nSanford, NC 27330\r\n\r\nIf you prefer not to receive commercial messages regarding links for your website, please opt out here: https://www.leadaccelerator.online/out.php/?site=investinvinnytsia.com\r\n				Hi,\r\n  Based on your google rank Id say you are doing at least ok on your link building, but if your rank increased could you handle more visitors?  \r\n\r\nWe provide the Best Quality Contextual Link Building to Boost Your Sites Ranking in Search Engines.\r\n\r\nWe also offer a 7 day free trial with free links so you have nothing to lose:\r\n\r\nhttps://www.leadaccelerator.online/seo?=investinvinnytsia.com\r\n\r\nRegards,\r\nMegan\r\nLink Building Specialist\r\nSEO Vale\r\n\r\n\r\n\r\n\r\n\r\n\r\n\r\n\r\n\r\n500 Westover Dr #12733\r\nSanford, NC 27330\r\n\r\nIf you prefer not to receive commercial messages regarding links for your website, please opt out here: https://www.leadaccelerator.online/out.php/?site=investinvinnytsia.com\r\n						Hi,\r\n  Based on your google rank Id say you are doing at least ok on your link building, but if your rank increased could you handle more visitors?  \r\n\r\nWe provide the Best Quality Contextual Link Building to Boost Your Sites Ranking in Search Engines.\r\n\r\nWe also offer a 7 day free trial with free links so you have nothing to lose:\r\n\r\nhttps://www.leadaccelerator.online/seo?=investinvinnytsia.com\r\n\r\nRegards,\r\nMegan\r\nLink Building Specialist\r\nSEO Vale\r\n\r\n\r\n\r\n\r\n\r\n\r\n\r\n\r\n\r\n500 Westover Dr #12733\r\nSanford, NC 27330\r\n\r\nIf you prefer not to receive commercial messages regarding links for your website, please opt out here: https://www.leadaccelerator.online/out.php/?site=investinvinnytsia.com\r\n	Hi,\r\n  Based on your google rank Id say you are doing at least ok on your link building, but if your rank increased could you handle more visitors?  \r\n\r\nWe provide the Best Quality Contextual Link Building to Boost Your Sites Ranking in Search Engines.\r\n\r\nWe also offer a 7 day free trial with free links so you have nothing to lose:\r\n\r\nhttps://www.leadaccelerator.online/seo?=investinvinnytsia.com\r\n\r\nRegards,\r\nMegan\r\nLink Building Specialist\r\nSEO Vale\r\n\r\n\r\n\r\n\r\n\r\n\r\n\r\n\r\n\r\n500 Westover Dr #12733\r\nSanford, NC 27330\r\n\r\nIf you prefer not to receive commercial messages regarding links for your website, please opt out here: https://www.leadaccelerator.online/out.php/?site=investinvinnytsia.com\r\n	Hi,\r\n  Based on your google rank Id say you are doing at least ok on your link building, but if your rank increased could you handle more visitors?  \r\n\r\nWe provide the Best Quality Contextual Link Building to Boost Your Sites Ranking in Search Engines.\r\n\r\nWe also offer a 7 day free trial with free links so you have nothing to lose:\r\n\r\nhttps://www.leadaccelerator.online/seo?=investinvinnytsia.com\r\n\r\nRegards,\r\nMegan\r\nLink Building Specialist\r\nSEO Vale\r\n\r\n\r\n\r\n\r\n\r\n\r\n\r\n\r\n\r\n500 Westover Dr #12733\r\nSanford, NC 27330\r\n\r\nIf you prefer not to receive commercial messages regarding links for your website, please opt out here: https://www.leadaccelerator.online/out.php/?site=investinvinnytsia.com\r\n		Hi,\r\n  Based on your google rank Id say you are doing at least ok on your link building, but if your rank increased could you handle more visitors?  \r\n\r\nWe provide the Best Quality Contextual Link Building to Boost Your Sites Ranking in Search Engines.\r\n\r\nWe also offer a 7 day free trial with free links so you have nothing to lose:\r\n\r\nhttps://www.leadaccelerator.online/seo?=investinvinnytsia.com\r\n\r\nRegards,\r\nMegan\r\nLink Building Specialist\r\nSEO Vale\r\n\r\n\r\n\r\n\r\n\r\n\r\n\r\n\r\n\r\n500 Westover Dr #12733\r\nSanford, NC 27330\r\n\r\nIf you prefer not to receive commercial messages regarding links for your website, please opt out here: https://www.leadaccelerator.online/out.php/?site=investinvinnytsia.com\r\n	Hi,\r\n  Based on your google rank Id say you are doing at least ok on your link building, but if your rank increased could you handle more visitors?  \r\n\r\nWe provide the Best Quality Contextual Link Building to Boost Your Sites Ranking in Search Engines.\r\n\r\nWe also offer a 7 day free trial with free links so you have nothing to lose:\r\n\r\nhttps://www.leadaccelerator.online/seo?=investinvinnytsia.com\r\n\r\nRegards,\r\nMegan\r\nLink Building Specialist\r\nSEO Vale\r\n\r\n\r\n\r\n\r\n\r\n\r\n\r\n\r\n\r\n500 Westover Dr #12733\r\nSanford, NC 27330\r\n\r\nIf you prefer not to receive commercial messages regarding links for your website, please opt out here: https://www.leadaccelerator.online/out.php/?site=investinvinnytsia.com\r\n	Hi,\r\n  Based on your google rank Id say you are doing at least ok on your link building, but if your rank increased could you handle more visitors?  \r\n\r\nWe provide the Best Quality Contextual Link Building to Boost Your Sites Ranking in Search Engines.\r\n\r\nWe also offer a 7 day free trial with free links so you have nothing to lose:\r\n\r\nhttps://www.leadaccelerator.online/seo?=investinvinnytsia.com\r\n\r\nRegards,\r\nMegan\r\nLink Building Specialist\r\nSEO Vale\r\n\r\n\r\n\r\n\r\n\r\n\r\n\r\n\r\n\r\n500 Westover Dr #12733\r\nSanford, NC 27330\r\n\r\nIf you prefer not to receive commercial messages regarding links for your website, please opt out here: https://www.leadaccelerator.online/out.php/?site=investinvinnytsia.com\r\n	Hi,\r\n  Based on your google rank Id say you are doing at least ok on your link building, but if your rank increased could you handle more visitors?  \r\n\r\nWe provide the Best Quality Contextual Link Building to Boost Your Sites Ranking in Search Engines.\r\n\r\nWe also offer a 7 day free trial with free links so you have nothing to lose:\r\n\r\nhttps://www.leadaccelerator.online/seo?=investinvinnytsia.com\r\n\r\nRegards,\r\nMegan\r\nLink Building Specialist\r\nSEO Vale\r\n\r\n\r\n\r\n\r\n\r\n\r\n\r\n\r\n\r\n500 Westover Dr #12733\r\nSanford, NC 27330\r\n\r\nIf you prefer not to receive commercial messages regarding links for your website, please opt out here: https://www.leadaccelerator.online/out.php/?site=investinvinnytsia.com\r\n	Hi,\r\n  Based on your google rank Id say you are doing at least ok on your link building, but if your rank increased could you handle more visitors?  \r\n\r\nWe provide the Best Quality Contextual Link Building to Boost Your Sites Ranking in Search Engines.\r\n\r\nWe also offer a 7 day free trial with free links so you have nothing to lose:\r\n\r\nhttps://www.leadaccelerator.online/seo?=investinvinnytsia.com\r\n\r\nRegards,\r\nMegan\r\nLink Building Specialist\r\nSEO Vale\r\n\r\n\r\n\r\n\r\n\r\n\r\n\r\n\r\n\r\n500 Westover Dr #12733\r\nSanford, NC 27330\r\n\r\nIf you prefer not to receive commercial messages regarding links for your website, please opt out here: https://www.leadaccelerator.online/out.php/?site=investinvinnytsia.com\r\n	Hi,\r\n  Based on your google rank Id say you are doing at least ok on your link building, but if your rank increased could you handle more visitors?  \r\n\r\nWe provide the Best Quality Contextual Link Building to Boost Your Sites Ranking in Search Engines.\r\n\r\nWe also offer a 7 day free trial with free links so you have nothing to lose:\r\n\r\nhttps://www.leadaccelerator.online/seo?=investinvinnytsia.com\r\n\r\nRegards,\r\nMegan\r\nLink Building Specialist\r\nSEO Vale\r\n\r\n\r\n\r\n\r\n\r\n\r\n\r\n\r\n\r\n500 Westover Dr #12733\r\nSanford, NC 27330\r\n\r\nIf you prefer not to receive commercial messages regarding links for your website, please opt out here: https://www.leadaccelerator.online/out.php/?site=investinvinnytsia.com\r\n	Megan Rodriguez			(805) 372-1751	meganmg96krodriguez@aol.com	2018-11-22 17:30:16.366782	2018-11-22 17:30:16.366782
12	Global Senario Amoxicillin Sodium Market  <a href=http://viaaorder.com>viagra prescription</a> Cialis Generico In Farmacia Generic Viagra 100mg Tablets  Viagra Professional Vs Regular Viagra Acheter Levitra En France  <a href=http://elc4sa.com>viagra prescription</a> Cialis Danger Can I Take My Pets Keflex  Cmax Of Amoxicillin Clavulanic Acid Acheter Baclofen Cher Where To Buy Propecia  <a href=http://leviprix.com>generic levitra for sale</a> Cialis Mit Rezept Cialis Beneficios Propecia Wikipedia  Comprar Levitra Generico En Andorra  <a href=http://viaabuy.com>viagra</a> Canadian Pharmacy In Largo Florida  				Global Senario Amoxicillin Sodium Market  <a href=http://viaaorder.com>viagra prescription</a> Cialis Generico In Farmacia Generic Viagra 100mg Tablets  Viagra Professional Vs Regular Viagra Acheter Levitra En France  <a href=http://elc4sa.com>viagra prescription</a> Cialis Danger Can I Take My Pets Keflex  Cmax Of Amoxicillin Clavulanic Acid Acheter Baclofen Cher Where To Buy Propecia  <a href=http://leviprix.com>generic levitra for sale</a> Cialis Mit Rezept Cialis Beneficios Propecia Wikipedia  Comprar Levitra Generico En Andorra  <a href=http://viaabuy.com>viagra</a> Canadian Pharmacy In Largo Florida  						Global Senario Amoxicillin Sodium Market  <a href=http://viaaorder.com>viagra prescription</a> Cialis Generico In Farmacia Generic Viagra 100mg Tablets  Viagra Professional Vs Regular Viagra Acheter Levitra En France  <a href=http://elc4sa.com>viagra prescription</a> Cialis Danger Can I Take My Pets Keflex  Cmax Of Amoxicillin Clavulanic Acid Acheter Baclofen Cher Where To Buy Propecia  <a href=http://leviprix.com>generic levitra for sale</a> Cialis Mit Rezept Cialis Beneficios Propecia Wikipedia  Comprar Levitra Generico En Andorra  <a href=http://viaabuy.com>viagra</a> Canadian Pharmacy In Largo Florida  	Global Senario Amoxicillin Sodium Market  <a href=http://viaaorder.com>viagra prescription</a> Cialis Generico In Farmacia Generic Viagra 100mg Tablets  Viagra Professional Vs Regular Viagra Acheter Levitra En France  <a href=http://elc4sa.com>viagra prescription</a> Cialis Danger Can I Take My Pets Keflex  Cmax Of Amoxicillin Clavulanic Acid Acheter Baclofen Cher Where To Buy Propecia  <a href=http://leviprix.com>generic levitra for sale</a> Cialis Mit Rezept Cialis Beneficios Propecia Wikipedia  Comprar Levitra Generico En Andorra  <a href=http://viaabuy.com>viagra</a> Canadian Pharmacy In Largo Florida  	Global Senario Amoxicillin Sodium Market  <a href=http://viaaorder.com>viagra prescription</a> Cialis Generico In Farmacia Generic Viagra 100mg Tablets  Viagra Professional Vs Regular Viagra Acheter Levitra En France  <a href=http://elc4sa.com>viagra prescription</a> Cialis Danger Can I Take My Pets Keflex  Cmax Of Amoxicillin Clavulanic Acid Acheter Baclofen Cher Where To Buy Propecia  <a href=http://leviprix.com>generic levitra for sale</a> Cialis Mit Rezept Cialis Beneficios Propecia Wikipedia  Comprar Levitra Generico En Andorra  <a href=http://viaabuy.com>viagra</a> Canadian Pharmacy In Largo Florida  		Global Senario Amoxicillin Sodium Market  <a href=http://viaaorder.com>viagra prescription</a> Cialis Generico In Farmacia Generic Viagra 100mg Tablets  Viagra Professional Vs Regular Viagra Acheter Levitra En France  <a href=http://elc4sa.com>viagra prescription</a> Cialis Danger Can I Take My Pets Keflex  Cmax Of Amoxicillin Clavulanic Acid Acheter Baclofen Cher Where To Buy Propecia  <a href=http://leviprix.com>generic levitra for sale</a> Cialis Mit Rezept Cialis Beneficios Propecia Wikipedia  Comprar Levitra Generico En Andorra  <a href=http://viaabuy.com>viagra</a> Canadian Pharmacy In Largo Florida  	Global Senario Amoxicillin Sodium Market  <a href=http://viaaorder.com>viagra prescription</a> Cialis Generico In Farmacia Generic Viagra 100mg Tablets  Viagra Professional Vs Regular Viagra Acheter Levitra En France  <a href=http://elc4sa.com>viagra prescription</a> Cialis Danger Can I Take My Pets Keflex  Cmax Of Amoxicillin Clavulanic Acid Acheter Baclofen Cher Where To Buy Propecia  <a href=http://leviprix.com>generic levitra for sale</a> Cialis Mit Rezept Cialis Beneficios Propecia Wikipedia  Comprar Levitra Generico En Andorra  <a href=http://viaabuy.com>viagra</a> Canadian Pharmacy In Largo Florida  	Global Senario Amoxicillin Sodium Market  <a href=http://viaaorder.com>viagra prescription</a> Cialis Generico In Farmacia Generic Viagra 100mg Tablets  Viagra Professional Vs Regular Viagra Acheter Levitra En France  <a href=http://elc4sa.com>viagra prescription</a> Cialis Danger Can I Take My Pets Keflex  Cmax Of Amoxicillin Clavulanic Acid Acheter Baclofen Cher Where To Buy Propecia  <a href=http://leviprix.com>generic levitra for sale</a> Cialis Mit Rezept Cialis Beneficios Propecia Wikipedia  Comprar Levitra Generico En Andorra  <a href=http://viaabuy.com>viagra</a> Canadian Pharmacy In Largo Florida  	Global Senario Amoxicillin Sodium Market  <a href=http://viaaorder.com>viagra prescription</a> Cialis Generico In Farmacia Generic Viagra 100mg Tablets  Viagra Professional Vs Regular Viagra Acheter Levitra En France  <a href=http://elc4sa.com>viagra prescription</a> Cialis Danger Can I Take My Pets Keflex  Cmax Of Amoxicillin Clavulanic Acid Acheter Baclofen Cher Where To Buy Propecia  <a href=http://leviprix.com>generic levitra for sale</a> Cialis Mit Rezept Cialis Beneficios Propecia Wikipedia  Comprar Levitra Generico En Andorra  <a href=http://viaabuy.com>viagra</a> Canadian Pharmacy In Largo Florida  	Global Senario Amoxicillin Sodium Market  <a href=http://viaaorder.com>viagra prescription</a> Cialis Generico In Farmacia Generic Viagra 100mg Tablets  Viagra Professional Vs Regular Viagra Acheter Levitra En France  <a href=http://elc4sa.com>viagra prescription</a> Cialis Danger Can I Take My Pets Keflex  Cmax Of Amoxicillin Clavulanic Acid Acheter Baclofen Cher Where To Buy Propecia  <a href=http://leviprix.com>generic levitra for sale</a> Cialis Mit Rezept Cialis Beneficios Propecia Wikipedia  Comprar Levitra Generico En Andorra  <a href=http://viaabuy.com>viagra</a> Canadian Pharmacy In Largo Florida  	Global Senario Amoxicillin Sodium Market  <a href=http://viaaorder.com>viagra prescription</a> Cialis Generico In Farmacia Generic Viagra 100mg Tablets  Viagra Professional Vs Regular Viagra Acheter Levitra En France  <a href=http://elc4sa.com>viagra prescription</a> Cialis Danger Can I Take My Pets Keflex  Cmax Of Amoxicillin Clavulanic Acid Acheter Baclofen Cher Where To Buy Propecia  <a href=http://leviprix.com>generic levitra for sale</a> Cialis Mit Rezept Cialis Beneficios Propecia Wikipedia  Comprar Levitra Generico En Andorra  <a href=http://viaabuy.com>viagra</a> Canadian Pharmacy In Largo Florida  	KelJany		Vila Franca de Xira	88749823289	kelNils@emaill.host	2019-02-09 23:16:19.548468	2019-02-09 23:16:19.548468
\.


--
-- Data for Name: subscribers; Type: TABLE DATA; Schema: public; Owner: invest
--

COPY public.subscribers (id, email, token, sent, created_at, updated_at, active) FROM stdin;
1	kobets472@gmail.com	4c16dcb3c6464fb12209	f	2018-10-02 15:44:48.962006	2018-10-02 15:44:48.962006	t
2	kobets475@gmail.com	ed5596b2c4054e822a9a	f	2018-10-04 14:51:39.258664	2018-10-04 14:51:39.258664	t
\.


--
-- Data for Name: tag_translations; Type: TABLE DATA; Schema: public; Owner: invest
--

COPY public.tag_translations (id, tag_id, locale, created_at, updated_at, title) FROM stdin;
1	1	uk	2018-08-20 07:51:07.10269	2018-08-20 07:51:07.10269	
2	1	en	2018-08-20 07:51:07.10714	2018-08-20 07:51:07.10714	investment
3	2	uk	2018-08-20 07:51:23.972825	2018-08-20 07:51:23.972825	
4	2	en	2018-08-20 07:51:23.976701	2018-08-20 07:51:23.976701	climate
5	3	uk	2018-08-20 07:51:48.972351	2018-08-20 07:51:48.972351	
6	3	en	2018-08-20 07:51:48.975643	2018-08-20 07:51:48.975643	development
7	4	uk	2018-08-31 16:43:51.417091	2018-08-31 16:43:51.417091	  
8	4	en	2018-08-31 16:43:51.420421	2018-08-31 16:43:51.420421	foreign direct investment
9	5	uk	2018-09-06 08:59:57.014458	2018-09-06 08:59:57.014458	
10	5	en	2018-09-06 08:59:57.015773	2018-09-06 08:59:57.015773	economy
11	6	uk	2018-09-06 09:00:42.601886	2018-09-06 09:00:42.601886	
12	6	en	2018-09-06 09:00:42.605625	2018-09-06 09:00:42.605625	business
13	7	uk	2018-09-06 09:05:56.5979	2018-09-06 09:05:56.5979	
14	7	en	2018-09-06 09:05:56.600098	2018-09-06 09:05:56.600098	Vinnytsia
\.


--
-- Data for Name: tags; Type: TABLE DATA; Schema: public; Owner: invest
--

COPY public.tags (id, title, alias, created_at, updated_at) FROM stdin;
1	\N	investytsii	2018-08-20 07:51:07.095346	2018-08-20 07:51:07.095346
2	\N	climate	2018-08-20 07:51:23.969153	2018-08-20 07:51:23.969153
3	\N	rozvytok	2018-08-20 07:51:48.968855	2018-08-20 07:51:48.968855
4	\N	priami-inozemni-investytsii	2018-08-31 16:43:51.415246	2018-08-31 16:43:51.415246
5	\N	ekonomika	2018-09-06 08:59:57.012904	2018-09-06 08:59:57.012904
6	\N	biznes	2018-09-06 09:00:42.598937	2018-09-06 09:00:42.598937
7	\N	vinnytsia	2018-09-06 09:05:56.595152	2018-09-06 09:05:56.595152
\.


--
-- Data for Name: team_translations; Type: TABLE DATA; Schema: public; Owner: invest
--

COPY public.team_translations (id, team_id, locale, created_at, updated_at, last_name, first_name, middle_name, "position") FROM stdin;
38	12	en	2018-09-05 14:57:17.316834	2018-10-29 13:07:28.032403	Serhii	Morhunov		Mayor of Vinnytsia
29	1	en	2018-09-03 13:22:54.751105	2018-10-29 13:08:20.981205	Skalskyy 	Vladyslav 		Deputy Mayor of Vinnytsia
30	2	en	2018-09-03 13:24:24.797162	2018-10-29 13:09:52.235215	Pogosian	Vitaliy		Head of the economy and investments department
18	1	uk	2018-09-03 08:56:18.196759	2018-09-03 15:28:57.73881				  
19	2	uk	2018-09-03 08:56:18.202616	2018-09-03 15:29:11.569642				    
37	12	uk	2018-09-05 14:57:17.315331	2018-09-05 15:19:26.4249				 
47	16	uk	2018-12-20 09:31:26.751787	2018-12-20 09:40:54.0453		 		    "   "
48	16	en	2018-12-20 09:31:26.75438	2018-12-20 09:40:54.047952	Krainiukova	Kseniia		Project manager 
35	5	en	2018-09-04 14:16:17.996522	2018-10-29 13:41:36.174975	Remeshevska 	Olha		Head of the office 
36	7	en	2018-09-04 14:18:45.450815	2018-10-29 13:44:51.876049	Olinishevska	Maryna		Chief Specialist
34	6	en	2018-09-04 14:16:02.780414	2018-10-29 13:45:18.177422	Shulzhenko	Daria		Deputy Head of the office
32	8	en	2018-09-03 13:27:56.506252	2018-10-29 13:45:50.575659	Goshovskyy	Vasyl		Director
33	10	en	2018-09-04 14:13:43.913504	2018-10-29 13:47:24.355499	Kazymova	Aliona		Head of Customer Relations Department
23	6	uk	2018-09-03 08:56:18.229127	2018-11-29 15:35:29.469477		'		    ,  ,    
22	5	uk	2018-09-03 08:56:18.221661	2018-11-29 15:36:01.668693				   ,  ,    
24	7	uk	2018-09-03 08:56:18.236648	2018-11-29 15:36:14.551229				     ,  ,    
25	8	uk	2018-09-03 08:56:18.247353	2018-11-29 15:37:08.35038				  "   "
27	10	uk	2018-09-03 08:56:18.261626	2018-11-29 15:37:19.9051				       "   "
\.


--
-- Data for Name: teams; Type: TABLE DATA; Schema: public; Owner: invest
--

COPY public.teams (id, phone, email, facebook, linkedin, department_id, image, created_at, updated_at, on_main, "trim") FROM stdin;
8	+38(067)107-49-30	VinnytsiaMCI@gmail.com	https://www.facebook.com/semvaseuro		4	e0950a75c5646864ff47f5fdcbb7af9e.jpeg	2018-09-03 08:56:18.245062	2018-12-10 13:18:06.807109	t	9
7	+38(043)259-53-17	olinishevskaMO@vmr.gov.ua	https://www.facebook.com/MOlinishevska	https://www.linkedin.com/in/marynaolinishevska/	3	aa16b187c0002d3fa2cdfd546daaceda.jpeg	2018-09-03 08:56:18.235045	2018-12-17 13:59:59.988099	f	8
16	+38(096)399-32-86	kray.me@ukr.net	https://www.facebook.com/akasana.bu		\N	f5879c4574d246a24e7cc0587e799889.jpeg	2018-12-20 09:31:26.748863	2018-12-20 10:19:15.041053	f	11
12	+38(043)259-50-00	morgunov@vmr.gov.ua	https://www.facebook.com/SAMorgunov/?fb_dtsg_ag=Ady9EjZYoJRYxv2YkeJ2wW83W7Mx6XuizgOSSM4eZ_3bFw%3AAdySZm9aKUG4lhA2PCXit7j-aABXYiGKLBA8pFbCqVrCjg		\N	5ffa43a673ff0170ebacf406c592f149.jpeg	2018-09-05 14:57:17.313571	2018-12-06 11:57:15.115914	t	1
1	+38(043)259-50-02	skalskyyv@vmr.gov.ua	https://www.facebook.com/skalskyy	https://www.linkedin.com/in/vladyslav-skalskyy-78972514/	\N	1ab049b5b0584e9e34887f77e433bbc8.jpeg	2018-09-03 08:56:18.194986	2018-12-06 11:57:45.025442	t	2
2	+38(043)259-50-46	pogosian@vmr.gov.ua	https://www.facebook.com/vitaliy.pogosian/	https://www.linkedin.com/in/vitaliipogosian/	\N	959b5b40079980c92b380c2b81926467.jpeg	2018-09-03 08:56:18.201415	2018-12-06 11:58:06.093432	t	3
10	+38(043)232-88-00	alyona.kazimova@gmail.com	https://www.facebook.com/alyonchyk   	https://www.linkedin.com/in/alyona-kazymova-733b38141/	4	6ef13dbed480aa97c41d8b0408541ae4.jpeg	2018-09-03 08:56:18.260491	2019-03-14 15:02:14.738993	f	10
5	+38(043)259-53-17	remeshevskaOI@vmr.gov.ua	https://www.facebook.com/olga.remeshevska		2	32cf8721067b3f96be12fa625381ed8f.jpeg	2018-09-03 08:56:18.220446	2018-12-06 11:59:19.078233	f	6
6	+38(043)259-53-17	shulzhenkoDU@vmr.gov.ua	https://www.facebook.com/darya.shulzhenko	https://www.linkedin.com/in/darya-shulzhenko-2721a7118/	2	799ceabc00db4826d9a874a5ec997041.jpeg	2018-09-03 08:56:18.227227	2018-12-06 11:59:35.482724	f	7
\.


--
-- Data for Name: transport_translations; Type: TABLE DATA; Schema: public; Owner: invest
--

COPY public.transport_translations (id, transport_id, locale, created_at, updated_at, name, route) FROM stdin;
31	16	uk	2018-11-30 13:11:06.672361	2018-11-30 13:11:06.672361	 - ,  - 	1, 3
13	7	uk	2018-11-29 13:06:28.417608	2018-11-29 13:06:28.417608	 - ,  - . ,  -  ,  -  ,  - . ,  -  	3, 4, 5, 8, 10, 15
14	7	en	2018-11-29 13:06:28.422558	2018-11-29 13:06:28.422558	V.P.Z. - Vyshen'ka, Vyshen'ka - Lugova, Vyshen'ka - Zaliznychnyi Vokzal, Vyshen'ka - Memorial Vyzvolennya, Vyshen'ka - Chekhova, Vyshen'ka - Munitsipalnyi Rynok	3, 4, 5, 8, 10, 15
15	8	uk	2018-11-29 13:23:33.354364	2018-11-29 13:23:33.354364	  - . ,   -  ,   -  	12, 13, 14
16	8	en	2018-11-29 13:23:33.356143	2018-11-29 13:23:33.356143	Agrarnyi universytet - Chechova, Agrarnyi universytet - Memorial Vyzvolennya, Agrarnyi universytet - Zaliznychnyi Vokzal	12, 13, 14
19	10	uk	2018-11-29 13:43:16.513161	2018-11-29 13:43:16.513161	 - ,  - . ,  -  ,  -  ,   - .  ,  - . ,   - .  ,   - . ,   -  ,   -  ,  -  	3, 4, 5, 8, 9, 10, 11, 12, 13, 14, 15
20	10	en	2018-11-29 13:43:16.514823	2018-11-29 13:43:16.514823	V.P.Z. - Vyshen'ka, Vyshen'ka - Lugova, Vyshen'ka - Zaliznychnyi Vokzal, Vyshen'ka - Memorial Vyzvolennya, Memorial Vyzvolennya - Kniaziv Koriatovychiv, Vyshen'ka - Chekhova, Zaliznychnyi vokzal - Kniaziv Koriatovychiv, Agrarnyi universytet - Chechova, Agrarnyi universytet - Memorial Vyzvolennya, Agrarnyi universytet - Zaliznychnyi Vokzal, Vyshen'ka - Munitsipalnyi RynokAgrarnyi universytet - Chechova, Agrarnyi universytet - Memorial Vyzvolennya	3, 4, 5, 8, 9, 10, 11, 12, 13, 14, 15
17	9	uk	2018-11-29 13:30:36.473696	2018-11-29 13:45:11.232696	  - .  ,   - .  	9, 11
18	9	en	2018-11-29 13:30:36.475535	2018-11-29 13:45:11.234175	Memorial Vyzvolennya - Kniaziv Koriatovychiv, Zaliznychnyi vokzal - Kniaziv Koriatovychiv	9, 11
21	11	uk	2018-11-29 14:53:30.909657	2018-11-29 14:53:30.909657	 - ,  -  ,   -  ,   -  ,  -  	3, 8, 9, 13, 15
22	11	en	2018-11-29 14:53:30.911857	2018-11-29 14:53:30.911857	V.P.Z. - Vyshen'ka, Vyshen'ka - Memorial Vyzvolennya, Memorial Vyzvolennya - Kniaziv Koriatovychiv, Agrarnyi universytet - Memorial Vyzvolennya, Vyshen'ka - Munitsipalnyi Rynok	3, 8, 9, 13, 15
23	12	uk	2018-11-29 15:00:41.790059	2018-11-29 15:00:41.790059	 - ,  -  ,  - . ,   -  ,   - . ,   -  	4, 5, 10, 11, 12, 14
24	12	en	2018-11-29 15:00:41.791398	2018-11-29 15:00:41.791398	Vyshen'ka - Lugova, Vyshen'ka - Zaliznychnyi Vokzal, Vyshen'ka - Chekhova, Zaliznychnyi vokzal - Kniaziv Koriatovychiv, Agrarnyi universytet - Chechova, Agrarnyi universytet - Zaliznychnyi Vokzal	4, 5, 10, 11, 12, 14
25	13	uk	2018-11-29 15:05:47.509599	2018-11-29 15:05:47.509599	 - ,   - ,   -  	1, 2, 6
26	13	en	2018-11-29 15:05:47.511052	2018-11-29 15:05:47.511052	V.P.Z.  Lugova, Memorial Vyzvolennya - Chekhova, Memorial Vyzvolennya - Zaliznychnyi Vokzal	1, 2, 6
27	14	uk	2018-11-29 15:45:36.325448	2018-11-29 15:45:36.325448	 -  ,   -  ,   -  ,   -  	5, 6, 11, 14
28	14	en	2018-11-29 15:45:36.328039	2018-11-29 15:45:36.328039	Vyshen'ka - Zaliznychnyi Vokzal, Memorial Vyzvolennya - Zaliznychnyi Vokzal, Zaliznychnyi vokzal - Kniaziv Koriatovychiv, Agrarnyi universytet - Zaliznychnyi Vokzal	5, 6, 11, 14
29	15	uk	2018-11-29 15:53:08.343157	2018-11-29 15:53:08.343157	 - ,   - . ,  - ,   -  ,  -  ,   - .  ,   -  	1, 2, 3, 6, 8, 9, 13
30	15	en	2018-11-29 15:53:08.344924	2018-11-29 15:53:08.344924	V.P.Z.  Lugova, Memorial Vyzvolennya - Chekhova, V.P.Z. - Vyshen'ka, Memorial Vyzvolennya - Zaliznychnyi Vokzal, Vyshen'ka - Memorial Vyzvolennya, Memorial Vyzvolennya - Kniaziv Koriatovychiv, Agrarnyi universytet - Memorial Vyzvolennya	1, 2, 3, 6, 8, 9, 13
32	16	en	2018-11-30 13:11:06.674267	2018-11-30 13:11:06.674267	V.P.Z.  Lugova, V.P.Z. - Vyshen'ka	1, 3
33	17	uk	2018-11-30 13:31:50.629388	2018-11-30 13:31:50.629388	 -  	15
34	17	en	2018-11-30 13:31:50.63089	2018-11-30 13:31:50.63089	Vyshen'ka - Munitsipalnyi Rynok	15
35	18	uk	2018-11-30 13:47:58.000972	2018-11-30 13:47:58.000972	 - ,   - ,  - ,   - ,  - ,   - 	1, 2, 4, 7, 10, 12
36	18	en	2018-11-30 13:47:58.00281	2018-11-30 13:47:58.00281	V.P.Z.  Lugova, Memorial Vyzvolennya - Chekhova, Vyshen'ka - Lugova, Zaliznychnyi Vokzal - Lugova, Vyshen'ka - Chekhova, Agrarnyi universytet - Chechova	1, 2, 4, 7, 10, 12
37	19	uk	2018-11-30 13:50:39.905698	2018-11-30 13:50:39.905698	  - ,  - ,   - 	2, 10, 12
38	19	en	2018-11-30 13:50:39.907073	2018-11-30 13:50:39.907073	Memorial Vyzvolennya - Chekhova, Vyshen'ka - Chekhova, Agrarnyi universytet - Chechova	2, 10, 12
39	20	uk	2018-11-30 15:00:11.602054	2018-11-30 15:00:11.602054	 - ,  - ,   - 	1, 4, 7
40	20	en	2018-11-30 15:00:11.604225	2018-11-30 15:00:11.604225	V.P.Z.  Lugova, Vyshen'ka - Lugova, Zaliznychnyi Vokzal - Lugova	1, 4, 7
41	21	uk	2018-12-13 08:22:53.467743	2018-12-13 08:22:53.467743	  - ,  -  	1, 5
42	21	en	2018-12-13 08:22:53.469134	2018-12-13 08:22:53.469134	Zaliznychnyi vokzal - Elektromerezha, Elektromerezha - Bars'ke shose	1, 5
43	22	uk	2018-12-13 08:46:46.517968	2018-12-13 08:46:46.517968	 -   (),  -  	2, 6
44	22	en	2018-12-13 08:46:46.519484	2018-12-13 08:46:46.519484	Vyshen'ka - Bars'ke shose, Vyshen'ka - Zaliznychnyi vokzal	2, 6
45	23	uk	2018-12-13 09:16:16.322172	2018-12-13 09:16:16.322172	  - ,  -   (),  -  ,   - 	1, 2, 5, 6
46	23	en	2018-12-13 09:16:16.323839	2018-12-13 09:16:16.323839	Zaliznychnyi vokzal - Elektromerezha, Vyshen'ka - Bars'ke shose (cirkular), Elektromerezha - Bars'ke shose, Zaliznychnyi vokzal - Vyshen'ka	1, 2, 5, 6
47	24	uk	2018-12-13 09:25:19.245509	2018-12-13 09:25:19.245509	 -   (),   -  ,  -  	2, 4, 5
48	24	en	2018-12-13 09:25:19.253579	2018-12-13 09:25:19.253579	Vyshen'ka (circular) - Bars'ke shose, Zaliznychnyi vokzal - Bars'ke shose, Electromerezha - Bars'ke shose	2, 4, 5
49	25	uk	2018-12-13 09:38:11.807443	2018-12-13 09:38:11.807443	  - ,   -  ,   - 	1, 4, 6
50	25	en	2018-12-13 09:38:11.809269	2018-12-13 09:38:11.809269	Zaliznychnyi vokzal - Elektromerezha, Zaliznychnyi vokzal - Bars'ke shose, Zaliznychnyi vokzal - Vyshen'ka	1, 4, 6
51	26	uk	2018-12-14 08:59:37.545875	2018-12-14 08:59:37.545875	 - 100-  	21
52	26	en	2018-12-14 08:59:37.548058	2018-12-14 08:59:37.548058	Peduchylysche - 100 Vinnytskogo tramvayu	21
53	27	uk	2018-12-14 10:56:39.442647	2018-12-14 11:01:00.707806	 -  ,  () - ,  -  	19, 24, 25
54	27	en	2018-12-14 10:56:39.444674	2018-12-14 11:01:00.709612	Vyshen'ka - Vinnyts'ki hutory, Buchmy (lis) - Vyshen'ka, Vyshen'ka - Zaliznychnyi vokzal	19, 24, 25
55	28	uk	2018-12-14 11:06:39.292958	2018-12-14 11:06:39.292958	 - ,  -  ,  - 100-  ,  () - ,  -  	7, 19, 21, 24, 25
56	28	en	2018-12-14 11:06:39.294497	2018-12-14 11:06:39.294497	Prymakova - Pyrogova, Vyshen'ka - Vinnyts'ki hutory, Peduchylyshce - 100 Vinnytskogo tramvayu, Buchmy (lis) - Vyshen'ka, Vyshen'ka - Zaliznychnyi vokzal	7, 19, 21, 24, 25
57	29	uk	2018-12-17 12:35:43.003483	2018-12-17 12:35:43.003483	 -  ,  - 100-  ,  () - ,  -  	19, 21, 24, 25
58	29	en	2018-12-17 12:35:43.006026	2018-12-17 12:35:43.006026	Vyshen'ka - Nemyrivs'ke shose, Peduchylyshche- 100 Vinnytskogo tramvayu, Buchmy (lis) - Vyshen'ka, Vyshen'ka - Zaliznychnyi vokzal	19, 21, 24, 25
59	30	uk	2018-12-17 12:44:14.325646	2018-12-17 12:44:14.325646	 - 	7
60	30	en	2018-12-17 12:44:14.327462	2018-12-17 12:44:14.327462	Prymakova - Pyrogova	7
61	31	uk	2018-12-17 12:46:09.588199	2018-12-17 12:46:09.588199	 - 	7
62	31	en	2018-12-17 12:46:09.590974	2018-12-17 12:46:09.590974	Prymakova - Pyrogova	7
63	32	uk	2018-12-17 15:51:48.423072	2018-12-17 15:51:48.423072	' - . ,  - o	5, 7
64	32	en	2018-12-17 15:51:48.425155	2018-12-17 15:51:48.425155	Pyatnychany - Komarova, Prymakova - Pyrogovo	5, 7
65	33	uk	2018-12-18 08:19:47.017208	2018-12-18 08:19:47.017208	' - . 	5
66	33	en	2018-12-18 08:19:47.020024	2018-12-18 08:19:47.020024	Pyatnychany - Komarova	5
67	34	uk	2018-12-18 08:43:53.286944	2018-12-18 08:43:53.286944	.  - 	11
68	34	en	2018-12-18 08:43:53.288918	2018-12-18 08:43:53.288918	Botanichna - Sabariv	11
69	35	uk	2018-12-18 10:41:30.281965	2018-12-18 10:41:30.281965	' - . ,  - o, .  - 	5, 7, 11
70	35	en	2018-12-18 10:41:30.28473	2018-12-18 10:41:30.28473	Pyatnychany - Komarova, Prymakova - Pyrogovo, Botanichna - Sabariv	5, 7, 11
71	36	uk	2018-12-21 08:37:13.538351	2018-12-21 08:37:13.538351	.  - , .  - ,  -  ,  - 100-  ,  () - ,  -  	5, 7, 11, 19, 21, 24, 25
72	36	en	2018-12-21 08:37:13.540946	2018-12-21 08:37:13.540946	Pyatnychany  Komarova, Prymakova - Pyrogova,  Botanichna - Sabariv, Peduchylyshce - 100 Vinnytskogo tramvayu,  Buchmy (lis) - Vyshen'ka, Vyshen'ka - Zaliznychnyi vokzal	5, 7, 11, 19, 21, 24, 25
73	37	uk	2018-12-21 08:42:29.6638	2018-12-21 08:42:29.6638	 - ,  .  - 	5, 11
74	37	en	2018-12-21 08:42:29.665286	2018-12-21 08:42:29.665286	Pyatnychany  Komarova, Botanichna - Sabariv	5, 11
75	38	uk	2018-12-21 08:47:13.286541	2018-12-21 08:47:13.286541	.  - 	11
76	38	en	2018-12-21 08:47:13.288498	2018-12-21 08:47:13.288498	Botanichna - Sabariv	11
77	39	uk	2018-12-21 08:58:57.353636	2018-12-21 08:58:57.353636	 - 	5
78	39	en	2018-12-21 08:58:57.356376	2018-12-21 08:58:57.356376	Pyatnychany  Komarova	5
79	40	uk	2018-12-21 09:11:08.889395	2018-12-21 09:11:08.889395	.  - ,  -  ,   - 100-  ,   () - ,   -  	7, 19, 21, 24, 25
80	40	en	2018-12-21 09:11:08.891154	2018-12-21 09:11:08.891154	Prymakova - Pyrogova,  Vyshenka  Nemyrivske shose, Peduchylyshce - 100 Vinnytskogo tramvayu,  Buchmy (lis) - Vyshen'ka, Vyshen'ka - Zaliznychnyi vokzal	7, 19, 21, 24, 25
\.


--
-- Data for Name: transport_type_translations; Type: TABLE DATA; Schema: public; Owner: invest
--

COPY public.transport_type_translations (id, transport_type_id, locale, created_at, updated_at, name) FROM stdin;
1	1	uk	2018-11-16 12:19:43.188096	2018-11-16 12:19:43.188096	
2	1	en	2018-11-16 12:19:43.190068	2018-11-16 12:19:43.190068	Tramway
3	2	uk	2018-11-16 12:19:43.195042	2018-11-16 12:19:43.195042	
4	2	en	2018-11-16 12:19:43.196452	2018-11-16 12:19:43.196452	Trolleybus
5	3	uk	2018-11-16 12:19:43.20033	2018-11-16 12:19:43.20033	
6	3	en	2018-11-16 12:19:43.201541	2018-11-16 12:19:43.201541	Bus
7	4	uk	2018-11-16 12:19:43.205141	2018-11-16 12:19:43.205141	 
8	4	en	2018-11-16 12:19:43.206394	2018-11-16 12:19:43.206394	Taxi
\.


--
-- Data for Name: transport_types; Type: TABLE DATA; Schema: public; Owner: invest
--

COPY public.transport_types (id, created_at, updated_at) FROM stdin;
1	2018-11-16 12:19:43.186319	2018-11-16 12:19:43.186319
2	2018-11-16 12:19:43.193574	2018-11-16 12:19:43.193574
3	2018-11-16 12:19:43.199067	2018-11-16 12:19:43.199067
4	2018-11-16 12:19:43.203937	2018-11-16 12:19:43.203937
\.


--
-- Data for Name: transports; Type: TABLE DATA; Schema: public; Owner: invest
--

COPY public.transports (id, transport_type_id, gis_type_name, user_id, state, map_layer_id, created_at, updated_at) FROM stdin;
7	2	LineString	2	1	5	2018-11-29 13:06:28.409913	2018-11-29 13:06:28.431732
8	2	LineString	2	1	5	2018-11-29 13:23:33.350769	2018-11-29 13:23:33.363401
10	2	LineString	2	1	5	2018-11-29 13:43:16.509597	2018-11-29 13:43:16.523932
9	2	LineString	2	1	5	2018-11-29 13:30:36.469794	2018-11-29 13:45:11.230903
11	1	LineString	2	1	5	2018-11-29 14:53:30.905726	2018-11-29 14:53:30.917888
12	1	LineString	2	1	5	2018-11-29 15:00:41.787187	2018-11-29 15:00:41.795419
13	2	LineString	2	1	5	2018-11-29 15:05:47.506659	2018-11-29 15:05:47.515903
14	2	LineString	2	1	5	2018-11-29 15:45:36.320202	2018-11-29 15:45:36.336108
15	2	LineString	2	1	5	2018-11-29 15:53:08.339494	2018-11-29 15:53:08.350396
16	2	LineString	2	1	5	2018-11-30 13:11:06.666102	2018-11-30 13:11:06.680971
17	2	LineString	2	1	5	2018-11-30 13:31:50.625565	2018-11-30 13:31:50.635459
18	2	LineString	2	1	5	2018-11-30 13:47:57.996816	2018-11-30 13:47:58.007351
19	2	LineString	2	0	5	2018-11-30 13:50:39.902877	2018-11-30 13:50:39.902877
20	2	LineString	2	1	5	2018-11-30 15:00:11.597404	2018-11-30 15:00:11.623215
21	1	LineString	2	1	5	2018-12-13 08:22:53.464655	2018-12-13 08:22:53.474206
22	1	LineString	2	1	5	2018-12-13 08:46:46.51508	2018-12-13 08:46:46.52318
23	1	LineString	2	1	5	2018-12-13 09:16:16.315427	2018-12-13 09:16:16.329528
24	1	LineString	2	1	5	2018-12-13 09:25:19.242066	2018-12-13 09:25:19.259001
25	1	LineString	2	1	5	2018-12-13 09:38:11.803191	2018-12-13 09:38:11.814217
26	3	LineString	2	1	5	2018-12-14 08:59:37.541186	2018-12-14 08:59:37.554075
27	3	LineString	2	1	5	2018-12-14 10:56:39.43861	2018-12-14 11:01:00.705599
28	3	LineString	2	1	5	2018-12-14 11:06:39.289759	2018-12-14 11:06:52.440024
29	3	LineString	2	1	5	2018-12-17 12:35:42.998818	2018-12-17 12:35:43.012984
30	3	LineString	2	1	5	2018-12-17 12:44:14.321667	2018-12-17 12:44:14.332767
31	3	LineString	2	1	5	2018-12-17 12:46:09.582752	2018-12-17 12:48:02.743736
32	3	LineString	2	1	5	2018-12-17 15:51:48.418525	2018-12-17 15:51:48.430476
33	3	LineString	2	1	5	2018-12-18 08:19:47.011793	2018-12-18 08:19:47.043706
34	3	LineString	2	1	5	2018-12-18 08:43:53.282816	2018-12-18 08:43:53.294642
35	3	LineString	2	1	5	2018-12-18 10:41:30.276273	2018-12-18 10:41:30.291622
36	3	LineString	2	1	5	2018-12-21 08:37:13.532697	2018-12-21 08:37:13.547368
37	3	LineString	2	1	5	2018-12-21 08:42:29.659937	2018-12-21 08:42:29.670347
38	3	LineString	2	1	5	2018-12-21 08:47:13.282424	2018-12-21 08:47:13.292848
39	3	LineString	2	1	5	2018-12-21 08:58:57.347194	2018-12-21 08:58:57.362264
40	3	LineString	2	1	5	2018-12-21 09:11:08.885325	2018-12-21 09:11:08.895556
\.


--
-- Data for Name: trip_translations; Type: TABLE DATA; Schema: public; Owner: invest
--

COPY public.trip_translations (id, trip_id, locale, created_at, updated_at, title, link) FROM stdin;
1	1	uk	2018-12-05 11:13:30.433821	2018-12-05 11:23:14.147419	   -  ( )	http://tour.vn.ua/
2	1	en	2018-12-05 11:13:30.435334	2018-12-05 11:23:14.149331	"Excursion park minimyat" Min-Vinnitsa " (Central Park)	http://tour.vn.ua/
7	4	uk	2018-12-05 16:01:57.764165	2018-12-05 16:01:57.764165	 -  .      1917-1921 ..	http://tour.vn.ua/
8	4	en	2018-12-05 16:01:57.765922	2018-12-05 16:01:57.765922	Vinnytsya is the capital of the UPR. The route is dedicated to the era of the Ukrainian Revolution of 1917-1921.	http://tour.vn.ua/
10	5	en	2018-12-05 16:04:18.682796	2018-12-05 16:04:18.682796	Walking on "Tourist steam engine" in the center of Vinnytsia.	http://tour.vn.ua/
11	6	uk	2018-12-05 16:08:34.269853	2018-12-05 16:08:34.269853	  -            ,   .	http://tour.vn.ua/
12	6	en	2018-12-05 16:08:34.271072	2018-12-05 16:08:34.271072	Vinnitsa Jerusalem - this walk will allow you to feel the heartbeat of the Vinnytsia shtetl in luxurious mansions and synagogues, streets and squares.	http://tour.vn.ua/
3	2	uk	2018-12-05 11:26:56.1361	2018-12-05 16:10:15.724789	        -      	http://tour.vn.ua/
4	2	en	2018-12-05 11:26:56.13759	2018-12-05 16:10:15.726788	A boat ride along the Southern Bug River to the Sabarov is a unique opportunity to enjoy the picturesque nature of Podillya.	http://tour.vn.ua/
5	3	uk	2018-12-05 15:54:33.732014	2018-12-05 16:11:15.734157	    -     	http://tour.vn.ua/
6	3	en	2018-12-05 15:54:33.735228	2018-12-05 16:11:15.737817	A walk to the historic center of Vinnytsia is the best way to get to know the city	http://tour.vn.ua/
14	7	en	2018-12-05 19:46:54.971847	2018-12-05 19:46:54.971847	Walk to the historic center of Vinnitsa on the sightseeing tram	https//tour.vn.ua
9	5	uk	2018-12-05 16:04:18.677961	2018-12-07 09:10:01.438158	  " "  	http://tour.vn.ua/
13	7	uk	2018-12-05 19:46:54.970017	2018-12-10 09:19:40.723998	      	http://tour.vn.ua/
\.


--
-- Data for Name: trips; Type: TABLE DATA; Schema: public; Owner: invest
--

COPY public.trips (id, img, "position") FROM stdin;
5	e6c0ebf9b12bc71316aeace6fa183587.jpeg	0
2	716c2c5d109106db7d89d7da9f1a1a51.jpeg	3
6	\N	5
7	2319e031396246601e5d21128b1717ea.jpeg	6
4	e9feb751ca879b9a2bd9960683876caa.jpeg	10
3	f537dd4609281e06b92588b4e280389f.jpeg	1
1	cb6b41a5fa7dd4f275f78faa051f5504.jpeg	2
\.


--
-- Data for Name: user_land_areas; Type: TABLE DATA; Schema: public; Owner: invest
--

COPY public.user_land_areas (id, area_name, area_type, total_area, underground_engin, overhead_engin, cadastral_number, rent, sale, state_road_distance, railway_distance, airport_distance, name, phone, email, transfer_type, classification, configuration, building_owner, owner, gas, electricity, water_supply, drainager, ethernet, created_at, updated_at) FROM stdin;
1																									2019-02-11 14:00:06.190653	2019-02-11 14:00:06.190653
2																									2019-02-11 14:00:15.134887	2019-02-11 14:00:15.134887
\.


--
-- Data for Name: users; Type: TABLE DATA; Schema: public; Owner: invest
--

COPY public.users (id, email, encrypted_password, reset_password_token, reset_password_sent_at, remember_created_at, sign_in_count, current_sign_in_at, last_sign_in_at, current_sign_in_ip, last_sign_in_ip, created_at, updated_at, roles_mask, last_name, first_name, middle_name, birth_date, phone, "position", gender, image, blocked, acquainted) FROM stdin;
2	moderator@g.com	$2a$11$ickfABqN7B5I1tIt5u3XZ.Cfa0VES1cdIH54XqFxrtDiKeJM52oni	\N	\N	\N	143	2019-03-07 12:27:13.132713	2019-03-01 10:35:18.579846	93.183.204.29	93.183.204.29	2018-08-22 07:22:12.806043	2019-03-07 12:27:13.134156	4				\N			male	\N	f	t
4	vova.server2@gmail.com	$2a$11$KSSvOrs6Kb.jAOen3PHh4.udLZYFyl5k808s/xPhr.rowkLSnazHy	\N	\N	2019-03-15 09:55:06.025537	5	2019-03-19 08:20:19.443572	2019-03-15 09:55:06.035887	46.211.150.65	31.42.173.15	2019-02-13 10:28:44.230994	2019-03-19 08:20:19.444555	1			-	1983-12-27	+38(063)333-33-33		male	\N	f	t
3	anketa@g.com	$2a$11$2bO9O9EM/Nj2WhawsFLLXebe3ikiahIGM5bt8mSblXCztHFvcPZri	\N	\N	\N	61	2019-03-01 10:36:19.336137	2019-03-01 10:33:44.900291	93.183.204.29	93.183.204.29	2018-08-22 07:23:39.493434	2019-03-01 10:36:19.337169	8				\N			male	\N	f	t
1	kobets472@gmail.com	$2a$11$ftAl6SrluD0K7C/ZJZ74kOsWef5fkO.8gaVs3eKw5Hci5bop7PI1a	\N	\N	\N	231	2019-03-06 09:26:59.488199	2019-03-05 16:16:52.144781	93.183.204.29	93.183.204.29	2018-08-03 09:05:07.413967	2019-03-06 09:26:59.489124	1	Kobets	Iryna		1994-05-29	+38(973)007-79-5		female	\N	f	t
\.


--
-- Data for Name: video_positions; Type: TABLE DATA; Schema: public; Owner: invest
--

COPY public.video_positions (id, title, created_at, updated_at) FROM stdin;
1	 	2018-08-22 15:22:15.306441	2018-08-22 15:22:15.306441
\.


--
-- Data for Name: video_translations; Type: TABLE DATA; Schema: public; Owner: invest
--

COPY public.video_translations (id, video_id, locale, created_at, updated_at, short_title, title, description, link) FROM stdin;
5	3	uk	2019-01-04 09:15:37.467818	2019-01-04 10:45:08.962893	  ,   	  ,   	<div><span style="font-size:20px;"><span style="font-family:ProximaNova-Light;">  ,  ,    .&nbsp;&nbsp;&ndash;    , , ,   .</span></span></div>\r\n	https://youtu.be/8J_o9CcRoNw
6	3	en	2019-01-04 09:15:37.470881	2019-01-08 16:14:19.133377	Vinnytsia - the city we love!		<div><span style="font-family:ProximaNova-Light;"><span style="font-size:20px;">We do not choose where we born, but we choose where to live. Vinnytsia is a city where you can comfortably work, create, inspire, rest and develop.</span></span></div>\r\n	https://www.youtube.com/watch?v=S5U99iJhIyY
9	5	uk	2019-01-24 14:43:49.973705	2019-01-24 14:43:49.973705	  !	  !		https://www.youtube.com/watch?v=S5U99iJhIyY&t=24s
10	5	en	2019-01-24 14:43:49.97515	2019-01-24 14:43:49.97515				
\.


--
-- Data for Name: videos; Type: TABLE DATA; Schema: public; Owner: invest
--

COPY public.videos (id, video_position_id, created_at, updated_at) FROM stdin;
3	1	2019-01-04 09:15:37.465357	2019-01-08 16:14:19.128884
5	1	2019-01-24 14:43:49.971759	2019-01-24 14:43:49.971759
\.


--
-- Name: about_translations_id_seq; Type: SEQUENCE SET; Schema: public; Owner: invest
--

SELECT pg_catalog.setval('public.about_translations_id_seq', 20, true);


--
-- Name: abouts_id_seq; Type: SEQUENCE SET; Schema: public; Owner: invest
--

SELECT pg_catalog.setval('public.abouts_id_seq', 10, true);


--
-- Name: advantage_translations_id_seq; Type: SEQUENCE SET; Schema: public; Owner: invest
--

SELECT pg_catalog.setval('public.advantage_translations_id_seq', 14, true);


--
-- Name: advantages_id_seq; Type: SEQUENCE SET; Schema: public; Owner: invest
--

SELECT pg_catalog.setval('public.advantages_id_seq', 7, true);


--
-- Name: area_logs_id_seq; Type: SEQUENCE SET; Schema: public; Owner: invest
--

SELECT pg_catalog.setval('public.area_logs_id_seq', 204, true);


--
-- Name: article_translations_id_seq; Type: SEQUENCE SET; Schema: public; Owner: invest
--

SELECT pg_catalog.setval('public.article_translations_id_seq', 28, true);


--
-- Name: articles_id_seq; Type: SEQUENCE SET; Schema: public; Owner: invest
--

SELECT pg_catalog.setval('public.articles_id_seq', 14, true);


--
-- Name: balance_holder_translations_id_seq; Type: SEQUENCE SET; Schema: public; Owner: invest
--

SELECT pg_catalog.setval('public.balance_holder_translations_id_seq', 53, true);


--
-- Name: balance_holders_id_seq; Type: SEQUENCE SET; Schema: public; Owner: invest
--

SELECT pg_catalog.setval('public.balance_holders_id_seq', 53, true);


--
-- Name: balancer_relations_id_seq; Type: SEQUENCE SET; Schema: public; Owner: invest
--

SELECT pg_catalog.setval('public.balancer_relations_id_seq', 2916, true);


--
-- Name: balancers_id_seq; Type: SEQUENCE SET; Schema: public; Owner: invest
--

SELECT pg_catalog.setval('public.balancers_id_seq', 23, true);


--
-- Name: block_material_content_translations_id_seq; Type: SEQUENCE SET; Schema: public; Owner: invest
--

SELECT pg_catalog.setval('public.block_material_content_translations_id_seq', 1, false);


--
-- Name: block_material_contents_id_seq; Type: SEQUENCE SET; Schema: public; Owner: invest
--

SELECT pg_catalog.setval('public.block_material_contents_id_seq', 1, false);


--
-- Name: block_materials_id_seq; Type: SEQUENCE SET; Schema: public; Owner: invest
--

SELECT pg_catalog.setval('public.block_materials_id_seq', 1, false);


--
-- Name: ckeditor_assets_id_seq; Type: SEQUENCE SET; Schema: public; Owner: invest
--

SELECT pg_catalog.setval('public.ckeditor_assets_id_seq', 63, true);


--
-- Name: communal_area_translations_id_seq; Type: SEQUENCE SET; Schema: public; Owner: invest
--

SELECT pg_catalog.setval('public.communal_area_translations_id_seq', 2890, true);


--
-- Name: communal_areas_id_seq; Type: SEQUENCE SET; Schema: public; Owner: invest
--

SELECT pg_catalog.setval('public.communal_areas_id_seq', 2854, true);


--
-- Name: communal_branch_translations_id_seq; Type: SEQUENCE SET; Schema: public; Owner: invest
--

SELECT pg_catalog.setval('public.communal_branch_translations_id_seq', 17, true);


--
-- Name: communal_branches_id_seq; Type: SEQUENCE SET; Schema: public; Owner: invest
--

SELECT pg_catalog.setval('public.communal_branches_id_seq', 17, true);


--
-- Name: content_translations_id_seq; Type: SEQUENCE SET; Schema: public; Owner: invest
--

SELECT pg_catalog.setval('public.content_translations_id_seq', 24, true);


--
-- Name: contents_id_seq; Type: SEQUENCE SET; Schema: public; Owner: invest
--

SELECT pg_catalog.setval('public.contents_id_seq', 5, true);


--
-- Name: department_translations_id_seq; Type: SEQUENCE SET; Schema: public; Owner: invest
--

SELECT pg_catalog.setval('public.department_translations_id_seq', 8, true);


--
-- Name: departments_id_seq; Type: SEQUENCE SET; Schema: public; Owner: invest
--

SELECT pg_catalog.setval('public.departments_id_seq', 4, true);


--
-- Name: event_translations_id_seq; Type: SEQUENCE SET; Schema: public; Owner: invest
--

SELECT pg_catalog.setval('public.event_translations_id_seq', 26, true);


--
-- Name: events_id_seq; Type: SEQUENCE SET; Schema: public; Owner: invest
--

SELECT pg_catalog.setval('public.events_id_seq', 13, true);


--
-- Name: geo_json_id_seq; Type: SEQUENCE SET; Schema: public; Owner: invest
--

SELECT pg_catalog.setval('public.geo_json_id_seq', 1528, true);


--
-- Name: gis_types_id_seq; Type: SEQUENCE SET; Schema: public; Owner: invest
--

SELECT pg_catalog.setval('public.gis_types_id_seq', 6, true);


--
-- Name: infra_type_relations_id_seq; Type: SEQUENCE SET; Schema: public; Owner: invest
--

SELECT pg_catalog.setval('public.infra_type_relations_id_seq', 6, true);


--
-- Name: infrastructure_type_translations_id_seq; Type: SEQUENCE SET; Schema: public; Owner: invest
--

SELECT pg_catalog.setval('public.infrastructure_type_translations_id_seq', 8, true);


--
-- Name: infrastructure_types_id_seq; Type: SEQUENCE SET; Schema: public; Owner: invest
--

SELECT pg_catalog.setval('public.infrastructure_types_id_seq', 4, true);


--
-- Name: invest_project_translations_id_seq; Type: SEQUENCE SET; Schema: public; Owner: invest
--

SELECT pg_catalog.setval('public.invest_project_translations_id_seq', 2, true);


--
-- Name: invest_projects_id_seq; Type: SEQUENCE SET; Schema: public; Owner: invest
--

SELECT pg_catalog.setval('public.invest_projects_id_seq', 1, true);


--
-- Name: investment_type_translations_id_seq; Type: SEQUENCE SET; Schema: public; Owner: invest
--

SELECT pg_catalog.setval('public.investment_type_translations_id_seq', 6, true);


--
-- Name: investment_types_id_seq; Type: SEQUENCE SET; Schema: public; Owner: invest
--

SELECT pg_catalog.setval('public.investment_types_id_seq', 3, true);


--
-- Name: land_area_translations_id_seq; Type: SEQUENCE SET; Schema: public; Owner: invest
--

SELECT pg_catalog.setval('public.land_area_translations_id_seq', 38, true);


--
-- Name: land_areas_id_seq; Type: SEQUENCE SET; Schema: public; Owner: invest
--

SELECT pg_catalog.setval('public.land_areas_id_seq', 19, true);


--
-- Name: land_categories_id_seq; Type: SEQUENCE SET; Schema: public; Owner: invest
--

SELECT pg_catalog.setval('public.land_categories_id_seq', 5, true);


--
-- Name: land_category_translations_id_seq; Type: SEQUENCE SET; Schema: public; Owner: invest
--

SELECT pg_catalog.setval('public.land_category_translations_id_seq', 5, true);


--
-- Name: landmark_translations_id_seq; Type: SEQUENCE SET; Schema: public; Owner: invest
--

SELECT pg_catalog.setval('public.landmark_translations_id_seq', 28, true);


--
-- Name: landmarks_id_seq; Type: SEQUENCE SET; Schema: public; Owner: invest
--

SELECT pg_catalog.setval('public.landmarks_id_seq', 14, true);


--
-- Name: map_layer_group_translations_id_seq; Type: SEQUENCE SET; Schema: public; Owner: invest
--

SELECT pg_catalog.setval('public.map_layer_group_translations_id_seq', 6, true);


--
-- Name: map_layer_groups_id_seq; Type: SEQUENCE SET; Schema: public; Owner: invest
--

SELECT pg_catalog.setval('public.map_layer_groups_id_seq', 3, true);


--
-- Name: map_layer_links_id_seq; Type: SEQUENCE SET; Schema: public; Owner: invest
--

SELECT pg_catalog.setval('public.map_layer_links_id_seq', 3, true);


--
-- Name: map_layer_translations_id_seq; Type: SEQUENCE SET; Schema: public; Owner: invest
--

SELECT pg_catalog.setval('public.map_layer_translations_id_seq', 28, true);


--
-- Name: map_layers_id_seq; Type: SEQUENCE SET; Schema: public; Owner: invest
--

SELECT pg_catalog.setval('public.map_layers_id_seq', 14, true);


--
-- Name: material_content_column_translations_id_seq; Type: SEQUENCE SET; Schema: public; Owner: invest
--

SELECT pg_catalog.setval('public.material_content_column_translations_id_seq', 1, false);


--
-- Name: material_content_columns_id_seq; Type: SEQUENCE SET; Schema: public; Owner: invest
--

SELECT pg_catalog.setval('public.material_content_columns_id_seq', 1, false);


--
-- Name: material_translations_id_seq; Type: SEQUENCE SET; Schema: public; Owner: invest
--

SELECT pg_catalog.setval('public.material_translations_id_seq', 22, true);


--
-- Name: materials_id_seq; Type: SEQUENCE SET; Schema: public; Owner: invest
--

SELECT pg_catalog.setval('public.materials_id_seq', 11, true);


--
-- Name: menu_groups_id_seq; Type: SEQUENCE SET; Schema: public; Owner: invest
--

SELECT pg_catalog.setval('public.menu_groups_id_seq', 1, true);


--
-- Name: menu_translations_id_seq; Type: SEQUENCE SET; Schema: public; Owner: invest
--

SELECT pg_catalog.setval('public.menu_translations_id_seq', 50, true);


--
-- Name: menus_id_seq; Type: SEQUENCE SET; Schema: public; Owner: invest
--

SELECT pg_catalog.setval('public.menus_id_seq', 11, true);


--
-- Name: office_area_translations_id_seq; Type: SEQUENCE SET; Schema: public; Owner: invest
--

SELECT pg_catalog.setval('public.office_area_translations_id_seq', 4, true);


--
-- Name: office_areas_id_seq; Type: SEQUENCE SET; Schema: public; Owner: invest
--

SELECT pg_catalog.setval('public.office_areas_id_seq', 2, true);


--
-- Name: ownership_translations_id_seq; Type: SEQUENCE SET; Schema: public; Owner: invest
--

SELECT pg_catalog.setval('public.ownership_translations_id_seq', 6, true);


--
-- Name: ownerships_id_seq; Type: SEQUENCE SET; Schema: public; Owner: invest
--

SELECT pg_catalog.setval('public.ownerships_id_seq', 3, true);


--
-- Name: period_event_translations_id_seq; Type: SEQUENCE SET; Schema: public; Owner: invest
--

SELECT pg_catalog.setval('public.period_event_translations_id_seq', 26, true);


--
-- Name: period_events_id_seq; Type: SEQUENCE SET; Schema: public; Owner: invest
--

SELECT pg_catalog.setval('public.period_events_id_seq', 13, true);


--
-- Name: potential_investors_id_seq; Type: SEQUENCE SET; Schema: public; Owner: invest
--

SELECT pg_catalog.setval('public.potential_investors_id_seq', 5, true);


--
-- Name: production_area_translations_id_seq; Type: SEQUENCE SET; Schema: public; Owner: invest
--

SELECT pg_catalog.setval('public.production_area_translations_id_seq', 4, true);


--
-- Name: production_areas_id_seq; Type: SEQUENCE SET; Schema: public; Owner: invest
--

SELECT pg_catalog.setval('public.production_areas_id_seq', 2, true);


--
-- Name: project_files_id_seq; Type: SEQUENCE SET; Schema: public; Owner: invest
--

SELECT pg_catalog.setval('public.project_files_id_seq', 1, false);


--
-- Name: project_images_id_seq; Type: SEQUENCE SET; Schema: public; Owner: invest
--

SELECT pg_catalog.setval('public.project_images_id_seq', 77, true);


--
-- Name: project_translations_id_seq; Type: SEQUENCE SET; Schema: public; Owner: invest
--

SELECT pg_catalog.setval('public.project_translations_id_seq', 18, true);


--
-- Name: projects_id_seq; Type: SEQUENCE SET; Schema: public; Owner: invest
--

SELECT pg_catalog.setval('public.projects_id_seq', 9, true);


--
-- Name: questionnaire_files_id_seq; Type: SEQUENCE SET; Schema: public; Owner: invest
--

SELECT pg_catalog.setval('public.questionnaire_files_id_seq', 1, false);


--
-- Name: questionnaire_images_id_seq; Type: SEQUENCE SET; Schema: public; Owner: invest
--

SELECT pg_catalog.setval('public.questionnaire_images_id_seq', 1, false);


--
-- Name: representatives_id_seq; Type: SEQUENCE SET; Schema: public; Owner: invest
--

SELECT pg_catalog.setval('public.representatives_id_seq', 3, true);


--
-- Name: review_translations_id_seq; Type: SEQUENCE SET; Schema: public; Owner: invest
--

SELECT pg_catalog.setval('public.review_translations_id_seq', 14, true);


--
-- Name: reviews_id_seq; Type: SEQUENCE SET; Schema: public; Owner: invest
--

SELECT pg_catalog.setval('public.reviews_id_seq', 7, true);


--
-- Name: sector_translations_id_seq; Type: SEQUENCE SET; Schema: public; Owner: invest
--

SELECT pg_catalog.setval('public.sector_translations_id_seq', 12, true);


--
-- Name: sectors_id_seq; Type: SEQUENCE SET; Schema: public; Owner: invest
--

SELECT pg_catalog.setval('public.sectors_id_seq', 6, true);


--
-- Name: slider_translations_id_seq; Type: SEQUENCE SET; Schema: public; Owner: invest
--

SELECT pg_catalog.setval('public.slider_translations_id_seq', 12, true);


--
-- Name: sliders_id_seq; Type: SEQUENCE SET; Schema: public; Owner: invest
--

SELECT pg_catalog.setval('public.sliders_id_seq', 6, true);


--
-- Name: submission_projects_id_seq; Type: SEQUENCE SET; Schema: public; Owner: invest
--

SELECT pg_catalog.setval('public.submission_projects_id_seq', 12, true);


--
-- Name: subscribers_id_seq; Type: SEQUENCE SET; Schema: public; Owner: invest
--

SELECT pg_catalog.setval('public.subscribers_id_seq', 2, true);


--
-- Name: tag_translations_id_seq; Type: SEQUENCE SET; Schema: public; Owner: invest
--

SELECT pg_catalog.setval('public.tag_translations_id_seq', 14, true);


--
-- Name: tags_id_seq; Type: SEQUENCE SET; Schema: public; Owner: invest
--

SELECT pg_catalog.setval('public.tags_id_seq', 7, true);


--
-- Name: team_translations_id_seq; Type: SEQUENCE SET; Schema: public; Owner: invest
--

SELECT pg_catalog.setval('public.team_translations_id_seq', 48, true);


--
-- Name: teams_id_seq; Type: SEQUENCE SET; Schema: public; Owner: invest
--

SELECT pg_catalog.setval('public.teams_id_seq', 16, true);


--
-- Name: transport_translations_id_seq; Type: SEQUENCE SET; Schema: public; Owner: invest
--

SELECT pg_catalog.setval('public.transport_translations_id_seq', 80, true);


--
-- Name: transport_type_translations_id_seq; Type: SEQUENCE SET; Schema: public; Owner: invest
--

SELECT pg_catalog.setval('public.transport_type_translations_id_seq', 8, true);


--
-- Name: transport_types_id_seq; Type: SEQUENCE SET; Schema: public; Owner: invest
--

SELECT pg_catalog.setval('public.transport_types_id_seq', 4, true);


--
-- Name: transports_id_seq; Type: SEQUENCE SET; Schema: public; Owner: invest
--

SELECT pg_catalog.setval('public.transports_id_seq', 40, true);


--
-- Name: trip_translations_id_seq; Type: SEQUENCE SET; Schema: public; Owner: invest
--

SELECT pg_catalog.setval('public.trip_translations_id_seq', 14, true);


--
-- Name: trips_id_seq; Type: SEQUENCE SET; Schema: public; Owner: invest
--

SELECT pg_catalog.setval('public.trips_id_seq', 7, true);


--
-- Name: user_land_areas_id_seq; Type: SEQUENCE SET; Schema: public; Owner: invest
--

SELECT pg_catalog.setval('public.user_land_areas_id_seq', 2, true);


--
-- Name: users_id_seq; Type: SEQUENCE SET; Schema: public; Owner: invest
--

SELECT pg_catalog.setval('public.users_id_seq', 4, true);


--
-- Name: video_positions_id_seq; Type: SEQUENCE SET; Schema: public; Owner: invest
--

SELECT pg_catalog.setval('public.video_positions_id_seq', 1, true);


--
-- Name: video_translations_id_seq; Type: SEQUENCE SET; Schema: public; Owner: invest
--

SELECT pg_catalog.setval('public.video_translations_id_seq', 10, true);


--
-- Name: videos_id_seq; Type: SEQUENCE SET; Schema: public; Owner: invest
--

SELECT pg_catalog.setval('public.videos_id_seq', 5, true);


--
-- Name: about_translations about_translations_pkey; Type: CONSTRAINT; Schema: public; Owner: invest
--

ALTER TABLE ONLY public.about_translations
    ADD CONSTRAINT about_translations_pkey PRIMARY KEY (id);


--
-- Name: abouts abouts_pkey; Type: CONSTRAINT; Schema: public; Owner: invest
--

ALTER TABLE ONLY public.abouts
    ADD CONSTRAINT abouts_pkey PRIMARY KEY (id);


--
-- Name: advantage_translations advantage_translations_pkey; Type: CONSTRAINT; Schema: public; Owner: invest
--

ALTER TABLE ONLY public.advantage_translations
    ADD CONSTRAINT advantage_translations_pkey PRIMARY KEY (id);


--
-- Name: advantages advantages_pkey; Type: CONSTRAINT; Schema: public; Owner: invest
--

ALTER TABLE ONLY public.advantages
    ADD CONSTRAINT advantages_pkey PRIMARY KEY (id);


--
-- Name: ar_internal_metadata ar_internal_metadata_pkey; Type: CONSTRAINT; Schema: public; Owner: invest
--

ALTER TABLE ONLY public.ar_internal_metadata
    ADD CONSTRAINT ar_internal_metadata_pkey PRIMARY KEY (key);


--
-- Name: area_logs area_logs_pkey; Type: CONSTRAINT; Schema: public; Owner: invest
--

ALTER TABLE ONLY public.area_logs
    ADD CONSTRAINT area_logs_pkey PRIMARY KEY (id);


--
-- Name: article_translations article_translations_pkey; Type: CONSTRAINT; Schema: public; Owner: invest
--

ALTER TABLE ONLY public.article_translations
    ADD CONSTRAINT article_translations_pkey PRIMARY KEY (id);


--
-- Name: articles articles_pkey; Type: CONSTRAINT; Schema: public; Owner: invest
--

ALTER TABLE ONLY public.articles
    ADD CONSTRAINT articles_pkey PRIMARY KEY (id);


--
-- Name: balance_holder_translations balance_holder_translations_pkey; Type: CONSTRAINT; Schema: public; Owner: invest
--

ALTER TABLE ONLY public.balance_holder_translations
    ADD CONSTRAINT balance_holder_translations_pkey PRIMARY KEY (id);


--
-- Name: balance_holders balance_holders_pkey; Type: CONSTRAINT; Schema: public; Owner: invest
--

ALTER TABLE ONLY public.balance_holders
    ADD CONSTRAINT balance_holders_pkey PRIMARY KEY (id);


--
-- Name: balancer_relations balancer_relations_pkey; Type: CONSTRAINT; Schema: public; Owner: invest
--

ALTER TABLE ONLY public.balancer_relations
    ADD CONSTRAINT balancer_relations_pkey PRIMARY KEY (id);


--
-- Name: balancers balancers_pkey; Type: CONSTRAINT; Schema: public; Owner: invest
--

ALTER TABLE ONLY public.balancers
    ADD CONSTRAINT balancers_pkey PRIMARY KEY (id);


--
-- Name: block_material_content_translations block_material_content_translations_pkey; Type: CONSTRAINT; Schema: public; Owner: invest
--

ALTER TABLE ONLY public.block_material_content_translations
    ADD CONSTRAINT block_material_content_translations_pkey PRIMARY KEY (id);


--
-- Name: block_material_contents block_material_contents_pkey; Type: CONSTRAINT; Schema: public; Owner: invest
--

ALTER TABLE ONLY public.block_material_contents
    ADD CONSTRAINT block_material_contents_pkey PRIMARY KEY (id);


--
-- Name: block_materials block_materials_pkey; Type: CONSTRAINT; Schema: public; Owner: invest
--

ALTER TABLE ONLY public.block_materials
    ADD CONSTRAINT block_materials_pkey PRIMARY KEY (id);


--
-- Name: ckeditor_assets ckeditor_assets_pkey; Type: CONSTRAINT; Schema: public; Owner: invest
--

ALTER TABLE ONLY public.ckeditor_assets
    ADD CONSTRAINT ckeditor_assets_pkey PRIMARY KEY (id);


--
-- Name: communal_area_translations communal_area_translations_pkey; Type: CONSTRAINT; Schema: public; Owner: invest
--

ALTER TABLE ONLY public.communal_area_translations
    ADD CONSTRAINT communal_area_translations_pkey PRIMARY KEY (id);


--
-- Name: communal_areas communal_areas_pkey; Type: CONSTRAINT; Schema: public; Owner: invest
--

ALTER TABLE ONLY public.communal_areas
    ADD CONSTRAINT communal_areas_pkey PRIMARY KEY (id);


--
-- Name: communal_branch_translations communal_branch_translations_pkey; Type: CONSTRAINT; Schema: public; Owner: invest
--

ALTER TABLE ONLY public.communal_branch_translations
    ADD CONSTRAINT communal_branch_translations_pkey PRIMARY KEY (id);


--
-- Name: communal_branches communal_branches_pkey; Type: CONSTRAINT; Schema: public; Owner: invest
--

ALTER TABLE ONLY public.communal_branches
    ADD CONSTRAINT communal_branches_pkey PRIMARY KEY (id);


--
-- Name: content_translations content_translations_pkey; Type: CONSTRAINT; Schema: public; Owner: invest
--

ALTER TABLE ONLY public.content_translations
    ADD CONSTRAINT content_translations_pkey PRIMARY KEY (id);


--
-- Name: contents contents_pkey; Type: CONSTRAINT; Schema: public; Owner: invest
--

ALTER TABLE ONLY public.contents
    ADD CONSTRAINT contents_pkey PRIMARY KEY (id);


--
-- Name: department_translations department_translations_pkey; Type: CONSTRAINT; Schema: public; Owner: invest
--

ALTER TABLE ONLY public.department_translations
    ADD CONSTRAINT department_translations_pkey PRIMARY KEY (id);


--
-- Name: departments departments_pkey; Type: CONSTRAINT; Schema: public; Owner: invest
--

ALTER TABLE ONLY public.departments
    ADD CONSTRAINT departments_pkey PRIMARY KEY (id);


--
-- Name: event_translations event_translations_pkey; Type: CONSTRAINT; Schema: public; Owner: invest
--

ALTER TABLE ONLY public.event_translations
    ADD CONSTRAINT event_translations_pkey PRIMARY KEY (id);


--
-- Name: events events_pkey; Type: CONSTRAINT; Schema: public; Owner: invest
--

ALTER TABLE ONLY public.events
    ADD CONSTRAINT events_pkey PRIMARY KEY (id);


--
-- Name: geo_json geo_json_pkey; Type: CONSTRAINT; Schema: public; Owner: invest
--

ALTER TABLE ONLY public.geo_json
    ADD CONSTRAINT geo_json_pkey PRIMARY KEY (id);


--
-- Name: gis_types gis_types_pkey; Type: CONSTRAINT; Schema: public; Owner: invest
--

ALTER TABLE ONLY public.gis_types
    ADD CONSTRAINT gis_types_pkey PRIMARY KEY (id);


--
-- Name: infra_type_relations infra_type_relations_pkey; Type: CONSTRAINT; Schema: public; Owner: invest
--

ALTER TABLE ONLY public.infra_type_relations
    ADD CONSTRAINT infra_type_relations_pkey PRIMARY KEY (id);


--
-- Name: infrastructure_type_translations infrastructure_type_translations_pkey; Type: CONSTRAINT; Schema: public; Owner: invest
--

ALTER TABLE ONLY public.infrastructure_type_translations
    ADD CONSTRAINT infrastructure_type_translations_pkey PRIMARY KEY (id);


--
-- Name: infrastructure_types infrastructure_types_pkey; Type: CONSTRAINT; Schema: public; Owner: invest
--

ALTER TABLE ONLY public.infrastructure_types
    ADD CONSTRAINT infrastructure_types_pkey PRIMARY KEY (id);


--
-- Name: invest_project_translations invest_project_translations_pkey; Type: CONSTRAINT; Schema: public; Owner: invest
--

ALTER TABLE ONLY public.invest_project_translations
    ADD CONSTRAINT invest_project_translations_pkey PRIMARY KEY (id);


--
-- Name: invest_projects invest_projects_pkey; Type: CONSTRAINT; Schema: public; Owner: invest
--

ALTER TABLE ONLY public.invest_projects
    ADD CONSTRAINT invest_projects_pkey PRIMARY KEY (id);


--
-- Name: investment_type_translations investment_type_translations_pkey; Type: CONSTRAINT; Schema: public; Owner: invest
--

ALTER TABLE ONLY public.investment_type_translations
    ADD CONSTRAINT investment_type_translations_pkey PRIMARY KEY (id);


--
-- Name: investment_types investment_types_pkey; Type: CONSTRAINT; Schema: public; Owner: invest
--

ALTER TABLE ONLY public.investment_types
    ADD CONSTRAINT investment_types_pkey PRIMARY KEY (id);


--
-- Name: land_area_translations land_area_translations_pkey; Type: CONSTRAINT; Schema: public; Owner: invest
--

ALTER TABLE ONLY public.land_area_translations
    ADD CONSTRAINT land_area_translations_pkey PRIMARY KEY (id);


--
-- Name: land_areas land_areas_pkey; Type: CONSTRAINT; Schema: public; Owner: invest
--

ALTER TABLE ONLY public.land_areas
    ADD CONSTRAINT land_areas_pkey PRIMARY KEY (id);


--
-- Name: land_categories land_categories_pkey; Type: CONSTRAINT; Schema: public; Owner: invest
--

ALTER TABLE ONLY public.land_categories
    ADD CONSTRAINT land_categories_pkey PRIMARY KEY (id);


--
-- Name: land_category_translations land_category_translations_pkey; Type: CONSTRAINT; Schema: public; Owner: invest
--

ALTER TABLE ONLY public.land_category_translations
    ADD CONSTRAINT land_category_translations_pkey PRIMARY KEY (id);


--
-- Name: landmark_translations landmark_translations_pkey; Type: CONSTRAINT; Schema: public; Owner: invest
--

ALTER TABLE ONLY public.landmark_translations
    ADD CONSTRAINT landmark_translations_pkey PRIMARY KEY (id);


--
-- Name: landmarks landmarks_pkey; Type: CONSTRAINT; Schema: public; Owner: invest
--

ALTER TABLE ONLY public.landmarks
    ADD CONSTRAINT landmarks_pkey PRIMARY KEY (id);


--
-- Name: map_layer_group_translations map_layer_group_translations_pkey; Type: CONSTRAINT; Schema: public; Owner: invest
--

ALTER TABLE ONLY public.map_layer_group_translations
    ADD CONSTRAINT map_layer_group_translations_pkey PRIMARY KEY (id);


--
-- Name: map_layer_groups map_layer_groups_pkey; Type: CONSTRAINT; Schema: public; Owner: invest
--

ALTER TABLE ONLY public.map_layer_groups
    ADD CONSTRAINT map_layer_groups_pkey PRIMARY KEY (id);


--
-- Name: map_layer_links map_layer_links_pkey; Type: CONSTRAINT; Schema: public; Owner: invest
--

ALTER TABLE ONLY public.map_layer_links
    ADD CONSTRAINT map_layer_links_pkey PRIMARY KEY (id);


--
-- Name: map_layer_translations map_layer_translations_pkey; Type: CONSTRAINT; Schema: public; Owner: invest
--

ALTER TABLE ONLY public.map_layer_translations
    ADD CONSTRAINT map_layer_translations_pkey PRIMARY KEY (id);


--
-- Name: map_layers map_layers_pkey; Type: CONSTRAINT; Schema: public; Owner: invest
--

ALTER TABLE ONLY public.map_layers
    ADD CONSTRAINT map_layers_pkey PRIMARY KEY (id);


--
-- Name: material_content_column_translations material_content_column_translations_pkey; Type: CONSTRAINT; Schema: public; Owner: invest
--

ALTER TABLE ONLY public.material_content_column_translations
    ADD CONSTRAINT material_content_column_translations_pkey PRIMARY KEY (id);


--
-- Name: material_content_columns material_content_columns_pkey; Type: CONSTRAINT; Schema: public; Owner: invest
--

ALTER TABLE ONLY public.material_content_columns
    ADD CONSTRAINT material_content_columns_pkey PRIMARY KEY (id);


--
-- Name: material_translations material_translations_pkey; Type: CONSTRAINT; Schema: public; Owner: invest
--

ALTER TABLE ONLY public.material_translations
    ADD CONSTRAINT material_translations_pkey PRIMARY KEY (id);


--
-- Name: materials materials_pkey; Type: CONSTRAINT; Schema: public; Owner: invest
--

ALTER TABLE ONLY public.materials
    ADD CONSTRAINT materials_pkey PRIMARY KEY (id);


--
-- Name: menu_groups menu_groups_pkey; Type: CONSTRAINT; Schema: public; Owner: invest
--

ALTER TABLE ONLY public.menu_groups
    ADD CONSTRAINT menu_groups_pkey PRIMARY KEY (id);


--
-- Name: menu_translations menu_translations_pkey; Type: CONSTRAINT; Schema: public; Owner: invest
--

ALTER TABLE ONLY public.menu_translations
    ADD CONSTRAINT menu_translations_pkey PRIMARY KEY (id);


--
-- Name: menus menus_pkey; Type: CONSTRAINT; Schema: public; Owner: invest
--

ALTER TABLE ONLY public.menus
    ADD CONSTRAINT menus_pkey PRIMARY KEY (id);


--
-- Name: office_area_translations office_area_translations_pkey; Type: CONSTRAINT; Schema: public; Owner: invest
--

ALTER TABLE ONLY public.office_area_translations
    ADD CONSTRAINT office_area_translations_pkey PRIMARY KEY (id);


--
-- Name: office_areas office_areas_pkey; Type: CONSTRAINT; Schema: public; Owner: invest
--

ALTER TABLE ONLY public.office_areas
    ADD CONSTRAINT office_areas_pkey PRIMARY KEY (id);


--
-- Name: ownership_translations ownership_translations_pkey; Type: CONSTRAINT; Schema: public; Owner: invest
--

ALTER TABLE ONLY public.ownership_translations
    ADD CONSTRAINT ownership_translations_pkey PRIMARY KEY (id);


--
-- Name: ownerships ownerships_pkey; Type: CONSTRAINT; Schema: public; Owner: invest
--

ALTER TABLE ONLY public.ownerships
    ADD CONSTRAINT ownerships_pkey PRIMARY KEY (id);


--
-- Name: period_event_translations period_event_translations_pkey; Type: CONSTRAINT; Schema: public; Owner: invest
--

ALTER TABLE ONLY public.period_event_translations
    ADD CONSTRAINT period_event_translations_pkey PRIMARY KEY (id);


--
-- Name: period_events period_events_pkey; Type: CONSTRAINT; Schema: public; Owner: invest
--

ALTER TABLE ONLY public.period_events
    ADD CONSTRAINT period_events_pkey PRIMARY KEY (id);


--
-- Name: potential_investors potential_investors_pkey; Type: CONSTRAINT; Schema: public; Owner: invest
--

ALTER TABLE ONLY public.potential_investors
    ADD CONSTRAINT potential_investors_pkey PRIMARY KEY (id);


--
-- Name: production_area_translations production_area_translations_pkey; Type: CONSTRAINT; Schema: public; Owner: invest
--

ALTER TABLE ONLY public.production_area_translations
    ADD CONSTRAINT production_area_translations_pkey PRIMARY KEY (id);


--
-- Name: production_areas production_areas_pkey; Type: CONSTRAINT; Schema: public; Owner: invest
--

ALTER TABLE ONLY public.production_areas
    ADD CONSTRAINT production_areas_pkey PRIMARY KEY (id);


--
-- Name: project_files project_files_pkey; Type: CONSTRAINT; Schema: public; Owner: invest
--

ALTER TABLE ONLY public.project_files
    ADD CONSTRAINT project_files_pkey PRIMARY KEY (id);


--
-- Name: project_images project_images_pkey; Type: CONSTRAINT; Schema: public; Owner: invest
--

ALTER TABLE ONLY public.project_images
    ADD CONSTRAINT project_images_pkey PRIMARY KEY (id);


--
-- Name: project_translations project_translations_pkey; Type: CONSTRAINT; Schema: public; Owner: invest
--

ALTER TABLE ONLY public.project_translations
    ADD CONSTRAINT project_translations_pkey PRIMARY KEY (id);


--
-- Name: projects projects_pkey; Type: CONSTRAINT; Schema: public; Owner: invest
--

ALTER TABLE ONLY public.projects
    ADD CONSTRAINT projects_pkey PRIMARY KEY (id);


--
-- Name: questionnaire_files questionnaire_files_pkey; Type: CONSTRAINT; Schema: public; Owner: invest
--

ALTER TABLE ONLY public.questionnaire_files
    ADD CONSTRAINT questionnaire_files_pkey PRIMARY KEY (id);


--
-- Name: questionnaire_images questionnaire_images_pkey; Type: CONSTRAINT; Schema: public; Owner: invest
--

ALTER TABLE ONLY public.questionnaire_images
    ADD CONSTRAINT questionnaire_images_pkey PRIMARY KEY (id);


--
-- Name: representatives representatives_pkey; Type: CONSTRAINT; Schema: public; Owner: invest
--

ALTER TABLE ONLY public.representatives
    ADD CONSTRAINT representatives_pkey PRIMARY KEY (id);


--
-- Name: review_translations review_translations_pkey; Type: CONSTRAINT; Schema: public; Owner: invest
--

ALTER TABLE ONLY public.review_translations
    ADD CONSTRAINT review_translations_pkey PRIMARY KEY (id);


--
-- Name: reviews reviews_pkey; Type: CONSTRAINT; Schema: public; Owner: invest
--

ALTER TABLE ONLY public.reviews
    ADD CONSTRAINT reviews_pkey PRIMARY KEY (id);


--
-- Name: schema_migrations schema_migrations_pkey; Type: CONSTRAINT; Schema: public; Owner: invest
--

ALTER TABLE ONLY public.schema_migrations
    ADD CONSTRAINT schema_migrations_pkey PRIMARY KEY (version);


--
-- Name: sector_translations sector_translations_pkey; Type: CONSTRAINT; Schema: public; Owner: invest
--

ALTER TABLE ONLY public.sector_translations
    ADD CONSTRAINT sector_translations_pkey PRIMARY KEY (id);


--
-- Name: sectors sectors_pkey; Type: CONSTRAINT; Schema: public; Owner: invest
--

ALTER TABLE ONLY public.sectors
    ADD CONSTRAINT sectors_pkey PRIMARY KEY (id);


--
-- Name: slider_translations slider_translations_pkey; Type: CONSTRAINT; Schema: public; Owner: invest
--

ALTER TABLE ONLY public.slider_translations
    ADD CONSTRAINT slider_translations_pkey PRIMARY KEY (id);


--
-- Name: sliders sliders_pkey; Type: CONSTRAINT; Schema: public; Owner: invest
--

ALTER TABLE ONLY public.sliders
    ADD CONSTRAINT sliders_pkey PRIMARY KEY (id);


--
-- Name: submission_projects submission_projects_pkey; Type: CONSTRAINT; Schema: public; Owner: invest
--

ALTER TABLE ONLY public.submission_projects
    ADD CONSTRAINT submission_projects_pkey PRIMARY KEY (id);


--
-- Name: subscribers subscribers_pkey; Type: CONSTRAINT; Schema: public; Owner: invest
--

ALTER TABLE ONLY public.subscribers
    ADD CONSTRAINT subscribers_pkey PRIMARY KEY (id);


--
-- Name: tag_translations tag_translations_pkey; Type: CONSTRAINT; Schema: public; Owner: invest
--

ALTER TABLE ONLY public.tag_translations
    ADD CONSTRAINT tag_translations_pkey PRIMARY KEY (id);


--
-- Name: tags tags_pkey; Type: CONSTRAINT; Schema: public; Owner: invest
--

ALTER TABLE ONLY public.tags
    ADD CONSTRAINT tags_pkey PRIMARY KEY (id);


--
-- Name: team_translations team_translations_pkey; Type: CONSTRAINT; Schema: public; Owner: invest
--

ALTER TABLE ONLY public.team_translations
    ADD CONSTRAINT team_translations_pkey PRIMARY KEY (id);


--
-- Name: teams teams_pkey; Type: CONSTRAINT; Schema: public; Owner: invest
--

ALTER TABLE ONLY public.teams
    ADD CONSTRAINT teams_pkey PRIMARY KEY (id);


--
-- Name: transport_translations transport_translations_pkey; Type: CONSTRAINT; Schema: public; Owner: invest
--

ALTER TABLE ONLY public.transport_translations
    ADD CONSTRAINT transport_translations_pkey PRIMARY KEY (id);


--
-- Name: transport_type_translations transport_type_translations_pkey; Type: CONSTRAINT; Schema: public; Owner: invest
--

ALTER TABLE ONLY public.transport_type_translations
    ADD CONSTRAINT transport_type_translations_pkey PRIMARY KEY (id);


--
-- Name: transport_types transport_types_pkey; Type: CONSTRAINT; Schema: public; Owner: invest
--

ALTER TABLE ONLY public.transport_types
    ADD CONSTRAINT transport_types_pkey PRIMARY KEY (id);


--
-- Name: transports transports_pkey; Type: CONSTRAINT; Schema: public; Owner: invest
--

ALTER TABLE ONLY public.transports
    ADD CONSTRAINT transports_pkey PRIMARY KEY (id);


--
-- Name: trip_translations trip_translations_pkey; Type: CONSTRAINT; Schema: public; Owner: invest
--

ALTER TABLE ONLY public.trip_translations
    ADD CONSTRAINT trip_translations_pkey PRIMARY KEY (id);


--
-- Name: trips trips_pkey; Type: CONSTRAINT; Schema: public; Owner: invest
--

ALTER TABLE ONLY public.trips
    ADD CONSTRAINT trips_pkey PRIMARY KEY (id);


--
-- Name: user_land_areas user_land_areas_pkey; Type: CONSTRAINT; Schema: public; Owner: invest
--

ALTER TABLE ONLY public.user_land_areas
    ADD CONSTRAINT user_land_areas_pkey PRIMARY KEY (id);


--
-- Name: users users_pkey; Type: CONSTRAINT; Schema: public; Owner: invest
--

ALTER TABLE ONLY public.users
    ADD CONSTRAINT users_pkey PRIMARY KEY (id);


--
-- Name: video_positions video_positions_pkey; Type: CONSTRAINT; Schema: public; Owner: invest
--

ALTER TABLE ONLY public.video_positions
    ADD CONSTRAINT video_positions_pkey PRIMARY KEY (id);


--
-- Name: video_translations video_translations_pkey; Type: CONSTRAINT; Schema: public; Owner: invest
--

ALTER TABLE ONLY public.video_translations
    ADD CONSTRAINT video_translations_pkey PRIMARY KEY (id);


--
-- Name: videos videos_pkey; Type: CONSTRAINT; Schema: public; Owner: invest
--

ALTER TABLE ONLY public.videos
    ADD CONSTRAINT videos_pkey PRIMARY KEY (id);


--
-- Name: index_4383c5b3a9eddef0646707c7571e4ec5aa76af65; Type: INDEX; Schema: public; Owner: invest
--

CREATE INDEX index_4383c5b3a9eddef0646707c7571e4ec5aa76af65 ON public.infrastructure_type_translations USING btree (infrastructure_type_id);


--
-- Name: index_56fcfff9f79779bde884186a824c65571c89c562; Type: INDEX; Schema: public; Owner: invest
--

CREATE INDEX index_56fcfff9f79779bde884186a824c65571c89c562 ON public.material_content_column_translations USING btree (material_content_column_id);


--
-- Name: index_about_translations_on_about_id; Type: INDEX; Schema: public; Owner: invest
--

CREATE INDEX index_about_translations_on_about_id ON public.about_translations USING btree (about_id);


--
-- Name: index_about_translations_on_locale; Type: INDEX; Schema: public; Owner: invest
--

CREATE INDEX index_about_translations_on_locale ON public.about_translations USING btree (locale);


--
-- Name: index_advantage_translations_on_advantage_id; Type: INDEX; Schema: public; Owner: invest
--

CREATE INDEX index_advantage_translations_on_advantage_id ON public.advantage_translations USING btree (advantage_id);


--
-- Name: index_advantage_translations_on_locale; Type: INDEX; Schema: public; Owner: invest
--

CREATE INDEX index_advantage_translations_on_locale ON public.advantage_translations USING btree (locale);


--
-- Name: index_article_translations_on_article_id; Type: INDEX; Schema: public; Owner: invest
--

CREATE INDEX index_article_translations_on_article_id ON public.article_translations USING btree (article_id);


--
-- Name: index_article_translations_on_locale; Type: INDEX; Schema: public; Owner: invest
--

CREATE INDEX index_article_translations_on_locale ON public.article_translations USING btree (locale);


--
-- Name: index_articles_tags_on_article_id; Type: INDEX; Schema: public; Owner: invest
--

CREATE INDEX index_articles_tags_on_article_id ON public.articles_tags USING btree (article_id);


--
-- Name: index_articles_tags_on_tag_id; Type: INDEX; Schema: public; Owner: invest
--

CREATE INDEX index_articles_tags_on_tag_id ON public.articles_tags USING btree (tag_id);


--
-- Name: index_balance_holder_translations_on_balance_holder_id; Type: INDEX; Schema: public; Owner: invest
--

CREATE INDEX index_balance_holder_translations_on_balance_holder_id ON public.balance_holder_translations USING btree (balance_holder_id);


--
-- Name: index_balance_holder_translations_on_locale; Type: INDEX; Schema: public; Owner: invest
--

CREATE INDEX index_balance_holder_translations_on_locale ON public.balance_holder_translations USING btree (locale);


--
-- Name: index_balancer_relations_on_balanceable_type_and_balanceable_id; Type: INDEX; Schema: public; Owner: invest
--

CREATE INDEX index_balancer_relations_on_balanceable_type_and_balanceable_id ON public.balancer_relations USING btree (balanceable_type, balanceable_id);


--
-- Name: index_block_material_content_translations_on_locale; Type: INDEX; Schema: public; Owner: invest
--

CREATE INDEX index_block_material_content_translations_on_locale ON public.block_material_content_translations USING btree (locale);


--
-- Name: index_ckeditor_assets_on_type; Type: INDEX; Schema: public; Owner: invest
--

CREATE INDEX index_ckeditor_assets_on_type ON public.ckeditor_assets USING btree (type);


--
-- Name: index_communal_area_translations_on_communal_area_id; Type: INDEX; Schema: public; Owner: invest
--

CREATE INDEX index_communal_area_translations_on_communal_area_id ON public.communal_area_translations USING btree (communal_area_id);


--
-- Name: index_communal_area_translations_on_locale; Type: INDEX; Schema: public; Owner: invest
--

CREATE INDEX index_communal_area_translations_on_locale ON public.communal_area_translations USING btree (locale);


--
-- Name: index_communal_branch_translations_on_communal_branch_id; Type: INDEX; Schema: public; Owner: invest
--

CREATE INDEX index_communal_branch_translations_on_communal_branch_id ON public.communal_branch_translations USING btree (communal_branch_id);


--
-- Name: index_communal_branch_translations_on_locale; Type: INDEX; Schema: public; Owner: invest
--

CREATE INDEX index_communal_branch_translations_on_locale ON public.communal_branch_translations USING btree (locale);


--
-- Name: index_content_translations_on_content_id; Type: INDEX; Schema: public; Owner: invest
--

CREATE INDEX index_content_translations_on_content_id ON public.content_translations USING btree (content_id);


--
-- Name: index_content_translations_on_locale; Type: INDEX; Schema: public; Owner: invest
--

CREATE INDEX index_content_translations_on_locale ON public.content_translations USING btree (locale);


--
-- Name: index_d1ad5f04b640ffe4e77d1da713b6827d68bfec8b; Type: INDEX; Schema: public; Owner: invest
--

CREATE INDEX index_d1ad5f04b640ffe4e77d1da713b6827d68bfec8b ON public.block_material_content_translations USING btree (block_material_content_id);


--
-- Name: index_department_translations_on_department_id; Type: INDEX; Schema: public; Owner: invest
--

CREATE INDEX index_department_translations_on_department_id ON public.department_translations USING btree (department_id);


--
-- Name: index_department_translations_on_locale; Type: INDEX; Schema: public; Owner: invest
--

CREATE INDEX index_department_translations_on_locale ON public.department_translations USING btree (locale);


--
-- Name: index_event_translations_on_event_id; Type: INDEX; Schema: public; Owner: invest
--

CREATE INDEX index_event_translations_on_event_id ON public.event_translations USING btree (event_id);


--
-- Name: index_event_translations_on_locale; Type: INDEX; Schema: public; Owner: invest
--

CREATE INDEX index_event_translations_on_locale ON public.event_translations USING btree (locale);


--
-- Name: index_events_on_period_event_id; Type: INDEX; Schema: public; Owner: invest
--

CREATE INDEX index_events_on_period_event_id ON public.events USING btree (period_event_id);


--
-- Name: index_infra_type_relations_on_infrasable_type_and_infrasable_id; Type: INDEX; Schema: public; Owner: invest
--

CREATE INDEX index_infra_type_relations_on_infrasable_type_and_infrasable_id ON public.infra_type_relations USING btree (infrasable_type, infrasable_id);


--
-- Name: index_infrastructure_type_translations_on_locale; Type: INDEX; Schema: public; Owner: invest
--

CREATE INDEX index_infrastructure_type_translations_on_locale ON public.infrastructure_type_translations USING btree (locale);


--
-- Name: index_invest_project_translations_on_invest_project_id; Type: INDEX; Schema: public; Owner: invest
--

CREATE INDEX index_invest_project_translations_on_invest_project_id ON public.invest_project_translations USING btree (invest_project_id);


--
-- Name: index_invest_project_translations_on_locale; Type: INDEX; Schema: public; Owner: invest
--

CREATE INDEX index_invest_project_translations_on_locale ON public.invest_project_translations USING btree (locale);


--
-- Name: index_investment_type_translations_on_investment_type_id; Type: INDEX; Schema: public; Owner: invest
--

CREATE INDEX index_investment_type_translations_on_investment_type_id ON public.investment_type_translations USING btree (investment_type_id);


--
-- Name: index_investment_type_translations_on_locale; Type: INDEX; Schema: public; Owner: invest
--

CREATE INDEX index_investment_type_translations_on_locale ON public.investment_type_translations USING btree (locale);


--
-- Name: index_land_area_translations_on_land_area_id; Type: INDEX; Schema: public; Owner: invest
--

CREATE INDEX index_land_area_translations_on_land_area_id ON public.land_area_translations USING btree (land_area_id);


--
-- Name: index_land_area_translations_on_locale; Type: INDEX; Schema: public; Owner: invest
--

CREATE INDEX index_land_area_translations_on_locale ON public.land_area_translations USING btree (locale);


--
-- Name: index_land_category_translations_on_land_category_id; Type: INDEX; Schema: public; Owner: invest
--

CREATE INDEX index_land_category_translations_on_land_category_id ON public.land_category_translations USING btree (land_category_id);


--
-- Name: index_land_category_translations_on_locale; Type: INDEX; Schema: public; Owner: invest
--

CREATE INDEX index_land_category_translations_on_locale ON public.land_category_translations USING btree (locale);


--
-- Name: index_landmark_translations_on_landmark_id; Type: INDEX; Schema: public; Owner: invest
--

CREATE INDEX index_landmark_translations_on_landmark_id ON public.landmark_translations USING btree (landmark_id);


--
-- Name: index_landmark_translations_on_locale; Type: INDEX; Schema: public; Owner: invest
--

CREATE INDEX index_landmark_translations_on_locale ON public.landmark_translations USING btree (locale);


--
-- Name: index_map_layer_group_translations_on_locale; Type: INDEX; Schema: public; Owner: invest
--

CREATE INDEX index_map_layer_group_translations_on_locale ON public.map_layer_group_translations USING btree (locale);


--
-- Name: index_map_layer_group_translations_on_map_layer_group_id; Type: INDEX; Schema: public; Owner: invest
--

CREATE INDEX index_map_layer_group_translations_on_map_layer_group_id ON public.map_layer_group_translations USING btree (map_layer_group_id);


--
-- Name: index_map_layer_translations_on_locale; Type: INDEX; Schema: public; Owner: invest
--

CREATE INDEX index_map_layer_translations_on_locale ON public.map_layer_translations USING btree (locale);


--
-- Name: index_map_layer_translations_on_map_layer_id; Type: INDEX; Schema: public; Owner: invest
--

CREATE INDEX index_map_layer_translations_on_map_layer_id ON public.map_layer_translations USING btree (map_layer_id);


--
-- Name: index_material_content_column_translations_on_locale; Type: INDEX; Schema: public; Owner: invest
--

CREATE INDEX index_material_content_column_translations_on_locale ON public.material_content_column_translations USING btree (locale);


--
-- Name: index_material_translations_on_locale; Type: INDEX; Schema: public; Owner: invest
--

CREATE INDEX index_material_translations_on_locale ON public.material_translations USING btree (locale);


--
-- Name: index_material_translations_on_material_id; Type: INDEX; Schema: public; Owner: invest
--

CREATE INDEX index_material_translations_on_material_id ON public.material_translations USING btree (material_id);


--
-- Name: index_menu_translations_on_locale; Type: INDEX; Schema: public; Owner: invest
--

CREATE INDEX index_menu_translations_on_locale ON public.menu_translations USING btree (locale);


--
-- Name: index_menu_translations_on_menu_id; Type: INDEX; Schema: public; Owner: invest
--

CREATE INDEX index_menu_translations_on_menu_id ON public.menu_translations USING btree (menu_id);


--
-- Name: index_office_area_translations_on_locale; Type: INDEX; Schema: public; Owner: invest
--

CREATE INDEX index_office_area_translations_on_locale ON public.office_area_translations USING btree (locale);


--
-- Name: index_office_area_translations_on_office_area_id; Type: INDEX; Schema: public; Owner: invest
--

CREATE INDEX index_office_area_translations_on_office_area_id ON public.office_area_translations USING btree (office_area_id);


--
-- Name: index_ownership_translations_on_locale; Type: INDEX; Schema: public; Owner: invest
--

CREATE INDEX index_ownership_translations_on_locale ON public.ownership_translations USING btree (locale);


--
-- Name: index_ownership_translations_on_ownership_id; Type: INDEX; Schema: public; Owner: invest
--

CREATE INDEX index_ownership_translations_on_ownership_id ON public.ownership_translations USING btree (ownership_id);


--
-- Name: index_period_event_translations_on_locale; Type: INDEX; Schema: public; Owner: invest
--

CREATE INDEX index_period_event_translations_on_locale ON public.period_event_translations USING btree (locale);


--
-- Name: index_period_event_translations_on_period_event_id; Type: INDEX; Schema: public; Owner: invest
--

CREATE INDEX index_period_event_translations_on_period_event_id ON public.period_event_translations USING btree (period_event_id);


--
-- Name: index_production_area_translations_on_locale; Type: INDEX; Schema: public; Owner: invest
--

CREATE INDEX index_production_area_translations_on_locale ON public.production_area_translations USING btree (locale);


--
-- Name: index_production_area_translations_on_production_area_id; Type: INDEX; Schema: public; Owner: invest
--

CREATE INDEX index_production_area_translations_on_production_area_id ON public.production_area_translations USING btree (production_area_id);


--
-- Name: index_project_files_on_fileable_type_and_fileable_id; Type: INDEX; Schema: public; Owner: invest
--

CREATE INDEX index_project_files_on_fileable_type_and_fileable_id ON public.project_files USING btree (fileable_type, fileable_id);


--
-- Name: index_project_images_on_imageable_type_and_imageable_id; Type: INDEX; Schema: public; Owner: invest
--

CREATE INDEX index_project_images_on_imageable_type_and_imageable_id ON public.project_images USING btree (imageable_type, imageable_id);


--
-- Name: index_project_translations_on_locale; Type: INDEX; Schema: public; Owner: invest
--

CREATE INDEX index_project_translations_on_locale ON public.project_translations USING btree (locale);


--
-- Name: index_project_translations_on_project_id; Type: INDEX; Schema: public; Owner: invest
--

CREATE INDEX index_project_translations_on_project_id ON public.project_translations USING btree (project_id);


--
-- Name: index_questionnaire_files_on_fileable_type_and_fileable_id; Type: INDEX; Schema: public; Owner: invest
--

CREATE INDEX index_questionnaire_files_on_fileable_type_and_fileable_id ON public.questionnaire_files USING btree (fileable_type, fileable_id);


--
-- Name: index_questionnaire_images_on_imgable_type_and_imgable_id; Type: INDEX; Schema: public; Owner: invest
--

CREATE INDEX index_questionnaire_images_on_imgable_type_and_imgable_id ON public.questionnaire_images USING btree (imgable_type, imgable_id);


--
-- Name: index_review_translations_on_locale; Type: INDEX; Schema: public; Owner: invest
--

CREATE INDEX index_review_translations_on_locale ON public.review_translations USING btree (locale);


--
-- Name: index_review_translations_on_review_id; Type: INDEX; Schema: public; Owner: invest
--

CREATE INDEX index_review_translations_on_review_id ON public.review_translations USING btree (review_id);


--
-- Name: index_sector_translations_on_locale; Type: INDEX; Schema: public; Owner: invest
--

CREATE INDEX index_sector_translations_on_locale ON public.sector_translations USING btree (locale);


--
-- Name: index_sector_translations_on_sector_id; Type: INDEX; Schema: public; Owner: invest
--

CREATE INDEX index_sector_translations_on_sector_id ON public.sector_translations USING btree (sector_id);


--
-- Name: index_slider_translations_on_locale; Type: INDEX; Schema: public; Owner: invest
--

CREATE INDEX index_slider_translations_on_locale ON public.slider_translations USING btree (locale);


--
-- Name: index_slider_translations_on_slider_id; Type: INDEX; Schema: public; Owner: invest
--

CREATE INDEX index_slider_translations_on_slider_id ON public.slider_translations USING btree (slider_id);


--
-- Name: index_tag_translations_on_locale; Type: INDEX; Schema: public; Owner: invest
--

CREATE INDEX index_tag_translations_on_locale ON public.tag_translations USING btree (locale);


--
-- Name: index_tag_translations_on_tag_id; Type: INDEX; Schema: public; Owner: invest
--

CREATE INDEX index_tag_translations_on_tag_id ON public.tag_translations USING btree (tag_id);


--
-- Name: index_team_translations_on_locale; Type: INDEX; Schema: public; Owner: invest
--

CREATE INDEX index_team_translations_on_locale ON public.team_translations USING btree (locale);


--
-- Name: index_team_translations_on_team_id; Type: INDEX; Schema: public; Owner: invest
--

CREATE INDEX index_team_translations_on_team_id ON public.team_translations USING btree (team_id);


--
-- Name: index_transport_translations_on_locale; Type: INDEX; Schema: public; Owner: invest
--

CREATE INDEX index_transport_translations_on_locale ON public.transport_translations USING btree (locale);


--
-- Name: index_transport_translations_on_transport_id; Type: INDEX; Schema: public; Owner: invest
--

CREATE INDEX index_transport_translations_on_transport_id ON public.transport_translations USING btree (transport_id);


--
-- Name: index_transport_type_translations_on_locale; Type: INDEX; Schema: public; Owner: invest
--

CREATE INDEX index_transport_type_translations_on_locale ON public.transport_type_translations USING btree (locale);


--
-- Name: index_transport_type_translations_on_transport_type_id; Type: INDEX; Schema: public; Owner: invest
--

CREATE INDEX index_transport_type_translations_on_transport_type_id ON public.transport_type_translations USING btree (transport_type_id);


--
-- Name: index_trip_translations_on_locale; Type: INDEX; Schema: public; Owner: invest
--

CREATE INDEX index_trip_translations_on_locale ON public.trip_translations USING btree (locale);


--
-- Name: index_trip_translations_on_trip_id; Type: INDEX; Schema: public; Owner: invest
--

CREATE INDEX index_trip_translations_on_trip_id ON public.trip_translations USING btree (trip_id);


--
-- Name: index_users_on_email; Type: INDEX; Schema: public; Owner: invest
--

CREATE UNIQUE INDEX index_users_on_email ON public.users USING btree (email);


--
-- Name: index_users_on_reset_password_token; Type: INDEX; Schema: public; Owner: invest
--

CREATE UNIQUE INDEX index_users_on_reset_password_token ON public.users USING btree (reset_password_token);


--
-- Name: index_video_translations_on_locale; Type: INDEX; Schema: public; Owner: invest
--

CREATE INDEX index_video_translations_on_locale ON public.video_translations USING btree (locale);


--
-- Name: index_video_translations_on_video_id; Type: INDEX; Schema: public; Owner: invest
--

CREATE INDEX index_video_translations_on_video_id ON public.video_translations USING btree (video_id);


--
-- PostgreSQL database dump complete
--

